﻿<?xml version="1.0" encoding="utf-8" ?>
<Defs>

	<StatDef>
		<defName>MedicalTendSpeed</defName>
		<label>medical tend speed</label>
		<description>Speed at which the character tends to wounds and illnesses as a doctor.</description>
		<category>PawnWork</category>
		<defaultBaseValue>1</defaultBaseValue>
		<toStringStyle>PercentZero</toStringStyle>
		<skillNeedFactors>
			<li Class="SkillNeed_BaseBonus">
				<skill>Medicine</skill>
				<baseFactor>0.4</baseFactor>
				<bonusFactor>0.06</bonusFactor>
			</li>
		</skillNeedFactors>
		<capacityFactors>
			<li>
				<capacity>Sight</capacity>
				<weight>0.8</weight>
				<max>1.3</max>
			</li>
			<li>
				<capacity>Manipulation</capacity>
				<weight>1</weight>
			</li>
		</capacityFactors>
	</StatDef>

	<StatDef>
		<defName>MedicalTendQuality</defName>
		<label>medical tend quality</label>
		<description>Quality of tending given to patients when acting as a doctor.</description>
		<category>PawnWork</category>
		<defaultBaseValue>1</defaultBaseValue>
		<toStringStyle>PercentZero</toStringStyle>
		<skillNeedFactors>
			<li Class="SkillNeed_BaseBonus">
				<skill>Medicine</skill>
				<baseFactor>0.20</baseFactor>
				<bonusFactor>0.10</bonusFactor>
			</li>
		</skillNeedFactors>
		<capacityFactors>
			<li>
				<capacity>Sight</capacity>
				<weight>0.7</weight>
				<max>1.4</max>
			</li>
			<li>
				<capacity>Manipulation</capacity>
				<weight>1</weight>
				<max>1.4</max>
			</li>
		</capacityFactors>
		<postProcessCurve>
			<points>
				<li>(0, 0)</li>
				<li>(1.0, 1.0)</li>
				<li>(2.0, 1.5)</li>
				<li>(4.0, 2.0)</li>
			</points>
		</postProcessCurve>
	</StatDef>

	<StatDef>
    <defName>MedicalOperationSpeed</defName>
    <label>medical operation speed</label>
    <description>Speed at which the character performs medical operations.</description>
    <category>PawnWork</category>
    <defaultBaseValue>1</defaultBaseValue>
    <toStringStyle>PercentZero</toStringStyle>
    <skillNeedFactors>
      <li Class="SkillNeed_BaseBonus">
        <skill>Medicine</skill>
        <baseFactor>0.4</baseFactor>
        <bonusFactor>0.06</bonusFactor>
      </li>
    </skillNeedFactors>
    <capacityFactors>
      <li>
        <capacity>Sight</capacity>
        <weight>0.7</weight>
				<max>1</max>
			</li>
      <li>
        <capacity>Manipulation</capacity>
        <weight>1</weight>
      </li>
    </capacityFactors>
  </StatDef>

  <StatDef>
    <defName>MedicalSurgerySuccessChance</defName>
    <label>medical surgery success chance</label>
    <description>The likelihood that a character will succeed when attempting to perform a medical surgery. Failures can result in simple wasted time and medicine, or catastrophic damage to the patient. This base success chance is also affected by the facilities and medicine used in the operation, and the difficulty of the operation.</description>
    <category>PawnWork</category>
    <defaultBaseValue>1.00</defaultBaseValue>
    <toStringStyle>PercentZero</toStringStyle>
    <skillNeedFactors>
      <li Class="SkillNeed_Direct">
        <skill>Medicine</skill>
        <factorsPerLevel>
          <li>0.20</li>
          <li>0.30</li>
          <li>0.40</li>
          <li>0.50</li>
          <li>0.60</li>
          <li>0.70</li>
          <li>0.80</li>
          <li>0.85</li>
          <li>0.90</li>
          <li>0.92</li>
          <li>0.93</li>
          <li>0.94</li>
          <li>0.95</li>
          <li>0.955</li>
          <li>0.96</li>
          <li>0.965</li>
          <li>0.97</li>
          <li>0.975</li>
          <li>0.98</li>
          <li>0.985</li>
          <li>0.99</li>
        </factorsPerLevel>
      </li>
    </skillNeedFactors>
    <capacityFactors>
      <li>
        <capacity>Sight</capacity>
        <weight>0.4</weight>
				<max>1</max>
			</li>
      <li>
        <capacity>Manipulation</capacity>
        <weight>1</weight>
      </li>
    </capacityFactors>
  </StatDef>

</Defs>