﻿<?xml version="1.0" encoding="utf-8" ?>
<Defs>

	<!-- ================================== Shooting =======================================-->

	<StatDef>
		<defName>MeleeDPS</defName>
		<workerClass>StatWorker_MeleeDPS</workerClass>
		<label>melee DPS</label>
		<description>Average damage per second in melee combat. This stat ignores target defenses like dodging and armor.</description>
		<category>PawnCombat</category>
		<displayPriorityInCategory>100</displayPriorityInCategory>
		<defaultBaseValue>0</defaultBaseValue>
		<minValue>0</minValue>
		<toStringStyle>FloatTwo</toStringStyle>
	</StatDef>

	<StatDef>
		<defName>MeleeHitChance</defName>
		<label>melee hit chance</label>
		<description>Chance to hit a target in melee. The target can still dodge even if we hit.</description>
		<category>PawnCombat</category>
		<defaultBaseValue>1</defaultBaseValue>
		<showOnPawns>false</showOnPawns>
		<minValue>0.01</minValue>
		<toStringStyle>PercentZero</toStringStyle>
		<noSkillFactor>0.20</noSkillFactor>
		<skillNeedFactors>
			<li Class="SkillNeed_BaseBonus">
				<skill>Melee</skill>
				<reportInverse>true</reportInverse>
				<baseFactor>0</baseFactor>
				<bonusFactor>0.05</bonusFactor>
			</li>
		</skillNeedFactors>
		<capacityFactors>
			<li>
				<capacity>Manipulation</capacity>
				<weight>1</weight>
				<max>1.5</max>
			</li>
			<li>
				<capacity>Sight</capacity>
				<weight>0.4</weight>
				<max>1.5</max>
			</li>
		</capacityFactors>
		<postProcessCurve>
			<points>
				<li>(-1.0, 0.05)</li>
				<li>(-0.5, 0.10)</li>
				<li>(0.0, 0.50)</li>
				<li>(0.5, 0.80)</li>
				<li>(1.0, 0.90)</li>
				<li>(2.0, 0.96)</li>
				<li>(3.0, 0.98)</li>
			</points>
		</postProcessCurve>
	</StatDef>

	<StatDef>
		<defName>MeleeDodgeChance</defName>
		<label>melee dodge chance</label>
		<description>Chance to dodge a melee attack that would've otherwise hit. Characters will not dodge while aiming or firing a ranged weapon.</description>
		<category>PawnCombat</category>
		<displayPriorityInCategory>99</displayPriorityInCategory>
		<defaultBaseValue>1</defaultBaseValue>
		<minValue>0</minValue>
		<maxValue>0.8</maxValue>
		<toStringStyle>PercentZero</toStringStyle>
		<noSkillFactor>0</noSkillFactor>
		<skillNeedFactors>
			<li Class="SkillNeed_BaseBonus">
				<skill>Melee</skill>
				<baseFactor>0</baseFactor>
				<bonusFactor>0.05</bonusFactor>
			</li>
		</skillNeedFactors>
		<capacityFactors>
			<li>
				<capacity>Moving</capacity>
				<weight>1</weight>
			</li>
			<li>
				<capacity>Sight</capacity>
				<weight>0.7</weight>
				<max>1</max>
			</li>
		</capacityFactors>
		<postProcessCurve>
			<points>
				<li>(0.25, 0)</li>
				<li>(1.0, 0.30)</li>
				<li>(3.0, 0.50)</li>
			</points>
		</postProcessCurve>
	</StatDef>


	<!-- ================================== Shooting =======================================-->

	<StatDef>
    <defName>ShootingAccuracy</defName>
    <label>shooting accuracy</label>
    <description>Base chance to not miss per square of shot distance.</description>
    <category>PawnCombat</category>
    <displayPriorityInCategory>50</displayPriorityInCategory>
    <defaultBaseValue>1</defaultBaseValue>
    <minValue>0.01</minValue>
    <maxValue>0.998</maxValue>
    <toStringStyle>PercentTwo</toStringStyle>
    <showOnAnimals>false</showOnAnimals>
		<noSkillFactor>0.50</noSkillFactor>
		<skillNeedFactors>
			<li Class="SkillNeed_BaseBonus">
				<skill>Shooting</skill>
				<reportInverse>true</reportInverse>
				<baseFactor>0</baseFactor>
				<bonusFactor>0.05</bonusFactor>
			</li>
    </skillNeedFactors>
    <capacityFactors>
      <li>
        <capacity>Sight</capacity>
        <weight>1</weight>
				<max>2</max>
      </li>
      <li>
        <capacity>Manipulation</capacity>
        <weight>0.7</weight>
				<max>1</max>
			</li>
    </capacityFactors>
    <postProcessCurve>
      <points>
				<li>(-1.0, 0.70)</li>
				<li>(-0.5, 0.80)</li>
				<li>(-0.3, 0.83)</li>
				<li>(-0.2, 0.85)</li>
				<li>(-0.1, 0.87)</li>
				<li>(0.0, 0.89)</li>
        <li>(0.1, 0.93)</li>
        <li>(0.2, 0.94)</li>
        <li>(0.3, 0.95)</li>
        <li>(0.4, 0.96)</li>
        <li>(0.5, 0.97)</li>
        <li>(0.6, 0.975)</li>
        <li>(0.7, 0.98)</li>
        <li>(0.8, 0.98333)</li>
				<li>(0.9, 0.98666)</li>
				<li>(1.0, 0.99)</li>
				<li>(1.1, 0.9925)</li>
				<li>(1.3, 0.995)</li>
				<li>(1.5, 0.9965)</li>
				<li>(2.0, 0.998)</li>
				<li>(3.0, 0.999)</li>
			</points>
    </postProcessCurve>
  </StatDef>

  <StatDef>
    <defName>AimingDelayFactor</defName>
    <label>aiming time</label>
    <description>How long it takes to strike after aiming.</description>
    <category>PawnCombat</category>
    <displayPriorityInCategory>10</displayPriorityInCategory>
    <defaultBaseValue>1</defaultBaseValue>
    <minValue>0.01</minValue>
    <toStringStyle>PercentZero</toStringStyle>
    <showOnAnimals>false</showOnAnimals>
  </StatDef>

</Defs>