﻿<?xml version="1.0" encoding="utf-8" ?>
<Defs>

  <StatDef>
    <defName>RecruitPrisonerChance</defName>
    <label>recruit prisoner chance</label>
    <description>Base chance this person will recruit a prisoner.</description>
    <category>PawnSocial</category>
    <defaultBaseValue>1</defaultBaseValue>
    <minValue>0.01</minValue>
    <toStringStyle>PercentTwo</toStringStyle>
    <skillNeedFactors>
      <li Class="SkillNeed_BaseBonus">
        <skill>Social</skill>
        <baseFactor>0.02</baseFactor>
        <bonusFactor>0.04</bonusFactor>
      </li>
    </skillNeedFactors>
    <capacityFactors>
      <li>
        <capacity>Talking</capacity>
        <weight>0.9</weight>
      </li>
    </capacityFactors>
  </StatDef>

  <StatDef>
    <defName>TameAnimalChance</defName>
    <label>tame animal chance</label>
    <description>Base chance this person will tame an animal.</description>
    <category>PawnSocial</category>
    <defaultBaseValue>1</defaultBaseValue>
    <minValue>0.01</minValue>
    <toStringStyle>PercentTwo</toStringStyle>
    <skillNeedFactors>
      <li Class="SkillNeed_BaseBonus">
        <skill>Animals</skill>
        <baseFactor>0.02</baseFactor>
        <bonusFactor>0.01</bonusFactor>
      </li>
    </skillNeedFactors>
    <capacityFactors>
      <li>
        <capacity>Talking</capacity>
        <weight>0.9</weight>
      </li>
      <li>
        <capacity>Manipulation</capacity>
        <weight>0.5</weight>
      </li>
    </capacityFactors>
  </StatDef>

  <StatDef>
    <defName>TrainAnimalChance</defName>
    <label>train animal chance</label>
    <description>Base chance this person will make progress training an animal on a given attempt. The actual chance for a given attempt will also depend on the animal's wildness, whether it is bonded with the trainer, and so on.</description>
    <category>PawnSocial</category>
    <defaultBaseValue>1.0</defaultBaseValue>
    <minValue>0.01</minValue>
    <toStringStyle>PercentTwo</toStringStyle>
    <skillNeedFactors>
      <li Class="SkillNeed_BaseBonus">
        <skill>Animals</skill>
        <baseFactor>0.04</baseFactor>
        <bonusFactor>0.04</bonusFactor>
      </li>
    </skillNeedFactors>
    <capacityFactors>
      <li>
        <capacity>Talking</capacity>
        <weight>0.7</weight>
      </li>
    </capacityFactors>
  </StatDef>

  <StatDef>
    <defName>SocialImpact</defName>
    <label>social chat impact</label>
    <description>When this person interacts socially, this is how much the other person is affected.</description>
    <category>PawnSocial</category>
    <defaultBaseValue>1</defaultBaseValue>
    <minValue>0.2</minValue>
    <toStringStyle>PercentTwo</toStringStyle>
    <skillNeedFactors>
      <li Class="SkillNeed_BaseBonus">
        <skill>Social</skill>
        <baseFactor>0.82</baseFactor>
        <bonusFactor>0.0275</bonusFactor>
      </li>
    </skillNeedFactors>
    <capacityFactors>
      <li>
        <capacity>Talking</capacity>
        <weight>0.9</weight>
      </li>
    </capacityFactors>
  </StatDef>

  <StatDef>
    <defName>GiftImpact</defName>
    <label>diplomatic gift impact</label>
    <description>When this person gives gifts to another faction, this multiplier is applied to their impact on faction relations.</description>
    <category>PawnSocial</category>
    <defaultBaseValue>1</defaultBaseValue>
    <minValue>0.4</minValue>
    <toStringStyle>PercentTwo</toStringStyle>
    <skillNeedFactors>
      <li Class="SkillNeed_BaseBonus">
        <skill>Social</skill>
        <baseFactor>0.5</baseFactor>
        <bonusFactor>0.05</bonusFactor>
      </li>
    </skillNeedFactors>
    <capacityFactors>
      <li>
        <capacity>Talking</capacity>
        <weight>0.9</weight>
      </li>
    </capacityFactors>
  </StatDef>

  <StatDef>
    <defName>TradePriceImprovement</defName>
    <label>trade price improvement</label>
    <description>When this person negotiates prices, buy and sell prices are improved by this percentage.</description>
    <category>PawnSocial</category>
    <defaultBaseValue>1</defaultBaseValue>
    <toStringStyle>PercentTwo</toStringStyle>
    <skillNeedFactors>
      <li Class="SkillNeed_BaseBonus">
        <skill>Social</skill>
        <baseFactor>0</baseFactor>
        <bonusFactor>0.015</bonusFactor>
      </li>
    </skillNeedFactors>
    <capacityFactors>
      <li>
        <capacity>Talking</capacity>
        <weight>0.3</weight>
      </li>
      <li>
        <capacity>Hearing</capacity>
        <weight>0.3</weight>
      </li>
    </capacityFactors>
  </StatDef>

</Defs>