﻿<?xml version="1.0" encoding="utf-8" ?>
<Defs>

  <StatDef>
    <defName>MeleeWeapon_DamageAmount</defName>
    <workerClass>StatWorker_MeleeDamageAmountWeapon</workerClass>
    <label>melee damage</label>
    <description>Damage done per hit in melee combat.</description>
    <category>Weapon</category>
    <defaultBaseValue>1</defaultBaseValue>
    <minValue>1</minValue>
    <toStringStyle>Integer</toStringStyle>
    <showIfUndefined>false</showIfUndefined>
    <displayPriorityInCategory>1000</displayPriorityInCategory>
    <parts>
      <li Class="StatPart_Quality">
        <factorAwful>0.4</factorAwful>
        <factorShoddy>0.7</factorShoddy>
        <factorPoor>0.85</factorPoor>
        <factorNormal>1</factorNormal>
        <factorGood>1.1</factorGood>
        <factorSuperior>1.2</factorSuperior>
        <factorExcellent>1.35</factorExcellent>
        <factorMasterwork>1.45</factorMasterwork>
        <factorLegendary>1.55</factorLegendary>
      </li>
      <li Class="StatPart_Health">
        <curve>
          <points>
            <li>(0,0.6)</li>
            <li>(1,1)</li>
          </points>
        </curve>
      </li>
    </parts>
  </StatDef>

  <StatDef>
    <defName>MeleeWeapon_Cooldown</defName>
    <label>melee cooldown</label>
    <description>How long it takes to recover after striking with this as a melee weapon.</description>
    <category>Weapon</category>
    <defaultBaseValue>1</defaultBaseValue>
    <minValue>0.01</minValue>
    <toStringStyle>FloatTwo</toStringStyle>
    <formatString>{0} s</formatString>
    <showIfUndefined>false</showIfUndefined>
    <displayPriorityInCategory>500</displayPriorityInCategory>
  </StatDef>




  <!-- Damage multipliers should be stats on stuffs only-->
  
  <StatDef>
    <defName>SharpDamageMultiplier</defName>
    <label>sharp damage</label>
    <description>Multiplier on damage with sharp attacks like cutting or stabbing for items made of this material.</description>
    <category>StuffStatFactors</category>
    <defaultBaseValue>1</defaultBaseValue>
    <minValue>0.05</minValue>
    <toStringStyle>PercentZero</toStringStyle>
    <showIfUndefined>false</showIfUndefined>
  </StatDef>

  <StatDef>
    <defName>BluntDamageMultiplier</defName>
    <label>blunt damage</label>
    <description>Multiplier on damage with blunt attacks for items made of this material.</description>
    <category>StuffStatFactors</category>
    <defaultBaseValue>1</defaultBaseValue>
    <minValue>0.05</minValue>
    <toStringStyle>PercentZero</toStringStyle>
    <showIfUndefined>false</showIfUndefined>
  </StatDef>

</Defs>