﻿<?xml version="1.0" encoding="utf-8" ?>
<Defs>

  <RulePackDef>
    <defName>TalelessImages</defName>
    <rulePack>
      <rulesStrings>
        <li>image->a [outlander] surrounded by [outlander]s</li>
        <li>image->a [outlander] playing [game] with [quantity_adjphrase] [outlander]s</li>
        <li>image->a [outlander] [subject_desc] holding a [weapon]</li>
        <li>image->a solitary [outlander]</li>
        <li>image->a [adjective] [outlander] wearing a [apparel]</li>
        <li>image->a [outlander] eating a [vegetable]</li>
        <li>image->[quantity_adjphrase] [outlander]s and [outlander]s eating [vegetable]s together</li>
        <li>image->an empty [apparel] [subject_desc]</li>
        <li>image->a [adjective] [terrainfeature]</li>
        <li>image->[animal]s playing [game]</li>
        <li>image->a [animal] wearing a [apparel] [subject_desc]</li>
        <li>image->a [terrainfeature]</li>
        <li>image->an abstracted depiction of [concept]</li>
        <li>image->a [community]</li>
        <li>image->a [weapon]</li>
        <li>image->[quantity_adjphrase] [weapon]s</li>
        <li>image->[quantity_adjphrase] [vegetable]s</li>
        <li>image->the minor celebrity [personname] [subject_desc]</li>
        <li>image->a [animal] in the [apparel] of a [outlander]</li>
        <li>subject_desc->flying through the air</li>
        <li>subject_desc->suspended in the air</li>
        <li>subject_desc->standing on the ground</li>
        <li>subject_desc->moving to the left</li>
        <li>subject_desc->moving to the right</li>
        <li>subject_desc->sitting on a table</li>
        <li>subject_desc->seen through a looking glass</li>
        <li>subject_desc->rendered in silhouette</li>
        <li>subject_desc->riding on a [animal] wearing a [apparel]</li>
        <li>subject_desc->looking [adjective]</li>
      </rulesStrings>
    </rulePack>
  </RulePackDef>


</Defs>