﻿<?xml version="1.0" encoding="utf-8" ?>
<Defs>

  <RulePackDef>
    <defName>NamerScenario</defName>
    <rulePack>
      <rulesStrings>
        <li>name->[story] [trans] the [weapon]</li>
        <li>name->[story] [trans] the [animal]</li>
        <li>name->[story] [trans] the [terrainfeature]</li>
        <li>name->[story] [trans] [outlander]s</li>
        <li>name->[story] [trans] [concept]</li>
        <li>name->[concept] [story]</li>
        <li>name->[story] [trans] a [community]</li>
        <li>name->a [adjective] [story]</li>
        <li>name->[story] [trans] the [game]</li>
        <li>name->[story] in [color] and [color]</li>
        <li>name->[color] [story]</li>
        <li>name->[story] [romannumeral]</li>
      </rulesStrings>
      <rulesRaw>
        <li Class="Rule_File">
          <keyword>story</keyword>
          <path>Words/Nouns/Stories</path>
        </li>
      </rulesRaw>
    </rulePack>
  </RulePackDef>

</Defs>