﻿<?xml version="1.0" encoding="utf-8" ?>
<Defs>


	<ScatterableDef Abstract="True" Name="StoneRoot">
		<minSize>0.4</minSize>
		<maxSize>1.0</maxSize>
		<selectionWeight>100</selectionWeight>
		<scatterType>Rocky</scatterType>
	</ScatterableDef>

	<ScatterableDef ParentName="StoneRoot">
    <defName>DebrisStoneA</defName>
		<texturePath>Terrain/Scatter/DebrisStoneA</texturePath>
  </ScatterableDef>

	<ScatterableDef ParentName="StoneRoot">
    <defName>DebrisStoneB</defName>
    <texturePath>Terrain/Scatter/DebrisStoneB</texturePath>
  </ScatterableDef>






	<ScatterableDef Abstract="True" Name="SmearRoot">
		<minSize>1.5</minSize>
		<maxSize>7.0</maxSize>
		<selectionWeight>40</selectionWeight>
  </ScatterableDef>

  <ScatterableDef ParentName="SmearRoot">
    <defName>DirtSmearA</defName>
    <texturePath>Terrain/Scatter/DirtSmearA</texturePath>
    <scatterType>SoftDry</scatterType>
  </ScatterableDef>

	<ScatterableDef ParentName="SmearRoot">
    <defName>DirtSmearB</defName>
    <texturePath>Terrain/Scatter/DirtSmearB</texturePath>
    <scatterType>SoftDry</scatterType>
  </ScatterableDef>

  <ScatterableDef ParentName="SmearRoot">
    <defName>GraySmearA</defName>
    <texturePath>Terrain/Scatter/GraySmearA</texturePath>
    <scatterType>SoftGray</scatterType>
  </ScatterableDef>

  <ScatterableDef ParentName="SmearRoot">
    <defName>GraySmearB</defName>
    <texturePath>Terrain/Scatter/GraySmearB</texturePath>
		<scatterType>SoftGray</scatterType>
  </ScatterableDef>




</Defs>
