﻿<?xml version="1.0" encoding="utf-8" ?>
<Defs>

  <PawnKindDef>
    <defName>SpaceRefugee</defName>
    <label>space refugee</label>
    <race>Human</race>
    <combatPower>30</combatPower>
    <baseRecruitDifficulty>0.30</baseRecruitDifficulty>
    <backstoryCategories>
      <li>Civil</li>
    </backstoryCategories>
    <backstoryCryptosleepCommonality>1</backstoryCryptosleepCommonality>
    <forceNormalGearQuality>true</forceNormalGearQuality>
    <isFighter>false</isFighter>
    <chemicalAddictionChance>0.08</chemicalAddictionChance>
    <gearHealthRange>
      <min>0.4</min>
      <max>1.4</max>
    </gearHealthRange>
    <apparelMoney>
      <min>0</min>
      <max>1000</max>
    </apparelMoney>
    <apparelTags>
      <li>IndustrialBasic</li>
    </apparelTags>
    <apparelIgnoreSeasons>true</apparelIgnoreSeasons>
    <apparelAllowHeadgearChance>0</apparelAllowHeadgearChance>
    <techHediffsMoney>
      <min>50</min>
      <max>800</max>
    </techHediffsMoney>
    <techHediffsTags>
      <li>Poor</li>
      <li>Simple</li>
    </techHediffsTags>
    <techHediffsChance>0.08</techHediffsChance>
  </PawnKindDef>

  <PawnKindDef>
    <defName>AncientSoldier</defName>
    <label>ancient soldier</label>
    <race>Human</race>
    <combatPower>100</combatPower>
    <baseRecruitDifficulty>0.30</baseRecruitDifficulty>
    <backstoryCategories>
      <li>Civil</li>
    </backstoryCategories>
    <defaultFactionType>AncientsHostile</defaultFactionType>
    <backstoryCryptosleepCommonality>1</backstoryCryptosleepCommonality>
    <chemicalAddictionChance>0.08</chemicalAddictionChance>
    <apparelMoney>
      <min>0</min>
      <max>3800</max>
    </apparelMoney>
    <apparelTags>
      <li>IndustrialBasic</li>
      <li>IndustrialAdvanced</li>
      <li>IndustrialMilitaryBasic</li>
      <li>IndustrialMilitaryAdvanced</li>
      <li>SpacerMilitary</li>
      <li>BeltDefensePop</li>
    </apparelTags>
    <apparelIgnoreSeasons>true</apparelIgnoreSeasons>
    <apparelAllowHeadgearChance>0</apparelAllowHeadgearChance>
    <weaponMoney>
      <min>300</min>
      <max>900</max>
    </weaponMoney>
    <weaponTags>
      <li>Gun</li>
    </weaponTags>
    <techHediffsMoney>
      <min>2000</min>
      <max>3000</max>
    </techHediffsMoney>
    <techHediffsTags>
      <li>Advanced</li>
      <li>AdvancedWeapon</li>
    </techHediffsTags>
    <techHediffsChance>0.40</techHediffsChance>
    <combatEnhancingDrugsChance>0.5</combatEnhancingDrugsChance>
    <combatEnhancingDrugsCount>
      <min>1</min>
      <max>2</max>
    </combatEnhancingDrugsCount>
  </PawnKindDef>

</Defs>
