﻿<?xml version="1.0" encoding="utf-8" ?>
<Defs>

  <DesignationDef>
    <defName>Plan</defName>
    <texturePath>Designations/Plan</texturePath>
    <targetType>Cell</targetType>
    <removeIfBuildingDespawned>true</removeIfBuildingDespawned>
  </DesignationDef>

  <DesignationDef>
		<defName>Mine</defName>
		<texturePath>Designations/Mine</texturePath>
    <targetType>Cell</targetType>
    <removeIfBuildingDespawned>true</removeIfBuildingDespawned>
	</DesignationDef>

	<DesignationDef>
		<defName>Haul</defName>
		<texturePath>Designations/Haul</texturePath>
    <targetType>Thing</targetType>
	</DesignationDef>

	<DesignationDef>
		<defName>Deconstruct</defName>
		<texturePath>Designations/Deconstruct</texturePath>
    <targetType>Thing</targetType>
	</DesignationDef>

	<DesignationDef>
		<defName>Uninstall</defName>
		<texturePath>Designations/Uninstall</texturePath>
    <targetType>Thing</targetType>
	</DesignationDef>
  
	<DesignationDef>
		<defName>CutPlant</defName>
		<texturePath>Designations/CutPlant</texturePath>
		<targetType>Thing</targetType>
	</DesignationDef>

	<DesignationDef>
		<defName>HarvestPlant</defName>
		<texturePath>Designations/HarvestPlant</texturePath>
    <targetType>Thing</targetType>
	</DesignationDef>

	<DesignationDef>
		<defName>Hunt</defName>
		<texturePath>Designations/Hunt</texturePath>
    <targetType>Thing</targetType>
	</DesignationDef>
	
  <DesignationDef>
    <defName>SmoothFloor</defName>
    <texturePath>Designations/SmoothSurface</texturePath>
    <targetType>Cell</targetType>
  </DesignationDef>

  <DesignationDef>
    <defName>SmoothWall</defName>
    <texturePath>Designations/SmoothSurface</texturePath>
    <targetType>Cell</targetType>
  </DesignationDef>

  <DesignationDef>
    <defName>RemoveFloor</defName>
    <texturePath>Designations/RemoveFloor</texturePath>
    <targetType>Cell</targetType>
  </DesignationDef>

  <DesignationDef>
    <defName>Flick</defName>
    <texturePath>Designations/Flick</texturePath>
    <targetType>Thing</targetType>
		<designateCancelable>false</designateCancelable>
  </DesignationDef>

  <DesignationDef>
    <defName>Strip</defName>
    <texturePath>Designations/Strip</texturePath>
    <targetType>Thing</targetType>
  </DesignationDef>

  <DesignationDef>
    <defName>Slaughter</defName>
    <texturePath>Designations/Slaughter</texturePath>
    <targetType>Thing</targetType>
  </DesignationDef>

  <DesignationDef>
    <defName>Tame</defName>
    <texturePath>Designations/Tame</texturePath>
    <targetType>Thing</targetType>
  </DesignationDef>
  
  <DesignationDef>
    <defName>Open</defName>
    <texturePath>Designations/Open</texturePath>
    <targetType>Thing</targetType>
  </DesignationDef>

</Defs>