﻿<?xml version="1.0" encoding="utf-8" ?>
<Defs>

	<DamageDef Name="StunBase" Abstract="True">
		<harmsHealth>false</harmsHealth>
		<makesBlood>false</makesBlood>
	</DamageDef>

	<DamageDef ParentName="StunBase">
		<defName>Stun</defName>
		<label>stun</label>
		<externalViolence>true</externalViolence>
		<deathMessage>{0} has been stunned to death.</deathMessage>
		<defaultDamage>20</defaultDamage>
		<explosionCellMote>Mote_BlastDry</explosionCellMote>
		<soundExplosion>Explosion_Stun</soundExplosion>
		<combatLogRules>Damage_Stun</combatLogRules>
	</DamageDef>

	<DamageDef ParentName="StunBase">
		<defName>EMP</defName>
		<label>EMP</label>
		<externalViolenceForMechanoids>true</externalViolenceForMechanoids>
		<deathMessage>{0} has been EMPed to death.</deathMessage>
		<harmsHealth>false</harmsHealth>
		<impactSoundType>Electric</impactSoundType>
		<defaultDamage>50</defaultDamage>
		<explosionSnowMeltAmount>0</explosionSnowMeltAmount>
		<explosionCellMote>Mote_BlastEMP</explosionCellMote>
		<explosionColorEdge>(0.8, 0.8, 0.8, 0.8)</explosionColorEdge>
		<explosionInteriorMote>Mote_ElectricalSpark</explosionInteriorMote>
		<soundExplosion>Explosion_EMP</soundExplosion>
		<combatLogRules>Damage_EMP</combatLogRules>
	</DamageDef>
	
</Defs>
