﻿<?xml version="1.0" encoding="utf-8" ?>
<FactionDefs>

  <FactionDef>
		<defName>Outlander</defName>
		<label>outlander union</label>
    <description>These people have lived here for decades or centuries, and have lost most of the technology that brought them to this world. They usually work with simple mechanical tools and defend themselves with advanced gunpowder weapons.\n\nThey are concerned with the practical matters of trade, trust, and survival.</description>
    <pawnsPlural>outlanders</pawnsPlural>
    <baseSelectionWeight>1</baseSelectionWeight>
    <requiredCountAtGameStart>1</requiredCountAtGameStart>
    <canMakeRandomly>true</canMakeRandomly>
    <raidCommonality>100</raidCommonality>
    <canSiege>true</canSiege>
    <canStageAttacks>true</canStageAttacks>
    <leaderTitle>prime councilor</leaderTitle>
    <expandingIconTexture>World/WorldObjects/Expanding/Town</expandingIconTexture>
    <colorSpectrum>
      <li>(0.64, 0.42, 0.36)</li>
      <li>(0.47, 0.5, 0.91)</li>
    </colorSpectrum>
    <startingGoodwill>
      <min>10</min>
      <max>40</max>
    </startingGoodwill>
		<factionNameMaker>NamerFactionOutlander</factionNameMaker>
		<baseNameMaker>NamerFactionBaseOutlander</baseNameMaker>
		<techLevel>Industrial</techLevel>
		<backstoryCategory>Civil</backstoryCategory>
		<hairTags>
			<li>Rural</li>
		</hairTags>
    <naturalColonyGoodwill>
      <min>-60</min>
      <max>0</max>
    </naturalColonyGoodwill>
    <caravanTraderKinds>
      <li>Caravan_Outlander_BulkGoods</li>
      <li>Caravan_Outlander_CombatSupplier</li>
      <li>Caravan_Outlander_Exotic</li>
      <li>Caravan_Outlander_PirateMerchant</li>
    </caravanTraderKinds>
    <visitorTraderKinds>
      <li>Visitor_Outlander_Standard</li>
    </visitorTraderKinds>
    <baseTraderKinds>
      <li>Base_Outlander_Standard</li>
    </baseTraderKinds>
    <allowedArrivalTemperatureRange>
      <min>-40</min>
      <max>45</max>
    </allowedArrivalTemperatureRange>
    <pawnGroupMakers>
      <li>
        <kindDef>Normal</kindDef>
        <options>
					<Villager>50</Villager>
					<GrenadierDestructive>15</GrenadierDestructive>
					<MercenarySlasher>70</MercenarySlasher>
					<TownGuard>100</TownGuard>
					<TownCouncilman>100</TownCouncilman>
					<MercenaryGunner>100</MercenaryGunner>
					<MercenaryElite>100</MercenaryElite>
				</options>
      </li>
      <li>
        <kindDef>Trader</kindDef>
        <traders>
          <TownTrader>1</TownTrader>
        </traders>
        <carriers>
          <Muffalo>1</Muffalo>
          <Dromedary>1</Dromedary>
        </carriers>
        <guards>
					<GrenadierDestructive>15</GrenadierDestructive>
					<MercenarySlasher>70</MercenarySlasher>
					<TownGuard>100</TownGuard>
					<MercenaryGunner>100</MercenaryGunner>
					<MercenaryElite>100</MercenaryElite>
				</guards>
      </li>
      <li>
        <kindDef>FactionBase</kindDef>
        <options>
					<GrenadierDestructive>15</GrenadierDestructive>
					<MercenarySlasher>70</MercenarySlasher>
					<Villager>100</Villager>
					<TownGuard>100</TownGuard>
					<TownCouncilman>100</TownCouncilman>
					<MercenaryGunner>100</MercenaryGunner>
					<MercenaryElite>100</MercenaryElite>
				</options>
      </li>
    </pawnGroupMakers>
    <homeIconPath>World/WorldObjects/DefaultFactionBase</homeIconPath>
  </FactionDef>

  <FactionDef>
    <defName>Tribe</defName>
    <label>tribe</label>
    <description>These people have been here a very long time. Maybe their ancestors crashed here a thousand years ago. Maybe they survived some cataclysm that destroyed a technological civilization here. In any case, the tribals are mostly nomadic people who live off the land using primitive tools and weapons.\n\nSome tribes are more aggressive than others; many are open to trade and alliances, even with strange peoples like yourselves. Close cooperation or recruitment will be very difficult because of the vast sociotechnological and linguistic gap between the tribals and yourselves.\n\nDespite their apparent technological weakness, the tribals can be dangerous enemies and valuable friends because of their skill with low-tech warfare, their numbers, and their hardiness.</description>
    <pawnsPlural>tribespeople</pawnsPlural>
    <baseSelectionWeight>1</baseSelectionWeight>
    <requiredCountAtGameStart>1</requiredCountAtGameStart>
    <canMakeRandomly>true</canMakeRandomly>
    <raidCommonality>100</raidCommonality>
    <canStageAttacks>true</canStageAttacks>
    <expandingIconTexture>World/WorldObjects/Expanding/Village</expandingIconTexture>
    <colorSpectrum>
      <li>(0.4, 0.92, 0.35)</li>
      <li>(0.89, 0.89, 0.7)</li>
      <li>(1, 1, 0.1)</li>
    </colorSpectrum>
    <startingGoodwill>
      <min>10</min>
      <max>30</max>
    </startingGoodwill>
    <mustStartOneEnemy>true</mustStartOneEnemy>
    <factionNameMaker>NamerFactionTribal</factionNameMaker>
    <baseNameMaker>NamerFactionBaseTribal</baseNameMaker>
    <pawnNameMaker>NamerPersonTribal</pawnNameMaker>
    <techLevel>Neolithic</techLevel>
    <backstoryCategory>Tribal</backstoryCategory>
    <leaderTitle>chief</leaderTitle>
    <hairTags>
      <li>Tribal</li>
    </hairTags>
    <naturalColonyGoodwill>
      <min>-100</min>
      <max>10</max>
    </naturalColonyGoodwill>
    <caravanTraderKinds>
      <li>Caravan_Neolithic_BulkGoods</li>
      <li>Caravan_Neolithic_WarMerchant</li>
      <li>Caravan_Neolithic_Slaver</li>
			<li>Caravan_Neolithic_ShamanMerchant</li>
		</caravanTraderKinds>
    <visitorTraderKinds>
      <li>Visitor_Neolithic_Standard</li>
    </visitorTraderKinds>
    <baseTraderKinds>
      <li>Base_Neolithic_Standard</li>
    </baseTraderKinds>
    <allowedArrivalTemperatureRange>
      <min>-40</min>
      <max>45</max>
    </allowedArrivalTemperatureRange>
    <pawnGroupMakers>
      <li>
        <kindDef>Normal</kindDef>
        <options>
          <TribalWarrior>60</TribalWarrior>
          <TribalArcher>100</TribalArcher>
          <TribalChief>70</TribalChief>
        </options>
      </li>
      <li>
        <kindDef>Trader</kindDef>
        <traders>
          <TribalTrader>1</TribalTrader>
        </traders>
        <carriers>
          <Muffalo>1</Muffalo>
          <Dromedary>1</Dromedary>
        </carriers>
        <guards>
          <TribalWarrior>60</TribalWarrior>
          <TribalArcher>100</TribalArcher>
        </guards>
      </li>
      <li>
        <kindDef>FactionBase</kindDef>
        <options>
          <TribalWarrior>60</TribalWarrior>
          <TribalArcher>100</TribalArcher>
          <TribalChief>70</TribalChief>
        </options>
      </li>
    </pawnGroupMakers>
    <homeIconPath>World/WorldObjects/TribalFactionBase</homeIconPath>
  </FactionDef>

  <FactionDef>
		<defName>Pirate</defName>
		<label>pirate band</label>
    <description>A gang of bandits.\n\nPirates don't sow, they don't build, and they rarely trade. They enrich themselves mostly by raiding and robbing the more productive groups in the area.\n\nTheir technology level depends mostly on who they've managed to steal from recently. Mostly they carry gunpowder weapons, though the luckier ones may have advanced energy weapons, and some may just like to stab people at close range.</description>
    <pawnsPlural>pirates</pawnsPlural>
    <baseSelectionWeight>1</baseSelectionWeight>
    <requiredCountAtGameStart>1</requiredCountAtGameStart>
    <maxCountAtGameStart>2</maxCountAtGameStart>
    <canMakeRandomly>true</canMakeRandomly>
    <raidCommonality>100</raidCommonality>
    <canSiege>true</canSiege>
    <canStageAttacks>true</canStageAttacks>
		<appreciative>false</appreciative>
    <leaderTitle>boss</leaderTitle>
    <expandingIconTexture>World/WorldObjects/Expanding/PirateOutpost</expandingIconTexture>
    <colorSpectrum>
      <li>(0.45, 0.03, 0.02)</li>
      <li>(0.8, 0.08, 0.18)</li>
      <li>(0.92, 0.62, 0.06)</li>
    </colorSpectrum>
    <startingGoodwill>
      <min>-100</min>
      <max>-90</max>
    </startingGoodwill>
    <mustStartOneEnemy>true</mustStartOneEnemy>
		<factionNameMaker>NamerFactionPirate</factionNameMaker>
    <baseNameMaker>NamerFactionBasePirate</baseNameMaker>
		<techLevel>Spacer</techLevel>
		<backstoryCategory>Raider</backstoryCategory>
		<hairTags>
			<li>Punk</li>
		</hairTags>
    <naturalColonyGoodwill>
      <min>-100</min>
      <max>-80</max>
    </naturalColonyGoodwill>
    <allowedArrivalTemperatureRange>
      <min>-40</min>
      <max>45</max>
    </allowedArrivalTemperatureRange>
    <pawnGroupMakers>
      <li>
				<!-- Normal fights, standard mix -->
				<kindDef>Normal</kindDef>
        <commonality>100</commonality>
        <options>
          <Drifter>5</Drifter>
					<GrenadierEMP>5</GrenadierEMP>
					<GrenadierDestructive>20</GrenadierDestructive>
					<Thrasher>70</Thrasher>
					<MercenarySlasher>70</MercenarySlasher>
					<MercenaryHeavy>60</MercenaryHeavy>
					<MercenarySniper>80</MercenarySniper>
					<Scavenger>100</Scavenger>
					<Pirate>120</Pirate>
					<MercenaryGunner>100</MercenaryGunner>
					<MercenaryElite>100</MercenaryElite>
          <PirateBoss>100</PirateBoss>
        </options>
      </li>
      <li>
				<!-- Normal fights, melee-only -->
        <kindDef>Normal</kindDef>
        <commonality>25</commonality>
        <disallowedStrategies>
          <li>Siege</li>
        </disallowedStrategies>
        <options>
					<MercenarySlasher>100</MercenarySlasher>
        </options>
      </li>
      <li>
				<!-- Base defense -->
				<kindDef>FactionBase</kindDef>
        <options>
          <Drifter>5</Drifter>
					<GrenadierDestructive>20</GrenadierDestructive>
					<Thrasher>70</Thrasher>
					<MercenarySlasher>70</MercenarySlasher>
					<MercenarySniper>80</MercenarySniper>
					<Scavenger>100</Scavenger>
					<Pirate>120</Pirate>
					<MercenaryGunner>100</MercenaryGunner>
					<MercenaryElite>100</MercenaryElite>
          <PirateBoss>100</PirateBoss>
        </options>
      </li>
    </pawnGroupMakers>
    <homeIconPath>World/WorldObjects/DefaultFactionBase</homeIconPath>
  </FactionDef>

</FactionDefs>