﻿<?xml version="1.0" encoding="utf-8" ?>
<Defs>

  <TimeAssignmentDef>
    <defName>Anything</defName>
    <label>anything</label>
    <color>(114,114,114)</color>
  </TimeAssignmentDef>

  <TimeAssignmentDef>
    <defName>Work</defName>
    <label>work</label>
    <color>(107, 107, 52)</color>
    <allowRest>false</allowRest>
    <allowJoy>false</allowJoy>
  </TimeAssignmentDef>

  <TimeAssignmentDef>
    <defName>Joy</defName>
    <label>joy</label>
    <color>(115, 90, 130)</color>
  </TimeAssignmentDef>

  <TimeAssignmentDef>
    <defName>Sleep</defName>
    <label>sleep</label>
    <color>(51,51,127)</color>
  </TimeAssignmentDef>
  
</Defs>
