﻿<?xml version="1.0" encoding="utf-8" ?>
<PawnRelationDefs>

  <!-- close family -->

  <PawnRelationDef>
    <defName>Parent</defName>
    <label>father</label>
    <labelFemale>mother</labelFemale>
    <importance>195</importance>
    <diedThought>MyFatherDied</diedThought>
    <diedThoughtFemale>MyMotherDied</diedThoughtFemale>
    <killedThought>KilledMyFather</killedThought>
    <killedThoughtFemale>KilledMyMother</killedThoughtFemale>
    <soldThought>SoldMyLovedOne</soldThought>
    <opinionOffset>30</opinionOffset>
    <generationChanceFactor>1.0</generationChanceFactor>
    <attractionFactor>0.03</attractionFactor>
    <incestOpinionOffset>-30</incestOpinionOffset>
    <implied>false</implied>
    <familyByBloodRelation>true</familyByBloodRelation>
  </PawnRelationDef>
  
  <PawnRelationDef>
    <workerClass>PawnRelationWorker_Child</workerClass>
    <defName>Child</defName>
    <label>son</label>
    <labelFemale>daughter</labelFemale>
    <importance>190</importance>
    <diedThought>MySonDied</diedThought>
    <diedThoughtFemale>MyDaughterDied</diedThoughtFemale>
    <killedThought>KilledMySon</killedThought>
    <killedThoughtFemale>KilledMyDaughter</killedThoughtFemale>
    <soldThought>SoldMyLovedOne</soldThought>
    <opinionOffset>30</opinionOffset>
    <generationChanceFactor>1.0</generationChanceFactor>
    <attractionFactor>0.03</attractionFactor>
    <incestOpinionOffset>-30</incestOpinionOffset>
    <implied>true</implied>
    <familyByBloodRelation>true</familyByBloodRelation>
  </PawnRelationDef>
  
  <PawnRelationDef>
    <workerClass>PawnRelationWorker_Sibling</workerClass>
    <defName>Sibling</defName>
    <label>brother</label>
    <labelFemale>sister</labelFemale>
    <importance>185</importance>
    <diedThought>MyBrotherDied</diedThought>
    <diedThoughtFemale>MySisterDied</diedThoughtFemale>
    <killedThought>KilledMyBrother</killedThought>
    <killedThoughtFemale>KilledMySister</killedThoughtFemale>
    <soldThought>SoldMyLovedOne</soldThought>
    <opinionOffset>20</opinionOffset>
    <generationChanceFactor>0.4</generationChanceFactor>
    <attractionFactor>0.03</attractionFactor>
    <incestOpinionOffset>-15</incestOpinionOffset>
    <implied>true</implied>
    <familyByBloodRelation>true</familyByBloodRelation>
  </PawnRelationDef>
  
  <PawnRelationDef>
    <workerClass>PawnRelationWorker_HalfSibling</workerClass>
    <defName>HalfSibling</defName>
    <label>brother</label>
    <labelFemale>sister</labelFemale>
    <importance>180</importance>
    <diedThought>MyHalfSiblingDied</diedThought>
    <killedThought>KilledMyKin</killedThought>
    <soldThought>SoldMyLovedOne</soldThought>
    <opinionOffset>15</opinionOffset>
    <attractionFactor>0.03</attractionFactor>
    <incestOpinionOffset>-15</incestOpinionOffset>
    <implied>true</implied>
    <familyByBloodRelation>true</familyByBloodRelation>
  </PawnRelationDef>
  
  <PawnRelationDef>
    <workerClass>PawnRelationWorker_Grandparent</workerClass>
    <defName>Grandparent</defName>
    <label>grandfather</label>
    <labelFemale>grandmother</labelFemale>
    <importance>175</importance>
    <diedThought>MyGrandparentDied</diedThought>
    <killedThought>KilledMyKin</killedThought>
    <soldThought>SoldMyLovedOne</soldThought>
    <opinionOffset>15</opinionOffset>
    <attractionFactor>0.25</attractionFactor>
    <implied>true</implied>
    <familyByBloodRelation>true</familyByBloodRelation>
  </PawnRelationDef>
  
  <PawnRelationDef>
    <workerClass>PawnRelationWorker_Grandchild</workerClass>
    <defName>Grandchild</defName>
    <label>grandson</label>
    <labelFemale>granddaughter</labelFemale>
    <importance>170</importance>
    <diedThought>MyGrandchildDied</diedThought>
    <killedThought>KilledMyKin</killedThought>
    <soldThought>SoldMyLovedOne</soldThought>
    <opinionOffset>15</opinionOffset>
    <attractionFactor>0.25</attractionFactor>
    <implied>true</implied>
    <familyByBloodRelation>true</familyByBloodRelation>
  </PawnRelationDef>
  
  <PawnRelationDef>
    <workerClass>PawnRelationWorker_NephewOrNiece</workerClass>
    <defName>NephewOrNiece</defName>
    <label>nephew</label>
    <labelFemale>niece</labelFemale>
    <importance>165</importance>
    <diedThought>MyNephewDied</diedThought>
    <diedThoughtFemale>MyNieceDied</diedThoughtFemale>
    <killedThought>KilledMyKin</killedThought>
    <soldThought>SoldMyLovedOne</soldThought>
    <opinionOffset>10</opinionOffset>
    <attractionFactor>0.25</attractionFactor>
    <implied>true</implied>
    <familyByBloodRelation>true</familyByBloodRelation>
  </PawnRelationDef>
  
  <PawnRelationDef>
    <workerClass>PawnRelationWorker_UncleOrAunt</workerClass>
    <defName>UncleOrAunt</defName>
    <label>uncle</label>
    <labelFemale>aunt</labelFemale>
    <importance>160</importance>
    <diedThought>MyUncleDied</diedThought>
    <diedThoughtFemale>MyAuntDied</diedThoughtFemale>
    <killedThought>KilledMyKin</killedThought>
    <soldThought>SoldMyLovedOne</soldThought>
    <opinionOffset>10</opinionOffset>
    <attractionFactor>0.25</attractionFactor>
    <incestOpinionOffset>-15</incestOpinionOffset>
    <implied>true</implied>
    <familyByBloodRelation>true</familyByBloodRelation>
  </PawnRelationDef>
  
  <PawnRelationDef>
    <workerClass>PawnRelationWorker_Cousin</workerClass>
    <defName>Cousin</defName>
    <label>cousin</label>
    <importance>155</importance>
    <diedThought>MyCousinDied</diedThought>
    <killedThought>KilledMyKin</killedThought>
    <soldThought>SoldMyLovedOne</soldThought>
    <opinionOffset>10</opinionOffset>
    <attractionFactor>0.25</attractionFactor>
    <incestOpinionOffset>-15</incestOpinionOffset>
    <implied>true</implied>
    <familyByBloodRelation>true</familyByBloodRelation>
  </PawnRelationDef>
  
  <!-- distant family -->
  
  <PawnRelationDef>
    <workerClass>PawnRelationWorker_GreatGrandparent</workerClass>
    <defName>GreatGrandparent</defName>
    <label>great grandfather</label>
    <labelFemale>great grandmother</labelFemale>
    <importance>120</importance>
    <diedThought>MyKinDied</diedThought>
    <killedThought>KilledMyKin</killedThought>
    <opinionOffset>5</opinionOffset>
    <attractionFactor>0.5</attractionFactor>
    <implied>true</implied>
    <familyByBloodRelation>true</familyByBloodRelation>
  </PawnRelationDef>
  
  <PawnRelationDef>
    <workerClass>PawnRelationWorker_GreatGrandchild</workerClass>
    <defName>GreatGrandchild</defName>
    <label>great grandson</label>
    <labelFemale>great granddaughter</labelFemale>
    <importance>115</importance>
    <diedThought>MyKinDied</diedThought>
    <killedThought>KilledMyKin</killedThought>
    <opinionOffset>5</opinionOffset>
    <attractionFactor>0.5</attractionFactor>
    <implied>true</implied>
    <familyByBloodRelation>true</familyByBloodRelation>
  </PawnRelationDef>
  
  <PawnRelationDef>
    <workerClass>PawnRelationWorker_GranduncleOrGrandaunt</workerClass>
    <defName>GranduncleOrGrandaunt</defName>
    <label>granduncle</label>
    <labelFemale>grandaunt</labelFemale>
    <importance>110</importance>
    <diedThought>MyKinDied</diedThought>
    <killedThought>KilledMyKin</killedThought>
    <opinionOffset>5</opinionOffset>
    <attractionFactor>0.5</attractionFactor>
    <implied>true</implied>
    <familyByBloodRelation>true</familyByBloodRelation>
  </PawnRelationDef>
  
  <PawnRelationDef>
    <workerClass>PawnRelationWorker_GrandnephewOrGrandniece</workerClass>
    <defName>GrandnephewOrGrandniece</defName>
    <label>grandnephew</label>
    <labelFemale>grandniece</labelFemale>
    <importance>105</importance>
    <diedThought>MyKinDied</diedThought>
    <killedThought>KilledMyKin</killedThought>
    <opinionOffset>5</opinionOffset>
    <attractionFactor>0.5</attractionFactor>
    <implied>true</implied>
    <familyByBloodRelation>true</familyByBloodRelation>
  </PawnRelationDef>
  
  <PawnRelationDef>
    <workerClass>PawnRelationWorker_CousinOnceRemoved</workerClass>
    <defName>CousinOnceRemoved</defName>
    <label>cousin once removed</label>
    <importance>100</importance>
    <diedThought>MyKinDied</diedThought>
    <killedThought>KilledMyKin</killedThought>
    <opinionOffset>5</opinionOffset>
    <attractionFactor>0.5</attractionFactor>
    <implied>true</implied>
    <familyByBloodRelation>true</familyByBloodRelation>
  </PawnRelationDef>
  
  <PawnRelationDef>
    <workerClass>PawnRelationWorker_SecondCousin</workerClass>
    <defName>SecondCousin</defName>
    <label>second cousin</label>
    <importance>95</importance>
    <diedThought>MyKinDied</diedThought>
    <killedThought>KilledMyKin</killedThought>
    <opinionOffset>5</opinionOffset>
    <attractionFactor>0.5</attractionFactor>
    <implied>true</implied>
    <familyByBloodRelation>true</familyByBloodRelation>
  </PawnRelationDef>
  
  <!-- kin -->
  
  <PawnRelationDef>
    <workerClass>PawnRelationWorker_Kin</workerClass>
    <defName>Kin</defName>
    <label>kin</label>
    <importance>90</importance>
    <diedThought>MyKinDied</diedThought>
    <killedThought>KilledMyKin</killedThought>
    <opinionOffset>5</opinionOffset>
    <attractionFactor>0.5</attractionFactor>
    <implied>true</implied>
    <familyByBloodRelation>true</familyByBloodRelation>
  </PawnRelationDef>
  
</PawnRelationDefs>