﻿<?xml version="1.0" encoding="utf-8" ?>
<Defs>

  <ThingDef ParentName="BaseGun">
    <defName>Gun_TripleRocket</defName>
    <label>triple rocket launcher</label>
    <description>A single-use rocket launcher that fires a cluster of three large-bore explosive rockets. Good against smalll groups of tough targets.\n\nBecause of its unwieldiness, single-use limitation, and the massive destruction it causes, it's said that one must be slightly crazy to use this weapon.</description>
    <tickerType>Normal</tickerType>
    <graphicData>
      <texPath>Things/Item/Equipment/WeaponRanged/RocketLauncher</texPath>
      <graphicClass>Graphic_Single</graphicClass>
    </graphicData>
    <statBases>
      <MarketValue>1000</MarketValue>
      <Mass>7</Mass>
      <RangedWeapon_Cooldown>4.5</RangedWeapon_Cooldown>
    </statBases>
    <techLevel>Spacer</techLevel>
    <weaponTags>
      <li>Gun</li>
      <li>GunHeavy</li>
    </weaponTags>
    <tradeTags>
      <li>ExoticMisc</li>
    </tradeTags>
    <thingSetMakerTags>
      <li>SingleUseWeapon</li>
    </thingSetMakerTags>
    <verbs>
      <li>
        <verbClass>Verb_ShootOneUse</verbClass>
        <hasStandardCommand>true</hasStandardCommand>
        <defaultProjectile>Bullet_Rocket</defaultProjectile>
        <forcedMissRadius>2.9</forcedMissRadius>
        <warmupTime>4.5</warmupTime>
        <ai_AvoidFriendlyFireRadius>5</ai_AvoidFriendlyFireRadius>
        <range>35.9</range>
        <ticksBetweenBurstShots>20</ticksBetweenBurstShots>
        <burstShotCount>3</burstShotCount>
        <soundCast>InfernoCannon_Fire</soundCast>
        <soundCastTail>GunTail_Heavy</soundCastTail>
        <onlyManualCast>true</onlyManualCast>
        <stopBurstWithoutLos>false</stopBurstWithoutLos>
        <targetParams>
          <canTargetLocations>true</canTargetLocations>
        </targetParams>
        <muzzleFlashScale>14</muzzleFlashScale>
      </li>
    </verbs>
    <tools>
      <li>
        <label>barrel</label>
        <capacities>
          <li>Blunt</li>
        </capacities>
        <power>11.7</power>
        <cooldownTime>2.6</cooldownTime>
      </li>
    </tools>
    <comps>
      <li Class="CompProperties_Explosive">
        <explosiveRadius>3.9</explosiveRadius>
        <explosiveDamageType>Bomb</explosiveDamageType>
        <requiredDamageTypeToExplode>Flame</requiredDamageTypeToExplode>
      </li>
    </comps>
  </ThingDef>
  <ThingDef ParentName="BaseBullet">
    <defName>Bullet_Rocket</defName>
    <label>rocket</label>
    <graphicData>
      <texPath>Things/Projectile/Rocket_Big</texPath>
      <graphicClass>Graphic_Single</graphicClass>
      <shaderType>TransparentPostLight</shaderType>
    </graphicData>
    <thingClass>Projectile_Explosive</thingClass>
    <projectile>
      <damageDef>Bomb</damageDef>
      <!-- Use default damage from explosion def -->
      <explosionRadius>3.9</explosionRadius>
      <speed>50</speed>
    </projectile>
  </ThingDef>

  <ThingDef ParentName="BaseGun">
    <defName>Gun_DoomsdayRocket</defName>
    <label>doomsday rocket launcher</label>
    <description>A single-use rocket launcher that fires a massive explosive projectile. Good against large groups of soft targets. Starts fires.\n\nBecause of its unwieldiness, single-use limitation, and the massive destruction it causes, it's said that one must be slightly crazy to use this weapon.</description>
    <tickerType>Normal</tickerType>
    <techLevel>Spacer</techLevel>
    <graphicData>
      <texPath>Things/Item/Equipment/WeaponRanged/DoomsdayLauncher</texPath>
      <graphicClass>Graphic_Single</graphicClass>
    </graphicData>
    <statBases>
      <MarketValue>1000</MarketValue>
      <Mass>8</Mass>
      <RangedWeapon_Cooldown>4.5</RangedWeapon_Cooldown>
    </statBases>
    <weaponTags>
      <li>Gun</li>
      <li>GunHeavy</li>
    </weaponTags>
    <tradeTags>
      <li>ExoticMisc</li>
    </tradeTags>
    <thingSetMakerTags>
      <li>SingleUseWeapon</li>
    </thingSetMakerTags>
    <verbs>
      <li>
        <verbClass>Verb_ShootOneUse</verbClass>
        <hasStandardCommand>true</hasStandardCommand>
        <defaultProjectile>Bullet_DoomsdayRocket</defaultProjectile>
        <forcedMissRadius>1.9</forcedMissRadius>
        <warmupTime>4.5</warmupTime>
        <ai_AvoidFriendlyFireRadius>8</ai_AvoidFriendlyFireRadius>
        <range>35.9</range>
        <burstShotCount>1</burstShotCount>
        <soundCast>InfernoCannon_Fire</soundCast>
        <soundCastTail>GunTail_Heavy</soundCastTail>
        <onlyManualCast>true</onlyManualCast>
        <targetParams>
          <canTargetLocations>true</canTargetLocations>
        </targetParams>
        <muzzleFlashScale>14</muzzleFlashScale>
      </li>
    </verbs>
    <tools>
      <li>
        <label>barrel</label>
        <capacities>
          <li>Blunt</li>
        </capacities>
        <power>11.7</power>
        <cooldownTime>2.6</cooldownTime>
      </li>
    </tools>
    <comps>
      <li Class="CompProperties_Explosive">
        <explosiveRadius>7.8</explosiveRadius>
        <explosiveDamageType>Bomb</explosiveDamageType>
        <requiredDamageTypeToExplode>Flame</requiredDamageTypeToExplode>
      </li>
    </comps>
  </ThingDef>
  <ThingDef ParentName="BaseBullet">
    <defName>Bullet_DoomsdayRocket</defName>
    <label>doomsday rocket</label>
    <graphicData>
      <texPath>Things/Projectile/Rocket_Big</texPath>
      <graphicClass>Graphic_Single</graphicClass>
      <shaderType>TransparentPostLight</shaderType>
    </graphicData>
    <thingClass>Projectile_DoomsdayRocket</thingClass>
    <projectile>
      <damageDef>Bomb</damageDef>
      <!-- Use default damage from explosion def -->
      <explosionRadius>7.8</explosionRadius>
      <speed>50</speed>
    </projectile>
  </ThingDef>

</Defs>