﻿<?xml version="1.0" encoding="utf-8" ?>
<Defs>

  <ThingDef Name="BaseWeaponNeolithic" Abstract="True" ParentName="BaseWeapon">
    <techLevel>Neolithic</techLevel>
    <weaponTags>
      <li>Neolithic</li>
    </weaponTags>
    <thingCategories>
      <li>WeaponsRanged</li>
    </thingCategories>
    <comps>
      <li>
        <compClass>CompQuality</compClass>
      </li>
    </comps>
    <recipeMaker>
      <workSpeedStat>SmithingSpeed</workSpeedStat>
      <workSkill>Crafting</workSkill>
      <recipeUsers>
        <li>ElectricSmithy</li>
        <li>FueledSmithy</li>
      </recipeUsers>
      <effectWorking>Smelt</effectWorking>
      <unfinishedThingDef>UnfinishedWeapon</unfinishedThingDef>
    </recipeMaker>
  </ThingDef>

  <ThingDef Name="BaseProjectileNeolithic" Abstract="True">
    <category>Projectile</category>
    <tickerType>Normal</tickerType>
    <altitudeLayer>Projectile</altitudeLayer>
    <thingClass>Bullet</thingClass>
    <label>arrow</label>
    <useHitPoints>False</useHitPoints>
    <neverMultiSelect>True</neverMultiSelect>
    <graphicData>
      <shaderType>Transparent</shaderType>
    </graphicData>
  </ThingDef>

  <!-- ======================================================== -->

  <ThingDef ParentName="BaseWeaponNeolithic">
    <defName>Bow_Short</defName>
    <label>short bow</label>
    <description>A simple short selfbow made from a single piece of wood.</description>
    <graphicData>
      <texPath>Things/Item/Equipment/WeaponRanged/BowShort</texPath>
      <graphicClass>Graphic_Single</graphicClass>
    </graphicData>
    <soundInteract>Bow_Small</soundInteract>
    <costList>
      <WoodLog>30</WoodLog>
    </costList>
    <statBases>
      <WorkToMake>2400</WorkToMake>
      <Mass>0.8</Mass>
      <AccuracyTouch>0.75</AccuracyTouch>
      <AccuracyShort>0.65</AccuracyShort>
      <AccuracyMedium>0.45</AccuracyMedium>
      <AccuracyLong>0.25</AccuracyLong>
      <RangedWeapon_Cooldown>1.65</RangedWeapon_Cooldown>
    </statBases>
    <weaponTags>
      <li>NeolithicRangedBasic</li>
    </weaponTags>
    <recipeMaker>
      <recipeUsers>
        <li>CraftingSpot</li>
      </recipeUsers>
      <skillRequirements>
        <Crafting>2</Crafting>
      </skillRequirements>
    </recipeMaker>
    <verbs>
      <li>
        <verbClass>Verb_Shoot</verbClass>
        <hasStandardCommand>true</hasStandardCommand>
        <defaultProjectile>Arrow_Short</defaultProjectile>
        <warmupTime>1.35</warmupTime>
        <range>22.9</range>
        <soundCast>Bow_Small</soundCast>
      </li>
    </verbs>
    <tools>
      <li>
        <label>limb</label>
        <capacities>
          <li>Blunt</li>
          <li>Poke</li>
        </capacities>
        <power>9</power>
        <cooldownTime>2</cooldownTime>
      </li>
    </tools>
  </ThingDef>
  <ThingDef ParentName="BaseProjectileNeolithic">
    <defName>Arrow_Short</defName>
    <label>shortbow arrow</label>
    <graphicData>
      <texPath>Things/Projectile/Arrow_Small</texPath>
      <graphicClass>Graphic_Single</graphicClass>
    </graphicData>
    <projectile>
      <flyOverhead>false</flyOverhead>
      <damageDef>Arrow</damageDef>
      <damageAmountBase>11</damageAmountBase>
      <speed>44</speed>
    </projectile>
  </ThingDef>
  
  <ThingDef ParentName="BaseWeaponNeolithic">
    <defName>Pila</defName>
    <label>pila</label>
    <description>Pila are spears for throwing. They take a long time to throw, but one hit can do heavy damage. This weapon represents a bundle of pila and can be thrown over and over. The singular of pila is pilum.</description>
    <graphicData>
      <texPath>Things/Item/Equipment/WeaponRanged/Pilum</texPath>
      <graphicClass>Graphic_Single</graphicClass>
    </graphicData>
    <soundInteract>Interact_BeatFire</soundInteract>
    <costList>
      <WoodLog>70</WoodLog>
    </costList>
    <statBases>
      <WorkToMake>7000</WorkToMake>
      <Mass>4</Mass>
      <AccuracyTouch>0.50</AccuracyTouch>
      <AccuracyShort>0.71</AccuracyShort>
      <AccuracyMedium>0.50</AccuracyMedium>
      <AccuracyLong>0.32</AccuracyLong>
      <RangedWeapon_Cooldown>4</RangedWeapon_Cooldown>
    </statBases>
    <weaponTags>
      <li>NeolithicRangedHeavy</li>
    </weaponTags>
    <recipeMaker>
      <skillRequirements>
        <Crafting>3</Crafting>
      </skillRequirements>
    </recipeMaker>
    <verbs>
      <li>
        <verbClass>Verb_Shoot</verbClass>
        <hasStandardCommand>true</hasStandardCommand>
        <defaultProjectile>Pilum_Thrown</defaultProjectile>
        <warmupTime>4</warmupTime>
        <range>18.9</range>
        <soundCast>Interact_BeatFire</soundCast>
        <rangedFireRulepack>Combat_RangedFire_Thrown</rangedFireRulepack>
      </li>
    </verbs>
    <tools>
      <li>
        <label>shaft</label>
        <capacities>
          <li>Blunt</li>
        </capacities>
        <power>9</power>
         <cooldownTime>2</cooldownTime>
      </li>
      <li>
        <label>point</label>
        <capacities>
          <li>Stab</li>
        </capacities>
        <power>9</power>
         <cooldownTime>2</cooldownTime>
      </li>
    </tools>
  </ThingDef>
  <ThingDef ParentName="BaseProjectileNeolithic">
    <defName>Pilum_Thrown</defName>
    <label>pilum</label>
    <graphicData>
      <texPath>Things/Projectile/Pilum</texPath>
      <graphicClass>Graphic_Single</graphicClass>
    </graphicData>
    <projectile>
      <flyOverhead>false</flyOverhead>
      <damageDef>RangedStab</damageDef>
      <damageAmountBase>25</damageAmountBase>
      <stoppingPower>2.5</stoppingPower>
      <armorPenetrationBase>0.10</armorPenetrationBase>
      <speed>26</speed>
    </projectile>
  </ThingDef>

  <ThingDef ParentName="BaseWeaponNeolithic">
    <defName>Bow_Recurve</defName>
    <label>recurve bow</label>
    <description>A recurve bow. Its construction behaves like a tuned spring, storing energy more efficiently and delivering a faster shot.</description>
    <graphicData>
      <texPath>Things/Item/Equipment/WeaponRanged/BowRecurve</texPath>
      <graphicClass>Graphic_Single</graphicClass>
    </graphicData>
    <soundInteract>Bow_Recurve</soundInteract>
    <costList>
      <WoodLog>40</WoodLog>
    </costList>
    <statBases>
      <WorkToMake>5000</WorkToMake>
      <Mass>1.3</Mass>
      <AccuracyTouch>0.70</AccuracyTouch>
      <AccuracyShort>0.78</AccuracyShort>
      <AccuracyMedium>0.65</AccuracyMedium>
      <AccuracyLong>0.35</AccuracyLong>
      <RangedWeapon_Cooldown>1.65</RangedWeapon_Cooldown>
    </statBases>
    <weaponTags>
      <li>NeolithicRangedDecent</li>
    </weaponTags>
    <recipeMaker>
      <recipeUsers>
        <li>CraftingSpot</li>
      </recipeUsers>
      <researchPrerequisite>RecurveBow</researchPrerequisite>
      <skillRequirements>
        <Crafting>5</Crafting>
      </skillRequirements>
    </recipeMaker>
    <verbs>
      <li>
        <verbClass>Verb_Shoot</verbClass>
        <hasStandardCommand>true</hasStandardCommand>
        <defaultProjectile>Arrow_Recurve</defaultProjectile>
        <warmupTime>1.45</warmupTime>
        <range>25.9</range>
        <soundCast>Bow_Recurve</soundCast>
      </li>
    </verbs>
    <tools>
      <li>
        <label>limb</label>
        <capacities>
          <li>Blunt</li>
          <li>Poke</li>
        </capacities>
        <power>9</power>
        <cooldownTime>2</cooldownTime>
      </li>
    </tools>
  </ThingDef>
  <ThingDef ParentName="BaseProjectileNeolithic">
    <defName>Arrow_Recurve</defName>
    <label>recurve bow arrow</label>
    <graphicData>
      <texPath>Things/Projectile/Arrow_Small</texPath>
      <graphicClass>Graphic_Single</graphicClass>
    </graphicData>
    <projectile>
      <flyOverhead>false</flyOverhead>
      <damageDef>ArrowHighVelocity</damageDef>
      <damageAmountBase>14</damageAmountBase>
      <stoppingPower>1</stoppingPower>
      <speed>56</speed>
    </projectile>
  </ThingDef>

  <ThingDef ParentName="BaseWeaponNeolithic">
    <defName>Bow_Great</defName>
    <label>greatbow</label>
    <description>A powerful greatbow. Fires a heavy arrow long distances.</description>
    <graphicData>
      <texPath>Things/Item/Equipment/WeaponRanged/BowGreat</texPath>
      <graphicClass>Graphic_Single</graphicClass>
    </graphicData>
    <soundInteract>Bow_Large</soundInteract>
    <costList>
      <WoodLog>50</WoodLog>
    </costList>
    <statBases>
      <WorkToMake>9000</WorkToMake>
      <Mass>3.0</Mass>
      <AccuracyTouch>0.65</AccuracyTouch>
      <AccuracyShort>0.85</AccuracyShort>
      <AccuracyMedium>0.75</AccuracyMedium>
      <AccuracyLong>0.50</AccuracyLong>
      <RangedWeapon_Cooldown>1.5</RangedWeapon_Cooldown>
    </statBases>
    <weaponTags>
      <li>NeolithicRangedHeavy</li>
      <li>NeolithicRangedChief</li>
    </weaponTags>
    <verbs>
      <li>
        <verbClass>Verb_Shoot</verbClass>
        <hasStandardCommand>true</hasStandardCommand>
        <defaultProjectile>Arrow_Great</defaultProjectile>
        <warmupTime>2.0</warmupTime>
        <range>29.9</range>
        <soundCast>Bow_Large</soundCast>
      </li>
    </verbs>
    <tools>
      <li>
        <label>limb</label>
        <capacities>
          <li>Blunt</li>
          <li>Poke</li>
        </capacities>
        <power>9</power>
        <cooldownTime>2</cooldownTime>
      </li>
    </tools>
    <recipeMaker>
      <researchPrerequisite>Greatbow</researchPrerequisite>
      <skillRequirements>
        <Crafting>6</Crafting>
      </skillRequirements>
    </recipeMaker>
  </ThingDef>
  <ThingDef ParentName="BaseProjectileNeolithic">
    <defName>Arrow_Great</defName>
    <label>greatbow arrow</label>
    <graphicData>
      <texPath>Things/Projectile/Arrow_Small</texPath>
      <graphicClass>Graphic_Single</graphicClass>
    </graphicData>
    <projectile>
      <flyOverhead>false</flyOverhead>
      <damageDef>Arrow</damageDef>
      <damageAmountBase>17</damageAmountBase>
      <stoppingPower>1.5</stoppingPower>
      <armorPenetrationBase>0.15</armorPenetrationBase>
      <speed>49</speed>
    </projectile>
  </ThingDef>
  
</Defs>


