﻿<?xml version="1.0" encoding="utf-8" ?>
<Defs>

  <ThingDef Name="ApparelBase" Abstract="True">
    <thingClass>Apparel</thingClass>
    <category>Item</category>
    <selectable>True</selectable>
    <pathCost>10</pathCost>
    <useHitPoints>True</useHitPoints>
    <techLevel>Medieval</techLevel>
    <graphicData>
      <onGroundRandomRotateAngle>35</onGroundRandomRotateAngle>
    </graphicData>
    <drawGUIOverlay>true</drawGUIOverlay>
    <statBases>
      <MaxHitPoints>100</MaxHitPoints>
      <Flammability>1.0</Flammability>
      <DeteriorationRate>2</DeteriorationRate>
      <Beauty>-3</Beauty>
    </statBases>
    <altitudeLayer>Item</altitudeLayer>
    <alwaysHaulable>True</alwaysHaulable>
    <tickerType>Never</tickerType>
    <burnableByRecipe>true</burnableByRecipe>
    <smeltable>true</smeltable>
    <comps>
      <li Class="CompProperties_Forbiddable"/>
      <li>
        <compClass>CompColorable</compClass>
      </li>
      <li>
        <compClass>CompQuality</compClass>
      </li>
    </comps>
  </ThingDef>

  <ThingDef Name="ApparelMakeableBase" ParentName="ApparelBase" Abstract="True">
    <recipeMaker>
      <workSpeedStat>GeneralLaborSpeed</workSpeedStat>
      <workSkill>Crafting</workSkill>
      <effectWorking>Tailor</effectWorking>
      <soundWorking>Recipe_Tailor</soundWorking>
      <recipeUsers>
        <li>ElectricTailoringBench</li>
        <li>HandTailoringBench</li>
      </recipeUsers>
      <unfinishedThingDef>UnfinishedApparel</unfinishedThingDef>
      <defaultIngredientFilter>
        <categories>
          <li>Root</li>
        </categories>
        <disallowedThingDefs>
          <li>Gold</li>
          <li>Silver</li>
          <li>Plasteel</li>
          <li>Jade</li>
          <li>Uranium</li>
        </disallowedThingDefs>
      </defaultIngredientFilter>
    </recipeMaker>
  </ThingDef>
  
  <ThingDef Name="ArmorSmithableBase" ParentName="ApparelBase" Abstract="True">
    <smeltable>true</smeltable>
    <recipeMaker>
      <workSpeedStat>GeneralLaborSpeed</workSpeedStat>
      <workSkill>Crafting</workSkill>
      <effectWorking>Smith</effectWorking>
      <soundWorking>Recipe_Smith</soundWorking>
      <recipeUsers>
        <li>ElectricSmithy</li>
        <li>FueledSmithy</li>
      </recipeUsers>
      <defaultIngredientFilter>
        <categories>
          <li>Root</li>
        </categories>
        <disallowedThingDefs>
          <li>Gold</li>
          <li>Silver</li>
          <li>Plasteel</li>
          <li>Jade</li>
          <li>Uranium</li>
        </disallowedThingDefs>
      </defaultIngredientFilter>
    </recipeMaker>
  </ThingDef>

  <ThingDef Name="ArmorMachineableBase" ParentName="ApparelBase" Abstract="True">
    <recipeMaker>
      <workSpeedStat>GeneralLaborSpeed</workSpeedStat>
      <workSkill>Crafting</workSkill>
      <effectWorking>Smith</effectWorking>
      <soundWorking>Recipe_Machining</soundWorking>
      <recipeUsers>
        <li>TableMachining</li>
      </recipeUsers>
      <unfinishedThingDef>UnfinishedArmor</unfinishedThingDef>
      <defaultIngredientFilter>
        <categories>
          <li>Root</li>
        </categories>
        <disallowedThingDefs>
          <li>Gold</li>
          <li>Silver</li>
          <li>Plasteel</li>
          <li>Jade</li>
          <li>Uranium</li>
        </disallowedThingDefs>
      </defaultIngredientFilter>
    </recipeMaker>
  </ThingDef>
  
  <!-- ====================================== Neolithic =========================================== -->

  <ThingDef ParentName="ApparelMakeableBase">
    <defName>Apparel_TribalA</defName>
    <label>tribalwear</label>
    <description>A full-body garment crafted using neolithic tools. While it may look primitive, it is effective at insulating the wearer.</description>
    <graphicData>
      <texPath>Things/Pawn/Humanlike/Apparel/TribalA/TribalA</texPath>
      <graphicClass>Graphic_Single</graphicClass>
    </graphicData>
    <techLevel>Neolithic</techLevel>
    <costStuffCount>60</costStuffCount>
    <stuffCategories>
      <li>Fabric</li>
      <li>Leathery</li>
    </stuffCategories>
    <tradeability>Sellable</tradeability>
    <statBases>
      <MaxHitPoints>100</MaxHitPoints>
      <WorkToMake>1800</WorkToMake>
      <Mass>0.5</Mass>
      <StuffEffectMultiplierArmor>0.2</StuffEffectMultiplierArmor>
      <StuffEffectMultiplierInsulation_Cold>0.55</StuffEffectMultiplierInsulation_Cold>
      <StuffEffectMultiplierInsulation_Heat>0.55</StuffEffectMultiplierInsulation_Heat>
      <EquipDelay>1.5</EquipDelay>
    </statBases>
    <thingCategories>
      <li>Apparel</li>
    </thingCategories>
    <apparel>
      <bodyPartGroups>
        <li>Torso</li>
        <li>Legs</li>
      </bodyPartGroups>
      <wornGraphicPath>Things/Pawn/Humanlike/Apparel/TribalA/TribalA</wornGraphicPath>
      <layers>
        <li>OnSkin</li>
      </layers>
      <tags>
        <li>Neolithic</li>
      </tags>
    </apparel>
    <recipeMaker>
      <recipeUsers>
        <li>ElectricTailoringBench</li>
        <li>HandTailoringBench</li>
        <li>CraftingSpot</li>
      </recipeUsers>
    </recipeMaker>
    <colorGenerator Class="ColorGenerator_Options">
      <options>
        <li>
          <weight>10</weight>
          <only>(0.4,0.3,0.15)</only>
        </li>
        <li>
          <weight>15</weight>
          <only>(0.6,0.45,0.18)</only>
        </li>
        <li>
          <weight>20</weight>
          <only>(0.8,0.6,0.23)</only>
        </li>
      </options>
    </colorGenerator>
  </ThingDef>

  <ThingDef ParentName="ApparelMakeableBase">
    <defName>Apparel_Parka</defName>
    <label>parka</label>
    <description>A parka for staying warm in even the coldest of temperatures.</description>
    <graphicData>
      <texPath>Things/Pawn/Humanlike/Apparel/Parka/Parka</texPath>
      <graphicClass>Graphic_Single</graphicClass>
      <drawSize>0.90</drawSize>
    </graphicData>
    <techLevel>Neolithic</techLevel>
    <costStuffCount>80</costStuffCount>
    <stuffCategories>
      <li>Fabric</li>
      <li>Leathery</li>
    </stuffCategories>
    <thingCategories>
      <li>Apparel</li>
    </thingCategories>
    <statBases>
      <MaxHitPoints>180</MaxHitPoints>
      <WorkToMake>8000</WorkToMake>
      <Mass>2</Mass>
      <StuffEffectMultiplierArmor>0.2</StuffEffectMultiplierArmor>
      <StuffEffectMultiplierInsulation_Cold>2.00</StuffEffectMultiplierInsulation_Cold>
      <StuffEffectMultiplierInsulation_Heat>0.00</StuffEffectMultiplierInsulation_Heat>
      <EquipDelay>3</EquipDelay>
    </statBases>
    <apparel>
      <bodyPartGroups>
        <li>Torso</li>
        <li>Neck</li>
        <li>Shoulders</li>
        <li>Arms</li>
      </bodyPartGroups>
      <wornGraphicPath>Things/Pawn/Humanlike/Apparel/Parka/Parka</wornGraphicPath>
      <layers>
        <li>Shell</li>
      </layers>
      <tags>
        <li>IndustrialBasic</li>
        <li>Neolithic</li>
      </tags>
      <defaultOutfitTags>
        <li>Worker</li>
        <li>Soldier</li>
      </defaultOutfitTags>
    </apparel>
    <colorGenerator Class="ColorGenerator_Options">
      <options>
        <li>
          <weight>10</weight>
          <only>(0.33,0.33,0.33)</only>
        </li>
        <li>
          <weight>10</weight>
          <only>(0.65,0.65,0.65)</only>
        </li>
        <li>
          <weight>10</weight>
          <only>(0.4,0.3,0.15)</only>
        </li>
        <li>
          <weight>15</weight>
          <min>(0.3,0.3,0.3)</min>
          <max>(0.5,0.5,0.5)</max>
        </li>
        <li>
          <weight>6</weight>
          <min>(0.5,0.5,0.5)</min>
          <max>(1,1,1)</max>
        </li>
      </options>
    </colorGenerator>
  </ThingDef>

  <!-- ====================================== Medieval =========================================== -->

  <ThingDef ParentName="ApparelMakeableBase">
    <defName>Apparel_Pants</defName>
    <label>pants</label>
    <description>A simple set of pants.</description>
    <recipeMaker>
      <researchPrerequisite>ComplexClothing</researchPrerequisite>
    </recipeMaker>
    <graphicData>
      <texPath>Things/Pawn/Humanlike/Apparel/Pants/Pants</texPath>
      <graphicClass>Graphic_Single</graphicClass>
    </graphicData>
    <costStuffCount>40</costStuffCount>
    <stuffCategories>
      <li>Fabric</li>
      <li>Leathery</li>
    </stuffCategories>
    <thingCategories>
      <li>Apparel</li>
    </thingCategories>
    <statBases>
      <MaxHitPoints>100</MaxHitPoints>
      <WorkToMake>1600</WorkToMake>
      <Mass>0.5</Mass>
      <StuffEffectMultiplierArmor>0.2</StuffEffectMultiplierArmor>
      <StuffEffectMultiplierInsulation_Cold>0.20</StuffEffectMultiplierInsulation_Cold>
      <StuffEffectMultiplierInsulation_Heat>0.08</StuffEffectMultiplierInsulation_Heat>
      <EquipDelay>2</EquipDelay>
    </statBases>
    <apparel>
      <bodyPartGroups>
        <li>Legs</li>
      </bodyPartGroups>
      <layers>
        <li>OnSkin</li>
      </layers>
      <tags>
        <li>IndustrialBasic</li>
      </tags>
      <defaultOutfitTags>
        <li>Worker</li>
        <li>Soldier</li>
      </defaultOutfitTags>
    </apparel>
    <colorGenerator Class="ColorGenerator_StandardApparel" />
  </ThingDef>

  <ThingDef ParentName="ApparelMakeableBase">
    <defName>Apparel_BasicShirt</defName>
    <label>T-shirt</label>
    <description>A simple T-shirt.</description>
    <graphicData>
      <texPath>Things/Pawn/Humanlike/Apparel/ShirtBasic/ShirtBasic</texPath>
      <graphicClass>Graphic_Single</graphicClass>
    </graphicData>
    <costStuffCount>40</costStuffCount>
    <stuffCategories>
      <li>Fabric</li>
      <li>Leathery</li>
    </stuffCategories>
    <thingCategories>
      <li>Apparel</li>
    </thingCategories>
    <statBases>
      <MaxHitPoints>100</MaxHitPoints>
      <WorkToMake>1600</WorkToMake>
      <Mass>0.25</Mass>
      <StuffEffectMultiplierArmor>0.2</StuffEffectMultiplierArmor>
      <StuffEffectMultiplierInsulation_Cold>0.22</StuffEffectMultiplierInsulation_Cold>
      <StuffEffectMultiplierInsulation_Heat>0.10</StuffEffectMultiplierInsulation_Heat>
      <EquipDelay>1.5</EquipDelay>
    </statBases>
    <apparel>
      <bodyPartGroups>
        <li>Torso</li>
        <li>Shoulders</li>
      </bodyPartGroups>
      <wornGraphicPath>Things/Pawn/Humanlike/Apparel/ShirtBasic/ShirtBasic</wornGraphicPath>
      <layers>
        <li>OnSkin</li>
      </layers>
      <tags>
        <li>IndustrialBasic</li>
      </tags>
      <defaultOutfitTags>
        <li>Worker</li>
        <li>Soldier</li>
      </defaultOutfitTags>
    </apparel>
    <colorGenerator Class="ColorGenerator_StandardApparel" />
  </ThingDef>

  <ThingDef ParentName="ApparelMakeableBase">
    <defName>Apparel_CollarShirt</defName>
    <description>A nice-looking collared shirt with buttons.</description>
    <label>button-down shirt</label>
    <recipeMaker>
      <researchPrerequisite>ComplexClothing</researchPrerequisite>
    </recipeMaker>
    <graphicData>
      <texPath>Things/Pawn/Humanlike/Apparel/ShirtButton/ShirtButton</texPath>
      <graphicClass>Graphic_Single</graphicClass>
    </graphicData>
    <costStuffCount>45</costStuffCount>
    <stuffCategories>
      <li>Fabric</li>
      <li>Leathery</li>
    </stuffCategories>
    <thingCategories>
      <li>Apparel</li>
    </thingCategories>
    <statBases>
      <MaxHitPoints>100</MaxHitPoints>
      <WorkToMake>2700</WorkToMake>
      <Mass>0.3</Mass>
      <StuffEffectMultiplierArmor>0.2</StuffEffectMultiplierArmor>
      <StuffEffectMultiplierInsulation_Cold>0.26</StuffEffectMultiplierInsulation_Cold>
      <StuffEffectMultiplierInsulation_Heat>0.10</StuffEffectMultiplierInsulation_Heat>
      <EquipDelay>1.5</EquipDelay>
    </statBases>
    <apparel>
      <bodyPartGroups>
        <li>Torso</li>
        <li>Neck</li>
        <li>Shoulders</li>
        <li>Arms</li>
      </bodyPartGroups>
      <wornGraphicPath>Things/Pawn/Humanlike/Apparel/ShirtButton/ShirtButton</wornGraphicPath>
      <layers>
        <li>OnSkin</li>
      </layers>
      <tags>
        <li>IndustrialBasic</li>
      </tags>
      <defaultOutfitTags>
        <li>Worker</li>
        <li>Soldier</li>
      </defaultOutfitTags>
    </apparel>
    <colorGenerator Class="ColorGenerator_StandardApparel" />
  </ThingDef>

  <ThingDef ParentName="ApparelMakeableBase">
    <defName>Apparel_Duster</defName>
    <description>A long duster coat for blocking the sun and grit of the outdoors.</description>
    <label>duster</label>
    <recipeMaker>
      <researchPrerequisite>ComplexClothing</researchPrerequisite>
    </recipeMaker>
    <graphicData>
      <texPath>Things/Pawn/Humanlike/Apparel/Duster/Duster</texPath>
      <graphicClass>Graphic_Single</graphicClass>
      <drawSize>1.05</drawSize>
    </graphicData>
    <costStuffCount>80</costStuffCount>
    <stuffCategories>
      <li>Fabric</li>
      <li>Leathery</li>
    </stuffCategories>
    <thingCategories>
      <li>Apparel</li>
    </thingCategories>
    <statBases>
      <MaxHitPoints>200</MaxHitPoints>
      <WorkToMake>10000</WorkToMake>
      <Mass>2</Mass>
      <StuffEffectMultiplierArmor>0.3</StuffEffectMultiplierArmor>
      <StuffEffectMultiplierInsulation_Cold>0.60</StuffEffectMultiplierInsulation_Cold>
      <StuffEffectMultiplierInsulation_Heat>0.85</StuffEffectMultiplierInsulation_Heat>
      <EquipDelay>3</EquipDelay>
    </statBases>
    <apparel>
      <bodyPartGroups>
        <li>Torso</li>
        <li>Neck</li>
        <li>Shoulders</li>
        <li>Arms</li>
        <li>Legs</li>
      </bodyPartGroups>
      <wornGraphicPath>Things/Pawn/Humanlike/Apparel/Duster/Duster</wornGraphicPath>
      <layers>
        <li>Shell</li>
      </layers>
      <tags>
        <li>IndustrialAdvanced</li>
      </tags>
      <defaultOutfitTags>
        <li>Worker</li>
      </defaultOutfitTags>
    </apparel>
    <colorGenerator Class="ColorGenerator_Options">
      <options>
        <li>
          <weight>10</weight>
          <only>(0.33,0.33,0.33)</only>
        </li>
        <li>
          <weight>10</weight>
          <only>(0.65,0.65,0.65)</only>
        </li>
        <li>
          <weight>30</weight>
          <only>(0.4,0.3,0.15)</only>
        </li>
        <li>
          <weight>6</weight>
          <min>(0.3,0.3,0.3)</min>
          <max>(0.5,0.5,0.5)</max>
        </li>
        <li>
          <weight>2</weight>
          <min>(0.5,0.5,0.5)</min>
          <max>(1,1,1)</max>
        </li>
      </options>
    </colorGenerator>
  </ThingDef>

  <ThingDef ParentName="ApparelMakeableBase">
    <defName>Apparel_Jacket</defName>
    <label>jacket</label>
    <description>A tough jacket to stop scrapes and bruises, and to keep one warm in chilly weather.</description>
    <graphicData>
      <texPath>Things/Pawn/Humanlike/Apparel/Jacket/Jacket</texPath>
      <graphicClass>Graphic_Single</graphicClass>
      <drawSize>0.85</drawSize>
    </graphicData>
    <costStuffCount>70</costStuffCount>
    <stuffCategories>
      <li>Fabric</li>
      <li>Leathery</li>
    </stuffCategories>
    <thingCategories>
      <li>Apparel</li>
    </thingCategories>
    <statBases>
      <MaxHitPoints>160</MaxHitPoints>
      <WorkToMake>7000</WorkToMake>
      <Mass>1.7</Mass>
      <StuffEffectMultiplierArmor>0.3</StuffEffectMultiplierArmor>
      <StuffEffectMultiplierInsulation_Cold>0.80</StuffEffectMultiplierInsulation_Cold>
      <StuffEffectMultiplierInsulation_Heat>0.30</StuffEffectMultiplierInsulation_Heat>
      <EquipDelay>1.5</EquipDelay>
    </statBases>
    <apparel>
      <bodyPartGroups>
        <li>Torso</li>
        <li>Neck</li>
        <li>Shoulders</li>
        <li>Arms</li>
      </bodyPartGroups>
      <wornGraphicPath>Things/Pawn/Humanlike/Apparel/Jacket/Jacket</wornGraphicPath>
      <layers>
        <li>Shell</li>
      </layers>
      <tags>
        <li>IndustrialAdvanced</li>
      </tags>
      <defaultOutfitTags>
        <li>Worker</li>
      </defaultOutfitTags>
    </apparel>
    <colorGenerator Class="ColorGenerator_Options">
      <options>
        <li>
          <weight>10</weight>
          <only>(0.33,0.33,0.33)</only>
        </li>
        <li>
          <weight>10</weight>
          <only>(0.65,0.65,0.65)</only>
        </li>
        <li>
          <weight>10</weight>
          <only>(0.4,0.3,0.15)</only>
        </li>
        <li>
          <weight>15</weight>
          <min>(0.3,0.3,0.3)</min>
          <max>(0.5,0.5,0.5)</max>
        </li>
        <li>
          <weight>6</weight>
          <min>(0.5,0.5,0.5)</min>
          <max>(1,1,1)</max>
        </li>
      </options>
    </colorGenerator>
  </ThingDef>
  
  <ThingDef ParentName="ArmorSmithableBase">
    <defName>Apparel_PlateArmor</defName>
    <label>plate armor</label>
    <description>Overlapping solid plates of armor covering the entire body from neck to feet.</description>
    <recipeMaker>
      <unfinishedThingDef>UnfinishedMetallicTechArmor</unfinishedThingDef>
      <researchPrerequisite>PlateArmor</researchPrerequisite>
      <skillRequirements>
        <Crafting>7</Crafting>
      </skillRequirements>
    </recipeMaker>
    <graphicData>
      <texPath>Things/Pawn/Humanlike/Apparel/PlateArmor/PlateArmor</texPath>
      <graphicClass>Graphic_Single</graphicClass>
    </graphicData>
    <stuffCategories>
      <li>Metallic</li>
      <li>Woody</li>
    </stuffCategories>
    <costStuffCount>170</costStuffCount>
    <statBases>
      <WorkToMake>38000</WorkToMake>
      <MaxHitPoints>290</MaxHitPoints>
      <Mass>15</Mass>
      <StuffEffectMultiplierArmor>0.73</StuffEffectMultiplierArmor>
      <StuffEffectMultiplierInsulation_Cold>1.0</StuffEffectMultiplierInsulation_Cold>
      <StuffEffectMultiplierInsulation_Heat>0</StuffEffectMultiplierInsulation_Heat>
      <EquipDelay>15</EquipDelay>
    </statBases>
    <thingSetMakerTags>
      <li>RewardStandardLowFreq</li>
      <li>RewardStandardQualitySuper</li>
    </thingSetMakerTags>
    <equippedStatOffsets>
      <MoveSpeed>-0.8</MoveSpeed>
    </equippedStatOffsets>
    <thingCategories>
      <li>ApparelArmor</li>
    </thingCategories>
    <apparel>
      <bodyPartGroups>
        <li>Torso</li>
        <li>Neck</li>
        <li>Shoulders</li>
        <li>Arms</li>
        <li>Legs</li>
      </bodyPartGroups>
      <wornGraphicPath>Things/Pawn/Humanlike/Apparel/PlateArmor/PlateArmor</wornGraphicPath>
      <layers>
        <li>Middle</li>
        <li>Shell</li>
      </layers>
      <tags>
        <li>MedievalMilitary</li>
      </tags>
      <defaultOutfitTags>
        <li>Soldier</li>
      </defaultOutfitTags>
    </apparel>
    <colorGenerator Class="ColorGenerator_Options">
      <options>
        <li>
          <weight>10</weight>
          <only>(0.33,0.33,0.33)</only>
        </li>
        <li>
          <weight>10</weight>
          <only>(0.65,0.65,0.65)</only>
        </li>
        <li>
          <weight>6</weight>
          <min>(0.3,0.3,0.3)</min>
          <max>(0.5,0.5,0.5)</max>
        </li>
      </options>
    </colorGenerator>
  </ThingDef>

  <!-- ======================================= Industrial =======================================-->
  
  <ThingDef ParentName="ArmorMachineableBase">
    <defName>Apparel_FlakVest</defName>
    <label>flak vest</label>
    <description>A vest with armor plates inserted on the chest and back. While quite effective at deflecting gunshots and stabbing attacks against the chest, it does nothing to protect the limbs.</description>
    <techLevel>Industrial</techLevel>
    <recipeMaker>
      <researchPrerequisite>FlakArmor</researchPrerequisite>
      <unfinishedThingDef>UnfinishedTechArmor</unfinishedThingDef>
      <skillRequirements>
        <Crafting>4</Crafting>
      </skillRequirements>
    </recipeMaker>
    <graphicData>
      <texPath>Things/Pawn/Humanlike/Apparel/FlakVest/FlakVest</texPath>
      <graphicClass>Graphic_Single</graphicClass>
      <drawSize>0.90</drawSize>
    </graphicData>
    <statBases>
      <WorkToMake>9000</WorkToMake>
      <MaxHitPoints>200</MaxHitPoints>
      <Mass>4</Mass>
      <Flammability>0.6</Flammability>
      <ArmorRating_Sharp>1.00</ArmorRating_Sharp>
      <ArmorRating_Blunt>0.36</ArmorRating_Blunt>
      <ArmorRating_Heat>0.27</ArmorRating_Heat>
      <Insulation_Cold>1</Insulation_Cold>
      <EquipDelay>5</EquipDelay>
    </statBases>
    <equippedStatOffsets>
      <MoveSpeed>-0.12</MoveSpeed>
    </equippedStatOffsets>
    <thingCategories>
      <li>ApparelArmor</li>
    </thingCategories>
    <costList>
      <Cloth>30</Cloth>
      <Steel>60</Steel>
      <ComponentIndustrial>1</ComponentIndustrial>
    </costList>
    <apparel>
      <bodyPartGroups>
        <li>Torso</li>
        <li>Neck</li>
        <li>Shoulders</li>
      </bodyPartGroups>
      <wornGraphicPath>Things/Pawn/Humanlike/Apparel/FlakVest/FlakVest</wornGraphicPath>
      <layers>
        <li>Middle</li>
      </layers>
      <tags>
        <li>IndustrialMilitaryBasic</li>
      </tags>
      <defaultOutfitTags>
        <li>Soldier</li>
      </defaultOutfitTags>
    </apparel>
    <colorGenerator Class="ColorGenerator_Options">
      <options>
        <li>
          <only>(0.33,0.33,0.33)</only>
        </li>
        <li>
          <only>(0.65,0.65,0.65)</only>
        </li>
        <li>
          <weight>0.5</weight>
          <min>(0.3,0.3,0.3)</min>
          <max>(0.5,0.5,0.5)</max>
        </li>
      </options>
    </colorGenerator>
  </ThingDef>

  <ThingDef ParentName="ArmorMachineableBase">
    <defName>Apparel_FlakPants</defName>
    <label>flak pants</label>
    <description>A pair of pants with armor plates sewn in. While it's not as good as solid armor, it offers effective protection against all manner of attacks while remaining quite comfortable.</description>
    <recipeMaker>
      <researchPrerequisite>FlakArmor</researchPrerequisite>
      <unfinishedThingDef>UnfinishedTechArmor</unfinishedThingDef>
      <skillRequirements>
        <Crafting>4</Crafting>
      </skillRequirements>
    </recipeMaker>
    <graphicData>
      <texPath>Things/Pawn/Humanlike/Apparel/FlakPants/FlakPants</texPath>
      <graphicClass>Graphic_Single</graphicClass>
      <drawSize>0.90</drawSize>
    </graphicData>
    <statBases>
      <WorkToMake>9000</WorkToMake>
      <MaxHitPoints>200</MaxHitPoints>
      <Mass>4</Mass>
      <Flammability>0.6</Flammability>
      <ArmorRating_Sharp>0.40</ArmorRating_Sharp>
      <ArmorRating_Blunt>0.08</ArmorRating_Blunt>
      <ArmorRating_Heat>0.10</ArmorRating_Heat>
      <Insulation_Cold>3.5</Insulation_Cold>
      <Insulation_Heat>1</Insulation_Heat>
      <EquipDelay>5</EquipDelay>
    </statBases>
    <equippedStatOffsets>
      <MoveSpeed>-0.12</MoveSpeed>
    </equippedStatOffsets>
    <thingCategories>
      <li>ApparelArmor</li>
    </thingCategories>
    <costList>
      <Cloth>30</Cloth>
      <Steel>60</Steel>
      <ComponentIndustrial>1</ComponentIndustrial>
    </costList>
    <apparel>
      <bodyPartGroups>
        <li>Legs</li>
      </bodyPartGroups>
      <layers>
        <li>OnSkin</li>
        <li>Middle</li>
      </layers>
      <tags>
        <li>IndustrialMilitaryBasic</li>
      </tags>
      <defaultOutfitTags>
        <li>Soldier</li>
      </defaultOutfitTags>
    </apparel>
    <colorGenerator Class="ColorGenerator_Options">
      <options>
        <li>
          <only>(0.44,0.44,0.44)</only>
        </li>
        <li>
          <only>(0.62,0.62,0.62)</only>
        </li>
      </options>
    </colorGenerator>
  </ThingDef>

  <ThingDef ParentName="ArmorMachineableBase">
    <defName>Apparel_FlakJacket</defName>
    <label>flak jacket</label>
    <description>A tough fabric jacket with armor plates sewn in. While it's not as good as solid armor, it offers effective protection against all manner of attacks while remaining quite comfortable.</description>
    <recipeMaker>
      <researchPrerequisite>FlakArmor</researchPrerequisite>
      <unfinishedThingDef>UnfinishedTechArmor</unfinishedThingDef>
      <skillRequirements>
        <Crafting>4</Crafting>
      </skillRequirements>
    </recipeMaker>
    <graphicData>
      <texPath>Things/Pawn/Humanlike/Apparel/FlakJacket/FlakJacket</texPath>
      <graphicClass>Graphic_Single</graphicClass>
      <drawSize>1.00</drawSize>
    </graphicData>
    <costList>
      <Cloth>50</Cloth>
      <Steel>70</Steel>
      <ComponentIndustrial>1</ComponentIndustrial>
    </costList>
    <thingCategories>
      <li>ApparelArmor</li>
    </thingCategories>
    <statBases>
      <MaxHitPoints>200</MaxHitPoints>
      <WorkToMake>14000</WorkToMake>
      <Mass>7</Mass>
      <Flammability>0.6</Flammability>
      <ArmorRating_Sharp>0.40</ArmorRating_Sharp>
      <ArmorRating_Blunt>0.08</ArmorRating_Blunt>
      <ArmorRating_Heat>0.10</ArmorRating_Heat>
      <Insulation_Cold>14.4</Insulation_Cold> <!-- like a cloth jacket -->
      <Insulation_Heat>3</Insulation_Heat>
      <EquipDelay>3</EquipDelay>
    </statBases>
    <equippedStatOffsets>
      <MoveSpeed>-0.12</MoveSpeed>
    </equippedStatOffsets>
    <apparel>
      <bodyPartGroups>
        <li>Torso</li>
        <li>Neck</li>
        <li>Shoulders</li>
        <li>Arms</li>
      </bodyPartGroups>
      <wornGraphicPath>Things/Pawn/Humanlike/Apparel/FlakJacket/FlakJacket</wornGraphicPath>
      <layers>
        <li>Shell</li>
      </layers>
      <tags>
        <li>IndustrialAdvanced</li>
      </tags>
      <defaultOutfitTags>
        <li>Soldier</li>
      </defaultOutfitTags>
    </apparel>
    <colorGenerator Class="ColorGenerator_Options">
      <options>
        <li>
          <only>(0.44,0.44,0.44)</only>
        </li>
        <li>
          <only>(0.62,0.62,0.62)</only>
        </li>
      </options>
    </colorGenerator>
  </ThingDef>

  <!-- ==================================== Spacer =====================================-->

  <ThingDef Name="ApparelArmorPowerBase" ParentName="ArmorMachineableBase" Abstract="True">
    <techLevel>Spacer</techLevel>
    <recipeMaker>
      <unfinishedThingDef>UnfinishedTechArmor</unfinishedThingDef>
      <researchPrerequisite>PoweredArmor</researchPrerequisite>
      <skillRequirements>
        <Crafting>7</Crafting>
      </skillRequirements>
      <recipeUsers Inherit="False">
        <li>FabricationBench</li>
      </recipeUsers>
    </recipeMaker>
    <graphicData>
      <texPath>Things/Pawn/Humanlike/Apparel/PowerArmor/PowerArmor</texPath>
      <graphicClass>Graphic_Single</graphicClass>
    </graphicData>
    <generateCommonality>2</generateCommonality>
    <statBases>
      <WorkToMake>60000</WorkToMake>
      <MaxHitPoints>340</MaxHitPoints>
      <Mass>12</Mass>
      <Flammability>0.4</Flammability>
      <ArmorRating_Sharp>1.06</ArmorRating_Sharp>
      <ArmorRating_Blunt>0.45</ArmorRating_Blunt>
      <ArmorRating_Heat>0.54</ArmorRating_Heat>
      <Insulation_Cold>34</Insulation_Cold>
      <Insulation_Heat>10</Insulation_Heat>
      <EquipDelay>14</EquipDelay>
    </statBases>
    <equippedStatOffsets>
      <MoveSpeed>-0.4</MoveSpeed>
    </equippedStatOffsets>
    <thingCategories>
      <li>ApparelArmor</li>
    </thingCategories>
    <tradeTags>
      <li>HiTechArmor</li>
    </tradeTags>
    <costList>
      <ComponentSpacer>4</ComponentSpacer>
      <Plasteel>100</Plasteel>
      <Uranium>20</Uranium>
    </costList>
    <apparel>
      <bodyPartGroups>
        <li>Torso</li>
        <li>Neck</li>
        <li>Shoulders</li>
        <li>Arms</li>
        <li>Legs</li>
      </bodyPartGroups>
      <wornGraphicPath>Things/Pawn/Humanlike/Apparel/PowerArmor/PowerArmor</wornGraphicPath>
      <layers>
        <li>Middle</li>
        <li>Shell</li>
      </layers>
      <defaultOutfitTags>
        <li>Soldier</li>
      </defaultOutfitTags>
      <useDeflectMetalEffect>true</useDeflectMetalEffect>
    </apparel>
    <colorGenerator Class="ColorGenerator_Options">
      <options>
        <li>
          <weight>10</weight>
          <only>(0.33,0.33,0.33)</only>
        </li>
        <li>
          <weight>10</weight>
          <only>(0.65,0.65,0.65)</only>
        </li>
        <li>
          <weight>6</weight>
          <min>(0.3,0.3,0.3)</min>
          <max>(0.5,0.5,0.5)</max>
        </li>
        <li>
          <weight>10</weight>
          <only>(0.9,0.9,0.9)</only>
        </li>
      </options>
    </colorGenerator>
    <thingSetMakerTags>
      <li>RewardStandardHighFreq</li>
    </thingSetMakerTags>
    <comps>
      <li Class="CompProperties_BiocodableApparel"/>
    </comps>
  </ThingDef>

  <ThingDef ParentName="ApparelArmorPowerBase">
    <defName>Apparel_PowerArmor</defName>
    <label>marine armor</label>
    <description>A suit of powered armor. Layered plasteel-weave plates are very effective at stopping attacks, with few vulnerable joint sections. Neuro-memetic assistors allow a human to wear the armor and still move easily.\n\nArmor like this is often used by imperial janissaries and rapid-incursion space marines.</description>
    <apparel>
      <tags>
        <li>SpacerMilitary</li>
        <li>RoyalCombatGear</li>
      </tags>
    </apparel>
  </ThingDef>
  
  <ThingDef Name="ApparelArmorReconBase" ParentName="ArmorMachineableBase" Abstract="True">
    <techLevel>Spacer</techLevel>
    <recipeMaker>
      <unfinishedThingDef>UnfinishedTechArmor</unfinishedThingDef>
      <researchPrerequisite>ReconArmor</researchPrerequisite>
      <skillRequirements>
        <Crafting>6</Crafting>
      </skillRequirements>
      <recipeUsers Inherit="False">
        <li>FabricationBench</li>
      </recipeUsers>
    </recipeMaker>
    <graphicData>
      <texPath>Things/Pawn/Humanlike/Apparel/ReconArmor/ReconArmor</texPath>
      <graphicClass>Graphic_Single</graphicClass>
    </graphicData>
    <generateCommonality>2</generateCommonality>
    <tradeTags>
      <li>HiTechArmor</li>
    </tradeTags>
    <statBases>
      <WorkToMake>45000</WorkToMake>
      <MaxHitPoints>280</MaxHitPoints>
      <Mass>9</Mass>
      <Flammability>0.4</Flammability>
      <ArmorRating_Sharp>0.92</ArmorRating_Sharp>
      <ArmorRating_Blunt>0.4</ArmorRating_Blunt>
      <ArmorRating_Heat>0.46</ArmorRating_Heat>
      <Insulation_Cold>32</Insulation_Cold>
      <Insulation_Heat>9</Insulation_Heat>
      <EquipDelay>11</EquipDelay>
    </statBases>
    <thingCategories>
      <li>ApparelArmor</li>
    </thingCategories>
    <costList>
      <ComponentSpacer>3</ComponentSpacer>
      <Plasteel>80</Plasteel>
      <Uranium>10</Uranium>
    </costList>
    <apparel>
      <bodyPartGroups>
        <li>Torso</li>
        <li>Neck</li>
        <li>Shoulders</li>
        <li>Arms</li>
        <li>Legs</li>
      </bodyPartGroups>
      <wornGraphicPath>Things/Pawn/Humanlike/Apparel/ReconArmor/ReconArmor</wornGraphicPath>
      <layers>
        <li>Middle</li>
        <li>Shell</li>
      </layers>
      <defaultOutfitTags>
        <li>Soldier</li>
      </defaultOutfitTags>
      <useDeflectMetalEffect>true</useDeflectMetalEffect>
    </apparel>
    <colorGenerator Class="ColorGenerator_Options">
      <options>
        <li>
          <weight>10</weight>
          <only>(0.33,0.33,0.33)</only>
        </li>
        <li>
          <weight>10</weight>
          <only>(0.65,0.65,0.65)</only>
        </li>
        <li>
          <weight>6</weight>
          <min>(0.3,0.3,0.3)</min>
          <max>(0.5,0.5,0.5)</max>
        </li>
        <li>
          <weight>10</weight>
          <only>(0.9,0.9,0.9)</only>
        </li>
      </options>
    </colorGenerator>
    <thingSetMakerTags>
      <li>RewardStandardHighFreq</li>
    </thingSetMakerTags>
    <comps>
      <li Class="CompProperties_BiocodableApparel"/>
    </comps>
  </ThingDef>
  
  <ThingDef ParentName="ApparelArmorReconBase">
    <defName>Apparel_ArmorRecon</defName>
    <label>recon armor</label>
    <description>A suit of light partially-powered armor, designed to permit quick movement. Lightweight plasteel-weave plates block attacks without compromising mobility, and neuro-memetic assistors in the lower body allow a human to wear the armor and still move easily.\n\nArmor like this is often used by imperial scout troops and glitterworld police forces.</description>
    <apparel>
      <tags>
        <li>SpacerMilitary</li>
        <li>RoyalCombatGear</li>
      </tags>
    </apparel>
  </ThingDef>
</Defs>
