﻿<?xml version="1.0" encoding="utf-8" ?>
<Defs>

  <ThingDef Name="HatBase" ParentName="ApparelBase" Abstract="True">
    <thingCategories>
      <li>Headgear</li>
    </thingCategories>
  </ThingDef>

  <ThingDef Name="HatMakeableBase" ParentName="ApparelMakeableBase" Abstract="True">
    <thingCategories>
      <li>Headgear</li>
    </thingCategories>
  </ThingDef>

  <ThingDef Name="ArmorHelmetMakeableBase" ParentName="ArmorMachineableBase" Abstract="True">
    <thingCategories>
      <li>ArmorHeadgear</li>
    </thingCategories>
  </ThingDef>

  <ThingDef Name="NobleHatMakeableBase" ParentName="ApparelMakeableBase" Abstract="True">
    <thingCategories>
      <li>HeadgearNoble</li>
    </thingCategories>
  </ThingDef>
  
  <ThingDef ParentName="HatMakeableBase" Name="CowboyHat">
    <defName>Apparel_CowboyHat</defName>
    <label>cowboy hat</label>
    <description>Stylish yet rugged, this hat keeps the sun and rain off - and it gives anyone who wears it a bit of extra charm. It is the most important part of traditional western attire.</description>
    <recipeMaker>
      <researchPrerequisite>ComplexClothing</researchPrerequisite>
    </recipeMaker>
    <graphicData>
      <texPath>Things/Pawn/Humanlike/Apparel/CowboyHat/CowboyHat</texPath>
      <graphicClass>Graphic_Single</graphicClass>
    </graphicData>
    <costStuffCount>25</costStuffCount>
    <stuffCategories>
      <li>Fabric</li>
      <li>Leathery</li>
    </stuffCategories>
    <statBases>
      <MaxHitPoints>80</MaxHitPoints>
      <WorkToMake>1800</WorkToMake>
      <Mass>0.14</Mass>
      <StuffEffectMultiplierArmor>0.2</StuffEffectMultiplierArmor>
      <StuffEffectMultiplierInsulation_Cold>0.10</StuffEffectMultiplierInsulation_Cold>
      <StuffEffectMultiplierInsulation_Heat>0.50</StuffEffectMultiplierInsulation_Heat>
      <EquipDelay>0.8</EquipDelay>
    </statBases>
    <equippedStatOffsets>
      <SocialImpact>0.10</SocialImpact>
    </equippedStatOffsets>
    <apparel>
      <bodyPartGroups>
        <li>UpperHead</li>
      </bodyPartGroups>
      <wornGraphicPath>Things/Pawn/Humanlike/Apparel/CowboyHat/CowboyHat</wornGraphicPath>
      <layers>
        <li>Overhead</li>
      </layers>
      <tags>
        <li>IndustrialBasic</li>
        <li>Western</li>
      </tags>
      <defaultOutfitTags>
        <li>Worker</li>
      </defaultOutfitTags>
    </apparel>
    <colorGenerator Class="ColorGenerator_Options">
      <options>
        <li>
          <weight>10</weight>
          <only>(0.9,0.54,0.15,1)</only>
        </li>
        <li>
          <weight>15</weight>
          <only>(0.9,0.6,0.18,1)</only>
        </li>
        <li>
          <weight>20</weight>
          <only>(0.9,0.42,0.23,1)</only>
        </li>
      </options>
    </colorGenerator>
  </ThingDef>

  <ThingDef ParentName="CowboyHat">
    <defName>Apparel_BowlerHat</defName>
    <label>bowler hat</label>
    <description>A good-looking hat which projects a slightly urban, money-loving style. Improves social impact.</description>
    <graphicData>
      <texPath>Things/Pawn/Humanlike/Apparel/BowlerHat/BowlerHat</texPath>
    </graphicData>
    <costStuffCount>20</costStuffCount>
    <uiIconScale>1.25</uiIconScale>
    <statBases>
      <WorkToMake>1800</WorkToMake>
      <Mass>0.14</Mass>
      <StuffEffectMultiplierArmor>0.2</StuffEffectMultiplierArmor>
      <StuffEffectMultiplierInsulation_Cold>0.10</StuffEffectMultiplierInsulation_Cold>
      <StuffEffectMultiplierInsulation_Heat>0.40</StuffEffectMultiplierInsulation_Heat>
      <EquipDelay>0.8</EquipDelay>
    </statBases>
    <equippedStatOffsets>
      <SocialImpact>0.15</SocialImpact>
    </equippedStatOffsets>
    <apparel>
      <wornGraphicPath>Things/Pawn/Humanlike/Apparel/BowlerHat/BowlerHat</wornGraphicPath>
    </apparel>
  </ThingDef>

  <ThingDef ParentName="HatMakeableBase">
    <defName>Apparel_TribalHeaddress</defName>
    <label>tribal headdress</label>
    <description>Elegant traditional garb, often with religious significance. Improves social impact.</description>
    <recipeMaker>
      <researchPrerequisite />
      <recipeUsers>
        <li>ElectricTailoringBench</li>
        <li>HandTailoringBench</li>
        <li>CraftingSpot</li>
      </recipeUsers>
      <skillRequirements>
        <Crafting>4</Crafting>
      </skillRequirements>
      <factionPrerequisiteTags>
        <li>Tribal</li>
      </factionPrerequisiteTags>
    </recipeMaker>
    <graphicData>
      <texPath>Things/Pawn/Humanlike/Apparel/TribalHeaddress/TribalHeaddress</texPath>
      <graphicClass>Graphic_Single</graphicClass>
      <drawSize>0.80</drawSize>
    </graphicData>
    <uiIconScale>1.15</uiIconScale>
    <stuffCategories>
      <li>Fabric</li>
    </stuffCategories>
    <techLevel>Neolithic</techLevel>
    <costStuffCount>50</costStuffCount>
    <statBases>
      <WorkToMake>6000</WorkToMake>
      <Mass>0.11</Mass>
      <StuffEffectMultiplierArmor>0.2</StuffEffectMultiplierArmor>
      <StuffEffectMultiplierInsulation_Cold>0.1</StuffEffectMultiplierInsulation_Cold>
      <StuffEffectMultiplierInsulation_Heat>0.15</StuffEffectMultiplierInsulation_Heat>
      <EquipDelay>1.5</EquipDelay>
    </statBases>
    <equippedStatOffsets>
      <SocialImpact>0.15</SocialImpact>
    </equippedStatOffsets>
    <apparel>
      <bodyPartGroups>
        <li>UpperHead</li>
      </bodyPartGroups>
      <wornGraphicPath>Things/Pawn/Humanlike/Apparel/TribalHeaddress/TribalHeaddress</wornGraphicPath>
      <layers>
        <li>Overhead</li>
      </layers>
      <defaultOutfitTags>
        <li>Worker</li>
      </defaultOutfitTags>
    </apparel>
  </ThingDef>

  <ThingDef ParentName="HatMakeableBase">
    <defName>Apparel_Tuque</defName>
    <label>tuque</label>
    <description>A soft, thick cap. Great for keeping warm in winter.</description>
    <graphicData>
      <texPath>Things/Pawn/Humanlike/Apparel/Tuque/Tuque</texPath>
      <graphicClass>Graphic_Single</graphicClass>
    </graphicData>
    <uiIconScale>1.25</uiIconScale>
    <costStuffCount>25</costStuffCount>
    <stuffCategories>
      <li>Fabric</li>
    </stuffCategories>
    <statBases>
      <MaxHitPoints>80</MaxHitPoints>
      <WorkToMake>1200</WorkToMake>
      <Mass>0.07</Mass>
      <StuffEffectMultiplierArmor>0.2</StuffEffectMultiplierArmor>
      <StuffEffectMultiplierInsulation_Cold>0.50</StuffEffectMultiplierInsulation_Cold>
      <StuffEffectMultiplierInsulation_Heat>0</StuffEffectMultiplierInsulation_Heat>
      <EquipDelay>0.8</EquipDelay>
    </statBases>
    <generateCommonality>0.5</generateCommonality>
    <apparel>
      <bodyPartGroups>
        <li>UpperHead</li>
      </bodyPartGroups>
      <wornGraphicPath>Things/Pawn/Humanlike/Apparel/Tuque/Tuque</wornGraphicPath>
      <layers>
        <li>Overhead</li>
      </layers>
      <tags>
        <li>IndustrialBasic</li>
      </tags>
      <defaultOutfitTags>
        <li>Worker</li>
        <li>Soldier</li>
      </defaultOutfitTags>
    </apparel>
    <colorGenerator Class="ColorGenerator_Options">
      <options>
        <li>
          <weight>10</weight>
          <only>(0.33,0.33,0.33,1)</only>
        </li>
        <li>
          <weight>10</weight>
          <only>(0.65,0.65,0.65,1)</only>
        </li>
        <li>
          <weight>6</weight>
          <min>(0.3,0.3,0.3,1)</min>
          <max>(0.5,0.5,0.5,1)</max>
        </li>
        <li>
          <weight>10</weight>
          <only>(0.9,0.9,0.9,1)</only>
        </li>
      </options>
    </colorGenerator>
  </ThingDef>

  <ThingDef ParentName="HatMakeableBase">
    <defName>Apparel_WarMask</defName>
    <label>war mask</label>
    <description>An artistically terrifying war mask. It hides the wearer's face and makes them more confident.</description>
    <techLevel>Neolithic</techLevel>
    <graphicData>
      <texPath>Things/Pawn/Humanlike/Apparel/WarMask/WarMask</texPath>
      <graphicClass>Graphic_Single</graphicClass>
      <drawSize>0.80</drawSize>
    </graphicData>
    <uiIconScale>1.15</uiIconScale>
    <stuffCategories>
      <li>Woody</li>
    </stuffCategories>
    <costStuffCount>25</costStuffCount>
    <statBases>
      <WorkToMake>3000</WorkToMake>
      <MaxHitPoints>80</MaxHitPoints>
      <Mass>1.4</Mass>
      <StuffEffectMultiplierArmor>0.3</StuffEffectMultiplierArmor>
      <StuffEffectMultiplierInsulation_Cold>0.05</StuffEffectMultiplierInsulation_Cold>
      <StuffEffectMultiplierInsulation_Heat>0.05</StuffEffectMultiplierInsulation_Heat>
      <EquipDelay>1.5</EquipDelay>
    </statBases>
    <equippedStatOffsets>
      <PainShockThreshold>0.10</PainShockThreshold>
    </equippedStatOffsets>
    <apparel>
      <bodyPartGroups>
        <li>FullHead</li>
      </bodyPartGroups>
      <wornGraphicPath>Things/Pawn/Humanlike/Apparel/WarMask/WarMask</wornGraphicPath>
      <hatRenderedFrontOfFace>true</hatRenderedFrontOfFace>
      <layers>
        <li>Overhead</li>
      </layers>
      <defaultOutfitTags>
        <li>Soldier</li>
      </defaultOutfitTags>
    </apparel>
    <recipeMaker>
      <workSpeedStat>GeneralLaborSpeed</workSpeedStat>
      <workSkill>Crafting</workSkill>
      <effectWorking>Sculpt</effectWorking>
      <soundWorking>Recipe_Sculpt</soundWorking>
      <recipeUsers>
        <li>CraftingSpot</li>
      </recipeUsers>
      <unfinishedThingDef>UnfinishedSculpture</unfinishedThingDef>
      <factionPrerequisiteTags>
        <li>Tribal</li>
      </factionPrerequisiteTags>
    </recipeMaker>
  </ThingDef>
  
  <ThingDef ParentName="HatMakeableBase">
    <defName>Apparel_WarVeil</defName>
    <label>war veil</label>
    <description>A war veil, made out of reinforced cloth torn to appear damaged in combat. Some believe this functions as a talisman of courage.</description>
    <techLevel>Neolithic</techLevel>
    <graphicData>
      <texPath>Things/Pawn/Humanlike/Apparel/WarVeil/WarVeil</texPath>
      <graphicClass>Graphic_Single</graphicClass>
      <drawSize>0.80</drawSize>
    </graphicData>
    <uiIconScale>1.15</uiIconScale>
    <stuffCategories>
      <li>Fabric</li>
    </stuffCategories>
    <costStuffCount>20</costStuffCount>
    <statBases>
      <WorkToMake>1400</WorkToMake>
      <MaxHitPoints>80</MaxHitPoints>
      <Mass>0.08</Mass>
      <StuffEffectMultiplierArmor>0.2</StuffEffectMultiplierArmor>
      <StuffEffectMultiplierInsulation_Cold>0.05</StuffEffectMultiplierInsulation_Cold>
      <StuffEffectMultiplierInsulation_Heat>0.05</StuffEffectMultiplierInsulation_Heat>
      <EquipDelay>1.5</EquipDelay>
    </statBases>
    <equippedStatOffsets>
      <PainShockThreshold>0.05</PainShockThreshold>
    </equippedStatOffsets>
    <apparel>
      <bodyPartGroups>
        <li>FullHead</li>
      </bodyPartGroups>
      <wornGraphicPath>Things/Pawn/Humanlike/Apparel/WarVeil/WarVeil</wornGraphicPath>
      <hatRenderedFrontOfFace>true</hatRenderedFrontOfFace>
      <layers>
        <li>Overhead</li>
      </layers>
      <defaultOutfitTags>
        <li>Soldier</li>
      </defaultOutfitTags>
    </apparel>
    <recipeMaker>
      <recipeUsers>
        <li>CraftingSpot</li>
      </recipeUsers>
      <factionPrerequisiteTags>
        <li>Tribal</li>
      </factionPrerequisiteTags>
    </recipeMaker>
  </ThingDef>

  <!-- ================================== Helmets ====================================-->
  
  <ThingDef ParentName="ArmorHelmetMakeableBase">
    <defName>Apparel_SimpleHelmet</defName>
    <label>simple helmet</label>
    <description>A simple helmet which gives moderate protection against sharp attacks. Not effective against blunt weapons.</description>
    <techLevel>Industrial</techLevel>
    <graphicData>
      <texPath>Things/Pawn/Humanlike/Apparel/SimpleHelmet/SimpleHelmet</texPath>
      <graphicClass>Graphic_Single</graphicClass>
    </graphicData>
    <uiIconScale>1.4</uiIconScale>
    <stuffCategories>
      <li>Metallic</li>
    </stuffCategories>
    <costStuffCount>40</costStuffCount>
    <statBases>
      <WorkToMake>3200</WorkToMake>
      <MaxHitPoints>100</MaxHitPoints>
      <Mass>2</Mass>
      <StuffEffectMultiplierArmor>0.5</StuffEffectMultiplierArmor>
      <StuffEffectMultiplierInsulation_Cold>0.15</StuffEffectMultiplierInsulation_Cold>
      <StuffEffectMultiplierInsulation_Heat>0</StuffEffectMultiplierInsulation_Heat>
      <EquipDelay>1.5</EquipDelay>
    </statBases>
    <recipeMaker>
      <recipeUsers>
        <li>ElectricSmithy</li>
        <li>FueledSmithy</li>
      </recipeUsers>
    </recipeMaker>
    <apparel>
      <bodyPartGroups>
        <li>UpperHead</li>
      </bodyPartGroups>
      <wornGraphicPath>Things/Pawn/Humanlike/Apparel/SimpleHelmet/SimpleHelmet</wornGraphicPath>
      <layers>
        <li>Overhead</li>
      </layers>
      <tags>
        <li>IndustrialMilitaryBasic</li>
      </tags>
      <defaultOutfitTags>
        <li>Soldier</li>
      </defaultOutfitTags>
    </apparel>
  </ThingDef>

  <ThingDef ParentName="ArmorHelmetMakeableBase">
    <defName>Apparel_AdvancedHelmet</defName>
    <label>flak helmet</label>
    <description>A lightweight combat helmet with a complex design, reinforced with plasteel. Not effective against blunt weapons.</description>
    <techLevel>Industrial</techLevel>
    <recipeMaker>
      <researchPrerequisite>FlakArmor</researchPrerequisite>
      <unfinishedThingDef>UnfinishedMetallicTechArmor</unfinishedThingDef>
      <skillRequirements>
        <Crafting>5</Crafting>
      </skillRequirements>
    </recipeMaker>
    <graphicData>
      <texPath>Things/Pawn/Humanlike/Apparel/AdvancedHelmet/AdvancedHelmet</texPath>
      <graphicClass>Graphic_Single</graphicClass>
    </graphicData>
    <uiIconScale>1.4</uiIconScale>
    <statBases>
      <WorkToMake>8000</WorkToMake>
      <MaxHitPoints>120</MaxHitPoints>
      <Mass>1.2</Mass>
      <StuffEffectMultiplierArmor>0.7</StuffEffectMultiplierArmor>
      <StuffEffectMultiplierInsulation_Cold>0.15</StuffEffectMultiplierInsulation_Cold>
      <StuffEffectMultiplierInsulation_Heat>0</StuffEffectMultiplierInsulation_Heat>
      <EquipDelay>1.5</EquipDelay>
    </statBases>
    <stuffCategories>
      <li>Metallic</li>
    </stuffCategories>
    <costStuffCount>40</costStuffCount>
    <costList>
      <ComponentIndustrial>2</ComponentIndustrial>
      <Plasteel>10</Plasteel>
    </costList>
    <apparel>
      <bodyPartGroups>
        <li>UpperHead</li>
      </bodyPartGroups>
      <wornGraphicPath>Things/Pawn/Humanlike/Apparel/AdvancedHelmet/AdvancedHelmet</wornGraphicPath>
      <layers>
        <li>Overhead</li>
      </layers>
      <tags>
        <li>IndustrialMilitaryAdvanced</li>
      </tags>
      <defaultOutfitTags>
        <li>Soldier</li>
      </defaultOutfitTags>
    </apparel>
    <colorGenerator Class="ColorGenerator_Options">
      <options>
        <li>
          <weight>10</weight>
          <only>(0.33,0.33,0.33,1)</only>
        </li>
        <li>
          <weight>10</weight>
          <only>(0.65,0.65,0.65,1)</only>
        </li>
        <li>
          <weight>6</weight>
          <min>(0.3,0.3,0.3,1)</min>
          <max>(0.5,0.5,0.5,1)</max>
        </li>
        <li>
          <weight>10</weight>
          <only>(0.9,0.9,0.9,1)</only>
        </li>
      </options>
    </colorGenerator>
  </ThingDef>

  <ThingDef Name="ApparelArmorHelmetPowerBase" ParentName="ArmorHelmetMakeableBase" Abstract="True">
    <techLevel>Spacer</techLevel>
    <recipeMaker>
      <unfinishedThingDef>UnfinishedTechArmor</unfinishedThingDef>
      <researchPrerequisite>PoweredArmor</researchPrerequisite>
      <skillRequirements>
        <Crafting>7</Crafting>
      </skillRequirements>
      <recipeUsers Inherit="False">
        <li>FabricationBench</li>
      </recipeUsers>
    </recipeMaker>
    <graphicData>
      <texPath>Things/Pawn/Humanlike/Apparel/PowerArmorHelmet/PowerArmorHelmet</texPath>
      <graphicClass>Graphic_Single</graphicClass>
    </graphicData>
    <uiIconScale>1.25</uiIconScale>
    <tradeTags>
      <li>HiTechArmor</li>
    </tradeTags>
    <generateCommonality>2</generateCommonality>
    <statBases>
      <WorkToMake>21000</WorkToMake>
      <MaxHitPoints>150</MaxHitPoints>
      <Mass>1.5</Mass>
      <Flammability>0.4</Flammability>
      <ArmorRating_Sharp>1.06</ArmorRating_Sharp>
      <ArmorRating_Blunt>0.45</ArmorRating_Blunt>
      <ArmorRating_Heat>0.54</ArmorRating_Heat>
      <Insulation_Cold>4</Insulation_Cold>
      <Insulation_Heat>2</Insulation_Heat>
      <EquipDelay>4</EquipDelay>
    </statBases>
    <costList>
      <ComponentSpacer>1</ComponentSpacer>
      <Plasteel>40</Plasteel>
    </costList>
    <apparel>
      <bodyPartGroups>
        <li>FullHead</li>
      </bodyPartGroups>
      <wornGraphicPath>Things/Pawn/Humanlike/Apparel/PowerArmorHelmet/PowerArmorHelmet</wornGraphicPath>
      <layers>
        <li>Overhead</li>
      </layers>
      <defaultOutfitTags>
        <li>Soldier</li>
      </defaultOutfitTags>
      <useDeflectMetalEffect>true</useDeflectMetalEffect>
    </apparel>
    <colorGenerator Class="ColorGenerator_Options">
      <options>
        <li>
          <weight>10</weight>
          <only>(0.33,0.33,0.33,1)</only>
        </li>
        <li>
          <weight>10</weight>
          <only>(0.65,0.65,0.65,1)</only>
        </li>
        <li>
          <weight>6</weight>
          <min>(0.3,0.3,0.3,1)</min>
          <max>(0.5,0.5,0.5,1)</max>
        </li>
        <li>
          <weight>10</weight>
          <only>(0.9,0.9,0.9,1)</only>
        </li>
      </options>
    </colorGenerator>
    <thingSetMakerTags>
      <li>RewardStandardHighFreq</li>
    </thingSetMakerTags>
    <comps>
      <li Class="CompProperties_BiocodableApparel"/>
    </comps>
  </ThingDef>

  <ThingDef ParentName="ApparelArmorHelmetPowerBase">
    <defName>Apparel_PowerArmorHelmet</defName>
    <label>marine helmet</label>
    <description>A marine armor helmet, with a built-in status computer and layered plasteel-weave plates.\n\nArmor like this is often used by imperial janissaries and rapid-incursion space marines.</description>
    <apparel>
      <tags>
        <li>SpacerMilitary</li>
        <li>RoyalCombatGear</li>
      </tags>
    </apparel>
  </ThingDef>

  <ThingDef Name="ApparelArmorHelmetReconBase" ParentName="ArmorHelmetMakeableBase" Abstract="True">
    <techLevel>Spacer</techLevel>
    <recipeMaker>
      <unfinishedThingDef>UnfinishedTechArmor</unfinishedThingDef>
      <researchPrerequisite>ReconArmor</researchPrerequisite>
      <skillRequirements>
        <Crafting>6</Crafting>
      </skillRequirements>
      <recipeUsers Inherit="False">
        <li>FabricationBench</li>
      </recipeUsers>
    </recipeMaker>
    <graphicData>
      <texPath>Things/Pawn/Humanlike/Apparel/ReconArmorHelmet/ReconHelmet</texPath>
      <graphicClass>Graphic_Single</graphicClass>
    </graphicData>
    <tradeTags>
      <li>HiTechArmor</li>
    </tradeTags>
    <generateCommonality>2</generateCommonality>
    <statBases>
      <WorkToMake>15750</WorkToMake>
      <MaxHitPoints>120</MaxHitPoints>
      <Mass>1</Mass>
      <Flammability>0.4</Flammability>
      <ArmorRating_Sharp>0.92</ArmorRating_Sharp>
      <ArmorRating_Blunt>0.4</ArmorRating_Blunt>
      <ArmorRating_Heat>0.46</ArmorRating_Heat>
      <Insulation_Cold>4</Insulation_Cold>
      <Insulation_Heat>2</Insulation_Heat>
      <EquipDelay>2</EquipDelay>
    </statBases>
    <costList>
      <ComponentSpacer>1</ComponentSpacer>
      <Plasteel>30</Plasteel>
    </costList>
    <apparel>
      <bodyPartGroups>
        <li>FullHead</li>
      </bodyPartGroups>
      <wornGraphicPath>Things/Pawn/Humanlike/Apparel/ReconArmorHelmet/ReconHelmet</wornGraphicPath>
      <layers>
        <li>Overhead</li>
      </layers>
      <defaultOutfitTags>
        <li>Soldier</li>
      </defaultOutfitTags>
      <useDeflectMetalEffect>true</useDeflectMetalEffect>
    </apparel>
    <colorGenerator Class="ColorGenerator_Options">
      <options>
        <li>
          <weight>10</weight>
          <only>(0.33,0.33,0.33,1)</only>
        </li>
        <li>
          <weight>10</weight>
          <only>(0.65,0.65,0.65,1)</only>
        </li>
        <li>
          <weight>6</weight>
          <min>(0.3,0.3,0.3,1)</min>
          <max>(0.5,0.5,0.5,1)</max>
        </li>
        <li>
          <weight>10</weight>
          <only>(0.9,0.9,0.9,1)</only>
        </li>
      </options>
    </colorGenerator>
    <thingSetMakerTags>
      <li>RewardStandardHighFreq</li>
    </thingSetMakerTags>
    <comps>
      <li Class="CompProperties_BiocodableApparel"/>
    </comps>
  </ThingDef>

  <ThingDef ParentName="ApparelArmorHelmetReconBase">
    <defName>Apparel_ArmorHelmetRecon</defName>
    <label>recon helmet</label>
    <description>A high-tech armored helmet with a built-in status computer and a protective plasteel-weave plate.\n\nArmor like this is often used by imperial scout troops or glitterworld police forces.</description>
    <apparel>
      <tags>
        <li>SpacerMilitary</li>
        <li>RoyalCombatGear</li>
      </tags>
    </apparel>
  </ThingDef>

  <ThingDef ParentName="HatBase">
    <defName>Apparel_PsychicFoilHelmet</defName>
    <label>psychic foil helmet</label>
    <description>A thin helmet containing finely-tuned sheets of psychically-absorptive foil. Reduces the impact of psychic waves.</description>
    <graphicData>
      <texPath>Things/Pawn/Humanlike/Apparel/PsychicFoilHelmet/PsychicFoilHelmet</texPath>
      <graphicClass>Graphic_Single</graphicClass>
    </graphicData>
    <uiIconScale>1.3</uiIconScale>
    <statBases>
      <MaxHitPoints>80</MaxHitPoints>
      <MarketValue>250</MarketValue>
      <Mass>1.0</Mass>
      <Flammability>0.4</Flammability>
      <ArmorRating_Sharp>0.09</ArmorRating_Sharp>
      <ArmorRating_Blunt>0.09</ArmorRating_Blunt>
      <ArmorRating_Heat>0.27</ArmorRating_Heat>
      <Insulation_Cold>2</Insulation_Cold>
      <Insulation_Heat>1</Insulation_Heat>
      <EquipDelay>1.5</EquipDelay>
    </statBases>
    <equippedStatOffsets>
      <PsychicSensitivity>-0.90</PsychicSensitivity>
    </equippedStatOffsets>
    <generateCommonality>0.1</generateCommonality>
    <apparel>
      <bodyPartGroups>
        <li>UpperHead</li>
      </bodyPartGroups>
      <wornGraphicPath>Things/Pawn/Humanlike/Apparel/PsychicFoilHelmet/PsychicFoilHelmet</wornGraphicPath>
      <layers>
        <li>Overhead</li>
      </layers>
      <tags>
        <li>IndustrialMilitaryBasic</li>
        <li>IndustrialMilitaryAdvanced</li>
        <li>SpacerMilitary</li>
      </tags>
    </apparel>
    <colorGenerator Class="ColorGenerator_Options">
      <options>
        <li>
          <weight>10</weight>
          <only>(0.33,0.33,0.33,1)</only>
        </li>
        <li>
          <weight>10</weight>
          <only>(0.65,0.65,0.65,1)</only>
        </li>
        <li>
          <weight>6</weight>
          <min>(0.3,0.3,0.3,1)</min>
          <max>(0.5,0.5,0.5,1)</max>
        </li>
        <li>
          <weight>10</weight>
          <only>(0.9,0.9,0.9,1)</only>
        </li>
      </options>
    </colorGenerator>
  </ThingDef>

</Defs>