﻿<?xml version="1.0" encoding="utf-8" ?>
<Defs>


  <!--============= Item hauling ===============-->

  <JobDef>
    <defName>HaulToCell</defName>
    <driverClass>JobDriver_HaulToCell</driverClass>
    <reportString>hauling TargetA.</reportString>
    <suspendable>false</suspendable>
  </JobDef>

  <JobDef>
    <defName>HaulToContainer</defName>
    <driverClass>JobDriver_HaulToContainer</driverClass>
    <reportString>hauling TargetA.</reportString>
    <suspendable>false</suspendable>
  </JobDef>

  <!--============= Special hauling ===============-->

  <JobDef>
    <defName>Steal</defName>
    <driverClass>JobDriver_TakeAndExitMap</driverClass>
    <reportString>stealing TargetA.</reportString>
    <casualInterruptible>false</casualInterruptible>
    <checkOverrideOnDamage>Never</checkOverrideOnDamage>
  </JobDef>

  <JobDef>
    <defName>Kidnap</defName>
    <driverClass>JobDriver_Kidnap</driverClass>
    <reportString>kidnapping TargetA.</reportString>
    <casualInterruptible>false</casualInterruptible>
    <checkOverrideOnDamage>Never</checkOverrideOnDamage>
  </JobDef>

  <JobDef>
    <defName>CarryDownedPawnToExit</defName>
    <driverClass>JobDriver_Kidnap</driverClass>
    <reportString>carrying TargetA.</reportString>
    <casualInterruptible>false</casualInterruptible>
    <checkOverrideOnDamage>Never</checkOverrideOnDamage>
  </JobDef>
  
  <!--============= Pawn hauling ===============-->

  <JobDef>
    <defName>Rescue</defName>
    <driverClass>JobDriver_TakeToBed</driverClass>
    <reportString>rescuing TargetA.</reportString>
    <casualInterruptible>false</casualInterruptible>
  </JobDef>

  <JobDef>
    <defName>CarryToCryptosleepCasket</defName>
    <driverClass>JobDriver_CarryToCryptosleepCasket</driverClass>
    <reportString>carrying TargetA to cryptosleep casket.</reportString>
    <casualInterruptible>false</casualInterruptible>
    <taleOnCompletion>PutIntoCryptosleep</taleOnCompletion>
  </JobDef>

  <JobDef>
    <defName>Capture</defName>
    <driverClass>JobDriver_TakeToBed</driverClass>
    <reportString>capturing TargetA.</reportString>
    <alwaysShowWeapon>true</alwaysShowWeapon>
    <makeTargetPrisoner>true</makeTargetPrisoner>
    <casualInterruptible>false</casualInterruptible>
  </JobDef>

  <JobDef>
    <defName>Arrest</defName>
    <driverClass>JobDriver_TakeToBed</driverClass>
    <reportString>arresting TargetA.</reportString>
    <alwaysShowWeapon>true</alwaysShowWeapon>
    <makeTargetPrisoner>true</makeTargetPrisoner>
    <casualInterruptible>false</casualInterruptible>
  </JobDef>

  <JobDef>
    <defName>ReleasePrisoner</defName>
    <driverClass>JobDriver_ReleasePrisoner</driverClass>
    <reportString>releasing TargetA.</reportString>
    <alwaysShowWeapon>true</alwaysShowWeapon>
  </JobDef>

  <JobDef>
    <defName>EscortPrisonerToBed</defName>
    <driverClass>JobDriver_TakeToBed</driverClass>
    <reportString>escorting prisoner TargetA.</reportString>
    <makeTargetPrisoner>true</makeTargetPrisoner>
  </JobDef>

  <JobDef>
    <defName>TakeWoundedPrisonerToBed</defName>
    <driverClass>JobDriver_TakeToBed</driverClass>
    <reportString>taking wounded prisoner TargetA.</reportString>
    <makeTargetPrisoner>true</makeTargetPrisoner>
  </JobDef>

  <JobDef>
    <defName>TakeToBedToOperate</defName>
    <driverClass>JobDriver_TakeToBed</driverClass>
    <reportString>taking TargetA to bed.</reportString>
  </JobDef>

  <!--============= Animal handling ===============-->

  <JobDef>
    <defName>Slaughter</defName>
    <driverClass>JobDriver_Slaughter</driverClass>
    <reportString>slaughtering TargetA.</reportString>
  </JobDef>

  <JobDef>
    <defName>Milk</defName>
    <driverClass>JobDriver_Milk</driverClass>
    <reportString>milking TargetA.</reportString>
  </JobDef>
  
  <JobDef>
    <defName>Shear</defName>
    <driverClass>JobDriver_Shear</driverClass>
    <reportString>shearing TargetA.</reportString>
  </JobDef>

  <JobDef>
    <defName>Tame</defName>
    <driverClass>JobDriver_Tame</driverClass>
    <reportString>taming TargetA.</reportString>
  </JobDef>

  <JobDef>
    <defName>Train</defName>
    <driverClass>JobDriver_Train</driverClass>
    <reportString>training TargetA.</reportString>
    <casualInterruptible>false</casualInterruptible>
  </JobDef>

  <!--============= Construction and repair ===============-->

  <JobDef>
    <defName>PlaceNoCostFrame</defName>
    <driverClass>JobDriver_PlaceNoCostFrame</driverClass>
    <reportString>building TargetA.</reportString>
  </JobDef>

  <JobDef>
    <defName>FinishFrame</defName>
    <driverClass>JobDriver_ConstructFinishFrame</driverClass>
    <reportString>building TargetA.</reportString>
  </JobDef>

  <JobDef>
    <defName>Deconstruct</defName>
    <driverClass>JobDriver_Deconstruct</driverClass>
    <reportString>deconstructing TargetA.</reportString>
  </JobDef>

  <JobDef>
    <defName>Uninstall</defName>
    <driverClass>JobDriver_Uninstall</driverClass>
    <reportString>uninstalling TargetA.</reportString>
  </JobDef>

  <JobDef>
    <defName>Repair</defName>
    <driverClass>JobDriver_Repair</driverClass>
    <reportString>repairing TargetA.</reportString>
  </JobDef>

  <JobDef>
    <defName>FixBrokenDownBuilding</defName>
    <driverClass>JobDriver_FixBrokenDownBuilding</driverClass>
    <reportString>replacing broken components in TargetA.</reportString>
  </JobDef>
  
  <JobDef>
    <defName>BuildRoof</defName>
    <driverClass>JobDriver_BuildRoof</driverClass>
    <reportString>building roof.</reportString>
  </JobDef>

  <JobDef>
    <defName>RemoveRoof</defName>
    <driverClass>JobDriver_RemoveRoof</driverClass>
    <reportString>removing roof.</reportString>
  </JobDef>

  <!--============= Medical ===============-->

  <JobDef>
    <defName>FeedPatient</defName>
    <driverClass>JobDriver_FoodFeedPatient</driverClass>
    <reportString>feeding TargetA to TargetB.</reportString>
  </JobDef>

  <JobDef>
    <defName>TendPatient</defName>
    <driverClass>JobDriver_TendPatient</driverClass>
    <reportString>tending to TargetA.</reportString>
    <casualInterruptible>false</casualInterruptible>
  </JobDef>
  
  <!--============= Misc ===============-->

  <JobDef>
    <defName>DeliverFood</defName>
    <driverClass>JobDriver_FoodDeliver</driverClass>
    <reportString>feeding TargetA to TargetB.</reportString>
  </JobDef>

  <JobDef>
    <defName>DoBill</defName>
    <driverClass>JobDriver_DoBill</driverClass>
    <reportString>doing bill at TargetA.</reportString>
    <suspendable>false</suspendable>
  </JobDef>

  <JobDef>
    <defName>OperateDeepDrill</defName>
    <driverClass>JobDriver_OperateDeepDrill</driverClass>
    <reportString>drilling at TargetA.</reportString>
  </JobDef>

  <JobDef>
    <defName>Clean</defName>
    <driverClass>JobDriver_CleanFilth</driverClass>
    <reportString>cleaning TargetA.</reportString>
  </JobDef>

  <JobDef>
    <defName>Research</defName>
    <driverClass>JobDriver_Research</driverClass>
    <reportString>researching.</reportString>
  </JobDef>

  <JobDef>
    <defName>Hunt</defName>
    <driverClass>JobDriver_Hunt</driverClass>
    <reportString>hunting TargetA.</reportString>
    <alwaysShowWeapon>true</alwaysShowWeapon>
    <suspendable>false</suspendable>
  </JobDef>

  <JobDef>
    <defName>UseCommsConsole</defName>
    <driverClass>JobDriver_UseCommsConsole</driverClass>
    <reportString>using comms console.</reportString>
  </JobDef>

  <JobDef>
    <defName>Mine</defName>
    <driverClass>JobDriver_Mine</driverClass>
    <reportString>digging at TargetA.</reportString>
  </JobDef>

  <JobDef>
    <defName>SmoothFloor</defName>
    <driverClass>JobDriver_SmoothFloor</driverClass>
    <reportString>smoothing floor.</reportString>
  </JobDef>

  <JobDef>
    <defName>RemoveFloor</defName>
    <driverClass>JobDriver_RemoveFloor</driverClass>
    <reportString>removing floor.</reportString>
  </JobDef>

  <JobDef>
    <defName>Sow</defName>
    <driverClass>JobDriver_PlantSow</driverClass>
    <reportString>sowing TargetA.</reportString>
  </JobDef>

  <JobDef>
    <defName>Harvest</defName>
    <driverClass>JobDriver_PlantHarvest</driverClass>
    <reportString>harvesting TargetA.</reportString>
  </JobDef>

  <JobDef>
    <defName>CutPlant</defName>
    <driverClass>JobDriver_PlantCut</driverClass>
    <reportString>cutting TargetA.</reportString>
  </JobDef>

  <JobDef>
    <defName>PrisonerFriendlyChat</defName>
    <driverClass>JobDriver_ChatWithPrisoner</driverClass>
    <reportString>chatting with prisoner TargetA.</reportString>
  </JobDef>

  <JobDef>
    <defName>PrisonerAttemptRecruit</defName>
    <driverClass>JobDriver_ChatWithPrisoner</driverClass>
    <reportString>attempting to recruit TargetA.</reportString>
  </JobDef>

  <JobDef>
    <defName>PrisonerExecution</defName>
    <driverClass>JobDriver_Execute</driverClass>
    <reportString>executing TargetA.</reportString>
    <alwaysShowWeapon>true</alwaysShowWeapon>
  </JobDef>
  
  <JobDef>
    <defName>BuryCorpse</defName>
    <driverClass>JobDriver_BuryCorpse</driverClass>
    <reportString>burying TargetA.</reportString>
    <taleOnCompletion>BuriedCorpse</taleOnCompletion>
  </JobDef>
  
</Defs>
