﻿<?xml version="1.0" encoding="utf-8" ?>
<Defs>

  <!-- Meditative -->

  <JobDef>
    <defName>Skygaze</defName>
    <driverClass>JobDriver_Skygaze</driverClass>
    <reportString>skygazing.</reportString>
    <joyDuration>4000</joyDuration>
    <joyGainRate>1</joyGainRate>
    <joyKind>Meditative</joyKind>
  </JobDef>

  <JobDef>
    <defName>Meditate</defName>
    <driverClass>JobDriver_RelaxAlone</driverClass>
    <reportString>meditating.</reportString>
    <joyDuration>4000</joyDuration>
    <joyGainRate>1</joyGainRate>
    <joyKind>Meditative</joyKind>
    <taleOnCompletion>Meditated</taleOnCompletion>
  </JobDef>

  <JobDef>
    <defName>Pray</defName>
    <driverClass>JobDriver_RelaxAlone</driverClass>
    <reportString>praying.</reportString>
    <joyDuration>3000</joyDuration>
    <joyGainRate>1</joyGainRate>
    <joyKind>Meditative</joyKind>
    <taleOnCompletion>Prayed</taleOnCompletion>
  </JobDef>

  <JobDef>
    <defName>GoForWalk</defName>
    <driverClass>JobDriver_GoForWalk</driverClass>
    <reportString>going for a walk.</reportString>
    <joyDuration>8000</joyDuration>
    <joyGainRate>1</joyGainRate>
    <joyKind>Meditative</joyKind>
  </JobDef>

  <JobDef>
    <defName>BuildSnowman</defName>
    <driverClass>JobDriver_BuildSnowman</driverClass>
    <reportString>building snowman.</reportString>
    <joyDuration>8000</joyDuration>
    <joyGainRate>1</joyGainRate>
    <joyKind>Meditative</joyKind>
    <taleOnCompletion>BuiltSnowman</taleOnCompletion>
  </JobDef>

  <JobDef>
    <defName>VisitGrave</defName>
    <driverClass>JobDriver_VisitGrave</driverClass>
    <reportString>visiting grave.</reportString>
    <joyDuration>4000</joyDuration>
    <joyGainRate>1</joyGainRate>
    <joyKind>Meditative</joyKind>
    <taleOnCompletion>VisitedGrave</taleOnCompletion>
  </JobDef>
  
  <JobDef>
    <defName>ViewArt</defName>
    <driverClass>JobDriver_ViewArt</driverClass>
    <reportString>viewing art.</reportString>
    <joyDuration>4000</joyDuration>
    <joyGainRate>1</joyGainRate>
    <joyKind>Meditative</joyKind>
  </JobDef>
    
  <!-- Social -->

  <JobDef>
    <defName>SocialRelax</defName>
    <driverClass>JobDriver_SocialRelax</driverClass>
    <reportString>relaxing socially.</reportString>
    <joyDuration>4000</joyDuration>
    <joyGainRate>1</joyGainRate>
    <joyKind>Social</joyKind>
  </JobDef>

  <JobDef>
    <defName>VisitSickPawn</defName>
    <driverClass>JobDriver_VisitSickPawn</driverClass>
    <reportString>cheering up patient TargetA.</reportString>
    <joyDuration>1500</joyDuration>
    <joyGainRate>1</joyGainRate>
    <joyKind>Social</joyKind>
  </JobDef>
  
  <!-- Building interaction -->

  <JobDef>
    <defName>PlayHorseshoes</defName>
    <driverClass>JobDriver_PlayHorseshoes</driverClass>
    <reportString>playing horseshoes.</reportString>
    <joyDuration>4000</joyDuration>
    <joyMaxParticipants>3</joyMaxParticipants>
    <joyGainRate>1</joyGainRate>
    <joySkill>Shooting</joySkill>
    <joyXpPerTick>0.003</joyXpPerTick>
    <joyKind>GamingDexterity</joyKind>
    <taleOnCompletion>PlayedGame</taleOnCompletion>
  </JobDef>

  <JobDef>
    <defName>PlayHoopstone</defName>
    <driverClass>JobDriver_PlayHoopstone</driverClass>
    <reportString>playing hoopstone.</reportString>
    <joyDuration>4000</joyDuration>
    <joyMaxParticipants>3</joyMaxParticipants>
    <joyGainRate>1</joyGainRate>
    <joySkill>Shooting</joySkill>
    <joyXpPerTick>0.003</joyXpPerTick>
    <joyKind>GamingDexterity</joyKind>
    <taleOnCompletion>PlayedGame</taleOnCompletion>
  </JobDef>

  <JobDef>
    <defName>PlayChess</defName>
    <driverClass>JobDriver_SitFacingBuilding</driverClass>
    <reportString>playing chess.</reportString>
    <joyDuration>4000</joyDuration>
    <joyMaxParticipants>2</joyMaxParticipants>
    <joyGainRate>1</joyGainRate>
    <joySkill>Intellectual</joySkill>
    <joyXpPerTick>0.002</joyXpPerTick>
    <joyKind>GamingCerebral</joyKind>
    <taleOnCompletion>PlayedGame</taleOnCompletion>
  </JobDef>

  <JobDef>
    <defName>PlayBilliards</defName>
    <driverClass>JobDriver_PlayBilliards</driverClass>
    <reportString>playing billiards.</reportString>
    <joyDuration>4000</joyDuration>
    <joyMaxParticipants>2</joyMaxParticipants>
    <joyGainRate>1.3</joyGainRate>
    <joySkill>Shooting</joySkill>
    <joyXpPerTick>0.004</joyXpPerTick>
    <joyKind>GamingDexterity</joyKind>
    <taleOnCompletion>PlayedGame</taleOnCompletion>
  </JobDef>

  <JobDef>
    <defName>PlayPoker</defName>
    <driverClass>JobDriver_PlayPoker</driverClass>
    <reportString>playing poker.</reportString>
    <joyDuration>4000</joyDuration>
    <joyMaxParticipants>4</joyMaxParticipants>
    <joyGainRate>1.3</joyGainRate>
    <joySkill>Intellectual</joySkill>
    <joyXpPerTick>0.004</joyXpPerTick>
    <joyKind>GamingCerebral</joyKind>
    <taleOnCompletion>PlayedGame</taleOnCompletion>
  </JobDef>

  <JobDef>
    <defName>WatchTelevision</defName>
    <driverClass>JobDriver_WatchTelevision</driverClass>
    <reportString>watching television.</reportString>
    <joyDuration>4000</joyDuration>
    <joyMaxParticipants>8</joyMaxParticipants>
    <joyGainRate>1.2</joyGainRate>
    <joyKind>Passive</joyKind>
  </JobDef>

  <JobDef>
    <defName>UseTelescope</defName>
    <driverClass>JobDriver_WatchBuilding</driverClass>
    <reportString>using telescope.</reportString>
    <joyDuration>4000</joyDuration>
    <joyMaxParticipants>1</joyMaxParticipants>
    <joySkill>Intellectual</joySkill>
    <joyXpPerTick>0.004</joyXpPerTick>
    <joyGainRate>1.2</joyGainRate>
    <joyKind>Study</joyKind>
  </JobDef>
  
</Defs>