﻿<?xml version="1.0" encoding="utf-8"?>
<Defs>

  <TraderKindDef>
    <defName>Visitor_Neolithic_Standard</defName>
    <label>trader</label>
    <stockGenerators>
      
      <!-- Resources -->
      <li Class="StockGenerator_SingleDef">
        <thingDef>Silver</thingDef>
        <countRange>50~250</countRange>
      </li>
      <li Class="StockGenerator_SingleDef">
        <thingDef>Pemmican</thingDef>
        <countRange>40~80</countRange>
      </li>
      <li Class="StockGenerator_SingleDef">
        <thingDef>MedicineHerbal</thingDef>
        <countRange>1~4</countRange>
      </li>
      <li Class="StockGenerator_MultiDef">
        <thingDefs>
          <li>Cloth</li>
          <li>Chocolate</li>
        </thingDefs>
      </li>
      
      <!-- Drugs -->
      <li Class="StockGenerator_Category">
        <categoryDef>Drugs</categoryDef>
        <maxTechLevelGenerate>Neolithic</maxTechLevelGenerate>
        <thingDefCountRange>-1~1</thingDefCountRange>
        <totalPriceRange>200~400</totalPriceRange>
      </li>
      
      <!-- Techprints -->
      <li Class="StockGenerator_Techprints">
        <countChances>
          <li>
            <count>1</count>
            <chance>0.5</chance>
          </li>
        </countChances>
      </li>
      
      <!-- Weapons -->
      <li Class="StockGenerator_WeaponsRanged">
        <maxTechLevelGenerate>Neolithic</maxTechLevelGenerate>
        <countRange>0~1</countRange>
      </li>
      <li Class="StockGenerator_Category">
        <maxTechLevelGenerate>Neolithic</maxTechLevelGenerate>
        <categoryDef>WeaponsMelee</categoryDef>
        <countRange>0~1</countRange>
      </li>
      
      <!-- Apparel -->
      <li Class="StockGenerator_Clothes">
        <countRange>0~1</countRange>
      </li>
      
      <!-- Implants -->
      <!-- none -->
      
      <!-- Buildings -->
      <!-- none -->
      
      <!-- Exotic -->
      <!-- none -->
      
      <!-- Slaves -->
      <!-- none -->
      
      <!-- Animals -->
      <!-- none -->
      
      <!-- Buying -->
      <li Class="StockGenerator_BuyExpensiveSimple" />
      <li Class="StockGenerator_BuyTradeTag"><tag>Art</tag></li>
    
    </stockGenerators>
  </TraderKindDef>

</Defs>
