﻿<?xml version="1.0" encoding="utf-8"?>
<Defs>

  <TraderKindDef>
    <defName>Caravan_Outlander_BulkGoods</defName>
    <label>bulk goods trader</label>
    <commonality>2</commonality>
    <stockGenerators>
      <li Class="StockGenerator_SingleDef">
        <thingDef>Silver</thingDef>
        <countRange>
          <min>750</min>
          <max>1200</max>
        </countRange>
      </li>
      <li Class="StockGenerator_SingleDef">
        <thingDef>ComponentIndustrial</thingDef>
        <countRange>
          <min>30</min>
          <max>40</max>
        </countRange>
      </li>
      <li Class="StockGenerator_SingleDef">
        <thingDef>ComponentSpacer</thingDef>
        <countRange>
          <min>-10</min>
          <max>2</max>
        </countRange>
      </li>
      <li Class="StockGenerator_SingleDef">
        <thingDef>Steel</thingDef>
        <countRange>
          <min>250</min>
          <max>400</max>
        </countRange>
      </li>
      <li Class="StockGenerator_SingleDef">
        <thingDef>Cloth</thingDef>
        <countRange>
          <min>250</min>
          <max>400</max>
        </countRange>
      </li>
			<li Class="StockGenerator_SingleDef">
				<thingDef>Chemfuel</thingDef>
				<countRange>
					<min>250</min>
					<max>400</max>
				</countRange>
			</li>
			<li Class="StockGenerator_SingleDef">
				<thingDef>Neutroamine</thingDef>
				<countRange>
					<min>70</min>
					<max>160</max>
				</countRange>
			</li>
			<li Class="StockGenerator_SingleDef">
				<thingDef>Beer</thingDef>
				<totalPriceRange>
					<min>-100</min>
					<max>100</max>
				</totalPriceRange>
			</li>
			<li Class="StockGenerator_SingleDef">
				<thingDef>Chocolate</thingDef>
				<totalPriceRange>
					<min>10</min>
					<max>40</max>
				</totalPriceRange>
			</li>
      <li Class="StockGenerator_Category">
        <categoryDef>FoodRaw</categoryDef>
				<excludedCategories><li>EggsFertilized</li></excludedCategories>
        <thingDefCountRange>
          <min>3</min>
          <max>3</max>
        </thingDefCountRange>
        <totalPriceRange>
          <min>150</min>
          <max>600</max>
        </totalPriceRange>
      </li>
      <li Class="StockGenerator_Category">
        <categoryDef>BuildingsFurniture</categoryDef>
        <thingDefCountRange>
          <min>3</min>
          <max>3</max>
        </thingDefCountRange>
        <countRange>
          <min>1</min>
          <max>1</max>
        </countRange>
      </li>
      <li Class="StockGenerator_Animals">
        <maxWildness>0.70</maxWildness>
        <tradeTagsSell>
          <li>AnimalFarm</li>
          <li>AnimalPet</li>
        </tradeTagsSell>
        <tradeTagsBuy>
          <li>AnimalExotic</li>
        </tradeTagsBuy>
        <kindCountRange>
          <min>1</min>
          <max>1</max>
        </kindCountRange>
        <countRange>
          <min>3</min>
          <max>4</max>
        </countRange>
      </li>
      <li Class="StockGenerator_Clothes">
        <countRange>
          <min>10</min>
          <max>10</max>
        </countRange>
      </li>
      <li Class="StockGenerator_Category">
        <categoryDef>Drugs</categoryDef>
      </li>
			<li Class="StockGenerator_Category">
				<categoryDef>Textiles</categoryDef>
			</li>
			<li Class="StockGenerator_BuyArt" />
			<li Class="StockGenerator_BuyWeirdOrganic" />
      <li Class="StockGenerator_MultiDef">
        <thingDefs>
          <li>Chocolate</li>
          <li>Kibble</li>
          <li>Pemmican</li>
        </thingDefs>
      </li>
    </stockGenerators>
  </TraderKindDef>

  <TraderKindDef>
    <defName>Caravan_Outlander_CombatSupplier</defName>
    <label>combat supplier</label>
    <commonality>1</commonality>
    <stockGenerators>
      <li Class="StockGenerator_SingleDef">
        <thingDef>Silver</thingDef>
        <countRange>
					<min>750</min>
					<max>1200</max>
        </countRange>
      </li>
      <li Class="StockGenerator_WeaponsRanged">
        <countRange>
          <min>5</min>
          <max>5</max>
        </countRange>
      </li>
      <li Class="StockGenerator_Category">
        <categoryDef>WeaponsMelee</categoryDef>
        <thingDefCountRange>
          <min>6</min>
          <max>6</max>
        </thingDefCountRange>
				<countRange>
					<min>1</min>
					<max>1</max>
				</countRange>
      </li>
      <li Class="StockGenerator_Armor">
        <countRange>
          <min>5</min>
          <max>5</max>
        </countRange>
      </li>
      <li Class="StockGenerator_SingleDef">
        <thingDef>MedicineIndustrial</thingDef>
        <countRange>
          <min>10</min>
          <max>20</max>
        </countRange>
      </li>
      <li Class="StockGenerator_Tag">
        <tradeTag>MortarShell</tradeTag>
        <thingDefCountRange>
          <min>1</min>
          <max>2</max>
        </thingDefCountRange>
		<countRange>
			<min>3</min>
			<max>15</max>
		</countRange>
      </li>
			<li Class="StockGenerator_BuyArt" />
      <li Class="StockGenerator_BuyWeirdOrganic" />
    </stockGenerators>
  </TraderKindDef>

  <TraderKindDef>
    <defName>Caravan_Outlander_PirateMerchant</defName>
    <label>pirate merchant</label>
    <commonality>1</commonality>
    <stockGenerators>
      <li Class="StockGenerator_SingleDef">
        <thingDef>Silver</thingDef>
        <countRange>
					<min>750</min>
					<max>1200</max>
        </countRange>
      </li>
      <li Class="StockGenerator_Slaves">
        <respectPopulationIntent>true</respectPopulationIntent>
        <countRange>
          <min>2</min>
          <max>3</max>
        </countRange>
      </li>
      <li Class="StockGenerator_SingleDef">
        <thingDef>MedicineIndustrial</thingDef>
        <price>Expensive</price>
        <countRange>
          <min>2</min>
          <max>5</max>
        </countRange>
      </li>
      <li Class="StockGenerator_Tag">
        <tradeTag>MortarShell</tradeTag>
        <thingDefCountRange>
          <min>-1</min>
          <max>2</max>
        </thingDefCountRange>
		<countRange>
			<min>1</min>
			<max>10</max>
		</countRange>
      </li>
			<li Class="StockGenerator_Category">
				<categoryDef>Drugs</categoryDef>
				<thingDefCountRange>
					<min>2</min>
					<max>4</max>
				</thingDefCountRange>
				<totalPriceRange>
					<min>600</min>
					<max>1000</max>
				</totalPriceRange>
			</li>
      <li Class="StockGenerator_Animals">
        <checkTemperature>true</checkTemperature>
        <tradeTagsSell>
          <li>AnimalFighter</li>
        </tradeTagsSell>
        <tradeTagsBuy>
          <li>AnimalUncommon</li>
          <li>AnimalExotic</li>
        </tradeTagsBuy>
        <kindCountRange>
          <min>1</min>
          <max>2</max>
        </kindCountRange>
        <countRange>
          <min>1</min>
          <max>3</max>
        </countRange>
      </li>
      <li Class="StockGenerator_BuyArt" />
      <li Class="StockGenerator_BuyWeirdOrganic" />
      <li Class="StockGenerator_BuySingleDef">
        <thingDef>Gold</thingDef>
      </li>
    </stockGenerators>
  </TraderKindDef>

	<TraderKindDef>
		<defName>Caravan_Outlander_Exotic</defName>
		<label>exotic goods trader</label>
    <commonality>1</commonality>
		<stockGenerators>
			<li Class="StockGenerator_SingleDef">
				<thingDef>Silver</thingDef>
				<countRange>
					<min>750</min>
					<max>1200</max>
				</countRange>
			</li>
			<li Class="StockGenerator_SingleDef">
				<thingDef>ComponentIndustrial</thingDef>
				<countRange>
					<min>6</min>
					<max>20</max>
				</countRange>
			</li>
      <li Class="StockGenerator_SingleDef">
        <thingDef>ComponentSpacer</thingDef>
        <countRange>
          <min>1</min>
          <max>4</max>
        </countRange>
      </li>
			<li Class="StockGenerator_SingleDef">
				<thingDef>Plasteel</thingDef>
				<countRange>
					<min>50</min>
					<max>150</max>
				</countRange>
			</li>
			<li Class="StockGenerator_SingleDef">
				<thingDef>Gold</thingDef>
				<countRange>
					<min>40</min>
					<max>80</max>
				</countRange>
			</li>
			<li Class="StockGenerator_SingleDef">
				<thingDef>MedicineUltratech</thingDef>
				<countRange>
					<min>2</min>
					<max>8</max>
				</countRange>
			</li>
			<li Class="StockGenerator_Tag">
				<tradeTag>ExoticMisc</tradeTag>
				<thingDefCountRange>
					<min>3</min>
					<max>3</max>
				</thingDefCountRange>
				<countRange>
					<min>1</min>
					<max>1</max>
				</countRange>
        <excludedThingDefs>
          <li>MedicineUltratech</li> <!-- already handled by single def -->
          <li>ComponentSpacer</li> <!-- already handled by single def -->
        </excludedThingDefs>
        <customCountRanges>
          <Luciferium>7~25</Luciferium>
        </customCountRanges>
			</li>
			<li Class="StockGenerator_Tag">
				<tradeTag>TechHediff</tradeTag>
				<thingDefCountRange>
					<min>3</min>
					<max>3</max>
				</thingDefCountRange>
				<countRange>
					<min>1</min>
					<max>1</max>
				</countRange>
			</li>
			<li Class="StockGenerator_Tag">
				<tradeTag>Artifact</tradeTag>
				<thingDefCountRange>
					<min>2</min>
					<max>2</max>
				</thingDefCountRange>
				<countRange>
					<min>1</min>
					<max>1</max>
				</countRange>
			</li>
			<li Class="StockGenerator_Art">
				<countRange>
					<min>2</min>
					<max>2</max>
				</countRange>
			</li>
			<li Class="StockGenerator_Tag">
				<tradeTag>Television</tradeTag>
				<thingDefCountRange>
					<min>1</min>
					<max>2</max>
				</thingDefCountRange>
				<countRange>
					<min>1</min>
					<max>1</max>
				</countRange>
			</li>
			<li Class="StockGenerator_SingleDef">
				<thingDef>Telescope</thingDef>
				<countRange>
					<min>0</min>
					<max>1</max>
				</countRange>
			</li>
			<li Class="StockGenerator_Animals">
				<checkTemperature>true</checkTemperature>
				<tradeTagsSell>
					<li>AnimalUncommon</li>
					<li>AnimalFighter</li>
				</tradeTagsSell>
        <tradeTagsBuy>
          <li>AnimalExotic</li>
        </tradeTagsBuy>
				<kindCountRange>
					<min>3</min>
					<max>3</max>
				</kindCountRange>
				<countRange>
					<min>1</min>
					<max>3</max>
				</countRange>
			</li>
			<li Class="StockGenerator_BuyArt" />
			<li Class="StockGenerator_BuyWeirdOrganic" />
			<li Class="StockGenerator_BuyExpensiveSimple" />
		</stockGenerators>
	</TraderKindDef>

</Defs>
