﻿<?xml version="1.0" encoding="utf-8"?>
<Defs>

  <TraderKindDef>
    <defName>Orbital_BulkGoods</defName>
    <label>bulk goods trader</label>
    <commonality>2</commonality>
    <orbital>true</orbital>
    <stockGenerators>
      <li Class="StockGenerator_SingleDef">
        <thingDef>Silver</thingDef>
        <countRange>
          <min>2000</min>
          <max>4000</max>
        </countRange>
      </li>
      <li Class="StockGenerator_SingleDef">
        <thingDef>ComponentIndustrial</thingDef>
        <countRange>
          <min>15</min>
          <max>30</max>
        </countRange>
      </li>
      <li Class="StockGenerator_SingleDef">
        <thingDef>ComponentSpacer</thingDef>
        <countRange>
          <min>1</min>
          <max>2</max>
        </countRange>
      </li>
      <li Class="StockGenerator_SingleDef">
        <thingDef>Steel</thingDef>
        <countRange>
          <min>500</min>
          <max>800</max>
        </countRange>
      </li>
      <li Class="StockGenerator_SingleDef">
        <thingDef>WoodLog</thingDef>
        <countRange>
          <min>500</min>
          <max>800</max>
        </countRange>
      </li>
      <li Class="StockGenerator_SingleDef">
        <thingDef>Plasteel</thingDef>
        <countRange>
          <min>100</min>
          <max>400</max>
        </countRange>
      </li>
      <li Class="StockGenerator_SingleDef">
        <thingDef>Cloth</thingDef>
        <countRange>
          <min>200</min>
          <max>600</max>
        </countRange>
      </li>
			<li Class="StockGenerator_SingleDef">
				<thingDef>MedicineIndustrial</thingDef>
				<countRange>
					<min>20</min>
					<max>30</max>
				</countRange>
			</li>
      <li Class="StockGenerator_SingleDef">
        <thingDef>Gold</thingDef>
        <countRange>
          <min>50</min>
          <max>200</max>
        </countRange>
      </li>
			<li Class="StockGenerator_SingleDef">
				<thingDef>Neutroamine</thingDef>
				<countRange>
					<min>100</min>
					<max>200</max>
				</countRange>
			</li>
			<li Class="StockGenerator_SingleDef">
				<thingDef>Chemfuel</thingDef>
				<countRange>
					<min>200</min>
					<max>600</max>
				</countRange>
			</li>
			<li Class="StockGenerator_SingleDef">
				<thingDef>Chocolate</thingDef>
				<totalPriceRange>
					<min>-70</min>
					<max>100</max>
				</totalPriceRange>
			</li>
			<li Class="StockGenerator_SingleDef">
				<thingDef>Beer</thingDef>
				<totalPriceRange>
					<min>-70</min>
					<max>200</max>
				</totalPriceRange>
			</li>
      <li Class="StockGenerator_Category">
        <categoryDef>Textiles</categoryDef>
        <thingDefCountRange>
          <min>1</min>
          <max>2</max>
        </thingDefCountRange>
        <totalPriceRange>
          <min>2200</min>
          <max>4000</max>
        </totalPriceRange>
      </li>
      <li Class="StockGenerator_Category">
        <categoryDef>ResourcesRaw</categoryDef>
				<excludedThingDefs>
					<li>Silver</li>
				</excludedThingDefs>
        <thingDefCountRange>
          <min>2</min>
          <max>4</max>
        </thingDefCountRange>
        <totalPriceRange>
          <min>800</min>
          <max>1500</max>
        </totalPriceRange>
      </li>
      <li Class="StockGenerator_Category">
        <categoryDef>FoodRaw</categoryDef>
				<excludedCategories><li>EggsFertilized</li></excludedCategories>
				<thingDefCountRange>
          <min>2</min>
          <max>4</max>
        </thingDefCountRange>
        <totalPriceRange>
          <min>800</min>
          <max>1500</max>
        </totalPriceRange>
      </li>
      <li Class="StockGenerator_Category">
        <categoryDef>FoodMeals</categoryDef>
        <thingDefCountRange>
          <min>1</min>
          <max>2</max>
        </thingDefCountRange>
        <countRange>
          <min>15</min>
          <max>30</max>
        </countRange>
      </li>
      <li Class="StockGenerator_Category">
        <categoryDef>BuildingsFurniture</categoryDef>
        <thingDefCountRange>
          <min>0</min>
          <max>3</max>
        </thingDefCountRange>
        <countRange>
          <min>1</min>
          <max>2</max>
        </countRange>
      </li>
      <li Class="StockGenerator_Clothes">
        <countRange>
          <min>10</min>
          <max>20</max>
        </countRange>
      </li>
      <li Class="StockGenerator_Category">
        <categoryDef>Drugs</categoryDef>
        <thingDefCountRange>
          <min>2</min>
          <max>4</max>
        </thingDefCountRange>
        <totalPriceRange>
          <min>1000</min>
          <max>2000</max>
        </totalPriceRange>
      </li>
			<li Class="StockGenerator_Animals">
				<maxWildness>0.70</maxWildness>
        <checkTemperature>false</checkTemperature>
				<tradeTagsSell>
					<li>AnimalFarm</li>
          <li>AnimalPet</li>
				</tradeTagsSell>
        <tradeTagsBuy>
          <li>AnimalExotic</li>
        </tradeTagsBuy>
				<kindCountRange>
					<min>2</min>
					<max>4</max>
				</kindCountRange>
				<countRange>
					<min>10</min>
					<max>20</max>
				</countRange>
			</li>
			<li Class="StockGenerator_BuyArt" />
			<li Class="StockGenerator_BuyWeirdOrganic" />
      <li Class="StockGenerator_MultiDef">
        <thingDefs>
          <li>Kibble</li>
          <li>Chocolate</li>
          <li>Pemmican</li>
        </thingDefs>
      </li>
    </stockGenerators>
  </TraderKindDef>


  <TraderKindDef>
    <defName>Orbital_CombatSupplier</defName>
    <label>combat supplier</label>
    <commonality>1</commonality>
    <orbital>true</orbital>
    <stockGenerators>
      <li Class="StockGenerator_SingleDef">
        <thingDef>Silver</thingDef>
        <countRange>
          <min>2000</min>
          <max>4000</max>
        </countRange>
      </li>
      <li Class="StockGenerator_SingleDef">
        <thingDef>ComponentIndustrial</thingDef>
				<countRange>
          <min>5</min>
          <max>10</max>
        </countRange>
      </li>
			<li Class="StockGenerator_SingleDef">
				<thingDef>MedicineIndustrial</thingDef>
				<countRange>
					<min>30</min>
					<max>50</max>
				</countRange>
			</li>
      <li Class="StockGenerator_Tag">
        <tradeTag>MortarShell</tradeTag>
        <thingDefCountRange>
          <min>1</min>
          <max>2</max>
        </thingDefCountRange>
        <countRange>
          <min>20</min>
          <max>40</max>
        </countRange>
      </li>
			<li Class="StockGenerator_WeaponsRanged">
				<countRange>
					<min>10</min>
					<max>14</max>
				</countRange>
			</li>
      <li Class="StockGenerator_Category">
        <categoryDef>WeaponsMelee</categoryDef>
        <thingDefCountRange>
          <min>5</min>
          <max>6</max>
        </thingDefCountRange>
        <countRange>
          <min>2</min>
          <max>3</max>
        </countRange>
      </li>
      <li Class="StockGenerator_Armor">
        <countRange>
          <min>8</min>
          <max>10</max>
        </countRange>
      </li>
      <li Class="StockGenerator_Category">
        <categoryDef>Drugs</categoryDef>
      </li>
			<li Class="StockGenerator_BuyArt" />
			<li Class="StockGenerator_BuyWeirdOrganic" />
    </stockGenerators>
  </TraderKindDef>


  <TraderKindDef>
    <defName>Orbital_Exotic</defName>
    <label>exotic goods trader</label>
    <commonality>1</commonality>
    <orbital>true</orbital>
    <stockGenerators>
      <li Class="StockGenerator_SingleDef">
        <thingDef>Silver</thingDef>
        <countRange>
          <min>2000</min>
          <max>4000</max>
        </countRange>
      </li>
      <li Class="StockGenerator_SingleDef">
        <thingDef>ComponentIndustrial</thingDef>
				<countRange>
          <min>5</min>
          <max>30</max>
        </countRange>
      </li>
      <li Class="StockGenerator_SingleDef">
        <thingDef>ComponentSpacer</thingDef>
        <countRange>
          <min>3</min>
          <max>8</max>
        </countRange>
      </li>
      <li Class="StockGenerator_SingleDef">
        <thingDef>Gold</thingDef>
        <countRange>
          <min>200</min>
          <max>400</max>
        </countRange>
      </li>
      <li Class="StockGenerator_SingleDef">
        <thingDef>Plasteel</thingDef>
        <countRange>
          <min>100</min>
          <max>400</max>
        </countRange>
      </li>
      <li Class="StockGenerator_SingleDef">
        <thingDef>MedicineUltratech</thingDef>
        <countRange>
          <min>5</min>
          <max>30</max>
        </countRange>
      </li>
      <li Class="StockGenerator_SingleDef">
        <thingDef>Neutroamine</thingDef>
        <countRange>
          <min>100</min>
          <max>500</max>
        </countRange>
      </li>
      <li Class="StockGenerator_Category">
        <categoryDef>Drugs</categoryDef>
        <thingDefCountRange>
          <min>3</min>
          <max>4</max>
        </thingDefCountRange>
        <totalPriceRange>
          <min>2000</min>
          <max>3000</max>
        </totalPriceRange>
      </li>
      <li Class="StockGenerator_Tag">
        <tradeTag>ExoticMisc</tradeTag>
        <thingDefCountRange>
          <min>3</min>
          <max>5</max>
        </thingDefCountRange>
        <countRange>
          <min>1</min>
          <max>2</max>
        </countRange>
        <excludedThingDefs>
          <li>Luciferium</li> <!-- already handled by drugs -->
          <li>MedicineUltratech</li> <!-- already handled by single def -->
          <li>ComponentSpacer</li> <!-- already handled by single def -->
        </excludedThingDefs>
        <customCountRanges>
          <Hyperweave>50~200</Hyperweave>
        </customCountRanges>
      </li>
      <li Class="StockGenerator_Tag">
        <tradeTag>TechHediff</tradeTag>
        <thingDefCountRange>
          <min>3</min>
          <max>5</max>
        </thingDefCountRange>
        <countRange>
          <min>1</min>
          <max>1</max>
        </countRange>
      </li>
      <li Class="StockGenerator_Tag">
        <tradeTag>Artifact</tradeTag>
        <thingDefCountRange>
          <min>2</min>
          <max>4</max>
        </thingDefCountRange>
        <countRange>
          <min>1</min>
          <max>1</max>
        </countRange>
      </li>
      <li Class="StockGenerator_Art">
        <countRange>
          <min>4</min>
          <max>8</max>
        </countRange>
      </li>
      <li Class="StockGenerator_Tag">
        <tradeTag>Television</tradeTag>
        <thingDefCountRange>
          <min>1</min>
          <max>3</max>
        </thingDefCountRange>
        <countRange>
          <min>1</min>
          <max>1</max>
        </countRange>
      </li>
      <li Class="StockGenerator_SingleDef">
        <thingDef>Telescope</thingDef>
        <countRange>
          <min>1</min>
          <max>1</max>
        </countRange>
      </li>
      <li Class="StockGenerator_Animals">
        <checkTemperature>false</checkTemperature>
        <tradeTagsSell>
          <li>AnimalUncommon</li>
					<li>AnimalFighter</li>
        </tradeTagsSell>
        <tradeTagsBuy>
          <li>AnimalExotic</li>
        </tradeTagsBuy>
        <kindCountRange>
          <min>1</min>
          <max>2</max>
        </kindCountRange>
        <countRange>
          <min>2</min>
          <max>3</max>
        </countRange>
      </li>
			<li Class="StockGenerator_BuyArt" />
			<li Class="StockGenerator_BuyWeirdOrganic" />
      <li Class="StockGenerator_BuyExpensiveSimple" />
      <li Class="StockGenerator_MultiDef">
        <thingDefs>
          <li>Chocolate</li>
        </thingDefs>
      </li>
    </stockGenerators>
  </TraderKindDef>


  <TraderKindDef>
    <defName>Orbital_PirateMerchant</defName>
    <label>pirate merchant</label>
    <commonality>1</commonality>
    <orbital>true</orbital>
    <stockGenerators>
      <li Class="StockGenerator_SingleDef">
        <thingDef>Silver</thingDef>
        <countRange>
          <min>2000</min>
          <max>4000</max>
        </countRange>
      </li>
      <li Class="StockGenerator_SingleDef">
        <thingDef>ComponentIndustrial</thingDef>
				<countRange>
          <min>5</min>
          <max>10</max>
        </countRange>
      </li>
			<li Class="StockGenerator_SingleDef">
				<thingDef>Beer</thingDef>
				<totalPriceRange>
					<min>-300</min>
					<max>300</max>
				</totalPriceRange>
			</li>
			<li Class="StockGenerator_SingleDef">
				<thingDef>MedicineIndustrial</thingDef>
				<countRange>
					<min>5</min>
					<max>15</max>
				</countRange>
			</li>
			<li Class="StockGenerator_SingleDef">
				<thingDef>Neutroamine</thingDef>
				<countRange>
					<min>100</min>
					<max>400</max>
				</countRange>
			</li>
			<li Class="StockGenerator_SingleDef">
				<thingDef>Chemfuel</thingDef>
				<countRange>
					<min>50</min>
					<max>200</max>
				</countRange>
			</li>
      <li Class="StockGenerator_Slaves">
        <respectPopulationIntent>true</respectPopulationIntent>
        <countRange>
          <min>2</min>
          <max>3</max>
        </countRange>
      </li>
      <li Class="StockGenerator_WeaponsRanged">
        <countRange>
          <min>-1</min>
          <max>2</max>
        </countRange>
      </li>
      <li Class="StockGenerator_Armor">
        <countRange>
          <min>-2</min>
          <max>2</max>
        </countRange>
      </li>
      <li Class="StockGenerator_Tag">
        <tradeTag>TechHediff</tradeTag>
        <thingDefCountRange>
          <min>-4</min>
          <max>5</max>
        </thingDefCountRange>
        <countRange>
          <min>1</min>
          <max>1</max>
        </countRange>
      </li>
      <li Class="StockGenerator_Tag">
        <tradeTag>Artifact</tradeTag>
        <thingDefCountRange>
          <min>-5</min>
          <max>1</max>
        </thingDefCountRange>
        <countRange>
          <min>1</min>
          <max>1</max>
        </countRange>
      </li>
      <li Class="StockGenerator_Category">
        <categoryDef>Drugs</categoryDef>
        <thingDefCountRange>
          <min>3</min>
          <max>6</max>
        </thingDefCountRange>
        <totalPriceRange>
          <min>2000</min>
          <max>3000</max>
        </totalPriceRange>
      </li>
      <li Class="StockGenerator_Animals">
        <checkTemperature>false</checkTemperature>
        <tradeTagsSell>
          <li>AnimalFighter</li>
        </tradeTagsSell>
        <tradeTagsBuy>
          <li>AnimalUncommon</li>
          <li>AnimalExotic</li>
        </tradeTagsBuy>
        <kindCountRange>
          <min>1</min>
          <max>2</max>
        </kindCountRange>
        <countRange>
          <min>1</min>
          <max>3</max>
        </countRange>
      </li>
      <li Class="StockGenerator_BuyArt" />
      <li Class="StockGenerator_BuyWeirdOrganic" />
      <li Class="StockGenerator_BuySingleDef">
        <thingDef>Gold</thingDef>
      </li>
      <li Class="StockGenerator_MultiDef">
        <thingDefs>
          <li>Chocolate</li>
        </thingDefs>
      </li>
    </stockGenerators>
  </TraderKindDef>


</Defs>
