﻿<?xml version="1.0" encoding="utf-8" ?>
<Defs>

  <!--=============== Bases ==============-->

  <ThingDef Name="MoteBase" Abstract="True">
    <thingClass>MoteThrown</thingClass>
    <label>Mote</label>
    <category>Mote</category>
    <graphicData>
      <graphicClass>Graphic_Mote</graphicClass>
      <shaderType>Mote</shaderType>
    </graphicData>
    <altitudeLayer>MoteLow</altitudeLayer>
    <tickerType>Normal</tickerType>
    <useHitPoints>false</useHitPoints>
    <isSaveable>false</isSaveable>
    <rotatable>false</rotatable>
  </ThingDef>

  <!--=============== Flashes ================-->

  <ThingDef ParentName="MoteBase">
    <defName>Mote_ShotFlash</defName>
    <altitudeLayer>MoteOverhead</altitudeLayer>
    <mote>
      <solidTime>0.05</solidTime>
      <fadeOutTime>0.05</fadeOutTime>
    </mote>
    <graphicData>
      <texPath>Things/Mote/ShotFlash</texPath>
      <shaderType>MoteGlow</shaderType>
    </graphicData>
  </ThingDef>

  <ThingDef ParentName="MoteBase">
    <defName>Mote_SparkFlash</defName>
    <altitudeLayer>MoteOverhead</altitudeLayer>
    <mote>
      <solidTime>0.05</solidTime>
      <fadeOutTime>0.1</fadeOutTime>
    </mote>
    <graphicData>
      <texPath>Things/Mote/SparkFlash</texPath>
      <shaderType>MoteGlow</shaderType>
    </graphicData>
  </ThingDef>

  <ThingDef ParentName="MoteBase">
    <defName>Mote_YellowSparkFlash</defName>
    <altitudeLayer>MoteOverhead</altitudeLayer>
    <mote>
      <solidTime>0.05</solidTime>
      <fadeOutTime>0.1</fadeOutTime>
    </mote>
    <graphicData>
      <texPath>Things/Mote/YellowSparkFlash</texPath>
      <shaderType>MoteGlow</shaderType>
    </graphicData>
  </ThingDef>

  <ThingDef ParentName="MoteBase">
    <defName>Mote_ExplosionFlash</defName>
    <altitudeLayer>MoteOverhead</altitudeLayer>
    <mote>
      <solidTime>0.05</solidTime>
      <fadeOutTime>0.1</fadeOutTime>
    </mote>
    <graphicData>
      <texPath>Things/Mote/ExplosionFlash</texPath>
      <shaderType>MoteGlow</shaderType>
    </graphicData>
  </ThingDef>

  <ThingDef ParentName="MoteBase">
    <defName>Mote_BloodSplash</defName>
    <altitudeLayer>MoteOverhead</altitudeLayer>
    <mote>
      <solidTime>0.07</solidTime>
      <fadeOutTime>0.08</fadeOutTime>
    </mote>
    <graphicData>
      <texPath>Things/Mote/BloodSplash</texPath>
      <shaderType>Mote</shaderType>
    </graphicData>
  </ThingDef>

  <ThingDef ParentName="MoteBase">
    <defName>Mote_BodyImpact</defName>
    <altitudeLayer>MoteOverhead</altitudeLayer>
    <mote>
      <solidTime>0.07</solidTime>
      <fadeOutTime>0.05</fadeOutTime>
    </mote>
    <graphicData>
      <texPath>Things/Mote/BodyImpact</texPath>
      <shaderType>MoteGlow</shaderType>
    </graphicData>
  </ThingDef>

  <ThingDef ParentName="MoteBase">
    <defName>Mote_GrowingFlash</defName>
    <altitudeLayer>MoteOverhead</altitudeLayer>
    <mote>
      <solidTime>0.2</solidTime>
      <fadeOutTime>0.3</fadeOutTime>
      <growthRate>57</growthRate>
    </mote>
    <graphicData>
      <texPath>Things/Mote/PlainFlash</texPath>
      <shaderType>MoteGlow</shaderType>
    </graphicData>
  </ThingDef>

  <ThingDef ParentName="MoteBase">
    <defName>Mote_PlainFlash</defName>
    <altitudeLayer>MoteOverhead</altitudeLayer>
    <mote>
      <solidTime>0.05</solidTime>
      <fadeOutTime>0.05</fadeOutTime>
    </mote>
    <graphicData>
      <texPath>Things/Mote/PlainFlash</texPath>
      <shaderType>MoteGlow</shaderType>
    </graphicData>
  </ThingDef>

  <ThingDef ParentName="MoteBase">
    <altitudeLayer>MoteOverhead</altitudeLayer>
    <defName>Mote_ActivatorCountdownFlash</defName>
    <mote>
      <solidTime>0.15</solidTime>
      <fadeOutTime>0.1</fadeOutTime>
      <growthRate>37</growthRate>
    </mote>
    <graphicData>
      <drawSize>0.32</drawSize>
      <color>(135, 215, 40, 200)</color>
      <texPath>Things/Mote/BrightFlash</texPath>
      <shaderType>MoteGlow</shaderType>
    </graphicData>
  </ThingDef>

  <ThingDef ParentName="MoteBase">
    <altitudeLayer>MoteOverhead</altitudeLayer>
    <defName>Mote_ActivatorCountdownGlow</defName>
    <mote>
      <fadeInTime>0.1</fadeInTime>
      <solidTime>999999999</solidTime>
      <fadeOutTime>0.5</fadeOutTime>
      <needsMaintenance>True</needsMaintenance>
    </mote>
    <graphicData>
      <drawSize>1.3</drawSize>
      <drawOffset>(0,0,1)</drawOffset>
      <color>(135, 215, 40, 140)</color>
      <texPath>Things/Mote/BrightFlash</texPath>
      <shaderType>MoteGlow</shaderType>
    </graphicData>
  </ThingDef>

  <ThingDef ParentName="MoteBase">
    <altitudeLayer>MoteOverhead</altitudeLayer>
    <defName>Mote_ActivatorProximityGlow</defName>
    <mote>
      <fadeInTime>0.1</fadeInTime>
      <solidTime>999999999</solidTime>
      <fadeOutTime>0.5</fadeOutTime>
      <needsMaintenance>True</needsMaintenance>
    </mote>
    <graphicData>
      <drawSize>1.1</drawSize>
      <drawOffset>(0,0,0.65)</drawOffset>
      <color>(235, 75, 40, 150)</color>
      <texPath>Things/Mote/BrightFlash</texPath>
      <shaderType>MoteGlow</shaderType>
    </graphicData>
  </ThingDef>

  <!--=============== Misc visuals ================-->

  <ThingDef ParentName="MoteBase">
    <defName>Mote_ShotHit_Spark</defName>
    <graphicData>
      <texPath>Things/Mote/ShotHit_Spark</texPath>
      <shaderType>TransparentPostLight</shaderType>
    </graphicData>
    <altitudeLayer>MoteLow</altitudeLayer>
    <mote>
      <solidTime>0.05</solidTime>
      <fadeOutTime>0.07</fadeOutTime>
    </mote>
  </ThingDef>

  <ThingDef ParentName="MoteBase">
    <defName>Mote_ShotHit_Dirt</defName>
    <graphicData>
      <texPath>Things/Mote/ShotHit_Dirt</texPath>
      <shaderType>Transparent</shaderType>
    </graphicData>
    <altitudeLayer>MoteLow</altitudeLayer>
    <mote>
      <solidTime>0.03</solidTime>
      <fadeOutTime>0.1</fadeOutTime>
    </mote>
  </ThingDef>

  <ThingDef ParentName="MoteBase">
    <defName>Mote_Leaf</defName>
    <thingClass>MoteLeaf</thingClass>
    <mote>
      <fadeInTime>1</fadeInTime>
      <solidTime>4</solidTime>
      <fadeOutTime>2</fadeOutTime>
    </mote>
    <altitudeLayer>Building</altitudeLayer>
    <graphicData>
      <texPath>Things/Mote/FoodBitVegetarian</texPath>
      <drawSize>0.40</drawSize>
    </graphicData>
  </ThingDef>

  <ThingDef ParentName="MoteBase">
    <defName>Mote_SandInEyes</defName>
    <graphicData>
      <texPath>Things/Mote/SandInEyes</texPath>
    </graphicData>
    <altitudeLayer>MoteOverhead</altitudeLayer>
    <mote>
      <fadeInTime>0.04</fadeInTime>
      <solidTime>0.5</solidTime>
      <fadeOutTime>2</fadeOutTime>
    </mote>
  </ThingDef>

  <!--=============== Explosions ================-->

  <ThingDef ParentName="MoteBase">
    <defName>Mote_BlastDry</defName>
    <graphicData>
      <texPath>Things/Mote/BlastDry</texPath>
      <shaderType>TransparentPostLight</shaderType>
    </graphicData>
    <altitudeLayer>MoteOverhead</altitudeLayer>
    <mote>
      <solidTime>0</solidTime>
      <fadeOutTime>0.2</fadeOutTime>
    </mote>
  </ThingDef>
  
  <ThingDef ParentName="MoteBase">
    <defName>Mote_BlastEMP</defName>
    <graphicData>
      <texPath>Things/Mote/BlastEMP</texPath>
      <shaderType>TransparentPostLight</shaderType>
    </graphicData>
    <altitudeLayer>MoteOverhead</altitudeLayer>
    <mote>
      <solidTime>0</solidTime>
      <fadeOutTime>0.2</fadeOutTime>
    </mote>
  </ThingDef>

  <ThingDef ParentName="MoteBase">
    <defName>Mote_LineEMP</defName>
    <graphicData>
      <texPath>Things/Mote/LineEMP</texPath>
      <shaderType>TransparentPostLight</shaderType>
    </graphicData>
    <altitudeLayer>MoteOverhead</altitudeLayer>
    <mote>
      <solidTime>0</solidTime>
      <fadeOutTime>0.4</fadeOutTime>
    </mote>
  </ThingDef>
  
  <ThingDef ParentName="MoteBase">
    <defName>Mote_BlastFlame</defName>
    <graphicData>
      <texPath>Things/Mote/BlastFlame</texPath>
      <shaderType>TransparentPostLight</shaderType>
    </graphicData>
    <altitudeLayer>MoteOverhead</altitudeLayer>
    <mote>
      <solidTime>0</solidTime>
      <fadeOutTime>0.2</fadeOutTime>
    </mote>
  </ThingDef>
  
  <ThingDef ParentName="MoteBase">
    <defName>Mote_ElectricalSpark</defName>
    <graphicData>
      <texPath>Things/Mote/ElectricalSpark</texPath>
      <shaderType>MoteGlow</shaderType>
    </graphicData>
    <altitudeLayer>MoteOverhead</altitudeLayer>
    <mote>
      <fadeInTime>0.04</fadeInTime>
      <solidTime>0.08</solidTime>
      <fadeOutTime>0.13</fadeOutTime>
    </mote>
  </ThingDef>
  
  <ThingDef ParentName="MoteBase">
    <defName>Mote_BlastExtinguisher</defName>
    <graphicData>
      <texPath>Things/Mote/BlastExtinguisher</texPath>
      <shaderType>TransparentPostLight</shaderType>
    </graphicData>
    <altitudeLayer>MoteOverhead</altitudeLayer>
    <mote>
      <solidTime>0</solidTime>
      <fadeOutTime>0.2</fadeOutTime>
    </mote>
  </ThingDef>

  <!--=================== Visual - Fire ==================-->
  
  <ThingDef ParentName="MoteBase">
    <defName>Mote_FireGlow</defName>
    <graphicData>
      <texPath>Things/Mote/FireGlow</texPath>
      <shaderType>MoteGlow</shaderType>
    </graphicData>
    <altitudeLayer>MoteOverhead</altitudeLayer>
    <mote>
      <fadeInTime>0.75</fadeInTime>
      <solidTime>1.08</solidTime>
      <fadeOutTime>0.8</fadeOutTime>
    </mote>
  </ThingDef>
  <ThingDef ParentName="MoteBase" Name="Mote_MicroSparks">
    <defName>Mote_MicroSparks</defName>
    <graphicData>
      <texPath>Things/Mote/MicroSparks</texPath>
      <shaderType>MoteGlow</shaderType>
    </graphicData>
    <altitudeLayer>MoteOverhead</altitudeLayer>
    <mote>
      <fadeInTime>0.75</fadeInTime>
      <solidTime>0.5</solidTime>
      <fadeOutTime>0.65</fadeOutTime>
    </mote>
  </ThingDef>
  <ThingDef ParentName="Mote_MicroSparks">
    <defName>Mote_MicroSparksFast</defName>
    <mote>
      <fadeInTime>0.15</fadeInTime>
      <solidTime>0.3</solidTime>
      <fadeOutTime>0.45</fadeOutTime>
    </mote>
  </ThingDef>

  <!--=================== Visual - Heat ==================-->

  <ThingDef ParentName="MoteBase">
    <defName>Mote_HeatGlow</defName>
    <graphicData>
      <texPath>Things/Mote/FireGlow</texPath>
      <shaderType>MoteGlow</shaderType>
    </graphicData>
    <altitudeLayer>MoteOverhead</altitudeLayer>
    <mote>
      <fadeInTime>2.6</fadeInTime>
      <solidTime>1.5</solidTime>
      <fadeOutTime>3.3</fadeOutTime>
    </mote>
  </ThingDef>


  <!--=================== Visual - Lightning ==================-->

  <ThingDef ParentName="MoteBase">
    <defName>Mote_LightningGlow</defName>
    <graphicData>
      <texPath>Things/Mote/LightningGlow</texPath>
      <shaderType>MoteGlow</shaderType>
    </graphicData>
    <altitudeLayer>MoteOverhead</altitudeLayer>
    <mote>
      <fadeInTime>0.08</fadeInTime>
      <solidTime>0.08</solidTime>
      <fadeOutTime>0.35</fadeOutTime>
    </mote>
  </ThingDef>


  <!--=================== Eating ==================-->

  <ThingDef ParentName="MoteBase" Name="FoodBitBase" Abstract="True">
    <graphicData>
      <shaderType>Cutout</shaderType>
    </graphicData>
    <altitudeLayer>Projectile</altitudeLayer>
    <mote>
      <fadeInTime>0.08</fadeInTime>
      <solidTime>0.4</solidTime>
      <fadeOutTime>0.25</fadeOutTime>
    </mote>
  </ThingDef>
  
  <ThingDef ParentName="FoodBitBase">
    <defName>Mote_FoodBitVegetarian</defName>
    <graphicData>
      <texPath>Things/Mote/FoodBitVegetarian</texPath>
      <shaderType>Mote</shaderType>
    </graphicData>
  </ThingDef>
  
  <ThingDef ParentName="FoodBitBase">
    <defName>Mote_FoodBitMeat</defName>
    <graphicData>
      <texPath>Things/Mote/FoodBitMeat</texPath>
      <shaderType>Mote</shaderType>
    </graphicData>
  </ThingDef>
  
  <ThingDef ParentName="FoodBitBase">
    <defName>Mote_StoneBit</defName>
    <graphicData>
      <texPath>Things/Mote/StoneBit</texPath>
      <shaderType>Mote</shaderType>
    </graphicData>
  </ThingDef>
  
  <ThingDef ParentName="FoodBitBase">
    <defName>Mote_CookBit</defName>
    <graphicData>
      <texPath>Things/Mote/CookBit</texPath>
      <shaderType>Mote</shaderType>
    </graphicData>
  </ThingDef>
  
  <ThingDef ParentName="FoodBitBase">
    <defName>Mote_VomitBit</defName>
    <graphicData>
      <texPath>Things/Mote/VomitBit</texPath>
      <shaderType>Mote</shaderType>
    </graphicData>
  </ThingDef>
  
  <!--=============== Puffs ==============-->
  
  <ThingDef ParentName="MoteBase">
    <defName>Mote_AirPuff</defName>
    <graphicData>
      <texPath>Things/Mote/AirPuff</texPath>
    </graphicData>
    <altitudeLayer>MoteOverhead</altitudeLayer>
    <mote>
      <fadeInTime>0.04</fadeInTime>
      <solidTime>0.03</solidTime>
      <fadeOutTime>1</fadeOutTime>
    </mote>
  </ThingDef>
  
  <ThingDef ParentName="MoteBase">
    <defName>Mote_DustPuff</defName>
    <graphicData>
      <texPath>Things/Mote/DustPuff</texPath>
    </graphicData>
    <altitudeLayer>MoteOverhead</altitudeLayer>
    <mote>
      <fadeInTime>0.04</fadeInTime>
      <solidTime>0.03</solidTime>
      <fadeOutTime>1</fadeOutTime>
    </mote>
  </ThingDef>

  <ThingDef ParentName="MoteBase">
    <defName>Mote_DustPuffThick</defName>
    <graphicData>
      <texPath>Things/Mote/DustPuff</texPath>
    </graphicData>
    <altitudeLayer>MoteOverhead</altitudeLayer>
    <mote>
      <fadeInTime>0.1</fadeInTime>
      <solidTime>0.6</solidTime>
      <fadeOutTime>1.4</fadeOutTime>
    </mote>
  </ThingDef>
  
  <ThingDef ParentName="MoteBase">
    <defName>Mote_MetaPuff</defName>
    <graphicData>
      <texPath>Things/Mote/MetaPuff</texPath>
    </graphicData>
    <altitudeLayer>MoteOverhead</altitudeLayer>
    <mote>
      <realTime>true</realTime>
      <fadeInTime>0.04</fadeInTime>
      <solidTime>0.03</solidTime>
      <fadeOutTime>1</fadeOutTime>
    </mote>
  </ThingDef>

  <ThingDef ParentName="MoteBase">
    <defName>Mote_TornadoDustPuff</defName>
    <graphicData>
      <texPath>Things/Mote/MetaPuff</texPath>
    </graphicData>
    <altitudeLayer>MoteOverhead</altitudeLayer>
    <mote>
      <fadeInTime>0.04</fadeInTime>
      <solidTime>0.03</solidTime>
      <fadeOutTime>1</fadeOutTime>
    </mote>
  </ThingDef>

  <ThingDef ParentName="MoteBase">
    <defName>Mote_Smoke</defName>
    <graphicData>
      <texPath>Things/Mote/Smoke</texPath>
    </graphicData>
    <altitudeLayer>MoteOverhead</altitudeLayer>
    <mote>
      <fadeInTime>0.50</fadeInTime>
      <solidTime>6</solidTime>
      <fadeOutTime>3.2</fadeOutTime>
      <growthRate>0.005</growthRate>
    </mote>
  </ThingDef>

  <ThingDef ParentName="MoteBase">
    <defName>Mote_DustSlow</defName>
    <graphicData>
      <texPath>Things/Mote/DustPuff</texPath>
    </graphicData>
    <altitudeLayer>MoteOverhead</altitudeLayer>
    <mote>
      <fadeInTime>0.40</fadeInTime>
      <solidTime>2</solidTime>
      <fadeOutTime>2</fadeOutTime>
    </mote>
  </ThingDef>

  <!-- Bombardment -->

  <ThingDef ParentName="MoteBase">
    <defName>Mote_Bombardment</defName>
    <graphicData>
      <texPath>Things/Mote/Bombardment</texPath>
      <shaderType>MoteGlow</shaderType>
    </graphicData>
    <altitudeLayer>MoteOverhead</altitudeLayer>
    <drawOffscreen>true</drawOffscreen>
    <mote>
      <fadeInTime>0.5</fadeInTime>
      <solidTime>6.8</solidTime>
      <fadeOutTime>1.0</fadeOutTime>
    </mote>
  </ThingDef>

  <ThingDef ParentName="MoteBase">
    <defName>Mote_PowerBeam</defName>
    <graphicData>
      <texPath>Things/Mote/PowerBeam</texPath>
      <shaderType>MoteGlow</shaderType>
    </graphicData>
    <altitudeLayer>MoteOverhead</altitudeLayer>
    <drawOffscreen>true</drawOffscreen>
    <mote>
      <fadeInTime>0.5</fadeInTime>
      <solidTime>9.3</solidTime>
      <fadeOutTime>1.0</fadeOutTime>
    </mote>
  </ThingDef>

  <ThingDef ParentName="MoteBase">
    <defName>Mote_GiantExplosion</defName>
    <graphicData>
      <texPath>Things/Mote/PowerBeam</texPath>
      <shaderType>MoteGlow</shaderType>
    </graphicData>
    <altitudeLayer>MoteOverhead</altitudeLayer>
    <drawOffscreen>true</drawOffscreen>
    <mote>
      <fadeInTime>0.01</fadeInTime>
      <solidTime>0</solidTime>
      <fadeOutTime>0.4</fadeOutTime>
      <growthRate>325</growthRate>
    </mote>
  </ThingDef>

  <ThingDef ParentName="MoteBase">
    <defName>Mote_GiantExplosionInner</defName>
    <graphicData>
      <texPath>Things/Mote/PowerBeam</texPath>
      <shaderType>MoteGlow</shaderType>
    </graphicData>
    <altitudeLayer>MoteOverhead</altitudeLayer>
    <drawOffscreen>true</drawOffscreen>
    <mote>
      <fadeInTime>0.01</fadeInTime>
      <solidTime>0</solidTime>
      <fadeOutTime>0.4</fadeOutTime>
      <growthRate>200</growthRate>
    </mote>
  </ThingDef>

  <ThingDef Name="Mote_PsychicConditionCauserEffect" ParentName="MoteBase">
    <defName>Mote_PsychicConditionCauserEffect</defName>
    <mote>
      <fadeInTime>0.1</fadeInTime>
      <solidTime>0.62</solidTime>
      <fadeOutTime>0.5</fadeOutTime>
    </mote>
    <graphicData>
      <graphicClass>Graphic_MotePulse</graphicClass>
      <texPath>Things/Mote/PsychicConditionCauserMask</texPath>
      <shaderType>MotePsychicConditionCauser</shaderType>
      <shaderParameters>
        <_distortionIntensity>0.015</_distortionIntensity>
        <_brightnessMultiplier>1.1</_brightnessMultiplier>
        <_distortionScale>40</_distortionScale>
      </shaderParameters>
      <drawSize>30</drawSize>
    </graphicData>
  </ThingDef>

  <ThingDef ParentName="Mote_PsychicConditionCauserEffect">
    <defName>Mote_PsychicEmanatorEffect</defName>
    <graphicData>
      <shaderParameters>
        <_distortionIntensity>0.006</_distortionIntensity>
        <_brightnessMultiplier>1.075</_brightnessMultiplier>
        <_distortionScale>25</_distortionScale>
      </shaderParameters>
      <drawSize>8</drawSize>
    </graphicData>
  </ThingDef>
  
  <ThingDef Name="ForceJob" ParentName="MoteBase">
    <defName>Mote_ForceJob</defName>
    <thingClass>MoteBubble</thingClass>
    <altitudeLayer>MetaOverlays</altitudeLayer>
    <mote>
      <attachedDrawOffset>(0.85, 0, 0.85)</attachedDrawOffset>
      <fadeInTime>0.1</fadeInTime>
      <fadeOutTime>0.1</fadeOutTime>
      <solidTime>0.7</solidTime>
    </mote>
    <graphicData>
      <texPath>Things/Mote/Thought</texPath>
      <shaderType>TransparentPostLight</shaderType>
      <drawSize>1.25</drawSize>
    </graphicData>
  </ThingDef>
  
  <ThingDef ParentName="ForceJob">
    <defName>Mote_ForceJobMaintained</defName>
    <mote>
      <fadeInTime>0.1</fadeInTime>
      <fadeOutTime>0.1</fadeOutTime>
      <solidTime>999999</solidTime>
      <needsMaintenance>True</needsMaintenance>
    </mote>
  </ThingDef>

  <!--=============== Psycasts ==============-->

  <ThingDef Abstract="True" Name="MoteGlowDistortBackground" ParentName="MoteBase">
    <graphicData>
      <shaderType>MoteGlowDistortBackground</shaderType>
      <shaderParameters>
        <_DistortionTex>/Things/Mote/PsycastDistortionMask</_DistortionTex>
      </shaderParameters>
    </graphicData>
  </ThingDef>

  <ThingDef ParentName="MoteGlowDistortBackground">
    <defName>Mote_PsycastPsychicEffect</defName>
    <thingClass>MoteThrownAttached</thingClass>
    <altitudeLayer>MoteOverhead</altitudeLayer>
    <mote>
      <fadeInTime>0.03</fadeInTime>
      <fadeOutTime>0.05</fadeOutTime>
      <solidTime>0.15</solidTime>
      <growthRate>1.5</growthRate>
    </mote>
    <graphicData>
      <texPath>Things/Mote/Black</texPath>
      <shaderParameters>
        <_distortionIntensity>0.024</_distortionIntensity>
        <_brightnessMultiplier>1.1</_brightnessMultiplier>
      </shaderParameters>
      <drawSize>2.5</drawSize>
    </graphicData>
  </ThingDef>

  <ThingDef ParentName="MoteGlowDistortBackground">
    <defName>Mote_PsycastPsychicLine</defName>
    <altitudeLayer>MoteOverhead</altitudeLayer>
    <mote>
      <fadeInTime>0.04</fadeInTime>
      <fadeOutTime>0.1</fadeOutTime>
      <solidTime>0.0</solidTime>
    </mote>
    <graphicData>
      <texPath>Things/Mote/PsycastPsychicLine</texPath>
      <shaderParameters>
        <_distortionIntensity>0.15</_distortionIntensity>
        <_DistortionTex>/Things/Mote/PsycastPsychicLineMask</_DistortionTex>
      </shaderParameters>
    </graphicData>
  </ThingDef>


  <ThingDef ParentName="MoteGlowDistortBackground">
    <defName>Mote_PsycastAreaEffect</defName>
    <altitudeLayer>MoteLow</altitudeLayer>
    <mote>
      <fadeInTime>0.02</fadeInTime>
      <fadeOutTime>0.6</fadeOutTime>
      <solidTime>0.12</solidTime>
      <growthRate>1.5</growthRate>
    </mote>
    <graphicData>
      <texPath>Things/Mote/Black</texPath>
      <shaderParameters>
        <_distortionIntensity>0.05</_distortionIntensity>
        <_brightnessMultiplier>1.15</_brightnessMultiplier>
      </shaderParameters>
      <drawSize>2.3</drawSize>
    </graphicData>
  </ThingDef>
  
</Defs>
