﻿<?xml version="1.0" encoding="utf-8" ?>
<Defs>


	<IncidentDef>
		<defName>QuestBanditCamp</defName>
		<label>bandit camp opportunity</label>
		<category>Misc</category>
    <targetTypes>
      <li>World</li>
    </targetTypes>
		<workerClass>IncidentWorker_QuestBanditCamp</workerClass>
		<letterLabel>Bandit camp opportunity</letterLabel>
		<letterText>{0}, {1} of {2}, has sent us a message.\n\nApparently bandits based in a nearby camp have been raiding their caravans. They've asked us to destroy it, which means eliminating all enemies and turrets.\n\nIf we succeed, their relations will improve, and they'll send us this reward:\n\n{3}</letterText>
		<letterDef>PositiveEvent</letterDef>
		<baseChance>1.3</baseChance>
		<minRefireDays>5</minRefireDays>
		<chanceFactorByPopulationCurve>
			<points>
				<li>(3,0)</li>
				<li>(7,1)</li>
			</points>
		</chanceFactorByPopulationCurve>
	</IncidentDef>

	<IncidentDef>
		<defName>QuestItemStash</defName>
		<label>item stash opportunity</label>
		<category>Misc</category>
    <targetTypes>
      <li>World</li>
    </targetTypes>
		<workerClass>IncidentWorker_QuestItemStash</workerClass>
		<letterLabel>Item stash opportunity</letterLabel>
		<letterText>{0}, {1} of {2}, has informed us of a collection of valuable items not far from us. The collection consists of:\n\n{3}\n\nUnfortunately, it won’t last - others will take the items in {4} days if we don't.\n\nBeware - valuables tend to attract danger. {5}</letterText>
		<letterDef>PositiveEvent</letterDef>
		<baseChance>1.3</baseChance>
		<minRefireDays>5</minRefireDays>
		<chanceFactorByPopulationCurve>
			<points>
				<li>(2,0)</li>
				<li>(7,1)</li>
			</points>
		</chanceFactorByPopulationCurve>
	</IncidentDef>
	
	<IncidentDef>
		<defName>QuestDownedRefugee</defName>
		<label>incapacitated refugee opportunity</label>
		<category>Misc</category>
    <targetTypes>
      <li>World</li>
    </targetTypes>
		<workerClass>IncidentWorker_QuestDownedRefugee</workerClass>
		<letterLabel>Incapacitated refugee opportunity</letterLabel>
		<letterText>{0} contacts you on radio and requests help. HECAP is wounded and unable to move. Without your help, HE will die within {1} days.\n\nIt may be dangerous there, so beware.</letterText>
		<letterDef>NeutralEvent</letterDef>
		<baseChance>0.7</baseChance>
		<minRefireDays>5</minRefireDays>
		<chanceFactorByPopulationCurve>
			<points>
				<li>(2,0)</li>
				<li>(7,1)</li>
			</points>
		</chanceFactorByPopulationCurve>
	</IncidentDef>
	
	<IncidentDef>
		<defName>QuestPrisonerWillingToJoin</defName>
		<label>prisoner rescue opportunity</label>
		<category>Misc</category>
    <targetTypes>
      <li>World</li>
    </targetTypes>
		<workerClass>IncidentWorker_QuestPrisonerWillingToJoin</workerClass>
		<letterLabel>Prisoner rescue opportunity</letterLabel>
		<letterText>A prisoner being held by {0} has managed to steal a radio and call you!\n\nNAME is being held at a camp nearby under armed guard. Rescue HIM, and HE will join your colony. HECAP is a {1}-year-old {2}.</letterText>
		<letterDef>NeutralEvent</letterDef>
		<baseChance>0.7</baseChance>
		<minRefireDays>10</minRefireDays>
		<populationEffect>Increase</populationEffect>
		<chanceFactorByPopulationCurve>
			<points>
				<li>(2,0)</li>
				<li>(4,1)</li>
			</points>
		</chanceFactorByPopulationCurve>
	</IncidentDef>

	<IncidentDef>
		<defName>QuestPeaceTalks</defName>
		<label>peace talks opportunity</label>
		<category>Misc</category>
    <targetTypes>
      <li>World</li>
    </targetTypes>
		<workerClass>IncidentWorker_QuestPeaceTalks</workerClass>
		<letterLabel>Peace talks opportunity</letterLabel>
		<letterText>NAME, {0} of {1}, has sent us a message. HECAP wants to talk with us in a nearby location.\n\nIt could be a great opportunity to improve relations with their faction, but beware - a poor negotiator can cause more harm than good and even anger them.\n\nThe offer will expire after {2} days.</letterText>
		<letterDef>NeutralEvent</letterDef>
		<baseChance>1</baseChance>
		<minRefireDays>5</minRefireDays>
	</IncidentDef>
	
</Defs>