﻿<?xml version="1.0" encoding="utf-8" ?>
<Defs>

	<!-- ============================== Big threats ==============================-->
	
  <IncidentDef>
    <defName>RaidEnemy</defName>
    <label>enemy raid</label>
    <targetTypes>
      <li>Map_PlayerHome</li>
    </targetTypes>
    <workerClass>IncidentWorker_RaidEnemy</workerClass>
    <baseChance>7.4</baseChance>
    <category>ThreatBig</category>
    <pointsScaleable>true</pointsScaleable>
    <tale>Raid</tale>
  </IncidentDef>

  <IncidentDef>
    <defName>Infestation</defName>
    <label>infestation</label>
    <targetTypes>
      <li>Map_PlayerHome</li>
    </targetTypes>
    <workerClass>IncidentWorker_Infestation</workerClass>
    <letterLabel>Infestation</letterLabel>
    <letterText>Giant insects are tunneling towards you! They will break through in a few seconds and plant hives.\n\nThe hives will spawn more insects and more hives.\n\nIf you don't want the insects to infest the whole area, destroy the hives. But beware - the bugs will defend their home.</letterText>
    <letterDef>ThreatBig</letterDef>
    <baseChance>2.7</baseChance>
    <minRefireDays>20</minRefireDays>
    <category>ThreatBig</category>
    <pointsScaleable>true</pointsScaleable>
    <minThreatPoints>400</minThreatPoints>
    <tale>Infestation</tale>
  </IncidentDef>

  <IncidentDef>
    <defName>DeepDrillInfestation</defName>
    <label>deep drill infestation</label>
    <targetTypes>
      <li>Map_PlayerHome</li>
      <li>Map_TempIncident</li>
      <li>Map_Misc</li>
      <li>Map_RaidBeacon</li>
    </targetTypes>
    <workerClass>IncidentWorker_DeepDrillInfestation</workerClass>
    <letterLabel>Too deep: Infestation</letterLabel>
    <letterText>You've accidentally drilled a hole in a cave full of insects and now they're tunneling towards you to seek revenge! Beware - the bugs have been angered and will try to destroy your base.</letterText>
    <letterDef>ThreatBig</letterDef>
    <baseChance>1</baseChance>
    <category>DeepDrillInfestation</category>
    <pointsScaleable>true</pointsScaleable>
    <tale>Infestation</tale>
  </IncidentDef>

  <IncidentDef>
    <defName>ManhunterPack</defName>
    <label>manhunter pack</label>
    <targetTypes>
      <li>Map_PlayerHome</li>
    </targetTypes>
    <workerClass>IncidentWorker_ManhunterPack</workerClass>
    <baseChance>2.0</baseChance>
    <category>ThreatBig</category>
    <minRefireDays>8</minRefireDays>
    <pointsScaleable>true</pointsScaleable>
    <tale>ManhunterPack</tale>
  </IncidentDef>

  <IncidentDef>
    <defName>PsychicEmanatorShipPartCrash</defName>
    <label>ship part crash (psychic)</label>
    <targetTypes>
      <li>Map_PlayerHome</li>
    </targetTypes>
    <workerClass>IncidentWorker_PsychicEmanatorShipPartCrash</workerClass>
    <letterLabel>Psychic ship</letterLabel>
    <letterText>A large piece of an ancient ship has crashed nearby.\n\nYour colonists can feel it in the back of their mind, exhorting unspeakable acts. It must have an onboard AI persona with psychic projection ability. And this AI is not friendly.\n\nDestroy it as soon as possible. But beware - it will probably defend itself.</letterText>
    <letterDef>ThreatSmall</letterDef>
    <baseChance>2.0</baseChance>
    <minRefireDays>15</minRefireDays>
    <tags>
      <li>MechanoidShip</li>
    </tags>
    <refireCheckTags>
      <li>MechanoidShip</li>
    </refireCheckTags>
    <category>ThreatBig</category>
    <pointsScaleable>true</pointsScaleable>
    <minThreatPoints>450</minThreatPoints>
    <shipPart>CrashedPsychicEmanatorShipPart</shipPart>
    <tale>ShipPartCrash</tale>
  </IncidentDef>
  
  <IncidentDef>
    <defName>PoisonShipPartCrash</defName>
    <label>ship part crash (poison)</label>
    <targetTypes>
      <li>Map_PlayerHome</li>
    </targetTypes>
    <workerClass>IncidentWorker_PoisonShipPartCrash</workerClass>
    <letterLabel>Poison ship</letterLabel>
    <letterText>A large piece of an ancient ship has crashed nearby.\n\nIt is leaking toxic material and will kill all plants in an expanding circle around itself.\n\nDestroy it as soon as possible. But beware - it will probably defend itself.</letterText>
    <letterDef>ThreatSmall</letterDef>
    <baseChance>2.0</baseChance>
    <minRefireDays>15</minRefireDays>
    <tags>
      <li>MechanoidShip</li>
    </tags>
    <refireCheckTags>
      <li>MechanoidShip</li>
    </refireCheckTags>
    <category>ThreatBig</category>
    <pointsScaleable>true</pointsScaleable>
    <minThreatPoints>450</minThreatPoints>
    <shipPart>CrashedPoisonShipPart</shipPart>
    <tale>ShipPartCrash</tale>
  </IncidentDef>
  
  <IncidentDef>
    <defName>AnimalInsanityMass</defName>
    <label>mass animal insanity</label>
    <targetTypes>
      <li>Map_PlayerHome</li>
    </targetTypes>
    <workerClass>IncidentWorker_AnimalInsanityMass</workerClass>
    <baseChance>1.3</baseChance>
    <minRefireDays>1</minRefireDays>
    <category>ThreatBig</category>
    <pointsScaleable>true</pointsScaleable>
  </IncidentDef>

	<!-- ============================== Small threats ==============================-->

	<IncidentDef>
		<defName>AnimalInsanitySingle</defName>
    <label>single animal insanity</label>
    <targetTypes>
      <li>Map_PlayerHome</li>
    </targetTypes>
		<workerClass>IncidentWorker_AnimalInsanitySingle</workerClass>
		<baseChance>5</baseChance>
		<minRefireDays>2</minRefireDays>
		<category>ThreatSmall</category>
	</IncidentDef>

</Defs>
