﻿<?xml version="1.0" encoding="utf-8" ?>
<Defs>

	<!-- =========================== Good ============================-->

	<IncidentDef>
		<defName>ResourcePodCrash</defName>
		<label>resource pod crash</label>
		<category>Misc</category>
    <targetTypes>
      <li>MapPlayerHome</li>
    </targetTypes>
		<workerClass>IncidentWorker_ResourcePodCrash</workerClass>
		<baseChance>2.6</baseChance>
	</IncidentDef>

	<IncidentDef>
		<defName>PsychicSoothe</defName>
		<label>psychic soothe</label>
		<category>Misc</category>
    <targetTypes>
      <li>MapPlayerHome</li>
    </targetTypes>
		<workerClass>IncidentWorker_PsychicSoothe</workerClass>
		<baseChance>1.0</baseChance>
		<minRefireDays>15</minRefireDays>
		<durationDays>
			<min>1.5</min>
			<max>3.0</max>
		</durationDays>
	</IncidentDef>

	<IncidentDef>
		<defName>SelfTame</defName>
		<label>self-tame</label>
		<category>Misc</category>
    <targetTypes>
      <li>MapPlayerHome</li>
    </targetTypes>
		<workerClass>IncidentWorker_SelfTame</workerClass>
		<baseChance>0.75</baseChance>
	</IncidentDef>

	<IncidentDef>
		<defName>AmbrosiaSprout</defName>
		<label>ambrosia sprout</label>
		<category>Misc</category>
    <targetTypes>
      <li>MapPlayerHome</li>
    </targetTypes>
		<workerClass>IncidentWorker_AmbrosiaSprout</workerClass>
		<baseChance>0.35</baseChance>
		<letterLabel>Ambrosia sprout</letterLabel>
		<letterText>A grove of the mysterious ambrosia bush has sprouted nearby! If you wait for the plants to grow, you'll be able to harvest the delicious, pleasurable, and slightly addictive fruit.</letterText>
		<letterDef>PositiveEvent</letterDef>
		<allowedBiomes>
			<li>TropicalRainforest</li>
			<li>TropicalSwamp</li>
			<li>TemperateForest</li>
			<li>TemperateSwamp</li>
			<li>BorealForest</li>
			<li>AridShrubland</li>
		</allowedBiomes>
	</IncidentDef>

	<IncidentDef>
		<defName>FarmAnimalsWanderIn</defName>
		<label>farm animals wander in</label>
		<category>Misc</category>
    <targetTypes>
      <li>MapPlayerHome</li>
    </targetTypes>
		<workerClass>IncidentWorker_FarmAnimalsWanderIn</workerClass>
		<baseChance>0.25</baseChance>
	</IncidentDef>

	<IncidentDef>
		<defName>WandererJoin</defName>
		<label>wanderer join</label>
		<category>Misc</category>
    <targetTypes>
      <li>MapPlayerHome</li>
    </targetTypes>
		<workerClass>IncidentWorker_WandererJoin</workerClass>
		<baseChance>0.4</baseChance>
		<populationEffect>Increase</populationEffect>
	</IncidentDef>

	<IncidentDef>
		<defName>RefugeePodCrash</defName>
		<label>refugee pod crash</label>
		<category>Misc</category>
    <targetTypes>
      <li>MapPlayerHome</li>
    </targetTypes>
		<workerClass>IncidentWorker_RefugeePodCrash</workerClass>
		<baseChance>1.5</baseChance>
		<populationEffect>Increase</populationEffect>
	</IncidentDef>

	<!-- =========================== Neutral ============================-->
	
  <IncidentDef>
    <defName>RefugeeChased</defName>
    <label>chased refugee</label>
		<category>Misc</category>
    <targetTypes>
      <li>MapPlayerHome</li>
    </targetTypes>
    <workerClass>IncidentWorker_RefugeeChased</workerClass>
    <baseChance>2</baseChance>
    <populationEffect>Increase</populationEffect>
    <minRefireDays>8</minRefireDays>
  </IncidentDef>

  <IncidentDef>
    <defName>ThrumboPasses</defName>
    <label>thrumbos pass</label>
		<category>Misc</category>
    <targetTypes>
      <li>MapPlayerHome</li>
    </targetTypes>
    <workerClass>IncidentWorker_ThrumboPasses</workerClass>
    <baseChance>0.7</baseChance>
    <minRefireDays>13</minRefireDays>
  </IncidentDef>
  
  <IncidentDef>
    <defName>RansomDemand</defName>
    <label>ransom demand</label>
		<category>Misc</category>
    <targetTypes>
      <li>MapPlayerHome</li>
    </targetTypes>
    <workerClass>IncidentWorker_RansomDemand</workerClass>
    <baseChance>2</baseChance>
    <populationEffect>Increase</populationEffect>
    <letterLabel>Ransom demand</letterLabel>
    <letterDef>RansomDemand</letterDef>
  </IncidentDef>

  <IncidentDef>
    <defName>CaravanRequest</defName>
    <label>caravan request</label>
		<category>Misc</category>
    <targetTypes>
      <li>MapPlayerHome</li>
    </targetTypes>
    <workerClass>IncidentWorker_CaravanRequest</workerClass>
    <baseChance>1</baseChance>
		<minPopulation>4</minPopulation>
		<earliestDay>15</earliestDay>
		<chanceFactorByPopulationCurve>
			<points>
				<li>(2,0)</li>
				<li>(7,1)</li>
			</points>
		</chanceFactorByPopulationCurve>
  </IncidentDef>
  
	<IncidentDef>
		<defName>MeteoriteImpact</defName>
		<label>meteorite impact</label>
		<category>Misc</category>
		<targetTypes>
			<li>MapPlayerHome</li>
		</targetTypes>
		<workerClass>IncidentWorker_MeteoriteImpact</workerClass>
		<baseChance>0.6</baseChance>
		<letterLabel>Meteorite</letterLabel>
		<letterText>A large meteorite has struck ground in the area. It has left behind a lump of {0}.</letterText>
    <tale>MeteoriteImpact</tale>
	</IncidentDef>

	<IncidentDef>
		<defName>HerdMigration</defName>
		<label>herd migration</label>
		<category>Misc</category>
		<targetTypes>
			<li>MapPlayerHome</li>
		</targetTypes>
		<workerClass>IncidentWorker_HerdMigration</workerClass>
		<baseChance>0.8</baseChance>
		<letterLabel>Herd migration: {0}</letterLabel>
		<letterText>A large herd of {0} is passing through the area. They won't attack unless provoked.</letterText>
		<letterDef>NeutralEvent</letterDef>
	</IncidentDef>

	<!--========================== Bad ===============================-->

	<IncidentDef>
		<defName>PsychicDrone</defName>
		<label>psychic drone</label>
		<category>Misc</category>
    <targetTypes>
      <li>MapPlayerHome</li>
    </targetTypes>
		<workerClass>IncidentWorker_PsychicDrone</workerClass>
		<gameCondition>PsychicDrone</gameCondition>
		<baseChance>1.0</baseChance>
		<minRefireDays>15</minRefireDays>
		<durationDays>
			<min>0.75</min>
			<max>1.75</max>
		</durationDays>
	</IncidentDef>

	<IncidentDef>
		<defName>ToxicFallout</defName>
		<label>toxic fallout</label>
		<category>Misc</category>
    <targetTypes>
      <li>MapPlayerHome</li>
    </targetTypes>
		<workerClass>IncidentWorker_MakeGameCondition</workerClass>
		<gameCondition>ToxicFallout</gameCondition>
		<letterLabel>Toxic fallout</letterLabel>
		<letterText>A distant chemical fire has released a plume of poison over this entire region.\n\nAny person or creature not under a roof will be slowly sickened by the toxic dust settling out of the atmosphere.\n\nIt will last for anywhere between a few days to over a season.</letterText>
		<letterDef>ThreatSmall</letterDef>
		<baseChance>0.15</baseChance>
		<earliestDay>20</earliestDay>
		<minRefireDays>90</minRefireDays>
		<minDifficulty>2</minDifficulty>
		<durationDays>
			<min>2.5</min>
			<max>10.5</max>
		</durationDays>
    <tale>ToxicFallout</tale>
	</IncidentDef>

	<IncidentDef>
		<defName>VolcanicWinter</defName>
		<label>volcanic winter</label>
		<category>Misc</category>
    <targetTypes>
      <li>MapPlayerHome</li>
    </targetTypes>
		<workerClass>IncidentWorker_MakeGameCondition</workerClass>
		<gameCondition>VolcanicWinter</gameCondition>
		<letterLabel>Volcanic winter</letterLabel>
		<letterText>A distant supervolcano has erupted and begun spewing millions of cubic kilometers of ash into the atmosphere.\n\nAsh in the atmosphere will obscure the sun. Temperatures will drop and plants will suffer for lack of sunlight. It could pass in a few weeks, or it might last many seasons.</letterText>
		<letterDef>ThreatSmall</letterDef>
		<baseChance>0.08</baseChance>
		<earliestDay>30</earliestDay>
		<minRefireDays>140</minRefireDays>
		<minDifficulty>2</minDifficulty>
		<durationDays>
			<min>7.5</min>
			<max>40</max>
		</durationDays>
    <tale>VolcanicWinter</tale>
	</IncidentDef>

	<IncidentDef>
		<defName>HeatWave</defName>
		<label>heat wave</label>
		<category>Misc</category>
    <targetTypes>
      <li>MapPlayerHome</li>
    </targetTypes>
		<workerClass>IncidentWorker_HeatWave</workerClass>
		<gameCondition>HeatWave</gameCondition>
		<letterLabel>Heat wave</letterLabel>
		<letterText>An unusual heat wave has begun.\n\nHeat waves can kill quickly if people start getting heatstroke. Stay cool by building a cooler or getting deep under a mountain.</letterText>
		<letterDef>ThreatSmall</letterDef>
		<baseChance>3</baseChance>
		<minRefireDays>30</minRefireDays>
		<durationDays>
			<min>1.5</min>
			<max>3.5</max>
		</durationDays>
	</IncidentDef>

	<IncidentDef>
		<defName>ColdSnap</defName>
		<label>cold snap</label>
		<category>Misc</category>
		    <targetTypes>
      <li>MapPlayerHome</li>
    </targetTypes>
		<workerClass>IncidentWorker_ColdSnap</workerClass>
		<gameCondition>ColdSnap</gameCondition>
		<letterLabel>Cold snap</letterLabel>
		<letterText>An unusual cold snap has set in.\n\nCold snaps can quickly kill by hypothermia. Be sure to build a heated space to survive, wear appropriate apparel, and try to harvest crops before they freeze and die.</letterText>
		<letterDef>ThreatSmall</letterDef>
		<baseChance>2</baseChance>
		<minRefireDays>30</minRefireDays>
		<durationDays>
			<min>1.5</min>
			<max>3.5</max>
		</durationDays>
	</IncidentDef>

	<IncidentDef>
		<defName>Aurora</defName>
		<label>aurora</label>
		<category>Misc</category>
    <targetTypes>
      <li>MapPlayerHome</li>
    </targetTypes>
		<workerClass>IncidentWorker_Aurora</workerClass>
		<gameCondition>Aurora</gameCondition>
		<letterLabel>Aurora</letterLabel>
		<letterText>A beautiful aurora is lighting up the sky.\n\nThe undulating colors will boost the mood of anyone outside to see them, and make the night brighter.</letterText>
		<letterDef>PositiveEvent</letterDef>
		<baseChance>1.2</baseChance>
		<minRefireDays>15</minRefireDays>
		<durationDays>
			<min>0.125</min>
			<max>0.35</max>
		</durationDays>
    <tale>Aurora</tale>
	</IncidentDef>

	<IncidentDef>
		<defName>Flashstorm</defName>
		<label>flashstorm</label>
		<category>Misc</category>
    <targetTypes>
      <li>MapPlayerHome</li>
    </targetTypes>
		<workerClass>IncidentWorker_Flashstorm</workerClass>
		<letterLabel>Flashstorm</letterLabel>
		<letterText>A freak localized flashstorm is striking a small area with lightning. This can cause massive fires.</letterText>
		<letterDef>ThreatSmall</letterDef>
		<baseChance>0.3</baseChance>
		<minRefireDays>15</minRefireDays>
		<minDifficulty>2</minDifficulty>
		<durationDays>
			<min>0.075</min>
			<max>0.1</max>
		</durationDays>
    <tale>Flashstorm</tale>
	</IncidentDef>

	<IncidentDef>
		<defName>Tornado</defName>
		<label>tornado</label>
		<category>Misc</category>
    <targetTypes>
      <li>MapPlayerHome</li>
    </targetTypes>
		<workerClass>IncidentWorker_Tornado</workerClass>
		<letterLabel>Tornado</letterLabel>
		<letterText>A tornado has formed!\n\nIt will cut a path of destruction through the area.</letterText>
		<letterDef>ThreatSmall</letterDef>
		<baseChance>0.5</baseChance>
		<minRefireDays>15</minRefireDays>
		<minDifficulty>2</minDifficulty>
    <tale>Tornado</tale>
	</IncidentDef>

	<IncidentDef>
		<defName>ShortCircuit</defName>
		<label>short circuit</label>
		<category>Misc</category>
    <targetTypes>
      <li>MapPlayerHome</li>
    </targetTypes>
		<workerClass>IncidentWorker_ShortCircuit</workerClass>
		<baseChance>1.2</baseChance>
		<minRefireDays>8</minRefireDays>
	</IncidentDef>

	<IncidentDef>
		<defName>CropBlight</defName>
		<label>crop blight</label>
		<category>Misc</category>
    <targetTypes>
      <li>MapPlayerHome</li>
    </targetTypes>
		<workerClass>IncidentWorker_CropBlight</workerClass>
		<baseChance>0.30</baseChance>
		<minRefireDays>30</minRefireDays>
	</IncidentDef>

	<IncidentDef>
		<defName>Alphabeavers</defName>
		<label>alphabeavers</label>
		<category>Misc</category>
    <targetTypes>
      <li>MapPlayerHome</li>
    </targetTypes>
		<workerClass>IncidentWorker_Alphabeavers</workerClass>
		<baseChance>1.0</baseChance>
		<minRefireDays>8</minRefireDays>
		<allowedBiomes>
			<li>BorealForest</li>
			<li>TemperateForest</li>
			<li>TemperateSwamp</li>
			<li>TropicalRainforest</li>
			<li>TropicalSwamp</li>
		</allowedBiomes>
	</IncidentDef>

</Defs>