﻿<?xml version="1.0" encoding="utf-8" ?>
<Defs>

  <RaidStrategyDef>
    <defName>ImmediateAttack</defName>
    <workerClass>RaidStrategyWorker_ImmediateAttack</workerClass>
    <selectionWeightPerPointsCurve>
      <points>
        <li>(300,1)</li>
        <li>(700,0.5)</li>
      </points>
    </selectionWeightPerPointsCurve>
    <pointsFactor>0.9</pointsFactor>
    <arriveModes>
      <li>EdgeDrop</li>
      <li>EdgeWalkIn</li>
      <li>CenterDrop</li>
      <li>RandomDrop</li>
      <li>EdgeDropGroups</li>
      <li>EdgeWalkInGroups</li>
    </arriveModes>
    <letterLabelEnemy>Raid</letterLabelEnemy>
    <arrivalTextEnemy>They are attacking immediately.</arrivalTextEnemy>
    <letterLabelFriendly>Friendlies</letterLabelFriendly>
    <arrivalTextFriendly>They are moving in to help you immediately.</arrivalTextFriendly>
  </RaidStrategyDef>

  <RaidStrategyDef>
    <defName>StageThenAttack</defName>
    <workerClass>RaidStrategyWorker_StageThenAttack</workerClass>
    <selectionWeightPerPointsCurve>
      <points>
        <li>(300,1)</li>
        <li>(700,0.5)</li>
      </points>
    </selectionWeightPerPointsCurve>
    <pointsFactor>1.0</pointsFactor>
    <arriveModes>
      <li>EdgeDrop</li>
      <li>EdgeWalkIn</li>
      <li>EdgeDropGroups</li>
      <li>EdgeWalkInGroups</li>
    </arriveModes>
    <letterLabelEnemy>Raid</letterLabelEnemy>
    <arrivalTextEnemy>They will prepare for a while, then attack.\n\nPrepare a defense or attack them pre-emptively.</arrivalTextEnemy>
    <letterLabelFriendly>Friendlies</letterLabelFriendly>
    <arrivalTextFriendly>They will prepare for a while before moving in to help you.</arrivalTextFriendly>
  </RaidStrategyDef>

  <RaidStrategyDef>
    <defName>ImmediateAttackSmart</defName>
    <workerClass>RaidStrategyWorker_ImmediateAttackSmart</workerClass>
    <selectionWeightPerPointsCurve>
      <points>
        <li>(300,0)</li>
        <li>(700,1)</li>
      </points>
    </selectionWeightPerPointsCurve>
    <pointsFactor>0.85</pointsFactor>
    <arriveModes>
      <li>EdgeDrop</li>
      <li>EdgeWalkIn</li>
      <li>CenterDrop</li>
      <li>RandomDrop</li>
      <li>EdgeDropGroups</li>
      <li>EdgeWalkInGroups</li>
    </arriveModes>
    <letterLabelEnemy>Raid</letterLabelEnemy>
    <arrivalTextEnemy>They are attacking immediately.\n\nWatch out - they appear to be unusually clever with their tactics.</arrivalTextEnemy>
    <letterLabelFriendly>Friendlies</letterLabelFriendly>
    <arrivalTextFriendly>They are moving in to help you immediately.</arrivalTextFriendly>
  </RaidStrategyDef>
  
  <RaidStrategyDef>
    <defName>ImmediateAttackSappers</defName>
    <workerClass>RaidStrategyWorker_ImmediateAttackSappers</workerClass>
    <selectionWeightPerPointsCurve>
      <points>
        <li>(300,0)</li>
        <li>(700,2)</li>
        <li>(1200,3)</li>
        <li>(2000,4)</li>
      </points>
    </selectionWeightPerPointsCurve>
    <minPawns>2</minPawns>
    <pointsFactor>0.80</pointsFactor>
    <arriveModes>
      <li>EdgeDrop</li>
      <li>EdgeWalkIn</li>
      <li>EdgeDropGroups</li>
      <li>EdgeWalkInGroups</li>
    </arriveModes>
    <letterLabelEnemy>Raid</letterLabelEnemy>
    <arrivalTextEnemy>It looks like they want to use sappers to tunnel around your defenses.</arrivalTextEnemy>
  </RaidStrategyDef>

  <RaidStrategyDef>
    <defName>Siege</defName>
    <workerClass>RaidStrategyWorker_Siege</workerClass>
    <pointsFactor>0.6</pointsFactor>
    <selectionWeightPerPointsCurve>
      <points>
        <li>(300,0)</li>
        <li>(700,2)</li>
        <li>(1200,3)</li>
        <li>(2000,4)</li>
      </points>
    </selectionWeightPerPointsCurve>
    <minPawns>4</minPawns>
    <arriveModes>
      <li>EdgeDrop</li>
      <li>EdgeWalkIn</li>
    </arriveModes>
    <letterLabelEnemy>Siege</letterLabelEnemy>
    <arrivalTextEnemy>It looks like they want to besiege the colony and pound you with mortars from a distance. You can try to wait them out - or go get them.</arrivalTextEnemy>
    <letterLabelFriendly>Friendlies</letterLabelFriendly>
    <arrivalTextFriendly>It looks like they want to use siege tactics to help you.</arrivalTextFriendly>
  </RaidStrategyDef>

</Defs>
