﻿<?xml version="1.0" encoding="utf-8"?><Defs>

  <SoundDef>
    <defName>GeyserSpray</defName>  
    <sustain>True</sustain>  
    <context>MapOnly</context>
    <eventNames />  
    <priorityMode>PrioritizeNearest</priorityMode>  
    <sustainFadeoutTime>1</sustainFadeoutTime>  
    <subSounds>
      <li>
        <grains>
          <li Class="AudioGrain_Clip">
            <clipPath>Misc/Steam_Geyser/SteamGeyser_Venting</clipPath>
          </li>
        </grains>      
        <volumeRange>
          <min>5</min>        
          <max>6</max>
        </volumeRange>      
        <pitchRange>
          <min>0.9088235</min>        
          <max>1</max>
        </pitchRange>      
        <distRange>
          <min>10</min>        
          <max>34</max>
        </distRange>      
        <sustainAttack>2</sustainAttack>      
        <sustainSkipFirstAttack>False</sustainSkipFirstAttack>
      </li>
    </subSounds>
  </SoundDef>

</Defs>
