﻿<?xml version="1.0" encoding="utf-8"?><Defs>

  <SoundDef>
    <defName>PsychicPulseGlobal</defName>  
    <context>MapOnly</context>
    <eventNames />  
    <subSounds>
      <li>
        <onCamera>True</onCamera>      
        <grains>
          <li Class="AudioGrain_Folder">
            <clipFolderPath>Exotic/Crashed_Ship_Part/Psychic_Pulse</clipFolderPath>
          </li>
        </grains>      
        <volumeRange>
          <min>9.705886</min>        
          <max>9.705877</max>
        </volumeRange>      
        <pitchRange>
          <min>0.8529412</min>        
          <max>1.321177</max>
        </pitchRange>      
        <filters>
          <li Class="SoundFilterEcho">
            <delay>1112.654</delay>          
            <decayRatio>0.5433328</decayRatio>          
            <wetMix>0.1333435</wetMix>          
            <dryMix>1</dryMix>
          </li>
        </filters>      
        <sustainLoop>False</sustainLoop>
      </li>
    </subSounds>
  </SoundDef>


  <SoundDef>
    <defName>ShipTakeoff</defName>
    <eventNames />
    <subSounds>
      <li>
        <onCamera>True</onCamera>
        <grains>
          <li Class="AudioGrain_Clip">
            <clipPath>Misc/Ship_Takeoff_1</clipPath>
          </li>
        </grains>
        <volumeRange>
          <min>50</min>
          <max>50</max>
        </volumeRange>
      </li>
    </subSounds>
  </SoundDef>
  
  
  
</Defs>
