﻿<?xml version="1.0" encoding="utf-8"?><Defs>

  <SoundDef>
    <defName>RawVegetable_Eat</defName>  
    <sustain>True</sustain>  
    <context>MapOnly</context>
    <eventNames />  
    <maxSimultaneous>1</maxSimultaneous>  
    <priorityMode>PrioritizeNearest</priorityMode>  
    <sustainStartSound>RawVegetable_EatStart</sustainStartSound>  
    <subSounds>
      <li>
        <muteWhenPaused>True</muteWhenPaused>      
        <grains>
          <li Class="AudioGrain_Folder">
            <clipFolderPath>Pawn/Human/Eating/Raw_Vegetable</clipFolderPath>
          </li>
        </grains>      
        <volumeRange>
          <min>10</min>        
          <max>10</max>
        </volumeRange>      
        <distRange>
          <min>10</min>        
          <max>50</max>
        </distRange>      
        <sustainLoop>False</sustainLoop>
      </li>
    </subSounds>
  </SoundDef>

  <SoundDef>
    <defName>RawMeat_Eat</defName>  
    <sustain>True</sustain>  
    <context>MapOnly</context>
    <eventNames />  
    <maxSimultaneous>1</maxSimultaneous>  
    <priorityMode>PrioritizeNearest</priorityMode>  
    <sustainStartSound>RawVegetable_EatStart</sustainStartSound>  
    <subSounds>
      <li>
        <muteWhenPaused>True</muteWhenPaused>      
        <grains>
          <li Class="AudioGrain_Folder">
            <clipFolderPath>Pawn/Human/Eating/Raw_Meat</clipFolderPath>
          </li>
        </grains>      
        <volumeRange>
          <min>10</min>        
          <max>10</max>
        </volumeRange>      
        <pitchRange>
          <min>0.8852941</min>        
          <max>1.022941</max>
        </pitchRange>      
        <distRange>
          <min>10</min>        
          <max>50</max>
        </distRange>      
        <sustainLoop>False</sustainLoop>
      </li>
    </subSounds>
  </SoundDef>

  <SoundDef>
    <defName>Meal_Eat</defName>  
    <sustain>True</sustain>  
    <context>MapOnly</context>
    <eventNames />  
    <maxSimultaneous>1</maxSimultaneous>  
    <priorityMode>PrioritizeNearest</priorityMode>  
    <sustainStartSound>RawVegetable_EatStart</sustainStartSound>  
    <subSounds>
      <li>
        <muteWhenPaused>True</muteWhenPaused>      
        <grains>
          <li Class="AudioGrain_Folder">
            <clipFolderPath>Pawn/Human/Eating/Meal</clipFolderPath>
          </li>
        </grains>      
        <volumeRange>
          <min>10</min>        
          <max>10</max>
        </volumeRange>      
        <pitchRange>
          <min>0.862353</min>        
          <max>0.9541182</max>
        </pitchRange>      
        <distRange>
          <min>10</min>        
          <max>50</max>
        </distRange>      
        <filters>
          <li Class="SoundFilterLowPass">
            <cutoffFrequency>2180.26</cutoffFrequency>          
            <lowpassResonaceQ>1</lowpassResonaceQ>
          </li>
        </filters>      
        <sustainLoop>False</sustainLoop>      
        <sustainIntervalRange>
          <min>0.6978282</min>        
          <max>0.6978282</max>
        </sustainIntervalRange>
      </li>
    </subSounds>
  </SoundDef>

  <SoundDef>
    <defName>Ingest_Beer</defName>  
    <sustain>True</sustain>  
    <context>MapOnly</context>
    <eventNames />  
    <maxSimultaneous>1</maxSimultaneous>  
    <priorityMode>PrioritizeNearest</priorityMode>  
    <sustainStartSound>Ingest_Beer_Start</sustainStartSound>  
    <subSounds>
      <li>
        <muteWhenPaused>True</muteWhenPaused>      
        <grains>
          <li Class="AudioGrain_Folder">
            <clipFolderPath>Pawn/Human/Drinking/Ingest_Beer/Loop</clipFolderPath>
          </li>
        </grains>      
        <volumeRange>
          <min>17</min>        
          <max>13</max>
        </volumeRange>      
        <pitchRange>
          <min>0.8</min>        
          <max>1.2</max>
        </pitchRange>      
        <distRange>
          <min>0</min>        
          <max>49.53489</max>
        </distRange>      
        <sustainLoop>False</sustainLoop>      
        <sustainIntervalRange>
          <min>0.1</min>        
          <max>0.5</max>
        </sustainIntervalRange>
      </li>
    </subSounds>
  </SoundDef>

  <SoundDef>
    <defName>Ingest_Beer_Start</defName>  
    <context>MapOnly</context>
    <eventNames />  
    <maxSimultaneous>1</maxSimultaneous>  
    <subSounds>
      <li>
        <grains>
          <li Class="AudioGrain_Folder">
            <clipFolderPath>Pawn/Human/Drinking/Ingest_Beer/Start</clipFolderPath>
          </li>
        </grains>      
        <volumeRange>
          <min>16</min>        
          <max>16</max>
        </volumeRange>      
        <pitchRange>
          <min>0.8</min>        
          <max>1.2</max>
        </pitchRange>      
        <distRange>
          <min>0</min>        
          <max>51.86047</max>
        </distRange>      
        <sustainLoop>False</sustainLoop>
      </li>
    </subSounds>
  </SoundDef>

  <SoundDef>
    <defName>Ingest_Drink</defName>
    <sustain>True</sustain>
    <context>MapOnly</context>
    <eventNames />
    <maxSimultaneous>1</maxSimultaneous>
    <priorityMode>PrioritizeNearest</priorityMode>
    <subSounds>
      <li>
        <muteWhenPaused>True</muteWhenPaused>
        <grains>
          <li Class="AudioGrain_Folder">
            <clipFolderPath>Pawn/Human/Drinking/Ingest_Beer/Loop</clipFolderPath>
          </li>
        </grains>
        <volumeRange>
          <min>30</min>
          <max>15</max>
        </volumeRange>
        <pitchRange>
          <min>0.8</min>
          <max>1.2</max>
        </pitchRange>
        <distRange>
          <min>0</min>
          <max>49.53489</max>
        </distRange>
        <sustainLoop>False</sustainLoop>
        <sustainIntervalRange>
          <min>0.1</min>
          <max>0.5</max>
        </sustainIntervalRange>
      </li>
    </subSounds>
  </SoundDef>
  
  <SoundDef>
    <defName>Ingest_Smoke</defName>
    <context>MapOnly</context>
    <eventNames />
    <maxSimultaneous>1</maxSimultaneous>
    <subSounds>
      <li>
        <grains>
          <li Class="AudioGrain_Clip">
            <clipPath>Interact/Drugs/Smoke/Smoke_start</clipPath>
          </li>
        </grains>
        <volumeRange>
          <min>20</min>
          <max>20</max>
        </volumeRange>
        <pitchRange>
          <min>0.8</min>
          <max>1.2</max>
        </pitchRange>
        <distRange>
          <min>0</min>
          <max>51.86047</max>
        </distRange>
        <sustainLoop>False</sustainLoop>
      </li>
    </subSounds>
  </SoundDef>

  <SoundDef>
    <defName>Ingest_Snort</defName>
    <sustain>True</sustain>
    <context>MapOnly</context>
    <eventNames />
    <maxSimultaneous>1</maxSimultaneous>
    <priorityMode>PrioritizeNearest</priorityMode>
    <subSounds>
      <li>
        <muteWhenPaused>True</muteWhenPaused>
        <grains>
          <li Class="AudioGrain_Folder">
            <clipFolderPath>Interact/Drugs/Snort</clipFolderPath>
          </li>
        </grains>
        <volumeRange>
          <min>17</min>
          <max>17</max>
        </volumeRange>
        <pitchRange>
          <min>0.9</min>
          <max>1.1</max>
        </pitchRange>
        <distRange>
          <min>0</min>
          <max>49.53489</max>
        </distRange>
        <sustainLoop>False</sustainLoop>
        <sustainIntervalRange>
          <min>0.1</min>
          <max>0.5</max>
        </sustainIntervalRange>
      </li>
    </subSounds>
  </SoundDef>

  <SoundDef>
    <defName>Ingest_Pill</defName>
    <context>MapOnly</context>
    <eventNames />
    <maxSimultaneous>1</maxSimultaneous>
    <subSounds>
      <li>
        <grains>
          <li Class="AudioGrain_Folder">
            <clipFolderPath>Interact/Drugs/Pills</clipFolderPath>
          </li>
        </grains>
        <volumeRange>
          <min>42</min>
          <max>42</max>
        </volumeRange>
        <pitchRange>
          <min>0.8</min>
          <max>1.2</max>
        </pitchRange>
        <distRange>
          <min>0</min>
          <max>51.86047</max>
        </distRange>
        <sustainLoop>False</sustainLoop>
      </li>
    </subSounds>
  </SoundDef>

  <SoundDef>
    <defName>Ingest_Inject</defName>
    <context>MapOnly</context>
    <eventNames />
    <maxSimultaneous>1</maxSimultaneous>
    <subSounds>
      <li>
        <grains>
          <li Class="AudioGrain_Folder">
            <clipFolderPath>Interact/Drugs/Inject</clipFolderPath>
          </li>
        </grains>
        <volumeRange>
          <min>42</min>
          <max>42</max>
        </volumeRange>
        <pitchRange>
          <min>0.8</min>
          <max>1.2</max>
        </pitchRange>
        <distRange>
          <min>0</min>
          <max>51.86047</max>
        </distRange>
        <sustainLoop>False</sustainLoop>
      </li>
    </subSounds>
  </SoundDef>

</Defs>
