﻿<?xml version="1.0" encoding="utf-8"?><Defs>

  <SoundDef>
    <defName>Designate_DragStandard</defName>  
    <sustain>True</sustain>
    <maxSimultaneous>1</maxSimultaneous>  
    <priorityMode>PrioritizeNearest</priorityMode>  
    <sustainStartSound>Click</sustainStartSound>  
    <subSounds>
    </subSounds>
  </SoundDef>

  <SoundDef>
    <defName>Designate_DragBuilding</defName>  
    <sustain>True</sustain>  
    <eventNames />  
    <maxSimultaneous>1</maxSimultaneous>  
    <priorityMode>PrioritizeNearest</priorityMode>  
    <sustainStartSound>Designate_DragBuilding_Start</sustainStartSound>  
    <subSounds>
      <li>
        <onCamera>True</onCamera>      
        <grains>
          <li Class="AudioGrain_Clip">
            <clipPath>UI/Designate/DragBuilding</clipPath>
          </li>
        </grains>      
        <volumeRange>
          <min>14.17647</min>        
          <max>8.294118</max>
        </volumeRange>      
        <pitchRange>
          <min>0.7973334</min>        
          <max>0.7973334</max>
        </pitchRange>      
        <paramMappings>
          <li>
            <inParam Class="SoundParamSource_External">
              <inParamName>TimeSinceDrag</inParamName>            
              <defaultValue>1</defaultValue>
            </inParam>          
            <outParam Class="SoundParamTarget_Volume" />          
            <paramUpdateMode>Constant</paramUpdateMode>          
            <curve>
              <points>
                <li>
                  <loc>
                    <x>0.001351357</x>                  
                    <y>0.9981133</y>
                  </loc>
                </li>              
                <li>
                  <loc>
                    <x>0.06995674</x>                  
                    <y>0.881117</y>
                  </loc>
                </li>              
                <li>
                  <loc>
                    <x>0.2002703</x>                  
                    <y>-0.005660377</y>
                  </loc>
                </li>
              </points>
            </curve>
          </li>
        </paramMappings>      
        <sustainLoopDurationRange>
          <min>1</min>        
          <max>1</max>
        </sustainLoopDurationRange>      
        <sustainIntervalRange>
          <min>-0.5</min>        
          <max>-0.5</max>
        </sustainIntervalRange>      
        <sustainAttack>0.5</sustainAttack>      
        <sustainRelease>0.5</sustainRelease>
      </li>
    </subSounds>
  </SoundDef>

  <SoundDef>
    <defName>Designate_DragAreaAdd</defName>  
    <sustain>True</sustain>  
    <eventNames />  
    <maxSimultaneous>1</maxSimultaneous>  
    <priorityMode>PrioritizeNearest</priorityMode>  
    <sustainStartSound>Designate_DragAreaAdd_Start</sustainStartSound>  
    <subSounds>
      <li>
        <onCamera>True</onCamera>      
        <grains>
          <li Class="AudioGrain_Clip">
            <clipPath>UI/Designate/CreateZone_Drag2</clipPath>
          </li>
        </grains>      
        <volumeRange>
          <min>3.617487</min>        
          <max>3.617487</max>
        </volumeRange>       
        <paramMappings>
          <li>
            <inParam Class="SoundParamSource_External">
              <inParamName>TimeSinceDrag</inParamName>            
              <defaultValue>1</defaultValue>
            </inParam>          
            <outParam Class="SoundParamTarget_Volume" />          
            <paramUpdateMode>Constant</paramUpdateMode>          
            <curve>
              <points>
                <li>
                  <loc>
                    <x>0.001351357</x>                  
                    <y>0.9981133</y>
                  </loc>
                </li>              
                <li>
                  <loc>
                    <x>0.08995674</x>                  
                    <y>0.881117</y>
                  </loc>
                </li>              
                <li>
                  <loc>
                    <x>0.2202703</x>                  
                    <y>-0.005660377</y>
                  </loc>
                </li>
              </points>
            </curve>
          </li>
        </paramMappings>    
        <sustainLoop>False</sustainLoop>      
        <sustainLoopDurationRange>
          <min>0</min>        
          <max>0</max>
        </sustainLoopDurationRange>
      </li>
    </subSounds>
  </SoundDef>

  <SoundDef>
    <defName>Designate_DragAreaDelete</defName>  
    <sustain>True</sustain>  
    <eventNames />  
    <maxSimultaneous>1</maxSimultaneous>  
    <priorityMode>PrioritizeNearest</priorityMode>  
    <sustainStartSound>Designate_DragAreaDelete_Start</sustainStartSound>  
    <subSounds>
      <li>
        <onCamera>True</onCamera>      
        <grains>
          <li Class="AudioGrain_Clip">
            <clipPath>UI/Designate/CreateZone_Drag2</clipPath>
          </li>
        </grains>      
        <volumeRange>
          <min>3.617487</min>        
          <max>3.617487</max>
        </volumeRange>       
        <pitchRange>
          <min>0.8973334</min>        
          <max>0.8973334</max>
        </pitchRange>      
        <paramMappings>
          <li>
            <inParam Class="SoundParamSource_External">
              <inParamName>TimeSinceDrag</inParamName>            
              <defaultValue>1</defaultValue>
            </inParam>          
            <outParam Class="SoundParamTarget_Volume" />          
            <paramUpdateMode>Constant</paramUpdateMode>          
            <curve>
              <points>
                <li>
                  <loc>
                    <x>0.001351357</x>                  
                    <y>0.9981133</y>
                  </loc>
                </li>              
                <li>
                  <loc>
                    <x>0.08995674</x>                  
                    <y>0.881117</y>
                  </loc>
                </li>              
                <li>
                  <loc>
                    <x>0.2202703</x>                  
                    <y>-0.005660377</y>
                  </loc>
                </li>
              </points>
            </curve>
          </li>
        </paramMappings>    
        <sustainLoop>False</sustainLoop>      
        <sustainLoopDurationRange>
          <min>0</min>        
          <max>0</max>
        </sustainLoopDurationRange>
      </li>
    </subSounds>
  </SoundDef>

</Defs>