﻿<?xml version="1.0" encoding="utf-8"?><Defs>

  <SoundDef>
    <defName>FireBurning</defName>  
    <sustain>True</sustain>  
    <context>MapOnly</context>
    <eventNames />  
    <maxSimultaneous>1</maxSimultaneous>  
    <priorityMode>PrioritizeNearest</priorityMode>  
    <subSounds>
      <li>
        <grains>
          <li Class="AudioGrain_Clip">
            <clipPath>Misc/Fire/BurningLoop</clipPath>
          </li>
        </grains>      
        <volumeRange>
          <min>61</min>        
          <max>61</max>
        </volumeRange>      
        <pitchRange>
          <min>1.190761</min>        
          <max>0.8304348</max>
        </pitchRange>      
        <paramMappings>
          <li>
            <inParam Class="SoundParamSource_AggregateSize" />          
            <outParam Class="SoundParamTarget_PropertyHighPass">
              <filterProperty>Cutoff</filterProperty>
            </outParam>          
            <paramUpdateMode>Constant</paramUpdateMode>          
            <curve>
              <points>
                <li>
                  <loc>
                    <x>0.6926602</x>                  
                    <y>265.3306</y>
                  </loc>
                </li>              
                <li>
                  <loc>
                    <x>2.202203</x>                  
                    <y>50.08133</y>
                  </loc>
                </li>              
                <li>
                  <loc>
                    <x>4.875373</x>                  
                    <y>-2.766907</y>
                  </loc>
                </li>
              </points>
            </curve>
          </li>        
          <li>
            <inParam Class="SoundParamSource_AggregateSize" />          
            <outParam Class="SoundParamTarget_Volume" />          
            <paramUpdateMode>Constant</paramUpdateMode>          
            <curve>
              <points>
                <li>
                  <loc>
                    <x>0.3816619</x>                  
                    <y>0.1522805</y>
                  </loc>
                </li>              
                <li>
                  <loc>
                    <x>4.838721</x>                  
                    <y>0.9683864</y>
                  </loc>
                </li>              
                <li>
                  <loc>
                    <x>13.89854</x>                  
                    <y>1.049647</y>
                  </loc>
                </li>
              </points>
            </curve>
          </li>
        </paramMappings>      
        <filters>
          <li Class="SoundFilterHighPass">
            <cutoffFrequency>10000</cutoffFrequency>          
          </li>
        </filters>
      </li>
    </subSounds>
  </SoundDef>

  <SoundDef>
    <defName>Tornado</defName>  
    <sustain>True</sustain>  
    <context>MapOnly</context>
    <eventNames />  
    <maxSimultaneous>1</maxSimultaneous>  
    <priorityMode>PrioritizeNearest</priorityMode>  
    <subSounds>
      <li>
        <grains>
          <li Class="AudioGrain_Clip">
            <clipPath>Misc/Tornado/TornadoLoop</clipPath>
          </li>
        </grains>      
        <volumeRange>
          <min>70</min>        
          <max>70</max>
        </volumeRange>
        <sustainAttack>2.5</sustainAttack>      
        <sustainRelease>2.5</sustainRelease>
        <distRange><min>100</min><max>200</max></distRange>
      </li>
    </subSounds>
  </SoundDef>

  <SoundDef>
    <defName>Tunnel</defName>
    <sustain>True</sustain>
    <context>MapOnly</context>
    <eventNames />
    <maxSimultaneous>1</maxSimultaneous>
    <priorityMode>PrioritizeNearest</priorityMode>
    <subSounds>
      <li>
        <grains>
          <li Class="AudioGrain_Clip">
            <clipPath>Misc/Tunnel/TunnelLoop</clipPath>
          </li>
        </grains>
        <volumeRange>
          <min>18</min>
          <max>18</max>
        </volumeRange>
        <sustainAttack>2.5</sustainAttack>
        <sustainRelease>2.5</sustainRelease>
        <distRange>
          <min>100</min>
          <max>200</max>
        </distRange>
      </li>
    </subSounds>
    <sustainStopSound>Tunnel_End</sustainStopSound>
  </SoundDef>
  
  <SoundDef>
    <defName>Tunnel_End</defName>
    <context>MapOnly</context>
    <eventNames />
    <subSounds>
      <li>
        <grains>
          <li Class="AudioGrain_Clip">
            <clipPath>Misc/Tunnel/TunnelEnd</clipPath>
          </li>
        </grains>
        <volumeRange>
          <min>30</min>
          <max>30</max>
        </volumeRange>
        <pitchRange>
          <min>0.9311764</min>
          <max>1.137647</max>
        </pitchRange>
        <sustainLoop>False</sustainLoop>
      </li>
    </subSounds>
  </SoundDef>

  <SoundDef>
    <defName>HissSmall</defName>  
    <sustain>True</sustain>  
    <context>MapOnly</context>
    <eventNames />  
    <maxSimultaneous>1</maxSimultaneous>  
    <priorityMode>PrioritizeNearest</priorityMode>  
    <subSounds>
      <li>
        <name>Main hiss</name>      
        <grains>
          <li Class="AudioGrain_Clip">
            <clipPath>Misc/Hiss/HissSmall</clipPath>
          </li>
        </grains>      
        <volumeRange>
          <min>15</min>        
          <max>15</max>
        </volumeRange>      
        <pitchRange>
          <min>1.042391</min>        
          <max>1.021195</max>
        </pitchRange>      
        <paramMappings>
          <li>
            <inParam Class="SoundParamSource_SourceAge">
              <timeType>Ticks</timeType>
            </inParam>          
            <outParam Class="SoundParamTarget_Pitch">
              <pitchType>Multiply</pitchType>
            </outParam>          
            <paramUpdateMode>Constant</paramUpdateMode>          
            <curve>
              <points>
                <li>
                  <loc>
                    <x>0</x>                  
                    <y>0.8</y>
                  </loc>
                </li>              
                <li>
                  <loc>
                    <x>360</x>                  
                    <y>1</y>
                  </loc>
                </li>              
                <li>
                  <loc>
                    <x>900</x>                  
                    <y>1.25</y>
                  </loc>
                </li>              
                <li>
                  <loc>
                    <x>2400</x>                  
                    <y>1.5</y>
                  </loc>
                </li>
              </points>
            </curve>
          </li>
        </paramMappings>      
        <sustainLoopDurationRange>
          <min>5</min>        
          <max>5</max>
        </sustainLoopDurationRange>      
        <sustainIntervalRange>
          <min>-2.5</min>        
          <max>-2.5</max>
        </sustainIntervalRange>      
        <sustainAttack>2.5</sustainAttack>      
        <sustainRelease>2.5</sustainRelease>
      </li>
    </subSounds>
  </SoundDef>

  <SoundDef>
    <defName>HissJet</defName>  
    <sustain>True</sustain>  
    <context>MapOnly</context>
    <eventNames />  
    <maxSimultaneous>1</maxSimultaneous>  
    <priorityMode>PrioritizeNearest</priorityMode>  
    <subSounds>
      <li>
        <name>Main hiss jet</name>      
        <grains>
          <li Class="AudioGrain_Clip">
            <clipPath>Misc/Hiss/HissJet</clipPath>
          </li>
        </grains>      
        <volumeRange>
          <min>40</min>        
          <max>40</max>
        </volumeRange>      
        <pitchRange>
          <min>0.936413</min>        
          <max>1</max>
        </pitchRange>      
        <sustainLoopDurationRange>
          <min>999</min>        
          <max>999</max>
        </sustainLoopDurationRange>
      </li>
    </subSounds>
  </SoundDef>

  <SoundDef>
    <defName>Vomit</defName>  
    <sustain>True</sustain> 
    <context>MapOnly</context> 
    <eventNames />  
    <maxSimultaneous>4</maxSimultaneous>  
    <priorityMode>PrioritizeNearest</priorityMode>  
    <sustainFadeoutTime>0.25</sustainFadeoutTime>  
    <subSounds>
      <li>
        <muteWhenPaused>True</muteWhenPaused>      
        <grains>
          <li Class="AudioGrain_Folder">
            <clipFolderPath>Pawn/Human/Vomit</clipFolderPath>
          </li>
        </grains>      
        <volumeRange>
          <min>11.86047</min>        
          <max>11.86047</max>
        </volumeRange>      
        <pitchRange>
          <min>0.9152174</min>        
          <max>1.158843</max>
        </pitchRange>      
        <distRange>
          <min>0</min>        
          <max>51.39535</max>
        </distRange>      
        <sustainLoop>False</sustainLoop>
      </li>
    </subSounds>
  </SoundDef>

  <SoundDef>
    <defName>OrbitalBeam</defName>
    <sustain>true</sustain>
    <context>MapOnly</context>
    <eventNames />
    <maxSimultaneous>1</maxSimultaneous>  
    <priorityMode>PrioritizeNearest</priorityMode>  
    <subSounds>
      <li>
        <muteWhenPaused>True</muteWhenPaused>      
        <grains>
          <li Class="AudioGrain_Clip">
            <clipPath>Misc/OrbitalBeam/OrbitalBeam</clipPath>
          </li>
        </grains>      
        <pitchRange>
          <min>0.99</min>        
          <max>1.01</max>
        </pitchRange>
        <volumeRange>
          <min>25</min>        
          <max>25</max>
        </volumeRange>
        <sustainAttack>2.5</sustainAttack>      
        <sustainRelease>2.5</sustainRelease>
      </li>
    </subSounds>
  </SoundDef>

  <SoundDef>
    <defName>OrbitalBeamSubtle</defName>
    <sustain>true</sustain>
    <context>MapOnly</context>
    <eventNames />
    <maxSimultaneous>1</maxSimultaneous>  
    <priorityMode>PrioritizeNearest</priorityMode>  
    <subSounds>
      <li>
        <muteWhenPaused>True</muteWhenPaused>      
        <grains>
          <li Class="AudioGrain_Clip">
            <clipPath>Misc/OrbitalBeam/OrbitalBeamSubtle</clipPath>
          </li>
        </grains>      
        <pitchRange>
          <min>0.99</min>        
          <max>1.01</max>
        </pitchRange>
        <volumeRange>
          <min>25</min>        
          <max>25</max>
        </volumeRange>
        <sustainAttack>2.5</sustainAttack>      
        <sustainRelease>2.5</sustainRelease>
      </li>
    </subSounds>
  </SoundDef>

</Defs>
