﻿<?xml version="1.0" encoding="utf-8"?><Defs>

  <SoundDef>
    <defName>RoofCollapse</defName>  
    <context>MapOnly</context> 
    <eventNames />  
    <maxSimultaneous>1</maxSimultaneous>  
    <subSounds>
      <li>
        <grains>
          <li Class="AudioGrain_Clip">
            <clipPath>Misc/RockCollapse</clipPath>
          </li>
        </grains>      
        <volumeRange>
          <min>15</min>        
          <max>25</max>
        </volumeRange>
        <pitchRange>
          <min>0.9</min>
          <max>1.1</max>
        </pitchRange>
      </li>
    </subSounds>
  </SoundDef>

  <SoundDef>
    <defName>PowerOnSmall</defName>  
    <context>MapOnly</context> 
    <eventNames />  
    <maxSimultaneous>1</maxSimultaneous>  
    <subSounds>
      <li>
        <grains>
          <li Class="AudioGrain_Folder">
            <clipFolderPath>Electricity/PowerOn/Small</clipFolderPath>
          </li>
        </grains>      
        <volumeRange>
          <min>10</min>        
          <max>10</max>
        </volumeRange>      
        <pitchRange>
          <min>0.936413</min>        
          <max>1</max>
        </pitchRange>
      </li>
    </subSounds>
  </SoundDef>

  <SoundDef>
    <defName>PowerOffSmall</defName>  
    <context>MapOnly</context> 
    <eventNames />  
    <maxSimultaneous>1</maxSimultaneous>  
    <subSounds>
      <li>
        <grains>
          <li Class="AudioGrain_Folder">
            <clipFolderPath>Electricity/PowerOff/Small</clipFolderPath>
          </li>
        </grains>      
        <volumeRange>
          <min>10</min>        
          <max>10</max>
        </volumeRange>      
        <pitchRange>
          <min>0.9152174</min>        
          <max>1.158843</max>
        </pitchRange>
      </li>
    </subSounds>
  </SoundDef>

  <SoundDef>
    <defName>DispensePaste</defName>  
    <context>MapOnly</context>
    <eventNames />  
    <maxSimultaneous>1</maxSimultaneous>  
    <subSounds>
      <li>
        <grains>
          <li Class="AudioGrain_Clip">
            <clipPath>Interact/Food/Dispense/DispensePaste</clipPath>
          </li>
        </grains>      
        <volumeRange>
          <min>15</min>        
          <max>20.43478</max>
        </volumeRange>      
        <pitchRange>
          <min>0.9152174</min>        
          <max>1.042391</max>
        </pitchRange>
      </li>
    </subSounds>
  </SoundDef>

  <SoundDef>
    <defName>DropPodFall</defName>  
    <context>MapOnly</context>
    <eventNames />  
    <maxSimultaneous>1</maxSimultaneous>  
    <subSounds>
      <li>
        <grains>
          <li Class="AudioGrain_Clip">
            <clipPath>Misc/DropPodFall</clipPath>
          </li>
        </grains>      
        <volumeRange>
          <min>25</min>        
          <max>25</max>
        </volumeRange>      
        <pitchRange>
          <min>0.8940217</min>        
          <max>1.296739</max>
        </pitchRange>
      </li>
    </subSounds>
  </SoundDef>

  <SoundDef>
    <defName>DropPodLeaving</defName>  
    <context>MapOnly</context>
    <eventNames />  
    <maxSimultaneous>1</maxSimultaneous>  
    <subSounds>
      <li>
        <grains>
          <li Class="AudioGrain_Clip">
            <clipPath>Misc/DropPodLeaving</clipPath>
          </li>
        </grains>      
        <volumeRange>
          <min>25</min>        
          <max>25</max>
        </volumeRange>      
        <pitchRange>
          <min>0.8940217</min>        
          <max>1.296739</max>
        </pitchRange>
      </li>
    </subSounds>
  </SoundDef>
  
  <SoundDef>
    <defName>DropPodOpen</defName>  
    <context>MapOnly</context>
    <eventNames />  
    <maxSimultaneous>1</maxSimultaneous>  
    <subSounds>
      <li>
        <grains>
          <li Class="AudioGrain_Clip">
            <clipPath>Misc/DropPodOpen</clipPath>
          </li>
        </grains>      
        <volumeRange>
          <min>10</min>        
          <max>18.69565</max>
        </volumeRange>      
        <pitchRange>
          <min>0.8940217</min>        
          <max>1.084783</max>
        </pitchRange>
      </li>
    </subSounds>
  </SoundDef>

  <SoundDef>
    <defName>TrapArm</defName>  
    <context>MapOnly</context>
    <eventNames />  
    <maxSimultaneous>1</maxSimultaneous>  
    <subSounds>
      <li>
        <grains>
          <li Class="AudioGrain_Clip">
            <clipPath>Misc/Trap/TrapArm</clipPath>
          </li>
        </grains>      
        <volumeRange>
          <min>20</min>        
          <max>20</max>
        </volumeRange>      
        <pitchRange>
          <min>0.8940217</min>        
          <max>1.084783</max>
        </pitchRange>
      </li>
    </subSounds>
  </SoundDef>

  <SoundDef>
    <defName>DeadfallSpring</defName>  
    <context>MapOnly</context>
    <eventNames />  
    <maxSimultaneous>1</maxSimultaneous>  
    <subSounds>
      <li>
        <grains>
          <li Class="AudioGrain_Clip">
            <clipPath>Misc/Trap/DeadfallSpring</clipPath>
          </li>
        </grains>      
        <volumeRange>
          <min>50</min>        
          <max>80</max>
        </volumeRange>      
        <pitchRange>
          <min>1</min>        
          <max>1.5</max>
        </pitchRange>
      </li>
    </subSounds>
  </SoundDef>

</Defs>
