﻿<?xml version="1.0" encoding="utf-8" ?>
<JobDefs>

  <JobDef>
		<defName>MarryAdjacentPawn</defName>
		<driverClass>JobDriver_MarryAdjacentPawn</driverClass>
		<reportString>marrying TargetA.</reportString>
    <casualInterruptible>false</casualInterruptible>
	</JobDef>
  
  <JobDef>
		<defName>SpectateCeremony</defName>
		<driverClass>JobDriver_Spectate</driverClass>
		<reportString>spectating.</reportString>
	</JobDef>
  
  <JobDef>
		<defName>StandAndBeSociallyActive</defName>
		<driverClass>JobDriver_StandAndBeSociallyActive</driverClass>
		<reportString>relaxing socially.</reportString>
	</JobDef>
  
</JobDefs>