﻿<?xml version="1.0" encoding="utf-8" ?>
<Defs>

  <StuffCategoryDef>
    <defName>Metallic</defName>
    <label>metallic</label>
  </StuffCategoryDef>

  <StuffCategoryDef>
    <defName>Woody</defName>
    <label>woody</label>
  </StuffCategoryDef>

  <StuffCategoryDef>
    <defName>Stony</defName>
    <label>stony</label>
  </StuffCategoryDef>

  <StuffCategoryDef>
    <defName>Fabric</defName>
    <label>fabric</label>
  </StuffCategoryDef>

  <StuffCategoryDef>
    <defName>Leathery</defName>
    <label>leathery</label>
  </StuffCategoryDef>  
  
  

</Defs>