﻿<?xml version="1.0" encoding="utf-8" ?>
<Defs>

  <BiomeDef>
    <defName>TemperateForest</defName>
    <label>temperate forest</label>
    <description>Forests of deciduous trees interspersed with fertile clearings. Many species of animals move around in the trees and on the plains. Because of snow, it is slow to travel in winter.</description>
    <workerClass>BiomeWorker_TemperateForest</workerClass>
    <animalDensity>2.8</animalDensity>
    <plantDensity>0.55</plantDensity>
    <factionBaseSelectionWeight>1</factionBaseSelectionWeight>
    <pathCost_spring>1650</pathCost_spring>
    <pathCost_summer>1650</pathCost_summer>
    <pathCost_fall>1650</pathCost_fall>
    <pathCost_winter>27500</pathCost_winter>
    <texture>World/Biomes/TemperateForest</texture>
    <soundsAmbient>
      <li>AmbientNightInsects_Standard</li>
    </soundsAmbient>
    <diseaseMtbDays>45</diseaseMtbDays>
    <diseases>
      <li>
        <diseaseInc>Disease_Flu</diseaseInc>
        <commonality>100</commonality>
      </li>
      <li>
        <diseaseInc>Disease_Plague</diseaseInc>
        <commonality>100</commonality>
      </li>
      <li>
        <diseaseInc>Disease_Malaria</diseaseInc>
        <commonality>100</commonality>
      </li>
      <li>
        <diseaseInc>Disease_FibrousMechanites</diseaseInc>
        <commonality>30</commonality>
      </li>
      <li>
        <diseaseInc>Disease_SensoryMechanites</diseaseInc>
        <commonality>30</commonality>
      </li>
      <li>
        <diseaseInc>Disease_GutWorms</diseaseInc>
        <commonality>50</commonality>
      </li>
      <li>
        <diseaseInc>Disease_MuscleParasites</diseaseInc>
        <commonality>50</commonality>
      </li>
    </diseases>
    <terrainsByFertility>
      <li>
        <terrain>Soil</terrain>
        <min>-999</min>
        <max>0.87</max>
      </li>
      <li>
        <terrain>SoilRich</terrain>
        <min>0.87</min>
        <max>999</max>
      </li>
    </terrainsByFertility>
    <terrainPatchMakers>
      <li>
        <perlinFrequency>0.015</perlinFrequency>
        <thresholds>
          <li>
            <terrain>SoilRich</terrain>
            <min>0.73</min>
            <max>0.80</max>
          </li>
          <li>
            <terrain>Mud</terrain>
            <min>0.80</min>
            <max>0.93</max>
          </li>
          <li>
            <terrain>WaterShallow</terrain>
            <min>0.93</min>
            <max>1.06</max>
          </li>
          <li>
            <terrain>WaterDeep</terrain>
            <min>1.06</min>
            <max>999</max>
          </li>
        </thresholds>
      </li>
    </terrainPatchMakers>
    <baseWeatherCommonalities>
      <Clear>18</Clear>
      <Fog>1</Fog>
      <Rain>2</Rain>
      <DryThunderstorm>1</DryThunderstorm>
      <RainyThunderstorm>1</RainyThunderstorm>
      <FoggyRain>1</FoggyRain>
      <SnowGentle>4</SnowGentle>
      <SnowHard>4</SnowHard>
    </baseWeatherCommonalities>
    <wildPlants>
			<PlantGrass>5.0</PlantGrass>
			<PlantTallGrass>2.0</PlantTallGrass>
			<PlantBrambles>1.0</PlantBrambles>
			<PlantDandelion>0.5</PlantDandelion>
			<PlantBush>0.6</PlantBush>
			<PlantTreeOak>0.5</PlantTreeOak>
			<PlantTreePoplar>0.5</PlantTreePoplar>
			<PlantRaspberry>0.1</PlantRaspberry>
			<PlantWildHealroot>0.05</PlantWildHealroot>
		</wildPlants>
    <wildAnimals>
			<Hare>1.00</Hare>
			<Squirrel>1.00</Squirrel>
			<Rat>0.8</Rat>
			<Deer>0.5</Deer>
			<WildBoar>0.5</WildBoar>
			<Turkey>0.5</Turkey>
			<Raccoon>0.4</Raccoon>
			<Tortoise>0.4</Tortoise>
			<Ibex>0.3</Ibex>
			<Boomrat>0.25</Boomrat>
			<Muffalo>0.2</Muffalo>
			<Boomalope>0.2</Boomalope>
			<Alpaca>0.1</Alpaca>
			<Emu>0.1</Emu>
			<Ostrich>0.1</Ostrich>
			<Gazelle>0.05</Gazelle>
			<WolfTimber>0.04</WolfTimber>
			<FoxRed>0.04</FoxRed>
			<Megasloth>0.04</Megasloth>
			<GrizzlyBear>0.022</GrizzlyBear>
			<Warg>0.012</Warg>
			<Cougar>0.012</Cougar>
      <Lynx>0.008</Lynx>
    </wildAnimals>
    <allowedPackAnimals>
      <li>Muffalo</li>
      <li>Alpaca</li>
    </allowedPackAnimals>
  </BiomeDef>

  <BiomeDef>
    <defName>TemperateSwamp</defName>
    <label>temperate swamp</label>
    <description>Extremely dense vegetation and marshy terrain make it very difficult to move around here and build big structures. Many species of animals live in this area.</description>
    <workerClass>BiomeWorker_TemperateSwamp</workerClass>
    <animalDensity>2.8</animalDensity>
    <plantDensity>0.55</plantDensity>
    <factionBaseSelectionWeight>0.6</factionBaseSelectionWeight>
    <pathCost_spring>3650</pathCost_spring>
    <pathCost_summer>3650</pathCost_summer>
    <pathCost_fall>3650</pathCost_fall>
    <pathCost_winter>28500</pathCost_winter>
    <texture>World/Biomes/TemperateSwamp</texture>
    <soundsAmbient>
      <li>AmbientNightInsects_Standard</li>
    </soundsAmbient>
    <diseaseMtbDays>45</diseaseMtbDays>
    <diseases>
      <li>
        <diseaseInc>Disease_Flu</diseaseInc>
        <commonality>100</commonality>
      </li>
      <li>
        <diseaseInc>Disease_Plague</diseaseInc>
        <commonality>100</commonality>
      </li>
      <li>
        <diseaseInc>Disease_Malaria</diseaseInc>
        <commonality>100</commonality>
      </li>
      <li>
        <diseaseInc>Disease_FibrousMechanites</diseaseInc>
        <commonality>30</commonality>
      </li>
      <li>
        <diseaseInc>Disease_SensoryMechanites</diseaseInc>
        <commonality>30</commonality>
      </li>
      <li>
        <diseaseInc>Disease_GutWorms</diseaseInc>
        <commonality>50</commonality>
      </li>
      <li>
        <diseaseInc>Disease_MuscleParasites</diseaseInc>
        <commonality>50</commonality>
      </li>
    </diseases>
    <terrainsByFertility>
      <li>
        <terrain>Soil</terrain>
        <min>-999</min>
        <max>0.87</max>
      </li>
      <li>
        <terrain>SoilRich</terrain>
        <min>0.87</min>
        <max>999</max>
      </li>
    </terrainsByFertility>
    <terrainPatchMakers>
      <li>
        <perlinFrequency>0.04</perlinFrequency>
        <thresholds>
          <li>
            <terrain>MarshyTerrain</terrain>
            <min>0.32</min>
            <max>999</max>
          </li>
        </thresholds>
      </li>
      <li>
        <perlinFrequency>0.027</perlinFrequency>
        <thresholds>
          <li>
            <terrain>SoilRich</terrain>
            <min>-0.12</min>
            <max>0.32</max>
          </li>
          <li>
            <terrain>Mud</terrain>
            <min>0.32</min>
            <max>0.6</max>
          </li>
          <li>
            <terrain>WaterShallow</terrain>
            <min>0.6</min>
            <max>999</max>
          </li>
        </thresholds>
      </li>
    </terrainPatchMakers>
    <baseWeatherCommonalities>
      <Clear>18</Clear>
      <Fog>1</Fog>
      <Rain>2</Rain>
      <DryThunderstorm>1</DryThunderstorm>
      <RainyThunderstorm>1</RainyThunderstorm>
      <FoggyRain>1</FoggyRain>
      <SnowGentle>4</SnowGentle>
      <SnowHard>4</SnowHard>
    </baseWeatherCommonalities>
    <wildPlants>
      <PlantTallGrass>3.2</PlantTallGrass>
      <PlantChokevine>0.8</PlantChokevine>
      <PlantBush>0.2</PlantBush>
      <PlantTreeWillow>1.0</PlantTreeWillow>
      <PlantTreeCypress>1.0</PlantTreeCypress>
      <PlantTreeMaple>1.0</PlantTreeMaple>
      <PlantRaspberry>0.05</PlantRaspberry>
      <PlantWildHealroot>0.05</PlantWildHealroot>
    </wildPlants>
    <wildAnimals>
      <Hare>1.00</Hare>
      <Squirrel>1.00</Squirrel>
      <Rat>0.8</Rat>
      <Deer>0.5</Deer>
      <WildBoar>0.5</WildBoar>
      <Turkey>0.5</Turkey>
      <Raccoon>0.4</Raccoon>
      <Tortoise>0.4</Tortoise>
      <Ibex>0.3</Ibex>
      <Boomrat>0.25</Boomrat>
      <Muffalo>0.2</Muffalo>
      <Boomalope>0.2</Boomalope>
      <Alpaca>0.1</Alpaca>
      <Emu>0.1</Emu>
      <Ostrich>0.1</Ostrich>
      <Gazelle>0.05</Gazelle>
      <WolfTimber>0.04</WolfTimber>
      <FoxRed>0.04</FoxRed>
      <Megasloth>0.04</Megasloth>
      <GrizzlyBear>0.022</GrizzlyBear>
      <Warg>0.012</Warg>
      <Cougar>0.012</Cougar>
      <Lynx>0.008</Lynx>
    </wildAnimals>
    <allowedPackAnimals>
      <li>Muffalo</li>
      <li>Alpaca</li>
    </allowedPackAnimals>
  </BiomeDef>

</Defs>
