﻿<?xml version="1.0" encoding="utf-8" ?>
<Defs>

  <ThingDef ParentName="ApparelBase">
    <defName>Apparel_ShieldBelt</defName>
		<label>shield belt</label>
    <description>A single-person energy shield device. It will attempt to stop any rapidly-moving projectile or energy attack that comes from a distance. It does nothing against melee attacks or shots from point-blank range. It also prevents firing past touch range.</description>
		<thingClass>ShieldBelt</thingClass>
		<graphicData>
      <texPath>Things/Pawn/Humanlike/Apparel/ShieldBelt/ShieldBelt</texPath>
      <graphicClass>Graphic_Single</graphicClass>
    </graphicData>
    <tickerType>Normal</tickerType>
    <statBases>
      <Mass>3</Mass>
      <EnergyShieldRechargeRate>0.13</EnergyShieldRechargeRate>
      <EnergyShieldEnergyMax>1.1</EnergyShieldEnergyMax>
			<WorkToMake>65000</WorkToMake>
    </statBases>
		<costList>
			<Component>6</Component>
			<Plasteel>50</Plasteel>
			<Uranium>5</Uranium>
		</costList>
		<recipeMaker>
			<unfinishedThingDef>UnfinishedBelt</unfinishedThingDef>
			<researchPrerequisite>ShieldBelt</researchPrerequisite>
			<workSpeedStat>SmithingSpeed</workSpeedStat>
			<workSkill>Crafting</workSkill>
			<effectWorking>Smith</effectWorking>
			<soundWorking>Recipe_Machining</soundWorking>
			<recipeUsers>
				<li>TableMachining</li>
			</recipeUsers>
		</recipeMaker>
    <thingCategories>
      <li>Apparel</li>
    </thingCategories>
    <apparel>
      <careIfWornByCorpse>false</careIfWornByCorpse>
      <bodyPartGroups>
        <li>Waist</li>
      </bodyPartGroups>
      <layers>
        <li>Belt</li>
      </layers>
      <tags>
        <li>BeltDefense</li>
      </tags>
    </apparel>
    <colorGenerator Class="ColorGenerator_Options">
      <options>
        <li>
          <weight>10</weight>
          <only>RGBA(0.33,0.33,0.33,1)</only>
        </li>
        <li>
          <weight>10</weight>
          <only>RGBA(0.65,0.65,0.65,1)</only>
        </li>
        <li>
          <weight>6</weight>
          <min>RGBA(0.3,0.3,0.3,1)</min>
          <max>RGBA(0.5,0.5,0.5,1)</max>
        </li>
        <li>
          <weight>10</weight>
          <only>RGBA(0.9,0.9,0.9,1)</only>
        </li>
      </options>
    </colorGenerator>
  </ThingDef>

  <ThingDef ParentName="ApparelBase">
    <thingClass>SmokepopBelt</thingClass>
    <defName>Apparel_SmokepopBelt</defName>
    <label>smokepop belt</label>
    <description>An automatic defensive smokescreen. It will release a thick cloud of smoke if the wearer is hit by a projectile, providing line-of-sight cover and preventing turrets from locking on. Single-use.</description>
    <techLevel>Industrial</techLevel>
    <recipeMaker>
      <unfinishedThingDef>UnfinishedBelt</unfinishedThingDef>
      <researchPrerequisite>SmokepopBelt</researchPrerequisite>
      <recipeUsers>
        <li>TableMachining</li>
      </recipeUsers>
      <workSpeedStat>SmithingSpeed</workSpeedStat>
      <workSkill>Crafting</workSkill>
      <effectWorking>Smith</effectWorking>
      <soundWorking>Recipe_Smith</soundWorking>
    </recipeMaker>
    <costList>
      <Chemfuel>75</Chemfuel>
      <Component>1</Component>
      <Steel>25</Steel>
    </costList>
    <graphicData>
      <texPath>Things/Pawn/Humanlike/Apparel/SmokepopBelt/SmokepopBelt</texPath>
      <graphicClass>Graphic_Single</graphicClass>
    </graphicData>
    <tickerType>Normal</tickerType>
    <statBases>
      <WorkToMake>3500</WorkToMake>
      <Mass>3</Mass>
      <SmokepopBeltRadius>4</SmokepopBeltRadius>
    </statBases>
    <thingCategories>
      <li>Apparel</li>
    </thingCategories>
		<generateAllowChance>0.15</generateAllowChance>
    <apparel>
      <careIfWornByCorpse>false</careIfWornByCorpse>
      <bodyPartGroups>
        <li>Waist</li>
      </bodyPartGroups>
      <layers>
        <li>Belt</li>
      </layers>
      <tags>
        <li>BeltDefensePop</li>
      </tags>
    </apparel>
    <colorGenerator Class="ColorGenerator_Options">
      <options>
        <li>
          <weight>10</weight>
          <only>RGBA(0.6,0.4,0.4,1)</only>
        </li>
        <li>
          <weight>10</weight>
          <only>RGBA(0.6,0.6,0.4,1)</only>
        </li>
        <li>
          <weight>6</weight>
          <min>RGBA(0.3,0.3,0.3,1)</min>
          <max>RGBA(0.5,0.5,0.5,1)</max>
        </li>
        <li>
          <weight>10</weight>
          <only>RGBA(0.33,0.33,0.33,1)</only>
        </li>
      </options>
    </colorGenerator>
  </ThingDef>

</Defs>