﻿<?xml version="1.0" encoding="utf-8" ?>
<Defs>

  <!-- =========== Bases =========== -->

  <ThingDef Name="ChunkBase" Abstract="True">
    <category>Item</category>
    <thingClass>Thing</thingClass>
    <altitudeLayer>Item</altitudeLayer>
    <passability>PassThroughOnly</passability>
    <fillPercent>0.50</fillPercent>
    <statBases>
      <MaxHitPoints>300</MaxHitPoints>
      <Flammability>0</Flammability>
      <Beauty>-8</Beauty>
      <Cleanliness>-2</Cleanliness>
    </statBases>
    <selectable>true</selectable>
    <pathCost>55</pathCost>
    <pathCostIgnoreRepeat>true</pathCostIgnoreRepeat>
    <drawerType>MapMeshOnly</drawerType>
    <randomizeRotationOnSpawn>true</randomizeRotationOnSpawn>
    <designateHaulable>true</designateHaulable>
    <saveCompressible>true</saveCompressible>
    <stackLimit>1</stackLimit>
    <tradeability>Never</tradeability>
  </ThingDef>

  <ThingDef ParentName="ChunkBase" Name="ChunkRockBase" Abstract="True">
    <graphicData>
      <texPath>Things/Item/Chunk/ChunkStone</texPath>
      <graphicClass>Graphic_Random</graphicClass>
      <flipExtraRotation>80</flipExtraRotation>
    </graphicData>
  </ThingDef>

  <ThingDef ParentName="ResourceBase" Name="StoneBlocksBase" Abstract="True">
    <description>Blocks of stone. Mostly useful for building long-lasting, simple structures.</description>
    <graphicData>
      <texPath>Things/Item/Resource/StoneBlocks</texPath>
      <graphicClass>Graphic_Single</graphicClass>
    </graphicData>
    <soundInteract>Stone_Drop</soundInteract>
    <soundDrop>Stone_Drop</soundDrop>
    <useHitPoints>false</useHitPoints>
    <statBases>
			<MaxHitPoints>200</MaxHitPoints>
      <MarketValue>1.9</MarketValue>
      <SharpDamageMultiplier>0.6</SharpDamageMultiplier>
      <BluntDamageMultiplier>1.0</BluntDamageMultiplier>
			<Beauty>-12</Beauty>
		</statBases>
    <thingCategories>
      <li>StoneBlocks</li>
    </thingCategories>
    <stuffProps>
      <categories>
        <li>Stony</li>
      </categories>
      <commonality>0.20</commonality> <!-- because there are so many stone types -->
      <appearance>Bricks</appearance>
      <statOffsets>
        <WorkToBuild>140</WorkToBuild>
      </statOffsets>
      <statFactors>
        <MarketValue>0.4</MarketValue>
        <MaxHitPoints>2.4</MaxHitPoints>
        <Flammability>0</Flammability>
        <WorkToBuild>6.0</WorkToBuild>
				<WorkToMake>1.3</WorkToMake>
        <DoorOpenSpeed>0.45</DoorOpenSpeed>
        <BedRestEffectiveness>0.9</BedRestEffectiveness>
        <MeleeWeapon_Cooldown>1.35</MeleeWeapon_Cooldown>
      </statFactors>
    </stuffProps>
  </ThingDef>

  <ThingDef Name="UglyRockBase" ParentName="RockBase" Abstract="True" >
    <statBases>
      <Flammability>0</Flammability>
      <Beauty>-2</Beauty>
    </statBases>
		<building>
			<mineableYieldWasteable>false</mineableYieldWasteable>
		</building>
  </ThingDef>

  <!-- =========== Misc chunks =========== -->
  
  <ThingDef ParentName="ChunkBase">
    <defName>ChunkSlagSteel</defName>
    <label>steel slag chunk</label>
    <graphicData>
      <texPath>Things/Item/Chunk/ChunkSlag</texPath>
      <graphicClass>Graphic_Random</graphicClass>
    </graphicData>
    <statBases>
      <Mass>5</Mass>
    </statBases>
    <soundDrop>ChunkSlag_Drop</soundDrop>
    <thingCategories>
      <li>Chunks</li>
    </thingCategories>
    <smeltProducts>
      <Steel>10</Steel>
    </smeltProducts>
  </ThingDef>

  <!-- ================ Sandstone ================ -->
  
  <ThingDef ParentName="UglyRockBase">
    <defName>Sandstone</defName>
    <label>sandstone</label>
    <description>A sedimentary rock composed of sand particles compressed together.</description>
    <graphicData>
      <color>(126,104,94)</color>
    </graphicData>
    <statBases>
      <MaxHitPoints>400</MaxHitPoints>
    </statBases>
    <building>
      <mineableThing>ChunkSandstone</mineableThing>
      <mineableDropChance>0.25</mineableDropChance>
    </building>
  </ThingDef>
  
  <ThingDef ParentName="ChunkRockBase">
    <defName>ChunkSandstone</defName>
    <label>sandstone chunk</label>
    <graphicData>
      <color>(126,104,94)</color>
    </graphicData>
    <statBases>
      <Mass>20</Mass>
    </statBases>
    <soundDrop>ChunkRock_Drop</soundDrop>
    <thingCategories>
      <li>StoneChunks</li>
    </thingCategories>
    <butcherProducts>
      <BlocksSandstone>20</BlocksSandstone>
    </butcherProducts>
  </ThingDef>
  
  <ThingDef ParentName="StoneBlocksBase">
    <defName>BlocksSandstone</defName>
    <label>sandstone blocks</label>
    <description>Blocks of solid sandstone. Sandstone is a relatively soft rock and chips easily.</description>
    <graphicData>
      <color>(126,104,94)</color>
    </graphicData>
    <statBases>
      <MarketValue>1.9</MarketValue>
      <Mass>1</Mass>
      <SharpDamageMultiplier>0.5</SharpDamageMultiplier>
    </statBases>
    <stuffProps>
      <color>(126,104,94)</color>
      <soundImpactStuff>BulletImpactGround</soundImpactStuff>
      <soundMeleeHitSharp>MeleeHit_Stone</soundMeleeHitSharp>
      <soundMeleeHitBlunt>MeleeHit_Stone</soundMeleeHitBlunt>
      <stuffAdjective>sandstone</stuffAdjective>
      <statFactors>
        <Beauty>1.1</Beauty>  
        <MarketValue>0.4</MarketValue>
        <MaxHitPoints>1.4</MaxHitPoints>
				<WorkToBuild>5.0</WorkToBuild>
				<WorkToMake>1.1</WorkToMake>
      </statFactors>
    </stuffProps>
  </ThingDef>

	<RecipeDef ParentName="MakeStoneBlocksBase">
		<defName>MakeStoneBlocksSandstone</defName>
		<label>make sandstone blocks</label>
		<description>Cuts sandstone chunks into usable blocks.</description>
		<ingredients>
			<li>
				<filter>
					<thingDefs>
						<li>ChunkSandstone</li>
					</thingDefs>
				</filter>
				<count>1</count>
			</li>
		</ingredients>
		<fixedIngredientFilter>
			<thingDefs>
				<li>ChunkSandstone</li>
			</thingDefs>
		</fixedIngredientFilter>
		<products>
			<BlocksSandstone>20</BlocksSandstone>
		</products>
	</RecipeDef>

	<!-- ================ Granite ================ -->

	<ThingDef ParentName="UglyRockBase">
    <defName>Granite</defName>
    <label>granite</label>
    <description>A very hard igneous rock.</description>
    <graphicData>
      <color>(105,95,97)</color>
    </graphicData>
    <statBases>
      <MaxHitPoints>900</MaxHitPoints>
    </statBases>
    <building>
      <mineableThing>ChunkGranite</mineableThing>
      <mineableDropChance>0.25</mineableDropChance>
    </building>
  </ThingDef>

  <ThingDef ParentName="ChunkRockBase">
    <defName>ChunkGranite</defName>
    <label>granite chunk</label>
    <graphicData>
      <color>(105,95,97)</color>
    </graphicData>
    <statBases>
      <Mass>25</Mass>
    </statBases>
    <soundDrop>ChunkRock_Drop</soundDrop>
    <thingCategories>
      <li>StoneChunks</li>
    </thingCategories>
    <butcherProducts>
      <BlocksGranite>20</BlocksGranite>  
    </butcherProducts>
  </ThingDef>

  <ThingDef ParentName="StoneBlocksBase">
    <defName>BlocksGranite</defName>
    <label>granite blocks</label>
    <description>Blocks of solid granite. Granite is a very hard stone.</description>
    <graphicData>
      <color>(105,95,97)</color>
    </graphicData>
    <statBases>
      <MarketValue>2.1</MarketValue>
      <Mass>1.25</Mass>
      <SharpDamageMultiplier>0.65</SharpDamageMultiplier>
    </statBases>
    <stuffProps>
      <color>(105,95,97)</color>
      <soundImpactStuff>BulletImpactGround</soundImpactStuff>
      <soundMeleeHitSharp>MeleeHit_Stone</soundMeleeHitSharp>
      <soundMeleeHitBlunt>MeleeHit_Stone</soundMeleeHitBlunt>
      <stuffAdjective>granite</stuffAdjective>
      <statFactors>
        <MarketValue>0.5</MarketValue>
        <MaxHitPoints>1.7</MaxHitPoints>
      </statFactors>
    </stuffProps>
  </ThingDef>

	<RecipeDef ParentName="MakeStoneBlocksBase">
		<defName>MakeStoneBlocksGranite</defName>
		<label>make granite blocks</label>
		<description>Cuts granite chunks into usable blocks.</description>
		<ingredients>
			<li>
				<filter>
					<thingDefs>
						<li>ChunkGranite</li>
					</thingDefs>
				</filter>
				<count>1</count>
			</li>
		</ingredients>
		<fixedIngredientFilter>
			<thingDefs>
				<li>ChunkGranite</li>
			</thingDefs>
		</fixedIngredientFilter>
		<products>
			<BlocksGranite>20</BlocksGranite>
		</products>
	</RecipeDef>

	<!-- ================ Limestone ================ -->

	<ThingDef ParentName="UglyRockBase">
    <defName>Limestone</defName>
    <label>limestone</label>
    <description>A sedimentary rock formed from the compacted remains of ancient seashells.</description>
    <graphicData>
      <color>(158,153,135)</color>
    </graphicData>
    <statBases>
      <MaxHitPoints>700</MaxHitPoints>
    </statBases>
    <building>
      <mineableThing>ChunkLimestone</mineableThing>
      <mineableDropChance>0.25</mineableDropChance>
    </building>
  </ThingDef>

  <ThingDef ParentName="ChunkRockBase">
    <defName>ChunkLimestone</defName>
    <label>limestone chunk</label>
    <graphicData>
      <color>(158,153,135)</color>
    </graphicData>
    <statBases>
      <Mass>22</Mass>
    </statBases>
    <soundDrop>ChunkRock_Drop</soundDrop>
    <thingCategories>
      <li>StoneChunks</li>
    </thingCategories>
    <butcherProducts>
      <BlocksLimestone>20</BlocksLimestone>
    </butcherProducts>
  </ThingDef>

  <ThingDef ParentName="StoneBlocksBase">
    <defName>BlocksLimestone</defName>
    <label>limestone blocks</label>
    <description>Blocks of solid limestone.</description>
    <graphicData>
      <color>(158,153,135)</color>
    </graphicData>
    <statBases>
      <MarketValue>1.9</MarketValue>
      <Mass>1.1</Mass>
    </statBases>
    <stuffProps>
      <color>(158,153,135)</color>
      <soundImpactStuff>BulletImpactGround</soundImpactStuff>
      <soundMeleeHitSharp>MeleeHit_Stone</soundMeleeHitSharp>
      <soundMeleeHitBlunt>MeleeHit_Stone</soundMeleeHitBlunt>
      <stuffAdjective>limestone</stuffAdjective>
      <statFactors>
        <MarketValue>0.4</MarketValue>
        <MaxHitPoints>1.55</MaxHitPoints>
      </statFactors>
    </stuffProps>
  </ThingDef>

	<RecipeDef ParentName="MakeStoneBlocksBase">
		<defName>MakeStoneBlocksLimestone</defName>
		<label>make limestone blocks</label>
		<description>Cuts limestone chunks into usable blocks.</description>
		<ingredients>
			<li>
				<filter>
					<thingDefs>
						<li>ChunkLimestone</li>
					</thingDefs>
				</filter>
				<count>1</count>
			</li>
		</ingredients>
		<fixedIngredientFilter>
			<thingDefs>
				<li>ChunkLimestone</li>
			</thingDefs>
		</fixedIngredientFilter>
		<products>
			<BlocksLimestone>20</BlocksLimestone>
		</products>
	</RecipeDef>

	<!-- ================ Slate ================ -->

	<ThingDef ParentName="UglyRockBase">
    <defName>Slate</defName>
    <label>slate</label>
    <description>A dark-colored metamorphic rock. Its fine layers are emblematic of slaty cleavage.</description>
    <graphicData>
      <color>(70,70,70)</color>
    </graphicData>
    <statBases>
      <MaxHitPoints>500</MaxHitPoints>
    </statBases>
    <building>
      <mineableThing>ChunkSlate</mineableThing>
      <mineableDropChance>0.25</mineableDropChance>
    </building>
  </ThingDef>

  <ThingDef ParentName="ChunkRockBase">
    <defName>ChunkSlate</defName>
    <label>slate chunk</label>
    <graphicData>
      <color>(90,90,90)</color>
    </graphicData>
    <statBases>
      <Mass>18</Mass>
    </statBases>
    <soundDrop>ChunkRock_Drop</soundDrop>
    <thingCategories>
      <li>StoneChunks</li>
    </thingCategories>
    <butcherProducts>
      <BlocksSlate>20</BlocksSlate>
    </butcherProducts>
  </ThingDef>

  <ThingDef ParentName="StoneBlocksBase">
    <defName>BlocksSlate</defName>
    <label>slate blocks</label>
    <description>Blocks of solid slate. A dull-looking rock that chips easily.</description>
    <graphicData>
      <color>(70,70,70)</color>
    </graphicData>
    <statBases>
      <MarketValue>1.9</MarketValue>
      <Mass>0.9</Mass>
    </statBases>
    <stuffProps>
      <color>(70,70,70)</color>
      <soundImpactStuff>BulletImpactGround</soundImpactStuff>
      <soundMeleeHitSharp>MeleeHit_Stone</soundMeleeHitSharp>
      <soundMeleeHitBlunt>MeleeHit_Stone</soundMeleeHitBlunt>
      <stuffAdjective>slate</stuffAdjective>
      <statFactors>
        <Beauty>1.1</Beauty>
        <MarketValue>0.38</MarketValue>
        <MaxHitPoints>1.3</MaxHitPoints>
      </statFactors>
    </stuffProps>
  </ThingDef>

	<RecipeDef ParentName="MakeStoneBlocksBase">
		<defName>MakeStoneBlocksSlate</defName>
		<label>make slate blocks</label>
		<description>Cuts slate chunks into usable blocks.</description>
		<ingredients>
			<li>
				<filter>
					<thingDefs>
						<li>ChunkSlate</li>
					</thingDefs>
				</filter>
				<count>1</count>
			</li>
		</ingredients>
		<fixedIngredientFilter>
			<thingDefs>
				<li>ChunkSlate</li>
			</thingDefs>
		</fixedIngredientFilter>
		<products>
			<BlocksSlate>20</BlocksSlate>
		</products>
	</RecipeDef>

	<!-- ================ Marble ================ -->

	<ThingDef ParentName="UglyRockBase">
    <defName>Marble</defName>
    <label>marble</label>
    <description>A soft metamorphic rock.</description>
    <graphicData>
      <color>(132,135,132)</color>
    </graphicData>
    <statBases>
      <MaxHitPoints>450</MaxHitPoints>
      <Beauty>-1</Beauty>
    </statBases>
    <building>
      <mineableThing>ChunkMarble</mineableThing>
      <mineableDropChance>0.25</mineableDropChance>
    </building>
  </ThingDef>

  <ThingDef ParentName="ChunkRockBase">
    <defName>ChunkMarble</defName>
    <label>marble chunk</label>
    <graphicData>
      <color>(132,135,132)</color>
    </graphicData>
    <statBases>
      <Mass>25</Mass>
    </statBases>
    <soundDrop>ChunkRock_Drop</soundDrop>
    <thingCategories>
      <li>StoneChunks</li>
    </thingCategories>
    <butcherProducts>
      <BlocksMarble>20</BlocksMarble>
    </butcherProducts>
  </ThingDef>

  <ThingDef ParentName="StoneBlocksBase">
    <defName>BlocksMarble</defName>
    <label>marble blocks</label>
    <description>Blocks of solid marble. Marble is a soft, beautiful stone, known for being easy to sculpt.</description>
    <graphicData>
      <color>(132,135,132)</color>
    </graphicData>
    <statBases>
      <MarketValue>1.9</MarketValue>
      <Mass>1.25</Mass>
    </statBases>
    <stuffProps>
      <color>(132,135,132)</color>
      <soundImpactStuff>BulletImpactGround</soundImpactStuff>
      <soundMeleeHitSharp>MeleeHit_Stone</soundMeleeHitSharp>
      <soundMeleeHitBlunt>MeleeHit_Stone</soundMeleeHitBlunt>
      <stuffAdjective>marble</stuffAdjective>
      <statFactors>
        <Beauty>1.35</Beauty>
        <MarketValue>0.45</MarketValue>
        <MaxHitPoints>1.2</MaxHitPoints>
				<WorkToBuild>5.5</WorkToBuild>
				<WorkToMake>1.15</WorkToMake>
      </statFactors>
    </stuffProps>
  </ThingDef>

	<RecipeDef ParentName="MakeStoneBlocksBase">
		<defName>MakeStoneBlocksMarble</defName>
		<label>make marble blocks</label>
		<description>Cuts marble chunks into usable blocks.</description>
		<ingredients>
			<li>
				<filter>
					<thingDefs>
						<li>ChunkMarble</li>
					</thingDefs>
				</filter>
				<count>1</count>
			</li>
		</ingredients>
		<fixedIngredientFilter>
			<thingDefs>
				<li>ChunkMarble</li>
			</thingDefs>
		</fixedIngredientFilter>
		<products>
			<BlocksMarble>20</BlocksMarble>
		</products>
	</RecipeDef>

</Defs>