﻿<?xml version="1.0" encoding="utf-8" ?>
<ThingDefs>

  <ThingDef Name="BaseWeaponNeolithic" Abstract="True" ParentName="BaseWeapon">
    <techLevel>Neolithic</techLevel>
    <weaponTags>
      <li>Neolithic</li>
    </weaponTags>
    <thingCategories>
      <li>WeaponsRanged</li>
    </thingCategories>
    <comps>
      <li>
        <compClass>CompQuality</compClass>
      </li>
    </comps>
    <recipeMaker>
      <workSpeedStat>SmithingSpeed</workSpeedStat>
      <workSkill>Crafting</workSkill>
      <recipeUsers>
        <li>ElectricSmithy</li>
        <li>FueledSmithy</li>
      </recipeUsers>
      <effectWorking>Smelt</effectWorking>
      <unfinishedThingDef>UnfinishedWeapon</unfinishedThingDef>
    </recipeMaker>
  </ThingDef>

  <ThingDef Name="BaseProjectileNeolithic" Abstract="True">
    <category>Projectile</category>
    <tickerType>Normal</tickerType>
    <altitudeLayer>Projectile</altitudeLayer>
    <thingClass>Bullet</thingClass>
    <label>arrow</label>
    <useHitPoints>False</useHitPoints>
    <neverMultiSelect>True</neverMultiSelect>
    <graphicData>
      <shaderType>Transparent</shaderType>
    </graphicData>
  </ThingDef>

  <!-- ======================================================== -->

  <ThingDef ParentName="BaseProjectileNeolithic">
    <defName>Arrow_Short</defName>
    <label>shortbow arrow</label>
    <graphicData>
      <texPath>Things/Projectile/Arrow_Small</texPath>
      <graphicClass>Graphic_Single</graphicClass>
    </graphicData>
    <projectile>
      <flyOverhead>false</flyOverhead>
      <damageDef>Arrow</damageDef>
      <DamageAmountBase>10</DamageAmountBase>
      <Speed>44</Speed>
    </projectile>
  </ThingDef>
  <ThingDef ParentName="BaseWeaponNeolithic">
    <defName>Bow_Short</defName>
    <label>short bow</label>
    <description>A simple short bow, made with skill, but using only the most primitive technologies.</description>
    <graphicData>
      <texPath>Things/Item/Equipment/WeaponRanged/BowShort</texPath>
      <graphicClass>Graphic_Single</graphicClass>
    </graphicData>
    <soundInteract>BowSmall</soundInteract>
    <costList>
      <WoodLog>30</WoodLog>
    </costList>
    <statBases>
      <WorkToMake>9000</WorkToMake>
      <Mass>0.8</Mass>
      <AccuracyTouch>0.89</AccuracyTouch>
      <AccuracyShort>0.64</AccuracyShort>
      <AccuracyMedium>0.41</AccuracyMedium>
      <AccuracyLong>0.22</AccuracyLong>
      <RangedWeapon_Cooldown>1.66</RangedWeapon_Cooldown>
    </statBases>
    <weaponTags>
      <li>NeolithicRanged</li>
    </weaponTags>
    <recipeMaker>
      <recipeUsers>
        <li>ElectricSmithy</li>
        <li>FueledSmithy</li>
        <li>CraftingSpot</li>
      </recipeUsers>
    </recipeMaker>
    <verbs>
      <li>
        <verbClass>Verb_Shoot</verbClass>
        <hasStandardCommand>true</hasStandardCommand>
        <projectileDef>Arrow_Short</projectileDef>
        <warmupTime>1.35</warmupTime>
        <range>29</range>
        <soundCast>BowSmall</soundCast>
      </li>
    </verbs>
  </ThingDef>

  <ThingDef ParentName="BaseProjectileNeolithic">
    <defName>Pilum_Thrown</defName>
    <label>pilum (thrown)</label>
    <graphicData>
      <texPath>Things/Projectile/Pilum</texPath>
      <graphicClass>Graphic_Single</graphicClass>
    </graphicData>
    <projectile>
      <flyOverhead>false</flyOverhead>
      <damageDef>Stab</damageDef>
      <DamageAmountBase>30</DamageAmountBase>
      <Speed>26</Speed>
    </projectile>
  </ThingDef>
  <ThingDef ParentName="BaseWeaponNeolithic">
    <defName>Pila</defName>
    <label>pila</label>
    <description>A bundle of pila, non-reusable throwing spears.</description>
    <graphicData>
      <texPath>Things/Item/Equipment/WeaponRanged/Pilum</texPath>
      <graphicClass>Graphic_Single</graphicClass>
    </graphicData>
    <soundInteract>Interact_BeatFire</soundInteract>
    <costList>
      <WoodLog>70</WoodLog>
    </costList>
    <statBases>
      <WorkToMake>13000</WorkToMake>
      <Mass>4</Mass>
      <AccuracyTouch>0.91</AccuracyTouch>
      <AccuracyShort>0.71</AccuracyShort>
      <AccuracyMedium>0.50</AccuracyMedium>
      <AccuracyLong>0.32</AccuracyLong>
      <RangedWeapon_Cooldown>4</RangedWeapon_Cooldown>
    </statBases>
    <weaponTags>
      <li>NeolithicRanged</li>
    </weaponTags>
    <verbs>
      <li>
        <verbClass>Verb_Shoot</verbClass>
        <hasStandardCommand>true</hasStandardCommand>
        <projectileDef>Pilum_Thrown</projectileDef>
        <warmupTime>4.0</warmupTime>
        <range>20</range>
        <soundCast>Interact_BeatFire</soundCast>
      </li>
    </verbs>
  </ThingDef>

  <ThingDef ParentName="BaseProjectileNeolithic">
    <defName>Arrow_Great</defName>
    <label>greatbow arrow</label>
    <graphicData>
      <texPath>Things/Projectile/Arrow_Small</texPath>
      <graphicClass>Graphic_Single</graphicClass>
    </graphicData>
    <projectile>
      <flyOverhead>false</flyOverhead>
      <damageDef>Arrow</damageDef>
      <DamageAmountBase>18</DamageAmountBase>
      <Speed>49</Speed>
    </projectile>
  </ThingDef>
  <ThingDef ParentName="BaseWeaponNeolithic">
    <defName>Bow_Great</defName>
    <label>great bow</label>
    <description>A powerful greatbow. Fires a heavy arrow long distances.</description>
    <graphicData>
      <texPath>Things/Item/Equipment/WeaponRanged/BowGreat</texPath>
      <graphicClass>Graphic_Single</graphicClass>
    </graphicData>
    <soundInteract>BowLarge</soundInteract>
    <costList>
      <WoodLog>50</WoodLog>
    </costList>
    <statBases>
      <WorkToMake>18000</WorkToMake>
      <Mass>1.2</Mass>
      <AccuracyTouch>0.93</AccuracyTouch>
      <AccuracyShort>0.85</AccuracyShort>
      <AccuracyMedium>0.75</AccuracyMedium>
      <AccuracyLong>0.50</AccuracyLong>
      <RangedWeapon_Cooldown>1.5</RangedWeapon_Cooldown>
    </statBases>
    <weaponTags>
      <li>NeolithicRanged</li>
    </weaponTags>
    <verbs>
      <li>
        <verbClass>Verb_Shoot</verbClass>
        <hasStandardCommand>true</hasStandardCommand>
        <projectileDef>Arrow_Great</projectileDef>
        <warmupTime>1.8</warmupTime>
        <range>32</range>
        <soundCast>BowLarge</soundCast>
      </li>
    </verbs>
  </ThingDef>

</ThingDefs>


