﻿<?xml version="1.0" encoding="utf-8" ?>
<ThingDefs>

  <ThingDef Name="BaseGun" Abstract="True" ParentName="BaseWeapon">
		<techLevel>Industrial</techLevel>
		<smeltable>true</smeltable>
		<thingCategories>
      <li>WeaponsRanged</li>
    </thingCategories>
    <inspectorTabs>
      <li>ITab_Art</li>
    </inspectorTabs>
    <comps>
      <li>
        <compClass>CompQuality</compClass>
      </li>
      <li Class="CompProperties_Art">
        <nameMaker>ArtName_WeaponGun</nameMaker>
        <descriptionMaker>ArtDescription_WeaponGun</descriptionMaker>
        <minQualityForArtistic>Excellent</minQualityForArtistic>
      </li>
    </comps>
  </ThingDef>

  <ThingDef Name="BaseMakeableGun" ParentName="BaseGun" Abstract="True">
    <recipeMaker>
      <workSpeedStat>SmithingSpeed</workSpeedStat>
      <workSkill>Crafting</workSkill>
      <effectWorking>Smith</effectWorking>
      <soundWorking>Recipe_Smith</soundWorking>
      <recipeUsers>
        <li>TableMachining</li>
      </recipeUsers>
      <unfinishedThingDef>UnfinishedGun</unfinishedThingDef>
    </recipeMaker>
  </ThingDef>

  <ThingDef Name="BaseHumanGun" ParentName="BaseGun" Abstract="True">
    <weaponTags>
      <li>Gun</li>
    </weaponTags>
  </ThingDef>
  
  <ThingDef Name="BaseHumanMakeableGun" ParentName="BaseMakeableGun" Abstract="True">
    <weaponTags>
      <li>Gun</li>
    </weaponTags>
  </ThingDef>

  <ThingDef Name="BaseBullet" Abstract="True">
    <category>Projectile</category>
    <tickerType>Normal</tickerType>
    <altitudeLayer>Projectile</altitudeLayer>
    <thingClass>Bullet</thingClass>
    <label>bullet</label>
    <useHitPoints>False</useHitPoints>
    <neverMultiSelect>True</neverMultiSelect>
    <graphicData>
      <shaderType>Transparent</shaderType>
    </graphicData>
  </ThingDef>

  <!-- ============================================================== -->

  <ThingDef ParentName="BaseBullet">
    <defName>Bullet_Pistol</defName>
    <label>pistol bullet</label>
    <graphicData>
      <texPath>Things/Projectile/Bullet_Small</texPath>
      <graphicClass>Graphic_Single</graphicClass>
    </graphicData>
    <projectile>
      <flyOverhead>false</flyOverhead>
      <damageDef>Bullet</damageDef>
      <DamageAmountBase>9</DamageAmountBase>
      <Speed>55</Speed>
    </projectile>
  </ThingDef>
  <ThingDef ParentName="BaseHumanMakeableGun">
    <defName>Gun_Pistol</defName>
    <label>pistol</label>
    <description>Ancient pattern automatic pistol. Weak and short range, but quick.</description>
    <graphicData>
      <texPath>Things/Item/Equipment/WeaponRanged/Pistol</texPath>
      <graphicClass>Graphic_Single</graphicClass>
    </graphicData>
    <soundInteract>InteractPistol</soundInteract>
    <statBases>
      <WorkToMake>15000</WorkToMake>
      <Mass>1.2</Mass>
      <AccuracyTouch>0.91</AccuracyTouch>
      <AccuracyShort>0.71</AccuracyShort>
      <AccuracyMedium>0.50</AccuracyMedium>
      <AccuracyLong>0.32</AccuracyLong>
      <RangedWeapon_Cooldown>1.26</RangedWeapon_Cooldown>
    </statBases>
    <costList>
      <Steel>30</Steel>
      <Component>2</Component>
    </costList>
    <verbs>
      <li>
        <verbClass>Verb_Shoot</verbClass>
        <hasStandardCommand>true</hasStandardCommand>
        <projectileDef>Bullet_Pistol</projectileDef>
        <warmupTime>0.3</warmupTime>
        <range>24</range>
        <soundCast>ShotPistol</soundCast>
        <soundCastTail>GunTail_Light</soundCastTail>
        <muzzleFlashScale>9</muzzleFlashScale>
      </li>
    </verbs>
  </ThingDef>


	<!-- ==================== T-9 incendiary launcher ========================== -->

	<ThingDef ParentName="BaseBullet">
		<defName>Bullet_IncendiaryLauncher</defName>
		<label>incendiary bolt</label>
		<graphicData>
			<texPath>Things/Projectile/InfernoCannonShot</texPath>
			<graphicClass>Graphic_Single</graphicClass>
			<shaderType>TransparentPostLight</shaderType>
		</graphicData>
		<thingClass>Projectile_Explosive</thingClass>
		<projectile>
			<speed>40</speed>
			<damageDef>Flame</damageDef>
			<damageAmountBase>10</damageAmountBase>
			<explosionRadius>1.1</explosionRadius>
			<preExplosionSpawnThingDef>FilthFuel</preExplosionSpawnThingDef>
			<explosionSpawnChance>0.6</explosionSpawnChance>
		</projectile>
	</ThingDef>
	<ThingDef ParentName="BaseHumanMakeableGun">
		<defName>Gun_IncendiaryLauncher</defName>
		<label>incendiary launcher</label>
		<description>Incendiary bolt launcher. Starts fires.</description>
		<graphicData>
			<texPath>Things/Item/Equipment/WeaponRanged/IncendiaryLauncher</texPath>
			<graphicClass>Graphic_Single</graphicClass>
		</graphicData>
		<soundInteract>InteractRifle</soundInteract>
		<generateCommonality>0.4</generateCommonality>
		<statBases>
			<WorkToMake>22000</WorkToMake>
			<Mass>3.4</Mass>
			<AccuracyTouch>0.79</AccuracyTouch>
			<AccuracyShort>0.42</AccuracyShort>
			<AccuracyMedium>0.18</AccuracyMedium>
			<AccuracyLong>0.06</AccuracyLong>
			<RangedWeapon_Cooldown>4.0</RangedWeapon_Cooldown>
		</statBases>
		<costList>
			<Steel>75</Steel>
			<Component>4</Component>
		</costList>
		<verbs>
			<li>
				<verbClass>Verb_Shoot</verbClass>
				<hasStandardCommand>true</hasStandardCommand>
				<projectileDef>Bullet_IncendiaryLauncher</projectileDef>
				<ai_IsIncendiary>true</ai_IsIncendiary>
				<warmupTime>3.0</warmupTime>
				<range>24</range>
				<burstShotCount>1</burstShotCount>
				<soundCast>ShotIncendiaryLauncher</soundCast>
				<soundCastTail>GunTail_Medium</soundCastTail>
				<muzzleFlashScale>14</muzzleFlashScale>
			</li>
		</verbs>
	</ThingDef>

	<!-- ============================================================== -->

  <ThingDef ParentName="BaseBullet">
    <defName>Bullet_PumpShotgun</defName>
    <label>shotgun blast</label>
    <graphicData>
      <texPath>Things/Projectile/Bullet_Shotgun</texPath>
      <graphicClass>Graphic_Single</graphicClass>
    </graphicData>
    <projectile>
      <damageDef>Bullet</damageDef>
      <damageAmountBase>20</damageAmountBase>
      <speed>55</speed>
    </projectile>
  </ThingDef>
  <ThingDef ParentName="BaseHumanMakeableGun">
    <defName>Gun_PumpShotgun</defName>
    <label>pump shotgun</label>
    <description>Ancient design. Deadly, but short range.</description>
    <graphicData>
      <texPath>Things/Item/Equipment/WeaponRanged/Shotgun</texPath>
      <graphicClass>Graphic_Single</graphicClass>
    </graphicData>
    <soundInteract>InteractShotgun</soundInteract>
    <statBases>
      <WorkToMake>30000</WorkToMake>
      <Mass>3.4</Mass>
      <AccuracyTouch>0.80</AccuracyTouch>
      <AccuracyShort>0.87</AccuracyShort>
      <AccuracyMedium>0.77</AccuracyMedium>
      <AccuracyLong>0.64</AccuracyLong>
      <RangedWeapon_Cooldown>1.26</RangedWeapon_Cooldown>
    </statBases>
    <costList>
      <Steel>60</Steel>
      <Component>3</Component>
    </costList>
    <verbs>
      <li>
        <verbClass>Verb_Shoot</verbClass>
        <hasStandardCommand>true</hasStandardCommand>
        <projectileDef>Bullet_PumpShotgun</projectileDef>
        <warmupTime>0.9</warmupTime>
        <range>16</range>
        <soundCast>ShotShotgun</soundCast>
        <soundCastTail>GunTail_Heavy</soundCastTail>
        <muzzleFlashScale>9</muzzleFlashScale>
      </li>
    </verbs>
  </ThingDef>

  <!-- ============================================================== -->

  <ThingDef ParentName="BaseBullet">
    <defName>Bullet_ChainShotgun</defName>
    <label>shotgun blast</label>
    <graphicData>
      <texPath>Things/Projectile/Bullet_Shotgun</texPath>
      <graphicClass>Graphic_Single</graphicClass>
    </graphicData>
    <projectile>
      <damageDef>Bullet</damageDef>
      <damageAmountBase>20</damageAmountBase>
      <speed>55</speed>
    </projectile>
  </ThingDef>
  <ThingDef ParentName="BaseHumanMakeableGun">
    <defName>Gun_ChainShotgun</defName>
    <label>chain shotgun</label>
    <description>A magazine-fed fully automatic shotgun. Short range and very low accuracy, but extraordinarily dangerous.</description>
    <graphicData>
      <texPath>Things/Item/Equipment/WeaponRanged/ChainShotgun</texPath>
      <graphicClass>Graphic_Single</graphicClass>
    </graphicData>
    <soundInteract>InteractShotgun</soundInteract>
		<generateCommonality>0.3</generateCommonality>
    <statBases>
      <WorkToMake>45000</WorkToMake>
      <Mass>4.5</Mass>
      <AccuracyTouch>0.40</AccuracyTouch>
      <AccuracyShort>0.43</AccuracyShort>
      <AccuracyMedium>0.38</AccuracyMedium>
      <AccuracyLong>0.32</AccuracyLong>
      <RangedWeapon_Cooldown>1.26</RangedWeapon_Cooldown>
    </statBases>
    <costList>
      <Steel>70</Steel>
      <Component>5</Component>
    </costList>
    <verbs>
      <li>
        <verbClass>Verb_Shoot</verbClass>
        <hasStandardCommand>true</hasStandardCommand>
        <projectileDef>Bullet_ChainShotgun</projectileDef>
        <warmupTime>1.1</warmupTime>
        <range>10</range>
        <burstShotCount>3</burstShotCount>
        <ticksBetweenBurstShots>12</ticksBetweenBurstShots>
        <soundCast>ShotShotgun</soundCast>
        <soundCastTail>GunTail_Heavy</soundCastTail>
        <muzzleFlashScale>9</muzzleFlashScale>
      </li>
    </verbs>
  </ThingDef>


  <!-- ============================================== -->

  <ThingDef ParentName="BaseBullet">
    <defName>Bullet_BoltActionRifle</defName>
    <label>bolt-action rifle bullet</label>
    <projectile>
      <damageDef>Bullet</damageDef>
      <damageAmountBase>18</damageAmountBase>
      <speed>70</speed>
    </projectile>
    <graphicData>
      <texPath>Things/Projectile/Bullet_big</texPath>
      <graphicClass>Graphic_Single</graphicClass>
    </graphicData>
  </ThingDef>
  <ThingDef ParentName="BaseHumanMakeableGun">
    <defName>Gun_BoltActionRifle</defName>
    <label>bolt-action rifle</label>
    <description>Ancient pattern bolt-action rifle. Good range, good power, low rate of fire.</description>
    <graphicData>
      <texPath>Things/Item/Equipment/WeaponRanged/BoltActionRifle</texPath>
      <graphicClass>Graphic_Single</graphicClass>
    </graphicData>
    <soundInteract>InteractRifle</soundInteract>
		<generateCommonality>1.5</generateCommonality>
    <statBases>
      <WorkToMake>25000</WorkToMake>
      <Mass>3.5</Mass>
      <AccuracyTouch>0.75</AccuracyTouch>
      <AccuracyShort>0.96</AccuracyShort>
      <AccuracyMedium>0.96</AccuracyMedium>
      <AccuracyLong>0.90</AccuracyLong>
      <RangedWeapon_Cooldown>1.26</RangedWeapon_Cooldown>
    </statBases>
    <costList>
      <Steel>60</Steel>
      <Component>3</Component>
    </costList>
    <verbs>
      <li>
        <verbClass>Verb_Shoot</verbClass>
        <hasStandardCommand>true</hasStandardCommand>
        <projectileDef>Bullet_BoltActionRifle</projectileDef>
        <warmupTime>1.9</warmupTime>
        <range>37</range>
        <soundCast>ShotBoltActionRifle</soundCast>
        <soundCastTail>GunTail_Heavy</soundCastTail>
        <muzzleFlashScale>9</muzzleFlashScale>
      </li>
    </verbs>
  </ThingDef>


	<!-- ============================================== -->

	<ThingDef ParentName="BaseBullet">
		<defName>Bullet_MachinePistol</defName>
		<label>machine pistol bullet</label>
		<graphicData>
			<texPath>Things/Projectile/Bullet_Small</texPath>
			<graphicClass>Graphic_Single</graphicClass>
		</graphicData>
		<projectile>
			<damageDef>Bullet</damageDef>
			<damageAmountBase>5</damageAmountBase>
			<speed>55</speed>
		</projectile>
	</ThingDef>
	<ThingDef ParentName="BaseHumanMakeableGun">
		<defName>Gun_MachinePistol</defName>
		<label>machine pistol</label>
		<description>A micro-submachine gun. Short range, low power, high rate of fire. Very quick to aim and fire.</description>
		<graphicData>
			<texPath>Things/Item/Equipment/WeaponRanged/MachinePistol</texPath>
			<graphicClass>Graphic_Single</graphicClass>
		</graphicData>
		<soundInteract>InteractSMG</soundInteract>
		<statBases>
			<WorkToMake>25000</WorkToMake>
			<Mass>2.5</Mass>
			<AccuracyTouch>0.73</AccuracyTouch>
			<AccuracyShort>0.62</AccuracyShort>
			<AccuracyMedium>0.43</AccuracyMedium>
			<AccuracyLong>0.15</AccuracyLong>
			<RangedWeapon_Cooldown>0.9</RangedWeapon_Cooldown>
		</statBases>
		<costList>
			<Steel>45</Steel>
			<Component>3</Component>
		</costList>
		<verbs>
			<li>
				<verbClass>Verb_Shoot</verbClass>
				<hasStandardCommand>true</hasStandardCommand>
				<projectileDef>Bullet_MachinePistol</projectileDef>
				<warmupTime>0.5</warmupTime>
				<range>24</range>
				<burstShotCount>3</burstShotCount>
				<ticksBetweenBurstShots>7</ticksBetweenBurstShots>
				<soundCast>ShotMachinePistol</soundCast>
				<soundCastTail>GunTail_Light</soundCastTail>
				<muzzleFlashScale>9</muzzleFlashScale>
			</li>
		</verbs>
	</ThingDef>


	<!-- ============================================== -->

	<ThingDef ParentName="BaseBullet">
		<defName>Bullet_HeavySMG</defName>
		<label>heavy SMG bullet</label>
		<graphicData>
			<texPath>Things/Projectile/Bullet_Small</texPath>
			<graphicClass>Graphic_Single</graphicClass>
		</graphicData>
		<projectile>
			<damageDef>Bullet</damageDef>
			<damageAmountBase>13</damageAmountBase>
			<speed>48</speed>
		</projectile>
	</ThingDef>
	<ThingDef ParentName="BaseHumanMakeableGun">
		<defName>Gun_HeavySMG</defName>
		<label>heavy SMG</label>
		<description>A compact, wide-caliber slug-thrower. Very short range, but it packs a punch and handles quite well.</description>
		<graphicData>
			<texPath>Things/Item/Equipment/WeaponRanged/HeavySMG</texPath>
			<graphicClass>Graphic_Single</graphicClass>
		</graphicData>
		<soundInteract>InteractSMG</soundInteract>
		<statBases>
			<WorkToMake>28000</WorkToMake>
			<Mass>3.5</Mass>
			<AccuracyTouch>0.89</AccuracyTouch>
			<AccuracyShort>0.64</AccuracyShort>
			<AccuracyMedium>0.37</AccuracyMedium>
			<AccuracyLong>0.22</AccuracyLong>
			<RangedWeapon_Cooldown>1.65</RangedWeapon_Cooldown>
		</statBases>
		<costList>
			<Steel>75</Steel>
			<Component>4</Component>
		</costList>
		<verbs>
			<li>
				<verbClass>Verb_Shoot</verbClass>
				<hasStandardCommand>true</hasStandardCommand>
				<projectileDef>Bullet_HeavySMG</projectileDef>
				<warmupTime>0.9</warmupTime>
				<range>18</range>
				<burstShotCount>3</burstShotCount>
				<ticksBetweenBurstShots>11</ticksBetweenBurstShots>
				<soundCast>ShotHeavySMG</soundCast>
				<soundCastTail>GunTail_Heavy</soundCastTail>
				<muzzleFlashScale>9</muzzleFlashScale>
			</li>
		</verbs>
	</ThingDef>

	<!-- ===================== LMG ========================= -->

	<ThingDef ParentName="BaseBullet">
		<defName>Bullet_LMG</defName>
		<label>LMG bullet</label>
		<graphicData>
			<texPath>Things/Projectile/Bullet_Small</texPath>
			<graphicClass>Graphic_Single</graphicClass>
		</graphicData>
		<projectile>
			<damageDef>Bullet</damageDef>
			<damageAmountBase>8</damageAmountBase>
			<speed>40</speed>
		</projectile>
	</ThingDef>
	<ThingDef ParentName="BaseHumanMakeableGun">
		<defName>Gun_LMG</defName>
		<label>LMG</label>
		<description>A light machine gun.</description>
		<graphicData>
			<texPath>Things/Item/Equipment/WeaponRanged/LMG</texPath>
			<graphicClass>Graphic_Single</graphicClass>
		</graphicData>
		<soundInteract>InteractRifle</soundInteract>
		<statBases>
			<WorkToMake>34000</WorkToMake>
			<Mass>8.5</Mass>
			<AccuracyTouch>0.50</AccuracyTouch>
			<AccuracyShort>0.64</AccuracyShort>
			<AccuracyMedium>0.41</AccuracyMedium>
			<AccuracyLong>0.22</AccuracyLong>
			<RangedWeapon_Cooldown>2.0</RangedWeapon_Cooldown>
		</statBases>
		<costList>
			<Steel>75</Steel>
			<Component>4</Component>
		</costList>
		<verbs>
			<li>
				<verbClass>Verb_Shoot</verbClass>
				<hasStandardCommand>true</hasStandardCommand>
				<projectileDef>Bullet_LMG</projectileDef>
				<warmupTime>1.4</warmupTime>
				<range>25.9</range>
				<ticksBetweenBurstShots>7</ticksBetweenBurstShots>
				<burstShotCount>6</burstShotCount>
				<soundCast>ShotMinigun</soundCast>
				<soundCastTail>GunTail_Medium</soundCastTail>
				<muzzleFlashScale>9</muzzleFlashScale>
			</li>
		</verbs>
		<weaponTags>
			<li>EliteGun</li>
		</weaponTags>
	</ThingDef>

	<!-- ============================================== -->

  <ThingDef ParentName="BaseBullet">
    <defName>Bullet_AssaultRifle</defName>
    <label>assault rifle bullet</label>
    <graphicData>
      <texPath>Things/Projectile/Bullet_Small</texPath>
      <graphicClass>Graphic_Single</graphicClass>
    </graphicData>
    <projectile>
      <damageDef>Bullet</damageDef>
      <damageAmountBase>7</damageAmountBase>
      <speed>70</speed>
    </projectile>
  </ThingDef>

  <ThingDef ParentName="BaseHumanMakeableGun">
    <defName>Gun_AssaultRifle</defName>
    <label>assault rifle</label>
    <description>A general-purpose military weapon for field or urban combat. It fires a three-round burst. Good range, low power, high rate of fire.</description>
    <graphicData>
      <texPath>Things/Item/Equipment/WeaponRanged/AssaultRifle</texPath>
      <graphicClass>Graphic_Single</graphicClass>
    </graphicData>
    <soundInteract>InteractRifle</soundInteract>
    <statBases>
      <WorkToMake>45000</WorkToMake>
      <Mass>3.5</Mass>
      <AccuracyTouch>0.70</AccuracyTouch>
      <AccuracyShort>0.87</AccuracyShort>
      <AccuracyMedium>0.77</AccuracyMedium>
      <AccuracyLong>0.64</AccuracyLong>
      <RangedWeapon_Cooldown>1.36</RangedWeapon_Cooldown>
    </statBases>
    <costList>
      <Steel>60</Steel>
      <Component>7</Component>
    </costList>
    <verbs>
      <li>
        <verbClass>Verb_Shoot</verbClass>
        <hasStandardCommand>true</hasStandardCommand>
        <projectileDef>Bullet_AssaultRifle</projectileDef>
        <warmupTime>0.9</warmupTime>
        <range>31</range>
        <burstShotCount>3</burstShotCount>
        <ticksBetweenBurstShots>7</ticksBetweenBurstShots>
        <soundCast>ShotAssaultRifle</soundCast>
        <soundCastTail>GunTail_Medium</soundCastTail>
        <muzzleFlashScale>9</muzzleFlashScale>
      </li>
    </verbs>
		<weaponTags>
			<li>EliteGun</li>
		</weaponTags>
  </ThingDef>

	<!-- ===================== Charge rifle ========================= -->

	<ThingDef ParentName="BaseBullet">
		<defName>Bullet_ChargeRifle</defName>
		<label>charge shot</label>
		<graphicData>
			<texPath>Things/Projectile/Charge_Small</texPath>
			<graphicClass>Graphic_Single</graphicClass>
		</graphicData>
		<projectile>
			<damageDef>Bullet</damageDef>
			<damageAmountBase>12</damageAmountBase>
			<speed>70</speed>
		</projectile>
	</ThingDef>
	<ThingDef ParentName="BaseHumanMakeableGun">
		<defName>Gun_ChargeRifle</defName>
		<label>charge rifle</label>
		<description>Charged-shot energy/projectile rifle.</description>
		<graphicData>
			<texPath>Things/Item/Equipment/WeaponRanged/ChargeRifle</texPath>
			<graphicClass>Graphic_Single</graphicClass>
		</graphicData>
		<soundInteract>InteractChargeRifle</soundInteract>
		<statBases>
			<WorkToMake>50000</WorkToMake>
			<Mass>4.6</Mass>
			<AccuracyTouch>0.80</AccuracyTouch>
			<AccuracyShort>0.83</AccuracyShort>
			<AccuracyMedium>0.68</AccuracyMedium>
			<AccuracyLong>0.53</AccuracyLong>
			<RangedWeapon_Cooldown>1.16</RangedWeapon_Cooldown>
		</statBases>
		<recipeMaker>
			<researchPrerequisite>ChargedShot</researchPrerequisite>
		</recipeMaker>
		<costList>
			<Steel>20</Steel>
			<Plasteel>40</Plasteel>
			<Component>7</Component>
		</costList>
		<generateCommonality>0.30</generateCommonality>
		<techLevel>Spacer</techLevel>
		<weaponTags>
			<li>AdvancedGun</li>
		</weaponTags>
		<verbs>
			<li>
				<verbClass>Verb_Shoot</verbClass>
				<hasStandardCommand>true</hasStandardCommand>
				<projectileDef>Bullet_ChargeRifle</projectileDef>
				<warmupTime>1.0</warmupTime>
				<range>23</range>
				<ticksBetweenBurstShots>12</ticksBetweenBurstShots>
				<burstShotCount>3</burstShotCount>
				<soundCast>ShotChargeRifle</soundCast>
				<soundCastTail>GunTail_Medium</soundCastTail>
				<muzzleFlashScale>9</muzzleFlashScale>
			</li>
		</verbs>
	</ThingDef>
	
	<!-- ============================================== -->

  <ThingDef ParentName="BaseBullet">
    <defName>Bullet_SniperRifle</defName>
    <label>sniper rifle bullet</label>
    <graphicData>
      <texPath>Things/Projectile/Bullet_Big</texPath>
      <graphicClass>Graphic_Single</graphicClass>
    </graphicData>
    <projectile>
      <damageDef>Bullet</damageDef>
      <damageAmountBase>40</damageAmountBase>
      <speed>100</speed>
    </projectile>
  </ThingDef>
  <ThingDef ParentName="BaseHumanMakeableGun">
    <defName>Gun_SniperRifle</defName>
    <label>sniper rifle</label>
    <description>Ancient pattern military sniper rifle. Bolt action. Long range, great accuracy and power.</description>
    <graphicData>
      <texPath>Things/Item/Equipment/WeaponRanged/SniperRifle</texPath>
      <graphicClass>Graphic_Single</graphicClass>
    </graphicData>
    <soundInteract>InteractRifle</soundInteract>
    <statBases>
      <WorkToMake>55000</WorkToMake>
      <Mass>4</Mass>
      <AccuracyTouch>0.50</AccuracyTouch>
      <AccuracyShort>0.86</AccuracyShort>
      <AccuracyMedium>0.86</AccuracyMedium>
      <AccuracyLong>0.88</AccuracyLong>
      <RangedWeapon_Cooldown>2.33</RangedWeapon_Cooldown>
    </statBases>
    <costList>
      <Steel>60</Steel>
      <Component>8</Component>
    </costList>
    <verbs>
      <li>
        <verbClass>Verb_Shoot</verbClass>
        <hasStandardCommand>true</hasStandardCommand>
        <projectileDef>Bullet_SniperRifle</projectileDef>
        <warmupTime>4.0</warmupTime>
        <range>45</range>
        <soundCast>ShotSniperRifle</soundCast>
        <soundCastTail>GunTail_Heavy</soundCastTail>
        <muzzleFlashScale>9</muzzleFlashScale>
      </li>
    </verbs>
    <weaponTags>
      <li>SniperRifle</li>
    </weaponTags>
  </ThingDef>

  <!-- ======================= Minigun ======================= -->

  <ThingDef ParentName="BaseBullet">
    <defName>Bullet_Minigun</defName>
    <label>minigun bullet</label>
    <graphicData>
      <texPath>Things/Projectile/Bullet_Small</texPath>
      <graphicClass>Graphic_Single</graphicClass>
    </graphicData>
    <projectile>
      <damageDef>Bullet</damageDef>
      <damageAmountBase>8</damageAmountBase>
      <speed>70</speed>
    </projectile>
  </ThingDef>
  <ThingDef ParentName="BaseHumanMakeableGun">
    <defName>Gun_Minigun</defName>
    <label>minigun</label>
    <description>A multi-barrel machine gun with an extremely high rate of fire. Mechanoid-built.</description>
    <graphicData>
      <texPath>Things/Item/Equipment/WeaponRanged/Minigun</texPath>
      <graphicClass>Graphic_Single</graphicClass>
    </graphicData>
    <soundInteract>InteractRifle</soundInteract>
    <statBases>
      <WorkToMake>100000</WorkToMake>
      <Mass>10</Mass>
      <AccuracyTouch>0.50</AccuracyTouch>
      <AccuracyShort>0.42</AccuracyShort>
      <AccuracyMedium>0.18</AccuracyMedium>
      <AccuracyLong>0.06</AccuracyLong>
      <RangedWeapon_Cooldown>1.66</RangedWeapon_Cooldown>
    </statBases>
    <costList>
      <Steel>160</Steel>
      <Component>20</Component>
    </costList>
		<recipeMaker>
      <researchPrerequisite>MultibarrelWeapons</researchPrerequisite>
    </recipeMaker>
    <techLevel>Industrial</techLevel>
    <weaponTags>
      <li>MechanoidGunHeavy</li>
      <li>GunHeavy</li>
    </weaponTags>
    <equippedStatOffsets>
      <MoveSpeed>-0.25</MoveSpeed>
    </equippedStatOffsets>
    <verbs>
      <li>
        <verbClass>Verb_Shoot</verbClass>
        <hasStandardCommand>true</hasStandardCommand>
        <projectileDef>Bullet_Minigun</projectileDef>
        <forcedMissRadius>2.4</forcedMissRadius>
        <warmupTime>3.0</warmupTime>
        <range>32</range>
        <burstShotCount>30</burstShotCount>
        <ticksBetweenBurstShots>4</ticksBetweenBurstShots>
        <soundCast>ShotMinigun</soundCast>
        <soundCastTail>GunTail_Medium</soundCastTail>
        <muzzleFlashScale>9</muzzleFlashScale>
      </li>
    </verbs>
  </ThingDef>

	<!-- ======================= Non-producible ======================= -->

	<ThingDef ParentName="BaseBullet">
		<defName>Bullet_Rocket</defName>
		<label>rocket</label>
		<graphicData>
			<texPath>Things/Projectile/Rocket_Big</texPath>
			<graphicClass>Graphic_Single</graphicClass>
			<shaderType>TransparentPostLight</shaderType>
		</graphicData>
		<thingClass>Projectile_Explosive</thingClass>
		<projectile>
			<damageDef>Bomb</damageDef>
			<damageAmountBase>40</damageAmountBase>
			<explosionRadius>3.0</explosionRadius>
			<speed>50</speed>
		</projectile>
	</ThingDef>
	<ThingDef ParentName="BaseGun">
		<defName>Gun_TripleRocket</defName>
		<label>triple rocket launcher</label>
		<description>A single-use rocket launcher that fires 3 projectiles in quick succession.</description>
		<graphicData>
			<texPath>Things/Item/Equipment/WeaponRanged/RocketLauncher</texPath>
			<graphicClass>Graphic_Single</graphicClass>
		</graphicData>
		<statBases>
			<MarketValue>1600</MarketValue>
			<Mass>7</Mass>
			<AccuracyTouch>0.6</AccuracyTouch>
			<AccuracyShort>0.8</AccuracyShort>
			<AccuracyMedium>0.92</AccuracyMedium>
			<AccuracyLong>0.88</AccuracyLong>
			<RangedWeapon_Cooldown>4.5</RangedWeapon_Cooldown>
		</statBases>
		<!--<recipeMaker>
      <researchPrerequisite>LargeRockets</researchPrerequisite>
    </recipeMaker>
    <costList>
      <Steel>190</Steel>
      <Component>8</Component>
    </costList>-->
		<techLevel>Spacer</techLevel>
		<destroyOnDrop>false</destroyOnDrop>
		<weaponTags>
			<li>Gun</li>
			<li>GunHeavy</li>
		</weaponTags>
		<tradeTags>
			<li>Exotic</li>
		</tradeTags>
		<verbs>
			<li>
				<verbClass>Verb_ShootOneUse</verbClass>
				<hasStandardCommand>true</hasStandardCommand>
				<projectileDef>Bullet_Rocket</projectileDef>
				<forcedMissRadius>2.0</forcedMissRadius>
				<warmupTime>5.0</warmupTime>
        <ai_AvoidFriendlyFireRadius>5</ai_AvoidFriendlyFireRadius>
				<range>40</range>
				<ticksBetweenBurstShots>20</ticksBetweenBurstShots>
				<burstShotCount>3</burstShotCount>
				<soundCast>InfernoCannon_Fire</soundCast>
				<soundCastTail>GunTail_Heavy</soundCastTail>
				<onlyManualCast>true</onlyManualCast>
				<stopBurstWithoutLos>false</stopBurstWithoutLos>
				<targetParams>
					<canTargetLocations>true</canTargetLocations>
				</targetParams>
				<muzzleFlashScale>14</muzzleFlashScale>
			</li>
		</verbs>
	</ThingDef>

	<ThingDef ParentName="BaseBullet">
    <defName>Bullet_DoomsdayRocket</defName>
    <label>doomsday rocket</label>
    <graphicData>
      <texPath>Things/Projectile/Rocket_Big</texPath>
      <graphicClass>Graphic_Single</graphicClass>
      <shaderType>TransparentPostLight</shaderType>
    </graphicData>
    <thingClass>Projectile_DoomsdayRocket</thingClass>
    <projectile>
      <damageDef>Bomb</damageDef>
      <damageAmountBase>40</damageAmountBase>
      <explosionRadius>7.8</explosionRadius>
      <speed>50</speed>
    </projectile>
  </ThingDef>
  <ThingDef ParentName="BaseGun">
    <defName>Gun_DoomsdayRocket</defName>
    <label>doomsday rocket launcher</label>
    <description>A single-use rocket launcher for quick retribution.</description>
    <graphicData>
      <texPath>Things/Item/Equipment/WeaponRanged/DoomsdayLauncher</texPath>
      <graphicClass>Graphic_Single</graphicClass>
    </graphicData>
    <statBases>
      <MarketValue>1600</MarketValue>
      <Mass>8</Mass>
      <AccuracyTouch>1.0</AccuracyTouch>
      <AccuracyShort>1.0</AccuracyShort>
      <AccuracyMedium>1.0</AccuracyMedium>
      <AccuracyLong>1.0</AccuracyLong>
      <RangedWeapon_Cooldown>4.5</RangedWeapon_Cooldown>
    </statBases>
    <!--<recipeMaker>
      <researchPrerequisite>LargeRockets</researchPrerequisite>
    </recipeMaker>
    <costList>
      <Steel>170</Steel>
      <Component>8</Component>
      <MortarShell>1</MortarShell>
    </costList>-->
    <techLevel>Spacer</techLevel>
    <destroyOnDrop>false</destroyOnDrop>
    <weaponTags>
      <li>Gun</li>
      <li>GunHeavy</li>
    </weaponTags>
    <tradeTags>
      <li>Exotic</li>
    </tradeTags>
    <verbs>
      <li>
        <verbClass>Verb_ShootOneUse</verbClass>
        <hasStandardCommand>true</hasStandardCommand>
        <projectileDef>Bullet_DoomsdayRocket</projectileDef>
        <forcedMissRadius>0.0</forcedMissRadius>
        <warmupTime>4.5</warmupTime>
        <ai_AvoidFriendlyFireRadius>8</ai_AvoidFriendlyFireRadius>
        <range>40</range>
        <burstShotCount>1</burstShotCount>
        <soundCast>InfernoCannon_Fire</soundCast>
        <soundCastTail>GunTail_Heavy</soundCastTail>
        <onlyManualCast>true</onlyManualCast>
        <targetParams>
          <canTargetLocations>true</canTargetLocations>
        </targetParams>
        <muzzleFlashScale>14</muzzleFlashScale>
      </li>
    </verbs>
  </ThingDef>

  <!-- ================= Mechanoid weapons ================= -->

	<ThingDef ParentName="BaseBullet">
		<defName>Bullet_ChargeLance</defName>
		<label>charge lance shot</label>
		<graphicData>
			<texPath>Things/Projectile/ChargeLanceShot</texPath>
			<graphicClass>Graphic_Single</graphicClass>
			<shaderType>TransparentPostLight</shaderType>
			<drawSize>(3,3)</drawSize>
		</graphicData>
		<projectile>
			<damageDef>Bullet</damageDef>
			<damageAmountBase>27</damageAmountBase>
			<speed>120</speed>
		</projectile>
	</ThingDef>
	<ThingDef ParentName="BaseGun">
		<defName>Gun_ChargeLance</defName>
		<label>charge lance</label>
		<description>Charged-shot rail-assisted lance weapon. Fires a single charged shot at high velocity.</description>
		<graphicData>
			<texPath>Things/Item/Equipment/WeaponRanged/ChargeLance</texPath>
			<graphicClass>Graphic_Single</graphicClass>
		</graphicData>
		<statBases>
			<Mass>8</Mass>
			<AccuracyTouch>0.6</AccuracyTouch>
			<AccuracyShort>0.8</AccuracyShort>
			<AccuracyMedium>0.92</AccuracyMedium>
			<AccuracyLong>0.88</AccuracyLong>
			<RangedWeapon_Cooldown>3.3</RangedWeapon_Cooldown>
		</statBases>
		<tradeability>Never</tradeability>
		<techLevel>Spacer</techLevel>
		<destroyOnDrop>True</destroyOnDrop>
		<menuHidden>True</menuHidden>
		<weaponTags>
			<li>MechanoidGunMedium</li>
		</weaponTags>
		<verbs>
			<li>
				<verbClass>Verb_Shoot</verbClass>
				<hasStandardCommand>true</hasStandardCommand>
				<projectileDef>Bullet_ChargeLance</projectileDef>
				<warmupTime>1.5</warmupTime>
				<range>37</range>
				<burstShotCount>1</burstShotCount>
				<soundCast>ChargeLance_Fire</soundCast>
				<soundCastTail>GunTail_Heavy</soundCastTail>
				<muzzleFlashScale>9</muzzleFlashScale>
			</li>
		</verbs>
	</ThingDef>

	<ThingDef ParentName="BaseBullet">
		<defName>Bullet_InfernoCannon</defName>
		<label>inferno cannon shell</label>
		<graphicData>
			<texPath>Things/Projectile/InfernoCannonShot</texPath>
			<graphicClass>Graphic_Single</graphicClass>
			<shaderType>TransparentPostLight</shaderType>
		</graphicData>
		<thingClass>Projectile_Explosive</thingClass>
		<projectile>
			<damageDef>Flame</damageDef>
			<damageAmountBase>13</damageAmountBase>
			<speed>45</speed>
			<explosionRadius>2.4</explosionRadius >
			<preExplosionSpawnThingDef>FilthFuel</preExplosionSpawnThingDef>
			<explosionSpawnChance>0.27</explosionSpawnChance>
		</projectile>
	</ThingDef>
	<ThingDef ParentName="BaseGun">
		<defName>Gun_InfernoCannon</defName>
		<label>inferno cannon</label>
		<description>Incendiary-shot mini-artillery device. Mechanoid-built.</description>
		<graphicData>
			<texPath>Things/Item/Equipment/WeaponRanged/InfernoCannon</texPath>
			<graphicClass>Graphic_Single</graphicClass>
		</graphicData>
		<statBases>
			<MarketValue>2400</MarketValue>
			<Mass>18</Mass>
			<AccuracyTouch>0.79</AccuracyTouch>
			<AccuracyShort>0.42</AccuracyShort>
			<AccuracyMedium>0.18</AccuracyMedium>
			<AccuracyLong>0.06</AccuracyLong>
			<RangedWeapon_Cooldown>8.4</RangedWeapon_Cooldown>
		</statBases>
		<tradeability>Never</tradeability>
		<techLevel>Spacer</techLevel>
		<destroyOnDrop>True</destroyOnDrop>
		<menuHidden>True</menuHidden>
		<weaponTags>
			<li>MechanoidGunHeavy</li>
		</weaponTags>
		<verbs>
			<li>
				<verbClass>Verb_Shoot</verbClass>
				<hasStandardCommand>true</hasStandardCommand>
				<projectileDef>Bullet_InfernoCannon</projectileDef>
				<forcedMissRadius>3.5</forcedMissRadius>
				<ai_IsIncendiary>true</ai_IsIncendiary>
        <ai_AvoidFriendlyFireRadius>3</ai_AvoidFriendlyFireRadius>
				<warmupTime>1.25</warmupTime>
				<range>27</range>
				<burstShotCount>1</burstShotCount>
				<soundCast>InfernoCannon_Fire</soundCast>
				<soundCastTail>GunTail_Light</soundCastTail>
				<muzzleFlashScale>14</muzzleFlashScale>
			</li>
		</verbs>
	</ThingDef>

	<ThingDef ParentName="BaseBullet">
    <defName>Bullet_ChargeBlasterHeavy</defName>
    <label>charge blaster shot</label>
    <graphicData>
      <texPath>Things/Projectile/Charge_Small</texPath>
      <graphicClass>Graphic_Single</graphicClass>
      <shaderType>TransparentPostLight</shaderType>
    </graphicData>
    <projectile>
      <damageDef>Bullet</damageDef>
      <damageAmountBase>15</damageAmountBase>
      <speed>90</speed>
    </projectile>
  </ThingDef>
  <ThingDef ParentName="BaseGun">
    <defName>Gun_ChargeBlasterHeavy</defName>
    <label>heavy charge blaster</label>
    <description>Charged-shot blaster for area suppressive fire. Mechanoid-built.</description>
    <graphicData>
      <texPath>Things/Item/Equipment/WeaponRanged/ChargeBlasterHeavy</texPath>
      <graphicClass>Graphic_Single</graphicClass>
    </graphicData>
    <statBases>
      <MarketValue>2400</MarketValue>
      <Mass>22</Mass>
      <AccuracyTouch>0.60</AccuracyTouch>
      <AccuracyShort>0.77</AccuracyShort>
      <AccuracyMedium>0.59</AccuracyMedium>
      <AccuracyLong>0.42</AccuracyLong>
      <RangedWeapon_Cooldown>7.4</RangedWeapon_Cooldown>
    </statBases>
    <tradeability>Never</tradeability>
    <techLevel>Spacer</techLevel>
    <destroyOnDrop>True</destroyOnDrop>
    <menuHidden>True</menuHidden>
    <weaponTags>
      <li>MechanoidGunHeavy</li>
    </weaponTags>
    <verbs>
      <li>
        <verbClass>Verb_Shoot</verbClass>
        <hasStandardCommand>true</hasStandardCommand>
        <projectileDef>Bullet_ChargeBlasterHeavy</projectileDef>
        <forcedMissRadius>2.9</forcedMissRadius>
        <warmupTime>1.25</warmupTime>
        <range>27</range>
        <ticksBetweenBurstShots>5</ticksBetweenBurstShots>
        <burstShotCount>24</burstShotCount>
        <soundCast>ShotChargeBlaster</soundCast>
        <soundCastTail>GunTail_Heavy</soundCastTail>
        <muzzleFlashScale>9</muzzleFlashScale>
      </li>
    </verbs>
  </ThingDef>

</ThingDefs>