﻿<?xml version="1.0" encoding="utf-8" ?>
<ThingDefs>

  <ThingDef Name="BaseMeleeWeapon" Abstract="True" ParentName="BaseWeapon">
    <techLevel>Industrial</techLevel>
		<smeltable>true</smeltable>
		<weaponTags>
      <li>Melee</li>
    </weaponTags>
    <thingCategories>
      <li>WeaponsMelee</li>
    </thingCategories>
    <comps>
      <li>
        <compClass>CompQuality</compClass>
      </li>
      <li Class="CompProperties_Art">
        <nameMaker>ArtName_WeaponMelee</nameMaker>
        <descriptionMaker>ArtDescription_WeaponMelee</descriptionMaker>
        <minQualityForArtistic>Excellent</minQualityForArtistic>
      </li>
    </comps>
    <recipeMaker>
      <workSpeedStat>SmithingSpeed</workSpeedStat>
      <workSkill>Crafting</workSkill>
      <effectWorking>Smith</effectWorking>
      <soundWorking>Recipe_Smith</soundWorking>
      <recipeUsers>
        <li>ElectricSmithy</li>
        <li>FueledSmithy</li>
      </recipeUsers>
      <unfinishedThingDef>UnfinishedWeapon</unfinishedThingDef>
    </recipeMaker>
    <inspectorTabs>
      <li>ITab_Art</li>
    </inspectorTabs>
  </ThingDef>



  <ThingDef Name="BaseMeleeWeapon_Sharp" ParentName="BaseMeleeWeapon" Abstract="True">
    <recipeMaker>
    <defaultIngredientFilter>
      <categories>
        <li>Root</li>
      </categories>
      <exceptedThingDefs>
        <li>Silver</li>
        <li>Gold</li>
        <li>WoodLog</li>
      </exceptedThingDefs>
    </defaultIngredientFilter>
    </recipeMaker>
  </ThingDef>

  <ThingDef Name="BaseMeleeWeapon_Blunt" ParentName="BaseMeleeWeapon" Abstract="True">
    <recipeMaker>
      <defaultIngredientFilter>
        <categories>
          <li>Root</li>
        </categories>
        <exceptedThingDefs>
          <li>Silver</li>
          <li>Gold</li>
        </exceptedThingDefs>
      </defaultIngredientFilter>
    </recipeMaker>
  </ThingDef>
  
  
  
  
  
  
  <!-- ============================================================== -->


	<ThingDef ParentName="BaseMeleeWeapon_Sharp">
		<defName>MeleeWeapon_Shiv</defName>
		<label>shiv</label>
		<description>An improvised knife-like weapon.</description>
		<graphicData>
			<texPath>Things/Item/Equipment/WeaponMelee/Shiv</texPath>
			<graphicClass>Graphic_Single</graphicClass>
		</graphicData>
		<costStuffCount>10</costStuffCount>
		<statBases>
			<WorkToMake>400</WorkToMake>
			<Mass>0.4</Mass>
			<MeleeWeapon_DamageAmount>8</MeleeWeapon_DamageAmount>
			<MeleeWeapon_Cooldown>1.6</MeleeWeapon_Cooldown>
		</statBases>
		<equippedAngleOffset>-65</equippedAngleOffset>
		<stuffCategories>
			<li>Metallic</li>
			<li>Woody</li>
			<li>Stony</li>
		</stuffCategories>
		<recipeMaker>
			<recipeUsers>
				<li>ElectricSmithy</li>
				<li>FueledSmithy</li>
				<li>CraftingSpot</li>
			</recipeUsers>
		</recipeMaker>
		<verbs>
			<li>
				<verbClass>Verb_MeleeAttack</verbClass>
				<hasStandardCommand>true</hasStandardCommand>
				<meleeDamageDef>Cut</meleeDamageDef>
			</li>
		</verbs>
	</ThingDef>

	<ThingDef ParentName="BaseMeleeWeapon_Sharp">
		<defName>MeleeWeapon_Knife</defName>
		<label>knife</label>
		<description>One of humankind's oldest tools, the knife is both an everyday tool and a deadly weapon.</description>
		<graphicData>
			<texPath>Things/Item/Equipment/WeaponMelee/Knife</texPath>
			<graphicClass>Graphic_Single</graphicClass>
		</graphicData>
		<costStuffCount>40</costStuffCount>
		<statBases>
			<WorkToMake>4000</WorkToMake>
			<Mass>0.5</Mass>
			<MeleeWeapon_DamageAmount>9</MeleeWeapon_DamageAmount>
			<MeleeWeapon_Cooldown>1.6</MeleeWeapon_Cooldown>
		</statBases>
		<equippedAngleOffset>-65</equippedAngleOffset>
		<stuffCategories>
			<li>Metallic</li>
		</stuffCategories>
		<verbs>
			<li>
				<verbClass>Verb_MeleeAttack</verbClass>
				<hasStandardCommand>true</hasStandardCommand>
				<meleeDamageDef>Cut</meleeDamageDef>
			</li>
		</verbs>
	</ThingDef>

	<ThingDef ParentName="BaseMeleeWeapon_Blunt">
		<defName>MeleeWeapon_Club</defName>
		<label>club</label>
		<description>The oldest human weapon - a shaped stick, heavy at one end, for bashing enemies to death. Primitive but effective.</description>
		<graphicData>
			<texPath>Things/Item/Equipment/WeaponMelee/Club</texPath>
			<graphicClass>Graphic_Single</graphicClass>
		</graphicData>
		<techLevel>Neolithic</techLevel>
		<weaponTags>
			<li>Neolithic</li>
			<li>NeolithicMelee</li>
		</weaponTags>
		<costStuffCount>40</costStuffCount>
		<statBases>
			<WorkToMake>500</WorkToMake>
			<Mass>2</Mass>
			<MeleeWeapon_DamageAmount>12</MeleeWeapon_DamageAmount>
			<MeleeWeapon_Cooldown>2.15</MeleeWeapon_Cooldown>
		</statBases>
		<equippedAngleOffset>-65</equippedAngleOffset>
		<stuffCategories>
			<li>Metallic</li>
			<li>Woody</li>
			<li>Stony</li>
		</stuffCategories>
		<recipeMaker>
			<recipeUsers>
				<li>ElectricSmithy</li>
				<li>FueledSmithy</li>
				<li>CraftingSpot</li>
			</recipeUsers>
		</recipeMaker>
		<verbs>
			<li>
				<verbClass>Verb_MeleeAttack</verbClass>
				<hasStandardCommand>true</hasStandardCommand>
				<meleeDamageDef>Blunt</meleeDamageDef>
			</li>
		</verbs>
	</ThingDef>

	<ThingDef ParentName="BaseMeleeWeapon_Blunt">
		<defName>MeleeWeapon_Mace</defName>
		<label>mace</label>
		<description>A refined club, engineered for efficient swinging and deadly impacts.</description>
		<graphicData>
			<texPath>Things/Item/Equipment/WeaponMelee/Mace</texPath>
			<graphicClass>Graphic_Single</graphicClass>
		</graphicData>
		<costStuffCount>75</costStuffCount>
		<statBases>
			<WorkToMake>10000</WorkToMake>
			<Mass>1.25</Mass>
			<MeleeWeapon_DamageAmount>12</MeleeWeapon_DamageAmount>
			<MeleeWeapon_Cooldown>2.0</MeleeWeapon_Cooldown>
		</statBases>
		<equippedAngleOffset>-65</equippedAngleOffset>
		<stuffCategories>
			<li>Metallic</li>
			<li>Woody</li>
		</stuffCategories>
		<verbs>
			<li>
				<verbClass>Verb_MeleeAttack</verbClass>
				<hasStandardCommand>true</hasStandardCommand>
				<meleeDamageDef>Blunt</meleeDamageDef>
			</li>
		</verbs>
	</ThingDef>

	<ThingDef ParentName="BaseMeleeWeapon_Sharp">
    <defName>MeleeWeapon_Gladius</defName>
    <label>gladius</label>
    <description>A short sword of ancient design. Good for stabbing or slashing.</description>
    <graphicData>
      <texPath>Things/Item/Equipment/WeaponMelee/Gladius</texPath>
      <graphicClass>Graphic_Single</graphicClass>
    </graphicData>
    <costStuffCount>50</costStuffCount>
    <statBases>
      <WorkToMake>10000</WorkToMake>
      <Mass>0.85</Mass>
      <MeleeWeapon_DamageAmount>12</MeleeWeapon_DamageAmount>
      <MeleeWeapon_Cooldown>1.95</MeleeWeapon_Cooldown>
    </statBases>
    <equippedAngleOffset>-65</equippedAngleOffset>
    <stuffCategories>
      <li>Metallic</li>
      <li>Woody</li>
    </stuffCategories>
    <verbs>
      <li>
        <verbClass>Verb_MeleeAttack</verbClass>
        <hasStandardCommand>true</hasStandardCommand>
        <meleeDamageDef>Cut</meleeDamageDef>
      </li>
    </verbs>
  </ThingDef>

	<ThingDef ParentName="BaseMeleeWeapon_Sharp">
		<defName>MeleeWeapon_Spear</defName>
		<label>spear</label>
		<description>A polearm tipped with a sharp point for stabbing opponents in melee combat.</description>
		<graphicData>
			<texPath>Things/Item/Equipment/WeaponMelee/Spear</texPath>
			<graphicClass>Graphic_Single</graphicClass>
		</graphicData>
		<techLevel>Neolithic</techLevel>
		<weaponTags>
			<li>Neolithic</li>
			<li>NeolithicMelee</li>
		</weaponTags>
		<costStuffCount>90</costStuffCount>
		<statBases>
			<WorkToMake>17000</WorkToMake>
			<Mass>2</Mass>
			<MeleeWeapon_DamageAmount>15</MeleeWeapon_DamageAmount>
			<MeleeWeapon_Cooldown>2.3</MeleeWeapon_Cooldown>
		</statBases>
		<equippedAngleOffset>-25</equippedAngleOffset>
		<stuffCategories>
			<li>Metallic</li>
			<li>Woody</li>
		</stuffCategories>
		<verbs>
			<li>
				<verbClass>Verb_MeleeAttack</verbClass>
				<hasStandardCommand>true</hasStandardCommand>
				<meleeDamageDef>Stab</meleeDamageDef>
			</li>
		</verbs>
	</ThingDef>

	<ThingDef ParentName="BaseMeleeWeapon_Sharp">
    <defName>MeleeWeapon_LongSword</defName>
    <label>longsword</label>
    <description>The ancient weapon of kings, the longsword can be used for slashing or stabbing and is deadly in the right hands.</description>
    <graphicData>
      <texPath>Things/Item/Equipment/WeaponMelee/LongSword</texPath>
      <graphicClass>Graphic_Single</graphicClass>
    </graphicData>
    <costStuffCount>120</costStuffCount>
    <statBases>
      <WorkToMake>22000</WorkToMake>
      <Mass>1.6</Mass>
      <MeleeWeapon_DamageAmount>17</MeleeWeapon_DamageAmount>
      <MeleeWeapon_Cooldown>2.5</MeleeWeapon_Cooldown>
    </statBases>
    <equippedAngleOffset>-65</equippedAngleOffset>
    <stuffCategories>
      <li>Metallic</li>
      <li>Woody</li>
    </stuffCategories>
    <verbs>
      <li>
        <verbClass>Verb_MeleeAttack</verbClass>
        <hasStandardCommand>true</hasStandardCommand>
        <meleeDamageDef>Cut</meleeDamageDef>
      </li>
    </verbs>
  </ThingDef>

</ThingDefs>