﻿<?xml version="1.0" encoding="utf-8" ?>

<Defs>
  <IncidentTargetTypeDef>
    <defName>Map_PlayerHome</defName>
  </IncidentTargetTypeDef>
  
  <IncidentTargetTypeDef>
    <defName>Map_TempIncident</defName>
  </IncidentTargetTypeDef>

  <IncidentTargetTypeDef>
    <defName>Map_Misc</defName>
  </IncidentTargetTypeDef>

  <IncidentTargetTypeDef>
    <defName>Map_RaidBeacon</defName>
  </IncidentTargetTypeDef>

  <IncidentTargetTypeDef>
    <defName>Caravan</defName>
  </IncidentTargetTypeDef>

  <IncidentTargetTypeDef>
    <defName>World</defName>
  </IncidentTargetTypeDef>
</Defs>
