﻿<?xml version="1.0" encoding="utf-8" ?>

<Defs>
  <IncidentTargetTypeDef>
    <defName>MapPlayerHome</defName>
  </IncidentTargetTypeDef>
  
  <IncidentTargetTypeDef>
    <defName>MapTempIncident</defName>
  </IncidentTargetTypeDef>

  <IncidentTargetTypeDef>
    <defName>MapMisc</defName>
  </IncidentTargetTypeDef>

  <IncidentTargetTypeDef>
    <defName>MapRaidBeacon</defName>
  </IncidentTargetTypeDef>

  <IncidentTargetTypeDef>
    <defName>Caravan</defName>
  </IncidentTargetTypeDef>

  <IncidentTargetTypeDef>
    <defName>World</defName>
  </IncidentTargetTypeDef>
</Defs>
