﻿<?xml version="1.0" encoding="utf-8" ?>
<Defs>

  <!-- ========================= Crashed ship parts ========================= -->

  <ThingDef Abstract="True" Name="CrashedShipPartBase" ParentName="BuildingBase">
    <size>(6,3)</size>
    <passability>Impassable</passability>
    <fillPercent>1</fillPercent>
    <altitudeLayer>Building</altitudeLayer>
    <blockWind>true</blockWind>
    <receivesSignals>true</receivesSignals>
    <tickerType>Normal</tickerType>
    <rotatable>false</rotatable>
    <selectable>true</selectable>
    <terrainAffordanceNeeded>Light</terrainAffordanceNeeded>
    <soundImpactDefault>BulletImpact_Metal</soundImpactDefault>
    <drawerType>MapMeshOnly</drawerType>
    <repairEffect>ConstructMetal</repairEffect>
    <forceDebugSpawnable>true</forceDebugSpawnable>
    <leaveResourcesWhenKilled>false</leaveResourcesWhenKilled>
    <neverMultiSelect>true</neverMultiSelect>
    <statBases>
      <MaxHitPoints>1200</MaxHitPoints>
      <Flammability>0</Flammability>
      <Beauty>-200</Beauty>
    </statBases>
    <killedLeavings>
      <Steel>100</Steel>
      <Plasteel>35</Plasteel>
      <ChunkSlagSteel>8</ChunkSlagSteel>
      <ComponentIndustrial>4</ComponentIndustrial>
      <ComponentSpacer>1</ComponentSpacer>
    </killedLeavings>
    <damageMultipliers>
      <li>
        <damageDef>Flame</damageDef>
        <multiplier>0</multiplier>
      </li>
    </damageMultipliers>
    <building>
      <combatPower>250</combatPower>
      <claimable>false</claimable>
      <roofCollapseDamageMultiplier>0.2</roofCollapseDamageMultiplier>
    </building>
    <comps>
      <li Class="CompProperties_WakeUpDormant" />
    </comps>
  </ThingDef>

  <!-- ========================= Psychic droner ========================= -->
  <!-- Note this is a ConditionCauser -->

  <ThingDef ParentName="CrashedShipPartBase">
    <defName>PsychicDronerShipPart</defName>
    <label>ship part (psychic droner)</label>
    <description>An ancient ship part, torn off of a craft of unknown origin. It might be thousands of years old.\n\nThis one contains a psychic disturbance device. Using incomprehensible archotechnologies, it generates a psychic signal that drives people and animals mad within a wide radius around itself.</description>
    <graphicData>
      <texPath>Things/Building/Exotic/CrashedShipPart</texPath>
      <graphicClass>Graphic_Single</graphicClass>
      <drawSize>(6,3)</drawSize>
      <shadowData><volume>(0.9, 1.0, 0.9)</volume></shadowData>
      <damageData><rect>(0.5, 0.1, 5, 2.8)</rect></damageData>
    </graphicData>
    <comps>
      <li Class="CompProperties_CausesGameCondition_PsychicEmanation">
        <conditionDef>PsychicDroner</conditionDef>
        <compClass>CompCauseGameCondition_PsychicEmanation</compClass>
        <worldRange>1</worldRange>
        <droneLevelIncreaseInterval>150000</droneLevelIncreaseInterval>
        <droneLevel>2</droneLevel>
      </li>
      <li Class="CompProperties_AnimalInsanityPulser" />
    </comps>
    <building>
      <soundAmbient>CrashedShipPart_Ambience</soundAmbient>
    </building>
  </ThingDef>

  <GameConditionDef>
    <defName>PsychicDroner</defName>
    <conditionClass>GameCondition_PsychicEmanation</conditionClass>
    <label>psychic droner</label>
    <description>A psychic droner tuned to the {0} gender is driving {0}s mad.</description>
    <letterText>A psychic droner machine has begun affecting this region.</letterText>
    <canBePermanent>false</canBePermanent>
  </GameConditionDef>

  <!-- =============================== Defoliator ship part ============================ -->

  <ThingDef ParentName="CrashedShipPartBase">
    <defName>DefoliatorShipPart</defName>
    <label>ship part (defoliator)</label>
    <description>An ancient ship part, torn off of a craft of unknown origin. It might be thousands of years old.\n\nThis one contains a device which annihilates plant life near itself without directly affecting flesh creatures. These kinds of weapons are sometimes scattered across farmlands or forests during land, to remove the enemy's food supply and hiding places without permanently ruining the territory. They're usually associated with orbital-drop mechanoid armies.</description>
    <drawPlaceWorkersWhileSelected>true</drawPlaceWorkersWhileSelected> <!-- Hack to draw defoliant radius -->
    <placeWorkers>
      <li>PlaceWorker_ShowPlantHarmRadius</li>
    </placeWorkers>
    <graphicData>
      <texPath>Things/Building/Exotic/CrashedPoisonShipPart</texPath>
      <graphicClass>Graphic_Single</graphicClass>
      <drawSize>(6,3)</drawSize>
      <shadowData><volume>(0.9, 1.0, 0.9)</volume></shadowData>
      <damageData><rect>(0.5, 0.1, 5, 2.8)</rect></damageData>
    </graphicData>
    <comps>
      <li Class="CompProperties_PlantHarmRadius">
        <radiusPerDayCurve>
          <points>
            <li>0  , 5</li>
            <li>1.5, 18</li>
            <li>6  , 40</li>
            <li>20 , 100</li>
          </points>
        </radiusPerDayCurve>
      </li>
    </comps>
  </ThingDef>



  <!-- =============================== Misc ============================ -->
  
  <ThingDef ParentName="BuildingBase">
    <defName>ShipChunk</defName>
    <label>ship chunk</label>
    <description>A chunk of a spacecraft. Can be deconstructed to yield useful resources.</description>
    <category>Building</category>
    <graphicData>
      <texPath>Things/Building/Exotic/ShipChunk</texPath>
      <graphicClass>Graphic_Random</graphicClass>
      <drawSize>(2,2)</drawSize>
      <damageData>
        <rect>(0.1,0.1,1.8,1.8)</rect>
      </damageData>
      <shadowData>
        <volume>(1.39,0.5,1.25)</volume>
      </shadowData>
    </graphicData>
    <altitudeLayer>Building</altitudeLayer>
    <pathCost>35</pathCost>
    <blockWind>true</blockWind>
    <passability>PassThroughOnly</passability>
    <fillPercent>0.50</fillPercent>
    <size>(2,2)</size>
    <statBases>
      <MaxHitPoints>300</MaxHitPoints>
      <Flammability>0</Flammability>
      <Beauty>-20</Beauty>
      <WorkToBuild>12000</WorkToBuild>
    </statBases>
    <leaveResourcesWhenKilled>false</leaveResourcesWhenKilled>
    <killedLeavings>
      <ChunkSlagSteel>2</ChunkSlagSteel>
    </killedLeavings>
    <costList>
      <ComponentIndustrial>11</ComponentIndustrial>
      <Steel>40</Steel>
    </costList>
    <building>
      <claimable>false</claimable>
      <alwaysDeconstructible>true</alwaysDeconstructible>
    </building>
    <selectable>true</selectable>
    <soundImpactDefault>BulletImpact_Metal</soundImpactDefault>
    <drawerType>MapMeshOnly</drawerType>
    <repairEffect>ConstructMetal</repairEffect>
  </ThingDef>

</Defs>