﻿<?xml version="1.0" encoding="utf-8" ?>
<Defs>

  <ThingDef ParentName="BuildingBase">
    <defName>HorseshoesPin</defName>
    <label>horseshoes pin</label>
    <description>A simple ancient game played with a horseshoes and a large pin in the ground. Players toss horseshoes to try to get them to land on the pin. It's relaxing, and trains shooting skills.</description>
    <graphicData>
      <texPath>Things/Building/Joy/HorseshoesPin</texPath>
      <graphicClass>Graphic_Single</graphicClass>
      <shadowData>
        <volume>(0.08, 0.2, 0.08)</volume>
        <offset>(0, 0, -0.1)</offset>
      </shadowData>
      <damageData>
        <rect>(0.3,0.3,0.4,0.4)</rect>
      </damageData>
    </graphicData>
    <minifiedDef>MinifiedThing</minifiedDef>
    <altitudeLayer>Building</altitudeLayer>
    <rotatable>false</rotatable>
    <socialPropernessMatters>true</socialPropernessMatters>
    <minTechLevelToBuild>Medieval</minTechLevelToBuild>
    <drawPlaceWorkersWhileSelected>true</drawPlaceWorkersWhileSelected>
    <thingCategories>
      <li>BuildingsJoy</li>
    </thingCategories>
    <statBases>
      <MaxHitPoints>75</MaxHitPoints>
      <WorkToBuild>100</WorkToBuild>
      <Mass>3</Mass>
      <Flammability>1.0</Flammability>
      <JoyGainFactor>1</JoyGainFactor>
    </statBases>
    <stuffCategories>
      <li>Metallic</li>
      <li>Woody</li>
      <li>Stony</li>
    </stuffCategories>
    <building>
      <joyKind>Gaming_Dexterity</joyKind>
      <watchBuildingStandDistanceRange>5~5</watchBuildingStandDistanceRange>
      <watchBuildingStandRectWidth>3</watchBuildingStandRectWidth>
      <watchBuildingInSameRoom>true</watchBuildingInSameRoom>
    </building>
    <costStuffCount>10</costStuffCount>
    <pathCost>10</pathCost>
    <placeWorkers>
      <li>PlaceWorker_WatchArea</li>
    </placeWorkers>
    <designationCategory>Joy</designationCategory>
    <designationHotKey>Misc1</designationHotKey>
  </ThingDef>

  <ThingDef ParentName="BuildingBase">
    <defName>HoopstoneRing</defName>
    <label>hoopstone ring</label>
    <description>A simple ancient game played with stones and a large ring in the ground. Players try to toss stones through the ring from a distance. It's relaxing, and trains shooting skills.</description>
    <graphicData>
      <texPath>Things/Building/Joy/HoopstoneRing</texPath>
      <graphicClass>Graphic_Single</graphicClass>
      <shaderType>CutoutComplex</shaderType>
      <shadowData>
        <volume>(0.08, 0.2, 0.08)</volume>
        <offset>(0, 0, -0.47)</offset>
      </shadowData>
      <damageData>
        <rect>(0.3,0.3,0.4,0.4)</rect>
      </damageData>
    </graphicData>
    <minifiedDef>MinifiedThing</minifiedDef>
    <altitudeLayer>Building</altitudeLayer>
    <rotatable>false</rotatable>
    <socialPropernessMatters>true</socialPropernessMatters>
    <maxTechLevelToBuild>Neolithic</maxTechLevelToBuild>
    <drawPlaceWorkersWhileSelected>true</drawPlaceWorkersWhileSelected>
    <thingCategories>
      <li>BuildingsJoy</li>
    </thingCategories>
    <statBases>
      <MaxHitPoints>100</MaxHitPoints>
      <WorkToBuild>100</WorkToBuild>
      <Mass>4</Mass>
      <Flammability>1.0</Flammability>
      <JoyGainFactor>1</JoyGainFactor>
    </statBases>
    <stuffCategories>
      <li>Metallic</li>
      <li>Woody</li>
      <li>Stony</li>
    </stuffCategories>
    <building>
      <joyKind>Gaming_Dexterity</joyKind>
      <watchBuildingStandDistanceRange>5~5</watchBuildingStandDistanceRange>
      <watchBuildingStandRectWidth>3</watchBuildingStandRectWidth>
      <watchBuildingInSameRoom>true</watchBuildingInSameRoom>
    </building>
    <costStuffCount>20</costStuffCount>
    <pathCost>10</pathCost>
    <placeWorkers>
      <li>PlaceWorker_WatchArea</li>
    </placeWorkers>
    <designationCategory>Joy</designationCategory>
    <designationHotKey>Misc1</designationHotKey>
  </ThingDef>

  <ThingDef ParentName="FurnitureWithQualityBase">
    <defName>GameOfUrBoard</defName>
    <label>Game-of-Ur board</label>
    <description>Dating from 2500BC, this exciting yet infuriating board game can be played by one or two people. It trains intellectual skills.</description>
    <graphicData>
      <texPath>Things/Building/Joy/GameOfUr</texPath>
      <graphicClass>Graphic_Multi</graphicClass>
    </graphicData>
  <castEdgeShadows>false</castEdgeShadows>
    <altitudeLayer>Building</altitudeLayer>
    <rotatable>true</rotatable>
    <socialPropernessMatters>true</socialPropernessMatters>
    <fillPercent>0.20</fillPercent>
    <maxTechLevelToBuild>Neolithic</maxTechLevelToBuild>
    <building>
      <joyKind>Gaming_Cerebral</joyKind>
    </building>
    <statBases>
      <MaxHitPoints>90</MaxHitPoints>
      <WorkToBuild>6000</WorkToBuild>
      <Mass>2</Mass>
      <Flammability>1.0</Flammability>
      <Beauty>2</Beauty>
      <JoyGainFactor>0.8</JoyGainFactor>
    </statBases>
    <stuffCategories>
      <li>Metallic</li>
      <li>Woody</li>
      <li>Stony</li>
    </stuffCategories>
    <costStuffCount>35</costStuffCount>
    <pathCost>20</pathCost>
    <passability>PassThroughOnly</passability>
    <designationCategory>Joy</designationCategory>
  </ThingDef>

  <ThingDef ParentName="FurnitureWithQualityBase">
    <defName>ChessTable</defName>
    <label>chess table</label>
    <description>The ancient game of kings. Fun for a few hours here and there, even playing alone. It trains intellectual skills.</description>
    <graphicData>
      <texPath>Things/Building/Joy/ChessTable</texPath>
      <graphicClass>Graphic_Single</graphicClass>
      <shadowData>
        <volume>(0.65, 0.25, 0.6)</volume>
        <offset>(0, 0, -0.15)</offset>
      </shadowData>
      <damageData>
        <rect>(0.09375,0.296875,0.796875,0.703125)</rect>
        <cornerTL>Damage/Corner</cornerTL>
        <cornerTR>Damage/Corner</cornerTR>
        <cornerBL>Damage/Corner</cornerBL>
        <cornerBR>Damage/Corner</cornerBR>
      </damageData>
    </graphicData>
    <altitudeLayer>Building</altitudeLayer>
    <rotatable>false</rotatable>
    <socialPropernessMatters>true</socialPropernessMatters>
    <fillPercent>0.40</fillPercent>
    <minTechLevelToBuild>Medieval</minTechLevelToBuild>
    <building>
      <joyKind>Gaming_Cerebral</joyKind>
    </building>
    <researchPrerequisites>
      <li>ComplexFurniture</li>
    </researchPrerequisites>
    <statBases>
      <MaxHitPoints>100</MaxHitPoints>
      <WorkToBuild>8000</WorkToBuild>
      <Mass>5</Mass>
      <Flammability>1.0</Flammability>
      <Beauty>4</Beauty>
      <JoyGainFactor>1</JoyGainFactor>
    </statBases>
    <stuffCategories>
      <li>Metallic</li>
      <li>Woody</li>
      <li>Stony</li>
    </stuffCategories>
    <costStuffCount>70</costStuffCount>
    <pathCost>50</pathCost>
    <passability>PassThroughOnly</passability>
    <designationCategory>Joy</designationCategory>
    <designationHotKey>Misc2</designationHotKey>
  </ThingDef>

  <ThingDef ParentName="FurnitureWithQualityBase">
    <defName>PokerTable</defName>
    <label>poker table</label>
    <description>A table designed for playing gambling card games like poker. A great way to test your strategic skills and a bit of luck.</description>
    <graphicData>
      <texPath>Things/Building/Joy/PokerTable</texPath>
      <graphicClass>Graphic_Single</graphicClass>
      <shaderType>CutoutComplex</shaderType>
      <drawSize>(4,4)</drawSize>
      <shadowData>
        <volume>(1.6, 0.3, 1.6)</volume>
        <offset>(0, 0, -0.15)</offset>
      </shadowData>
    </graphicData>
    <rotatable>false</rotatable>
    <altitudeLayer>Building</altitudeLayer>
    <socialPropernessMatters>true</socialPropernessMatters>
    <fillPercent>0.40</fillPercent>
    <building>
      <joyKind>Gaming_Cerebral</joyKind>
    </building>
    <statBases>
      <MaxHitPoints>250</MaxHitPoints>
      <WorkToBuild>10000</WorkToBuild>
      <Mass>30</Mass>
      <Flammability>1.0</Flammability>
      <Beauty>0</Beauty>
      <JoyGainFactor>1.3</JoyGainFactor>
    </statBases>
    <size>(2,2)</size>
    <stuffCategories>
      <li>Metallic</li>
      <li>Woody</li>
      <li>Stony</li>
    </stuffCategories>
    <costStuffCount>50</costStuffCount>
    <costList>
      <Cloth>50</Cloth>
      <WoodLog>25</WoodLog>
    </costList>
    <pathCost>70</pathCost>
    <passability>PassThroughOnly</passability>
    <designationCategory>Joy</designationCategory>
    <designationHotKey>Misc5</designationHotKey>
    <canOverlapZones>false</canOverlapZones>
    <researchPrerequisites>
      <li>ComplexFurniture</li>
    </researchPrerequisites>
    <constructionSkillPrerequisite>6</constructionSkillPrerequisite>
    <uiIconScale>0.9</uiIconScale>
  </ThingDef>

  <ThingDef ParentName="FurnitureWithQualityBase">
    <defName>BilliardsTable</defName>
    <label>billiards table</label>
    <description>A soft-topped bounded table for playing a variety of billiards-type games. It trains shooting ability.</description>
    <graphicData>
      <texPath>Things/Building/Joy/BilliardsTable</texPath>
      <graphicClass>Graphic_Multi</graphicClass>
      <shaderType>CutoutComplex</shaderType>
      <drawSize>(4,4)</drawSize>
      <damageData>
        <cornerTL>Damage/Corner</cornerTL>
        <cornerTR>Damage/Corner</cornerTR>
        <cornerBL>Damage/Corner</cornerBL>
        <cornerBR>Damage/Corner</cornerBR>
      </damageData>
    </graphicData>
    <staticSunShadowHeight>0.2</staticSunShadowHeight>
    <castEdgeShadows>True</castEdgeShadows>
    <altitudeLayer>Building</altitudeLayer>
    <socialPropernessMatters>true</socialPropernessMatters>
    <fillPercent>0.40</fillPercent>
    <terrainAffordanceNeeded>Medium</terrainAffordanceNeeded>
    <building>
      <joyKind>Gaming_Dexterity</joyKind>
    </building>
    <statBases>
      <MaxHitPoints>250</MaxHitPoints>
      <WorkToBuild>12000</WorkToBuild>
      <Mass>60</Mass>
      <Flammability>1.0</Flammability>
      <Beauty>0</Beauty>
      <JoyGainFactor>1.3</JoyGainFactor>
    </statBases>
    <size>(2,3)</size>
    <stuffCategories>
      <li>Metallic</li>
      <li>Woody</li>
      <li>Stony</li>
    </stuffCategories>
    <costStuffCount>80</costStuffCount>
    <costList>
      <Cloth>80</Cloth>
      <WoodLog>30</WoodLog>
    </costList>
    <pathCost>70</pathCost>
    <passability>PassThroughOnly</passability>
    <designationCategory>Joy</designationCategory>
    <designationHotKey>Misc3</designationHotKey>
    <canOverlapZones>false</canOverlapZones>
    <placeWorkers>
      <li>PlaceWorker_NeverAdjacentUnstandable</li>
    </placeWorkers>
    <researchPrerequisites>
      <li>ComplexFurniture</li>
    </researchPrerequisites>
    <constructionSkillPrerequisite>6</constructionSkillPrerequisite>
  </ThingDef>

  <ThingDef ParentName="BuildingBase">
    <defName>TubeTelevision</defName>
    <label>tube television</label>
    <description>A cathode ray tube display for showing moving pictures with sound. Even on the rimworlds, there is often an old transmitter running something at least marginally interesting.</description>
    <graphicData>
      <texPath>Things/Building/Joy/TubeTelevision</texPath>
      <graphicClass>Graphic_Multi</graphicClass>
      <shadowData>
        <volume>(0.5, 0.3, 0.4)</volume>
      </shadowData>
    </graphicData>
    <altitudeLayer>Building</altitudeLayer>
    <drawPlaceWorkersWhileSelected>true</drawPlaceWorkersWhileSelected>
    <rotatable>true</rotatable>
    <minifiedDef>MinifiedThing</minifiedDef>
    <socialPropernessMatters>true</socialPropernessMatters>
    <fillPercent>0.40</fillPercent>
    <thingCategories>
      <li>BuildingsJoy</li>
    </thingCategories>
    <statBases>
      <WorkToBuild>10000</WorkToBuild>
      <MaxHitPoints>100</MaxHitPoints>
      <Mass>14</Mass>
      <Flammability>1.0</Flammability>
      <JoyGainFactor>1.2</JoyGainFactor>
    </statBases>
    <costList>
      <Steel>80</Steel>
      <ComponentIndustrial>4</ComponentIndustrial>
    </costList>
    <pathCost>70</pathCost>
    <passability>PassThroughOnly</passability>
    <defaultPlacingRot>South</defaultPlacingRot>
    <building>
      <joyKind>Television</joyKind>
      <spawnedConceptLearnOpportunity>TVForSickPeople</spawnedConceptLearnOpportunity>
      <boughtConceptLearnOpportunity>TVForSickPeople</boughtConceptLearnOpportunity>
      <watchBuildingStandDistanceRange>2~4</watchBuildingStandDistanceRange>
      <watchBuildingStandRectWidth>5</watchBuildingStandRectWidth>
      <watchBuildingInSameRoom>true</watchBuildingInSameRoom>
    </building>
    <placeWorkers>
      <li>PlaceWorker_WatchArea</li>
    </placeWorkers>
    <comps>
      <li Class="CompProperties_Power">
        <compClass>CompPowerTrader</compClass>
        <shortCircuitInRain>true</shortCircuitInRain>
        <basePowerConsumption>200</basePowerConsumption>
      </li>
      <li Class="CompProperties_Flickable"/>
    </comps>
    <tradeTags>
      <li>Television</li>
    </tradeTags>
    <constructEffect>ConstructMetal</constructEffect>
    <designationCategory>Joy</designationCategory>
    <designationHotKey>Misc4</designationHotKey>
    <researchPrerequisites><li>TubeTelevision</li></researchPrerequisites>
    <constructionSkillPrerequisite>7</constructionSkillPrerequisite>
    <uiIconScale>0.9</uiIconScale>
  </ThingDef>
  
  <ThingDef ParentName="BuildingBase">
    <defName>FlatscreenTelevision</defName>
    <label>flatscreen television</label>
    <description>A high-tech flat-screen television with crystal-clear image and rich color. Picks up transmissions from ancient satellites and ubiquitous data cards.</description>
    <graphicData>
      <texPath>Things/Building/Joy/FlatscreenTelevision</texPath>
      <graphicClass>Graphic_Multi</graphicClass>
      <shadowData>
        <volume>(1.6, 0.6, 0.1)</volume>
        <offset>(0, 0, 0.35)</offset>
      </shadowData>
      <drawSize>(2,1)</drawSize>
    </graphicData>
    <altitudeLayer>Building</altitudeLayer>
    <drawPlaceWorkersWhileSelected>true</drawPlaceWorkersWhileSelected>
    <rotatable>true</rotatable>
    <minifiedDef>MinifiedThing</minifiedDef>
    <socialPropernessMatters>true</socialPropernessMatters>
    <fillPercent>0.35</fillPercent>
    <thingCategories>
      <li>BuildingsJoy</li>
    </thingCategories>
    <costList>
      <Steel>140</Steel>
      <ComponentIndustrial>16</ComponentIndustrial>
    </costList>
    <statBases>
      <WorkToBuild>40000</WorkToBuild>
      <MaxHitPoints>80</MaxHitPoints>
      <Flammability>1.0</Flammability>
      <Mass>8</Mass>
      <JoyGainFactor>1.4</JoyGainFactor>
    </statBases>
    <pathCost>70</pathCost>
    <passability>PassThroughOnly</passability>
    <size>(2,1)</size>
    <defaultPlacingRot>South</defaultPlacingRot>
    <researchPrerequisites><li>FlatscreenTelevision</li></researchPrerequisites>
    <constructionSkillPrerequisite>8</constructionSkillPrerequisite>
    <building>
      <joyKind>Television</joyKind>
      <spawnedConceptLearnOpportunity>TVForSickPeople</spawnedConceptLearnOpportunity>
      <boughtConceptLearnOpportunity>TVForSickPeople</boughtConceptLearnOpportunity>
      <watchBuildingStandDistanceRange>2~6</watchBuildingStandDistanceRange>
      <watchBuildingStandRectWidth>6</watchBuildingStandRectWidth>
      <watchBuildingInSameRoom>true</watchBuildingInSameRoom>
    </building>
    <designationCategory>Joy</designationCategory>
    <placeWorkers>
      <li>PlaceWorker_WatchArea</li>
    </placeWorkers>
    <comps>
      <li Class="CompProperties_Power">
        <compClass>CompPowerTrader</compClass>
        <shortCircuitInRain>true</shortCircuitInRain>
        <basePowerConsumption>330</basePowerConsumption>
      </li>
      <li Class="CompProperties_Flickable"/>
    </comps>
    <tradeTags>
      <li>Television</li>
    </tradeTags>
  </ThingDef>

  <ThingDef ParentName="BuildingBase">
    <defName>MegascreenTelevision</defName>
    <label>megascreen television</label>
    <description>A huge, high-tech television. Gigantic, hyper-vibrant images almost leap out of the screen. Very entertaining. Picks up transmissions from ancient satellites and ubiquitous data cards.</description>
    <graphicData>
      <texPath>Things/Building/Joy/MegascreenTelevision</texPath>
      <graphicClass>Graphic_Multi</graphicClass>
      <shadowData>
        <volume>(2.5, 0.6, 0.1)</volume>
        <offset>(0, 0, 0.2)</offset>
      </shadowData>
      <drawSize>(3,1)</drawSize>
    </graphicData>
    <altitudeLayer>Building</altitudeLayer>
    <drawPlaceWorkersWhileSelected>true</drawPlaceWorkersWhileSelected>
    <rotatable>true</rotatable>
    <minifiedDef>MinifiedThing</minifiedDef>
    <socialPropernessMatters>true</socialPropernessMatters>
    <fillPercent>0.35</fillPercent>
    <defaultPlacingRot>South</defaultPlacingRot>
    <thingCategories>
      <li>BuildingsJoy</li>
    </thingCategories>
    <thingSetMakerTags>
      <li>RewardStandardLowFreq</li>
      <li>RewardStandardQualitySuper</li>
    </thingSetMakerTags>
    <costList>
      <Steel>260</Steel>
      <ComponentIndustrial>22</ComponentIndustrial>
    </costList>
    <statBases>
      <WorkToBuild>80000</WorkToBuild>
      <MaxHitPoints>85</MaxHitPoints>
      <Flammability>1.0</Flammability>
      <Mass>10</Mass>
      <JoyGainFactor>1.6</JoyGainFactor>
    </statBases>
    <pathCost>70</pathCost>
    <passability>PassThroughOnly</passability>
    <size>(3,1)</size>
    <building>
      <joyKind>Television</joyKind>
      <spawnedConceptLearnOpportunity>TVForSickPeople</spawnedConceptLearnOpportunity>
      <boughtConceptLearnOpportunity>TVForSickPeople</boughtConceptLearnOpportunity>
      <watchBuildingStandDistanceRange>2~7</watchBuildingStandDistanceRange>
      <watchBuildingStandRectWidth>7</watchBuildingStandRectWidth>
      <watchBuildingInSameRoom>true</watchBuildingInSameRoom>
    </building>
    <placeWorkers>
      <li>PlaceWorker_WatchArea</li>
    </placeWorkers>
    <comps>
      <li Class="CompProperties_Power">
        <compClass>CompPowerTrader</compClass>
        <shortCircuitInRain>true</shortCircuitInRain>
        <basePowerConsumption>450</basePowerConsumption>
      </li>
      <li Class="CompProperties_Flickable"/>
    </comps>
    <tradeTags>
      <li>Television</li>
    </tradeTags>
  </ThingDef>
  
  <ThingDef ParentName="BuildingBase">
    <defName>Telescope</defName>
    <label>telescope</label>
    <description>A telescope for doing amateur astronomy. It's a relaxing hobby for a certain kind of person. Can only be used outdoors.</description>
    <graphicData>
      <texPath>Things/Building/Joy/Telescope</texPath>
      <graphicClass>Graphic_Single</graphicClass>
      <drawRotated>false</drawRotated>
      <shadowData>
        <volume>(0.3, 0.7, 0.3)</volume>
    <offset>(-0.03,0,-0.35)</offset>
      </shadowData>
    </graphicData>
    <canBeUsedUnderRoof>false</canBeUsedUnderRoof>
    <fillPercent>0.15</fillPercent>
    <altitudeLayer>Building</altitudeLayer>
    <hasInteractionCell>true</hasInteractionCell>
    <interactionCellOffset>(0,0,1)</interactionCellOffset>
    <passability>PassThroughOnly</passability>
    <pathCost>50</pathCost>
    <minifiedDef>MinifiedThing</minifiedDef>
    <socialPropernessMatters>true</socialPropernessMatters>
    <thingCategories>
      <li>BuildingsJoy</li>
    </thingCategories>
    <building>
      <joyKind>Telescope</joyKind>
    </building>
    <costList>
      <Steel>50</Steel>
      <ComponentIndustrial>1</ComponentIndustrial>
    </costList>
    <statBases>
      <MaxHitPoints>75</MaxHitPoints>
      <Flammability>1.0</Flammability>
      <MarketValue>350</MarketValue>
      <Mass>7.5</Mass>
      <JoyGainFactor>1.2</JoyGainFactor>
    </statBases>
    <placeWorkers>
      <li>PlaceWorker_NotUnderRoof</li>
      <li>PlaceWorker_PreventInteractionSpotOverlap</li>
    </placeWorkers>
  </ThingDef>
  
</Defs>
