﻿<?xml version="1.0" encoding="utf-8" ?>
<Defs>

  <DamageDef>
    <defName>Deterioration</defName>
    <label>deterioration</label>
    <hasForcefulImpact>false</hasForcefulImpact>
    <makesBlood>false</makesBlood>
    <canInterruptJobs>false</canInterruptJobs>
  </DamageDef>

  <DamageDef>
    <defName>Mining</defName>
    <label>mining</label>
  </DamageDef>

  <DamageDef>
    <defName>Rotting</defName>
    <label>rotting</label>
    <hasForcefulImpact>false</hasForcefulImpact>
    <makesBlood>false</makesBlood>
    <canInterruptJobs>false</canInterruptJobs>
  </DamageDef>

  <DamageDef>
    <defName>Extinguish</defName>
    <label>extinguish</label>
    <workerClass>DamageWorker_Extinguish</workerClass>
    <canInterruptJobs>false</canInterruptJobs>
    <makesBlood>false</makesBlood>
    <defaultDamage>999999</defaultDamage>
    <explosionCellMote>Mote_BlastExtinguisher</explosionCellMote>
    <explosionColorEdge>(1, 1, 1, 0.05)</explosionColorEdge>
    <soundExplosion>Explosion_Stun</soundExplosion>
    <harmsHealth>false</harmsHealth>
    <combatLogRules>Damage_Extinguish</combatLogRules>
  </DamageDef>

  <DamageDef>
    <defName>Bomb</defName>
    <label>bomb</label>
    <workerClass>DamageWorker_AddInjury</workerClass>
    <externalViolence>true</externalViolence>
    <isExplosive>true</isExplosive>
    <deathMessage>{0} has died in an explosion.</deathMessage>
    <hediff>Shredded</hediff>
    <hediffSolid>Crack</hediffSolid>
    <harmAllLayersUntilOutside>true</harmAllLayersUntilOutside>
    <impactSoundType>Blunt</impactSoundType>
    <armorCategory>Blunt</armorCategory>
    <minDamageToFragment>15</minDamageToFragment>
    <defaultDamage>40</defaultDamage>
    <explosionBuildingDamageFactor>2</explosionBuildingDamageFactor>
    <explosionPlantDamageFactor>2</explosionPlantDamageFactor>
    <explosionAffectOutsidePartsOnly>false</explosionAffectOutsidePartsOnly>
    <explosionHeatEnergyPerCell>5</explosionHeatEnergyPerCell>
    <explosionCellMote>Mote_BlastDry</explosionCellMote>
    <explosionColorCenter>(1, 0.5, 0.3)</explosionColorCenter>
    <explosionColorEdge>(0.6, 0.5, 0.4)</explosionColorEdge>
    <soundExplosion>Explosion_Bomb</soundExplosion>
    <combatLogRules>Damage_Bomb</combatLogRules>
  </DamageDef>

  <DamageDef>
    <defName>Smoke</defName>
    <label>smoke</label>
    <canInterruptJobs>false</canInterruptJobs>
    <makesBlood>false</makesBlood>
    <defaultDamage>0</defaultDamage>
    <explosionCellMote>Mote_BlastExtinguisher</explosionCellMote>
    <explosionColorEdge>(1, 1, 1, 0.05)</explosionColorEdge>
    <harmsHealth>false</harmsHealth>
    <soundExplosion>Explosion_Smoke</soundExplosion>
    <combatLogRules>Damage_Smoke</combatLogRules>
  </DamageDef>

</Defs>
