<?xml version="1.0" encoding="utf-8" ?>
<Defs>

  <!--===================== Imperial civilians =========================-->

  <PawnKindDef>
    <defName>Empire_Common_Lodger</defName>
    <label>imperial citizen</label>
    <race>Human</race>
    <defaultFactionType>Empire</defaultFactionType>
    <maxGenerationAge>65</maxGenerationAge>
    <combatPower>30</combatPower>
    <backstoryFiltersOverride>
      <li>
        <categories>
          <li>ImperialCommon</li>
          <li>ImperialFighter</li>
        </categories>
      </li>
    </backstoryFiltersOverride>
    <baseRecruitDifficulty>0.30</baseRecruitDifficulty>
    <backstoryCryptosleepCommonality>0.08</backstoryCryptosleepCommonality>
    <forceNormalGearQuality>true</forceNormalGearQuality>
    <isFighter>false</isFighter>
    <apparelTags>
      <li>IndustrialBasic</li>
    </apparelTags>
    <apparelMoney>200~1000</apparelMoney>
    <gearHealthRange>1~1</gearHealthRange>
    <apparelAllowHeadgearChance>0</apparelAllowHeadgearChance>
    <techHediffsMoney>50~800</techHediffsMoney>
    <techHediffsTags>
      <li>Poor</li>
      <li>Simple</li>
    </techHediffsTags>
    <techHediffsChance>0.08</techHediffsChance>
    <apparelDisallowTags>
      <li>Western</li>
    </apparelDisallowTags>
    <disallowedTraits>
      <li>Nudist</li>
    </disallowedTraits>
  </PawnKindDef>

  <PawnKindDef>
    <defName>Empire_Common_Trader</defName>
    <label>imperial trader</label>
    <race>Human</race>
    <defaultFactionType>Empire</defaultFactionType>
    <maxGenerationAge>65</maxGenerationAge>
    <trader>true</trader>
    <isFighter>false</isFighter>
    <backstoryCryptosleepCommonality>0.08</backstoryCryptosleepCommonality>
    <chemicalAddictionChance>0.1</chemicalAddictionChance>
    <combatEnhancingDrugsChance>0.15</combatEnhancingDrugsChance>
    <invNutrition>2.55</invNutrition>
    <itemQuality>Normal</itemQuality>
    <inventoryOptions>
      <skipChance>0.70</skipChance>
      <subOptionsTakeAll>
        <li>
          <choiceChance>90</choiceChance>
          <thingDef>Silver</thingDef>
          <countRange>30~100</countRange>
        </li>
      </subOptionsTakeAll>
    </inventoryOptions>
    <combatPower>40</combatPower>
    <weaponTags>
      <li>SimpleGun</li>
    </weaponTags>
    <weaponMoney>1100~3500</weaponMoney>
    <apparelMoney>1250~2500</apparelMoney>
    <apparelTags>
      <li>IndustrialBasic</li>
      <li>IndustrialAdvanced</li>
      <li>IndustrialMilitaryBasic</li>
      <li>IndustrialMilitaryAdvanced</li>
    </apparelTags>
    <apparelDisallowTags>
      <li>Western</li>
    </apparelDisallowTags>
    <specificApparelRequirements>
      <li>
        <bodyPartGroup>UpperHead</bodyPartGroup>
        <requiredTag>RoyalTier2</requiredTag>
      </li>
    </specificApparelRequirements>
    <techHediffsChance>0.15</techHediffsChance>
    <techHediffsMoney>1000~1800</techHediffsMoney>
    <techHediffsTags>
      <li>Advanced</li>
      <li>ImplantEmpireCommon</li>
    </techHediffsTags>
  </PawnKindDef>

  <!--===================== Imperial fighters =========================-->

  <PawnKindDef Name="ImperialFighterBase" Abstract="True">
    <race>Human</race>
    <defaultFactionType>Empire</defaultFactionType>
    <maxGenerationAge>55</maxGenerationAge>
    <backstoryCryptosleepCommonality>0.08</backstoryCryptosleepCommonality>
    <backstoryFiltersOverride>
      <li>
        <categories>
          <li>ImperialFighter</li>
        </categories>
      </li>
    </backstoryFiltersOverride>
    <chemicalAddictionChance>0.1</chemicalAddictionChance>
    <combatEnhancingDrugsChance>0.15</combatEnhancingDrugsChance>
    <combatEnhancingDrugsCount>0~2</combatEnhancingDrugsCount>
    <invNutrition>2.55</invNutrition>
    <itemQuality>Normal</itemQuality>
    <weaponMoney>1100~2500</weaponMoney>
    <apparelAllowHeadgearChance>0.5</apparelAllowHeadgearChance>
    <apparelMoney>1250~2500</apparelMoney>
    <apparelTags>
      <li>IndustrialBasic</li>
      <li>IndustrialAdvanced</li>
      <li>IndustrialMilitaryBasic</li>
      <li>IndustrialMilitaryAdvanced</li>
    </apparelTags>
    <apparelDisallowTags>
      <li>Western</li>
    </apparelDisallowTags>
    <techHediffsChance>0.3</techHediffsChance>
    <techHediffsMoney>1000~1500</techHediffsMoney>
    <techHediffsRequired>
      <li>DeathAcidifier</li>
    </techHediffsRequired>
    <biocodeWeaponChance>0.15</biocodeWeaponChance>
    <disallowedTraits>
      <li>BodyPurist</li>
    </disallowedTraits>
  </PawnKindDef>

  <!-- Trooper -->

  <PawnKindDef Name="ImperialTrooperBase" Abstract="True" ParentName="ImperialFighterBase">
    <combatPower>60</combatPower>
    <apparelMoney>5000~8000</apparelMoney>
    <weaponTags>
      <li>IndustrialGunAdvanced</li>
    </weaponTags>
    <apparelRequired>
      <li>Apparel_FlakJacket</li>
      <li>Apparel_FlakVest</li>
      <li>Apparel_FlakPants</li>
    </apparelRequired>
  </PawnKindDef>

  <PawnKindDef ParentName="ImperialTrooperBase">
    <defName>Empire_Fighter_Trooper</defName>
    <label>trooper</label>
    <apparelColor>(130,130,130)</apparelColor>
    <techHediffsTags>
      <li>ImplantEmpireCommon</li>
    </techHediffsTags>
    <skills>
      <li>
        <skill>Shooting</skill>
        <range>4~10</range>
      </li>
    </skills>
    <disallowedTraits>
      <li>Brawler</li>
    </disallowedTraits>
  </PawnKindDef>

  <!-- Janissary -->

  <PawnKindDef Name="JanissaryBase" Abstract="True" ParentName="ImperialFighterBase">
    <combatPower>100</combatPower>
    <weaponMoney>1550~2700</weaponMoney>
    <weaponTags>
      <li>IndustrialGunAdvanced</li>
      <li>SpacerGun</li>
      <li>SniperRifle</li>
    </weaponTags>
    <apparelMoney>6000~9000</apparelMoney>
    <apparelRequired>
      <li>Apparel_ArmorHelmetRecon</li>
      <li>Apparel_ArmorRecon</li>
    </apparelRequired>
    <disallowedTraits>
      <li>Brawler</li>
    </disallowedTraits>
  </PawnKindDef>

  <PawnKindDef ParentName="JanissaryBase">
    <defName>Empire_Fighter_Janissary</defName>
    <label>janissary</label>
    <apparelColor>(75,75,75)</apparelColor>
    <techHediffsTags>
      <li>ImplantEmpireCommon</li>
    </techHediffsTags>
    <skills>
      <li>
        <skill>Shooting</skill>
        <range>6~10</range>
      </li>
    </skills>
  </PawnKindDef>

  <!-- Champion -->

  <PawnKindDef ParentName="ImperialFighterBase">
    <defName>Empire_Fighter_Champion</defName>
    <label>champion</label>
    <maxGenerationAge>40</maxGenerationAge>
    <combatPower>100</combatPower>
    <weaponTags>
      <li>MedievalMeleeDecent</li>
      <li>UltratechMelee</li>
    </weaponTags>
    <apparelRequired>
      <li>Apparel_PlateArmor</li>
      <li>Apparel_ShieldBelt</li>
    </apparelRequired>
    <specificApparelRequirements>
      <li>
        <bodyPartGroup>Torso</bodyPartGroup>
        <apparelLayer>Shell</apparelLayer>
      </li>
    </specificApparelRequirements>
    <techHediffsTags>
      <li>Advanced</li>
      <li>ImplantEmpireCommon</li>
    </techHediffsTags>
    <skills>
      <li>
        <skill>Melee</skill>
        <range>8~13</range>
      </li>
    </skills>
  </PawnKindDef>

   <!-- Cataphract -->

  <PawnKindDef Name="CataphractBase" Abstract="True" ParentName="ImperialFighterBase">
    <maxGenerationAge>40</maxGenerationAge>
    <apparelMoney>7000~10000</apparelMoney>
    <apparelRequired>
      <li>Apparel_ArmorHelmetCataphract</li>
      <li>Apparel_ArmorCataphract</li>
    </apparelRequired>
    <techHediffsMoney>1000~4000</techHediffsMoney>
    <techHediffsMaxAmount>4</techHediffsMaxAmount>
    <allowRoyalRoomRequirements>False</allowRoyalRoomRequirements>
  </PawnKindDef>

  <PawnKindDef ParentName="CataphractBase">
    <defName>Empire_Fighter_Cataphract</defName>
    <label>cataphract</label>
    <royalTitleChance>0.1</royalTitleChance>
    <titleSelectOne>
      <li>Freeholder</li>
      <li>Yeoman</li>
    </titleSelectOne>
    <combatPower>150</combatPower>
    <weaponTags>
      <li>GunHeavy</li>
      <li>SpacerGun</li>
    </weaponTags>
    <apparelColor>(250,250,250)</apparelColor>
    <techHediffsTags>
      <li>Advanced</li>
      <li>ImplantEmpireCommon</li>
    </techHediffsTags>
    <techHediffsRequired>
      <li>ArmorskinGland</li>
    </techHediffsRequired>
    <skills>
      <li>
        <skill>Shooting</skill>
        <range>8~12</range>
      </li>
    </skills>
    <disallowedTraits>
      <li>Brawler</li>
    </disallowedTraits>
  </PawnKindDef>

  <!-- Stellic Guard -->

  <PawnKindDef Name="StellicGuardBase" Abstract="True" ParentName="CataphractBase">
    <royalTitleChance>1</royalTitleChance>
    <combatPower>175</combatPower>
    <chemicalAddictionChance>0.03</chemicalAddictionChance>
    <itemQuality>Excellent</itemQuality>
    <weaponMoney>3000~3500</weaponMoney>
    <apparelColor>(150,50,50)</apparelColor>
    <specificApparelRequirements>
      <li>
        <bodyPartGroup>FullHead</bodyPartGroup>
        <color>(68,68,68)</color>
      </li>
    </specificApparelRequirements>
    <techHediffsMoney>1000~4000</techHediffsMoney>
    <techHediffsTags>
      <li>Advanced</li>
      <li>ImplantEmpireCommon</li>
      <li>ImplantEmpireRoyal</li>
    </techHediffsTags>
    <techHediffsDisallowTags>
      <li>PainCauser</li>
    </techHediffsDisallowTags>
    <techHediffsRequired>
      <li>BionicEye</li>
      <li>BionicEye</li>
      <li>StoneskinGland</li>
    </techHediffsRequired>
    <disallowedTraits>
      <li>Wimp</li>
      <li>Nudist</li>
      <li>BodyPurist</li>
    </disallowedTraits>
  </PawnKindDef>

  <PawnKindDef ParentName="StellicGuardBase">
    <defName>Empire_Fighter_StellicGuardRanged</defName>
    <label>stellic defender</label>
    <titleSelectOne>
      <li>Freeholder</li>
      <li>Yeoman</li>
      <li>Esquire</li>
      <li>Knight</li>
    </titleSelectOne>
    <weaponTags>
      <li>SpacerGun</li>
    </weaponTags>
    <skills>
      <li>
        <skill>Shooting</skill>
        <range>11~16</range>
      </li>
    </skills>
    <disallowedTraits>
      <li>Brawler</li>
    </disallowedTraits>
  </PawnKindDef>

  <PawnKindDef ParentName="StellicGuardBase">
    <defName>Empire_Fighter_StellicGuardMelee</defName>
    <label>stellic warden</label>
    <titleSelectOne>
      <li>Knight</li>
    </titleSelectOne>
    <weaponTags>
      <li>Bladelink</li>
    </weaponTags>
    <apparelRequired>
      <li>Apparel_ShieldBelt</li>
    </apparelRequired>
    <skills>
      <li>
        <skill>Melee</skill>
        <range>11~16</range>
      </li>
    </skills>
  </PawnKindDef>

  <!-- Royals -->

  <PawnKindDef Name="RoyalBase" Abstract="True">
    <race>Human</race>
    <defaultFactionType>Empire</defaultFactionType>
    <maxGenerationAge>80</maxGenerationAge>
    <backstoryCryptosleepCommonality>0.08</backstoryCryptosleepCommonality>
    <backstoryFiltersOverride>
      <li>
        <categories>
          <li>ImperialRoyal</li>
        </categories>
      </li>
    </backstoryFiltersOverride>
    <royalTitleChance>1</royalTitleChance>
    <baseRecruitDifficulty>0.90</baseRecruitDifficulty>
    <chemicalAddictionChance>0.05</chemicalAddictionChance>
    <itemQuality>Excellent</itemQuality>
    <combatPower>150</combatPower>
    <weaponMoney>2600~3100</weaponMoney>
    <weaponTags>
      <li>UltratechMelee</li>
      <li>Bladelink</li>
    </weaponTags>
    <apparelAllowHeadgearChance>0.5</apparelAllowHeadgearChance>
    <apparelMoney>1000~1500</apparelMoney>
    <apparelIgnoreSeasons>true</apparelIgnoreSeasons>
    <apparelTags>
      <li>IndustrialBasic</li>
    </apparelTags>
    <apparelDisallowTags>
      <li>Western</li>
    </apparelDisallowTags>
    <specificApparelRequirements>
      <li>
        <bodyPartGroup>Torso</bodyPartGroup>
        <alternateTagChoices>
          <li>
            <tag>Psychic</tag>
            <chance>0.08</chance>
          </li>
        </alternateTagChoices>
      </li>
    </specificApparelRequirements>
    <techHediffsChance>0.15</techHediffsChance>
    <techHediffsMoney>500~1500</techHediffsMoney>
    <techHediffsTags>
      <li>Advanced</li>
      <li>ImplantEmpireRoyal</li>
      <li>ImplantEmpireCommon</li>
    </techHediffsTags>
    <techHediffsDisallowTags>
      <li>PainCauser</li>
    </techHediffsDisallowTags>
    <hairTags>
      <li>Royalty</li>
    </hairTags>
    <disallowedTraits>
      <li>Nudist</li>
      <li>BodyPurist</li>
    </disallowedTraits>
  </PawnKindDef>

  <PawnKindDef ParentName="RoyalBase">
    <defName>Empire_Royal_NobleWimp</defName>
    <label>noble</label>
    <titleSelectOne>
      <li>Knight</li>
      <li>Praetor</li>
      <li>Baron</li>
      <li>Count</li>
      <li>Duke</li>
    </titleSelectOne>
    <specificApparelRequirements>
      <li>
        <bodyPartGroup>UpperHead</bodyPartGroup>
        <requiredTag>RoyalTier7</requiredTag>
        <stuff>Steel</stuff>
      </li>
      <li>
        <bodyPartGroup>Torso</bodyPartGroup>
        <apparelLayer>Shell</apparelLayer>
        <requiredTag>RoyalTier6</requiredTag>
      </li>
      <li>
        <bodyPartGroup>Torso</bodyPartGroup>
        <apparelLayer>Middle</apparelLayer>
        <requiredTag>RoyalTier5</requiredTag>
      </li>
      <li>
        <bodyPartGroup>Torso</bodyPartGroup>
        <apparelLayer>OnSkin</apparelLayer>
        <requiredTag>RoyalTier2</requiredTag>
      </li>
    </specificApparelRequirements>
    <weaponTags Inherit="False" />
    <techHediffsMoney>0</techHediffsMoney>
    <disallowedTraits>
      <li>Tough</li>
    </disallowedTraits>
    <allowRoyalRoomRequirements>False</allowRoyalRoomRequirements>
    <allowRoyalApparelRequirements>False</allowRoyalApparelRequirements>
  </PawnKindDef>

  <PawnKindDef ParentName="RoyalBase">
    <defName>Empire_Royal_Yeoman</defName>
    <label>yeoman</label>
    <titleRequired>Yeoman</titleRequired>
    <techHediffsMoney>0~500</techHediffsMoney>
  </PawnKindDef>

  <PawnKindDef ParentName="RoyalBase">
    <defName>Empire_Royal_Esquire</defName>
    <label>esquire</label>
    <titleRequired>Esquire</titleRequired>
    <specificApparelRequirements>
      <li>
        <bodyPartGroup>UpperHead</bodyPartGroup>
        <requiredTag>RoyalTier2</requiredTag>
      </li>
      <li>
        <bodyPartGroup>Torso</bodyPartGroup>
        <apparelLayer>OnSkin</apparelLayer>
        <requiredTag>RoyalTier2</requiredTag>
      </li>
    </specificApparelRequirements>
    <techHediffsMoney>300~800</techHediffsMoney>
  </PawnKindDef>

  <PawnKindDef ParentName="RoyalBase">
    <defName>Empire_Royal_Knight</defName>
    <label>knight</label>
    <labelFemale>dame</labelFemale>
    <titleRequired>Knight</titleRequired>
    <specificApparelRequirements>
      <li>
        <bodyPartGroup>UpperHead</bodyPartGroup>
        <requiredTag>RoyalTier2</requiredTag>
      </li>
      <li>
        <bodyPartGroup>Torso</bodyPartGroup>
        <apparelLayer>OnSkin</apparelLayer>
        <requiredTag>RoyalTier2</requiredTag>
      </li>
    </specificApparelRequirements>
    <techHediffsMoney>500~1000</techHediffsMoney>
  </PawnKindDef>

  <PawnKindDef ParentName="RoyalBase">
    <defName>Empire_Royal_Praetor</defName>
    <label>praetor</label>
    <titleRequired>Praetor</titleRequired>
    <specificApparelRequirements>
      <li>
        <bodyPartGroup>UpperHead</bodyPartGroup>
        <requiredTag>RoyalTier2</requiredTag>
      </li>
      <li>
        <bodyPartGroup>Torso</bodyPartGroup>
        <apparelLayer>OnSkin</apparelLayer>
        <requiredTag>RoyalTier2</requiredTag>
      </li>
    </specificApparelRequirements>
    <techHediffsMoney>1000~1500</techHediffsMoney>
  </PawnKindDef>

  <PawnKindDef ParentName="RoyalBase">
    <defName>Empire_Royal_Baron</defName>
    <label>baron</label>
    <labelFemale>baroness</labelFemale>
    <titleRequired>Baron</titleRequired>
    <apparelMoney>1500</apparelMoney>
    <specificApparelRequirements>
      <li>
        <bodyPartGroup>UpperHead</bodyPartGroup>
        <requiredTag>RoyalTier5</requiredTag>
        <stuff>Steel</stuff>
      </li>
      <li>
        <bodyPartGroup>Torso</bodyPartGroup>
        <apparelLayer>Middle</apparelLayer>
        <requiredTag>RoyalTier5</requiredTag>
      </li>
      <li>
        <bodyPartGroup>Torso</bodyPartGroup>
        <apparelLayer>OnSkin</apparelLayer>
        <requiredTag>RoyalTier2</requiredTag>
      </li>
    </specificApparelRequirements>
    <techHediffsMoney>1000~1500</techHediffsMoney>
  </PawnKindDef>

  <PawnKindDef ParentName="RoyalBase">
    <defName>Empire_Royal_Count</defName>
    <label>count</label>
    <labelFemale>countess</labelFemale>
    <titleRequired>Count</titleRequired>
    <apparelMoney>9999999</apparelMoney>
    <specificApparelRequirements>
      <li>
        <bodyPartGroup>UpperHead</bodyPartGroup>
        <requiredTag>RoyalTier5</requiredTag>
        <stuff>Steel</stuff>
      </li>
      <li>
        <bodyPartGroup>Torso</bodyPartGroup>
        <apparelLayer>Shell</apparelLayer>
        <requiredTag>RoyalTier6</requiredTag>
      </li>
      <li>
        <bodyPartGroup>Torso</bodyPartGroup>
        <apparelLayer>Middle</apparelLayer>
        <requiredTag>RoyalTier5</requiredTag>
      </li>
      <li>
        <bodyPartGroup>Torso</bodyPartGroup>
        <apparelLayer>OnSkin</apparelLayer>
        <requiredTag>RoyalTier2</requiredTag>
      </li>
    </specificApparelRequirements>
    <techHediffsMoney>1000~2000</techHediffsMoney>
  </PawnKindDef>

  <PawnKindDef ParentName="RoyalBase">
    <defName>Empire_Royal_Duke</defName>
    <label>duke</label>
    <labelFemale>duchess</labelFemale>
    <titleRequired>Duke</titleRequired>
    <apparelMoney>9999999</apparelMoney>
    <specificApparelRequirements>
      <li>
        <bodyPartGroup>UpperHead</bodyPartGroup>
        <requiredTag>RoyalTier7</requiredTag>
        <stuff>Plasteel</stuff>
      </li>
      <li>
        <bodyPartGroup>Torso</bodyPartGroup>
        <apparelLayer>Shell</apparelLayer>
        <requiredTag>RoyalTier6</requiredTag>
      </li>
      <li>
        <bodyPartGroup>Torso</bodyPartGroup>
        <apparelLayer>Middle</apparelLayer>
        <requiredTag>RoyalTier5</requiredTag>
      </li>
      <li>
        <bodyPartGroup>Torso</bodyPartGroup>
        <apparelLayer>OnSkin</apparelLayer>
        <requiredTag>RoyalTier2</requiredTag>
      </li>
    </specificApparelRequirements>
    <techHediffsChance>0.25</techHediffsChance>
    <techHediffsMoney>1000~2500</techHediffsMoney>
    <techHediffsMaxAmount>2</techHediffsMaxAmount>
  </PawnKindDef>

  <PawnKindDef ParentName="RoyalBase">
    <defName>Empire_Royal_Consul</defName>
    <label>consul</label>
    <titleRequired>Consul</titleRequired>
    <apparelMoney>9999999</apparelMoney>
    <specificApparelRequirements>
      <li>
        <bodyPartGroup>UpperHead</bodyPartGroup>
        <requiredTag>RoyalTier7</requiredTag>
        <stuff>Plasteel</stuff>
      </li>
      <li>
        <bodyPartGroup>Torso</bodyPartGroup>
        <apparelLayer>Shell</apparelLayer>
        <requiredTag>RoyalTier6</requiredTag>
      </li>
      <li>
        <bodyPartGroup>Torso</bodyPartGroup>
        <apparelLayer>Middle</apparelLayer>
        <requiredTag>RoyalTier5</requiredTag>
      </li>
      <li>
        <bodyPartGroup>Torso</bodyPartGroup>
        <apparelLayer>OnSkin</apparelLayer>
        <requiredTag>RoyalTier2</requiredTag>
      </li>
    </specificApparelRequirements>
    <techHediffsChance>0.25</techHediffsChance>
    <techHediffsMoney>2000~2500</techHediffsMoney>
    <techHediffsMaxAmount>2</techHediffsMaxAmount>
  </PawnKindDef>

  <PawnKindDef ParentName="RoyalBase">
    <defName>Empire_Royal_Stellarch</defName>
    <label>stellarch</label>
    <factionLeader>true</factionLeader>
    <titleRequired>Stellarch</titleRequired>
    <apparelMoney>9999999</apparelMoney>
    <specificApparelRequirements>
      <li>
        <bodyPartGroup>UpperHead</bodyPartGroup>
        <requiredTag>RoyalTier7</requiredTag>
        <stuff>Gold</stuff>
      </li>
      <li>
        <bodyPartGroup>Torso</bodyPartGroup>
        <apparelLayer>Shell</apparelLayer>
        <requiredTag>RoyalTier6</requiredTag>
      </li>
      <li>
        <bodyPartGroup>Torso</bodyPartGroup>
        <apparelLayer>Middle</apparelLayer>
        <requiredTag>RoyalTier5</requiredTag>
      </li>
      <li>
        <bodyPartGroup>Torso</bodyPartGroup>
        <apparelLayer>OnSkin</apparelLayer>
        <requiredTag>RoyalTier2</requiredTag>
      </li>
    </specificApparelRequirements>
    <techHediffsChance>1</techHediffsChance>
    <techHediffsMoney>3000~4000</techHediffsMoney>
    <techHediffsMaxAmount>3</techHediffsMaxAmount>
  </PawnKindDef>

</Defs>
