﻿<?xml version="1.0" encoding="utf-8" ?>
<Defs>

  <MentalStateDef Abstract="True" Name="BaseMentalState">
    <minTicksBeforeRecovery>10000</minTicksBeforeRecovery>
    <recoveryMtbDays>0.3</recoveryMtbDays>
  </MentalStateDef>

  <!-- Mental breaks: extreme -->

  <MentalBreakDef>
    <defName>Berserk</defName>
    <mentalState>Berserk</mentalState>
    <baseCommonality>1.5</baseCommonality>
    <intensity>Extreme</intensity>
  </MentalBreakDef>
  <MentalStateDef ParentName="BaseMentalState">
    <defName>Berserk</defName>
    <stateClass>MentalState_Berserk</stateClass>
    <label>berserk</label>
    <category>Aggro</category>
    <moodRecoveryThought>Catharsis</moodRecoveryThought>
    <blockNormalThoughts>true</blockNormalThoughts>
    <nameColor>(0.9,0.2,0.5)</nameColor>
    <beginLetterLabel>berserk</beginLetterLabel>
    <beginLetter>{0} has gone berserk!</beginLetter>
    <beginLetterDef>BadUrgent</beginLetterDef>
    <minTicksBeforeRecovery>10000</minTicksBeforeRecovery>
    <recoveryMtbDays>0.3</recoveryMtbDays>
    <maxTicksBeforeRecovery>60000</maxTicksBeforeRecovery>
    <recoveryMessage>{0}'s berserk rage has come to an end.</recoveryMessage>
    <baseInspectLine>Mental state: Berserk</baseInspectLine>
    <stateEffecter>Berserk</stateEffecter>
    <tale>MentalStateBerserk</tale>
    <recoverFromSleep>true</recoverFromSleep>
    <recoverFromDowned>true</recoverFromDowned>
    <unspawnedCanDo>true</unspawnedCanDo>
  </MentalStateDef>

  <MentalBreakDef>
    <defName>FireStartingSpree</defName>
    <mentalState>FireStartingSpree</mentalState>
    <baseCommonality>1.5</baseCommonality>
    <intensity>Extreme</intensity>
    <requiredTrait>Pyromaniac</requiredTrait>
  </MentalBreakDef>
  <MentalStateDef ParentName="BaseMentalState">
    <defName>FireStartingSpree</defName>
    <stateClass>MentalState_FireStartingSpree</stateClass>
    <label>fire starting spree</label>
    <category>Indulgent</category>
    <prisonersCanDo>false</prisonersCanDo>
    <colonistsOnly>true</colonistsOnly>
    <minTicksBeforeRecovery>4000</minTicksBeforeRecovery>
    <recoveryMtbDays>0.1</recoveryMtbDays>
    <maxTicksBeforeRecovery>15000</maxTicksBeforeRecovery>
    <nameColor>(0.5, 0.9, 0.5)</nameColor>
    <beginLetterLabel>fire starting spree</beginLetterLabel>
    <beginLetter>{0} is on a fire starting spree.</beginLetter>
    <beginLetterDef>BadUrgent</beginLetterDef>
    <moodRecoveryThought>Catharsis</moodRecoveryThought>
    <recoveryMessage>{0} is no longer on a fire starting spree.</recoveryMessage>
    <baseInspectLine>Mental state: Fire starting spree</baseInspectLine>
    <recoverFromSleep>true</recoverFromSleep>
    <recoverFromDowned>true</recoverFromDowned>
    <unspawnedCanDo>true</unspawnedCanDo>
  </MentalStateDef>

  <MentalBreakDef>
    <defName>GiveUpExit</defName>
    <mentalState>GiveUpExit</mentalState>
    <baseCommonality>0</baseCommonality>  <!-- Note: disabled -->
    <intensity>Extreme</intensity>
  </MentalBreakDef>
  <MentalStateDef ParentName="BaseMentalState">
    <defName>GiveUpExit</defName>
    <label>giving up and leaving</label>
    <stateClass>MentalState_GiveUpExit</stateClass>
    <category>Sad</category>
    <prisonersCanDo>false</prisonersCanDo>
    <moodRecoveryThought>Catharsis</moodRecoveryThought>
    <blockNormalThoughts>true</blockNormalThoughts>
    <nameColor>(0.65, 0.9, 0.93)</nameColor>
    <beginLetterLabel>gave up</beginLetterLabel>
    <beginLetter>{0} is leaving the colony.</beginLetter>
    <beginLetterDef>BadNonUrgent</beginLetterDef>
    <recoveryMessage>{0} has had a change of heart and is coming back to the colony.</recoveryMessage>
    <baseInspectLine>Mental state: Given up and leaving</baseInspectLine>
    <tale>MentalStateGaveUp</tale>
    <allowBeatfire>true</allowBeatfire>
  </MentalStateDef>

  <MentalBreakDef Name="BingingDrugExtremeBreak">
    <defName>BingingDrugExtreme</defName>
    <workerClass>MentalBreakWorker_BingingDrug</workerClass>
    <mentalState>BingingDrugExtreme</mentalState>
    <baseCommonality>1</baseCommonality>
    <intensity>Extreme</intensity>
  </MentalBreakDef>
  <MentalStateDef ParentName="BaseMentalState" Name="BingingDrugExtremeState">
    <defName>BingingDrugExtreme</defName>
    <stateClass>MentalState_BingingDrug</stateClass>
    <workerClass>MentalStateWorker_BingingDrug</workerClass>
    <label>binging on drug</label>
    <category>Indulgent</category>
    <prisonersCanDo>false</prisonersCanDo>
    <colonistsOnly>true</colonistsOnly>
    <minTicksBeforeRecovery>20000</minTicksBeforeRecovery>
    <recoveryMtbDays>0.6</recoveryMtbDays>
    <maxTicksBeforeRecovery>60000</maxTicksBeforeRecovery>
    <recoverFromSleep>true</recoverFromSleep>
    <recoverFromDowned>true</recoverFromDowned>
    <nameColor>(0.5, 0.9, 0.5)</nameColor>
    <moodRecoveryThought>Catharsis</moodRecoveryThought>
    <baseInspectLine>Mental state: Binging on {0}</baseInspectLine>
    <allowBeatfire>true</allowBeatfire>
    <drugCategory>Hard</drugCategory>
  </MentalStateDef>

  <!-- Mental breaks: major -->

  <MentalBreakDef ParentName="BingingDrugExtremeBreak">
    <defName>BingingDrugMajor</defName>
    <mentalState>BingingDrugMajor</mentalState>
    <intensity>Major</intensity>
  </MentalBreakDef>
  <MentalStateDef ParentName="BingingDrugExtremeState">
    <defName>BingingDrugMajor</defName>
    <drugCategory>Social</drugCategory>
  </MentalStateDef>

  <MentalBreakDef>
    <defName>WanderPsychotic</defName>
    <mentalState>WanderPsychotic</mentalState>
    <baseCommonality>1</baseCommonality>
    <intensity>Major</intensity>
  </MentalBreakDef>
  <MentalStateDef ParentName="BaseMentalState">
    <defName>WanderPsychotic</defName>
    <stateClass>MentalState_WanderPsychotic</stateClass>
    <label>wandering in psychosis</label>
    <category>Sad</category>
    <moodRecoveryThought>Catharsis</moodRecoveryThought>
    <blockNormalThoughts>true</blockNormalThoughts>
    <nameColor>(0.65, 0.9, 0.93)</nameColor>
    <minTicksBeforeRecovery>30000</minTicksBeforeRecovery>
    <recoveryMtbDays>0.8</recoveryMtbDays>
    <maxTicksBeforeRecovery>80000</maxTicksBeforeRecovery>
    <recoveryMessage>{0} is no longer wandering in a psychotic state.</recoveryMessage>
    <beginLetterLabel>daze</beginLetterLabel>
    <beginLetter>{0} is wandering around in a psychotic state.</beginLetter>
    <beginLetterDef>BadNonUrgent</beginLetterDef>
    <baseInspectLine>Mental state: Psychotic wandering</baseInspectLine>
    <tale>MentalStateGaveUp</tale>
    <unspawnedCanDo>true</unspawnedCanDo>
  </MentalStateDef>

  <!-- Mental breaks: minor -->

  <MentalBreakDef>
    <defName>BingingFood</defName>
    <mentalState>BingingFood</mentalState>
    <baseCommonality>1</baseCommonality>
    <intensity>Minor</intensity>
  </MentalBreakDef>
  <MentalStateDef ParentName="BaseMentalState">
    <defName>BingingFood</defName>
    <stateClass>MentalState_Binging</stateClass>
    <workerClass>MentalStateWorker_BingingFood</workerClass>
    <label>binging on food</label>
    <category>Indulgent</category>
    <prisonersCanDo>false</prisonersCanDo>
    <colonistsOnly>true</colonistsOnly>
    <minTicksBeforeRecovery>20000</minTicksBeforeRecovery>
    <recoveryMtbDays>0.3</recoveryMtbDays>
    <maxTicksBeforeRecovery>40000</maxTicksBeforeRecovery>
    <recoverFromSleep>true</recoverFromSleep>
    <recoverFromDowned>true</recoverFromDowned>
    <nameColor>(0.5, 0.9, 0.5)</nameColor>
    <beginLetterLabel>food binge</beginLetterLabel>
    <beginLetter>{0} is pigging out on food.</beginLetter>
    <beginLetterDef>BadNonUrgent</beginLetterDef>
    <moodRecoveryThought>Catharsis</moodRecoveryThought>
    <recoveryMessage>{0} is no longer pigging out on food.</recoveryMessage>
    <baseInspectLine>Mental state: Pigging out</baseInspectLine>
    <allowBeatfire>true</allowBeatfire>
  </MentalStateDef>

  <MentalBreakDef>
    <defName>WanderSad</defName>
    <mentalState>WanderSad</mentalState>
    <baseCommonality>0.75</baseCommonality>
    <intensity>Minor</intensity>
  </MentalBreakDef>
  <MentalStateDef ParentName="BaseMentalState">
    <defName>WanderSad</defName>
    <stateClass>MentalState_WanderSad</stateClass>
    <label>sad wandering</label>
    <category>Sad</category>
    <colonistsOnly>true</colonistsOnly>
    <minTicksBeforeRecovery>30000</minTicksBeforeRecovery>
    <recoveryMtbDays>0.3</recoveryMtbDays>
    <maxTicksBeforeRecovery>60000</maxTicksBeforeRecovery>
    <recoverFromSleep>true</recoverFromSleep>
    <recoverFromDowned>true</recoverFromDowned>
    <moodRecoveryThought>Catharsis</moodRecoveryThought>
    <blockNormalThoughts>true</blockNormalThoughts>
    <nameColor>(0.65, 0.9, 0.93)</nameColor>
    <recoveryMessage>{0} is no longer wandering in sadness.</recoveryMessage>
    <beginLetterLabel>sad wander</beginLetterLabel>
    <beginLetter>{0} is wandering around in sadness.</beginLetter>
    <beginLetterDef>BadNonUrgent</beginLetterDef>
    <baseInspectLine>Mental state: Sad wandering</baseInspectLine>
    <allowBeatfire>true</allowBeatfire>
    <unspawnedCanDo>true</unspawnedCanDo>
  </MentalStateDef>

  <MentalBreakDef>
    <defName>WanderOwnRoom</defName>
    <mentalState>WanderOwnRoom</mentalState>
    <baseCommonality>0.75</baseCommonality>
    <intensity>Minor</intensity>
  </MentalBreakDef>
  <MentalStateDef ParentName="BaseMentalState">
    <defName>WanderOwnRoom</defName>
    <stateClass>MentalState_WanderOwnRoom</stateClass>
    <workerClass>MentalStateWorker_WanderOwnRoom</workerClass>
    <label>sitting alone</label>
    <category>Sad</category>
    <colonistsOnly>true</colonistsOnly>
    <minTicksBeforeRecovery>30000</minTicksBeforeRecovery>
    <recoveryMtbDays>0.6</recoveryMtbDays>
    <maxTicksBeforeRecovery>60000</maxTicksBeforeRecovery>
    <recoverFromSleep>true</recoverFromSleep>
    <recoverFromDowned>true</recoverFromDowned>
    <moodRecoveryThought>Catharsis</moodRecoveryThought>
    <blockNormalThoughts>true</blockNormalThoughts>
    <nameColor>(0.65, 0.9, 0.93)</nameColor>
    <recoveryMessage>{0} is no longer hiding in HIS room.</recoveryMessage>
    <beginLetterLabel>hide in room</beginLetterLabel>
    <beginLetter>{0} is hiding in HIS room.</beginLetter>
    <beginLetterDef>BadNonUrgent</beginLetterDef>
    <baseInspectLine>Mental state: Hiding in room</baseInspectLine>
    <allowBeatfire>true</allowBeatfire>
  </MentalStateDef>

</Defs>
