﻿<?xml version="1.0" encoding="utf-8" ?>
<Defs>

  <!-- Special mental states not from mental breaks -->

  <MentalStateDef ParentName="BaseMentalState">
    <defName>WanderConfused</defName>
    <label>confused wandering</label>
    <stateClass>MentalState_WanderConfused</stateClass>
    <category>Sad</category>
    <minTicksBeforeRecovery>3500</minTicksBeforeRecovery>
    <recoveryMtbDays>0.2</recoveryMtbDays>
    <blockNormalThoughts>true</blockNormalThoughts>
    <nameColor>(0.65, 0.9, 0.93)</nameColor>
    <beginLetterLabel>confusion</beginLetterLabel>
    <beginLetter>{0} has broken down and is wandering around confused.</beginLetter>
    <beginLetterDef>BadNonUrgent</beginLetterDef>
    <recoveryMessage>{0} is no longer confused.</recoveryMessage>
    <baseInspectLine>Mental state: Confused and wandering</baseInspectLine>
    <unspawnedCanDo>true</unspawnedCanDo>
  </MentalStateDef>

  <MentalStateDef ParentName="BaseMentalState">
    <defName>PanicFlee</defName>
    <label>panic fleeing</label>
    <stateClass>MentalState_PanicFlee</stateClass>
    <category>Panic</category>
    <nameColor>(0.65, 0.9, 0.93)</nameColor>
    <beginLetterLabel>flee</beginLetterLabel>
    <beginLetter>{0} is fleeing in panic.</beginLetter>
    <recoveryMessage>{0} is no longer fleeing in panic.</recoveryMessage>
    <baseInspectLine>Mental state: Fleeing in panic</baseInspectLine>
    <blockNormalThoughts>true</blockNormalThoughts>
    <unspawnedCanDo>true</unspawnedCanDo>
  </MentalStateDef>

  <MentalStateDef ParentName="BaseMentalState" Name="Manhunter">
    <defName>Manhunter</defName>
    <stateClass>MentalState_Manhunter</stateClass>
    <label>manhunter</label>
    <category>Aggro</category>
    <nameColor>(0.9,0.2,0.5)</nameColor>
    <beginLetterLabel>manhunter</beginLetterLabel>
    <beginLetter>{0} has become a manhunter!</beginLetter>
    <recoveryMessage>{0}'s manhunting bloodlust has come to an end.</recoveryMessage>
    <baseInspectLine>Maddened: Manhunter</baseInspectLine>
    <stateEffecter>Manhunter</stateEffecter>
    <unspawnedCanDo>true</unspawnedCanDo>
  </MentalStateDef>

  <MentalStateDef ParentName="Manhunter">
    <defName>ManhunterPermanent</defName>
    <minTicksBeforeRecovery>99999999</minTicksBeforeRecovery>
    <unspawnedCanDo>true</unspawnedCanDo>
  </MentalStateDef>

  <MentalStateDef ParentName="BaseMentalState">
    <defName>SocialFighting</defName>
    <stateClass>MentalState_SocialFighting</stateClass>
    <label>social fighting</label>
    <minTicksBeforeRecovery>420</minTicksBeforeRecovery>
    <recoveryMtbDays>0.02</recoveryMtbDays>
    <category>Aggro</category>
    <nameColor>(0.88,0.48,0.16)</nameColor>
    <baseInspectLine>Mental state: Social fighting</baseInspectLine>
    <unspawnedCanDo>true</unspawnedCanDo>
  </MentalStateDef>
  
</Defs>