﻿<?xml version="1.0" encoding="utf-8" ?>
<Defs>

  <!-- Base -->

  <ThingDef ParentName="BuildingBase" Name="MechBuildingBase" Abstract="True">
    <altitudeLayer>Building</altitudeLayer>
    <pathCost>150</pathCost>
    <blockWind>true</blockWind>
    <passability>PassThroughOnly</passability>
    <fillPercent>1.0</fillPercent>
    <tickerType>Normal</tickerType>
    <rotatable>true</rotatable>
    <selectable>true</selectable>
    <neverMultiSelect>true</neverMultiSelect>
    <terrainAffordanceNeeded>Light</terrainAffordanceNeeded>
    <soundImpactDefault>BulletImpact_Metal</soundImpactDefault>
    <drawerType>MapMeshOnly</drawerType>
    <repairEffect>ConstructMetal</repairEffect>
    <forceDebugSpawnable>true</forceDebugSpawnable>
    <receivesSignals>true</receivesSignals>
    <isMechClusterThreat>true</isMechClusterThreat>
    <building>
      <buildingTags>
        <li>MechClusterMember</li>
      </buildingTags>
      <claimable>true</claimable>
      <roofCollapseDamageMultiplier>0.2</roofCollapseDamageMultiplier>
    </building>
    <statBases>
      <Flammability>0</Flammability>
      <Beauty>-20</Beauty>
    </statBases>
    <damageMultipliers>
      <li>
        <damageDef>Flame</damageDef>
        <multiplier>0</multiplier>
      </li>
    </damageMultipliers>
  </ThingDef>

  <!-- Unstable power cell -->

  <ThingDef ParentName="MechBuildingBase">
    <defName>UnstablePowerCell</defName>
    <label>unstable power cell</label>
    <description>A mechanoid power generation unit. The vanometric power core will run forever, extracting energy from quantum foam fluctuations.\n\nAn internal amplifier system makes it unstable. If damaged, the unit will generate a massive explosion.\n\nSome brave humans steal these from mechanoids for their own use as power plants or defensive bombs. However, an unintentional detonation can be devastating.</description>
    <size>(1,1)</size>
    <passability>Impassable</passability>
    <stealable>true</stealable>
    <statBases>
      <MaxHitPoints>200</MaxHitPoints>
      <Flammability>0</Flammability>
      <Mass>15</Mass>
      <MarketValue>400</MarketValue>
      <WorkToBuild>300</WorkToBuild>
    </statBases>
    <graphicData>
      <texPath>Things/Building/Mech/UnstablePowerCell</texPath>
      <graphicClass>Graphic_Single</graphicClass>
      <drawSize>(1,1)</drawSize>
      <shadowData>
        <volume>(0.6, 0.4, 0.6)</volume>
      </shadowData>
      <damageData>
        <rect>(0.2, 0.2, 0.6, 0.6)</rect>
      </damageData>
    </graphicData>
    <drawerType>MapMeshAndRealTime</drawerType>
    <building>
      <buildingTags>
        <li>MechClusterMemberGood</li>
      </buildingTags>
    </building>
    <thingCategories>
      <li>BuildingsSpecial</li>
    </thingCategories>
    <drawPlaceWorkersWhileSelected>true</drawPlaceWorkersWhileSelected>
    <placeWorkers>
      <li>PlaceWorker_ShowExplosionRadius</li>
    </placeWorkers>
    <minifiedDef>MinifiedThing</minifiedDef>
    <comps>
      <li Class="CompProperties_Power">
        <compClass>CompPowerPlant</compClass>
        <basePowerConsumption>-400</basePowerConsumption>
        <transmitsPower>true</transmitsPower>
      </li>
      <li Class="CompProperties_Glower">
        <glowRadius>2</glowRadius>
        <glowColor>(115,200,23,0)</glowColor>
      </li>
      <li Class="CompProperties_Explosive">
        <wickTicks>240</wickTicks>
        <explosiveRadius>9.9</explosiveRadius>
        <explosiveDamageType>Bomb</explosiveDamageType>
        <explodeOnKilled>true</explodeOnKilled>
        <startWickHitPointsPercent>0.5</startWickHitPointsPercent>
        <extraInspectStringKey>ExplosionOnDamageWarning</extraInspectStringKey>
      </li>
    </comps>
    <costList>
      <ComponentIndustrial>2</ComponentIndustrial>
    </costList>
  </ThingDef>

  <!-- Defoliator -->

  <ThingDef ParentName="BuildingBase">
    <defName>Defoliator</defName>
    <label>defoliator</label>
    <description>An area-denial device which annihilates nearby plants without affecting animals.\n\nIn planetary wars, these weapons are scattered across farmlands or jungles to deny the enemy food or cover. They're usually associated with orbital-drop mechanoid swarms.</description>
    <size>(3,3)</size>
    <pathCost>150</pathCost>
    <blockWind>true</blockWind>
    <passability>Impassable</passability>
    <fillPercent>0.5</fillPercent>
    <tickerType>Normal</tickerType>
    <leaveResourcesWhenKilled>false</leaveResourcesWhenKilled>
    <receivesSignals>true</receivesSignals>
    <isMechClusterThreat>true</isMechClusterThreat>
    <killedLeavings>
      <ChunkSlagSteel>4</ChunkSlagSteel>
      <Plasteel>50</Plasteel>
      <ComponentIndustrial>2</ComponentIndustrial>
      <ComponentSpacer>1</ComponentSpacer>
    </killedLeavings>
    <rotatable>true</rotatable>
    <selectable>true</selectable>
    <neverMultiSelect>true</neverMultiSelect>
    <terrainAffordanceNeeded>Light</terrainAffordanceNeeded>
    <soundImpactDefault>BulletImpact_Metal</soundImpactDefault>
    <repairEffect>ConstructMetal</repairEffect>
    <forceDebugSpawnable>true</forceDebugSpawnable>
    <building>
      <buildingTags>
        <li>MechClusterMember</li>
        <li>MechClusterProblemCauser</li>
      </buildingTags>
      <claimable>false</claimable>
      <roofCollapseDamageMultiplier>0.2</roofCollapseDamageMultiplier>
    </building>
    <drawPlaceWorkersWhileSelected>true</drawPlaceWorkersWhileSelected>
    <placeWorkers>
      <li>PlaceWorker_ShowPlantHarmRadius</li>
    </placeWorkers>
    <statBases>
      <MaxHitPoints>400</MaxHitPoints>
      <Flammability>0</Flammability>
      <Beauty>-200</Beauty>
    </statBases>
    <damageMultipliers>
      <li>
        <damageDef>Flame</damageDef>
        <multiplier>0</multiplier>
      </li>
    </damageMultipliers>
    <graphicData>
      <texPath>Things/Building/Mech/Defoliator</texPath>
      <graphicClass>Graphic_Single</graphicClass>
      <drawSize>(3,3)</drawSize>
    </graphicData>
    <comps>
      <li Class="CompProperties_PlantHarmRadius">
        <radiusPerDayCurve>
          <points>
            <li>0  , 5</li>
            <li>1.5, 18</li>
            <li>6  , 40</li>
            <li>20 , 100</li>
          </points>
        </radiusPerDayCurve>
      </li>
      <li Class="CompProperties_WakeUpDormant">
        <wakeUpSound>MechanoidsWakeUp</wakeUpSound>
      </li>
      <li Class="CompProperties_Initiatable" />
      <li Class="CompProperties_Explosive">
        <wickTicks>240</wickTicks>
        <explosiveRadius>9</explosiveRadius>
        <explosiveDamageType>EMP</explosiveDamageType>
        <explodeOnKilled>true</explodeOnKilled>
      </li>
    </comps>
  </ThingDef>
  
</Defs>