﻿<?xml version="1.0" encoding="utf-8" ?>
<Defs>

  <!-- ========================= BASE ========================= -->
  <ThingDef Name="ConditionCauserBase" Abstract="True" ParentName="BuildingBase">
    <altitudeLayer>Building</altitudeLayer>
    <pathCost>150</pathCost>
    <blockWind>true</blockWind>
    <passability>Impassable</passability>
    <fillPercent>1.0</fillPercent>
    <statBases>
      <MaxHitPoints>1500</MaxHitPoints>
      <Flammability>0</Flammability>
    </statBases>
    <damageMultipliers>
      <li>
        <damageDef>Flame</damageDef>
        <multiplier>0</multiplier>
      </li>
    </damageMultipliers>
    <building>
      <combatPower>750</combatPower>
      <buildingTags>
        <li>MechClusterMember</li>
        <li>MechClusterProblemCauser</li>
      </buildingTags>
      <claimable>false</claimable>
    </building>
    <comps>
      <li Class="CompProperties_WakeUpDormant" />
      <li Class="CompProperties_Initiatable" />
    </comps>
    <receivesSignals>true</receivesSignals>
    <tickerType>Normal</tickerType>
    <rotatable>false</rotatable>
    <selectable>true</selectable>
    <terrainAffordanceNeeded>Heavy</terrainAffordanceNeeded>
    <soundImpactDefault>BulletImpact_Metal</soundImpactDefault>
    <drawerType>MapMeshOnly</drawerType>
    <castEdgeShadows>True</castEdgeShadows>
    <repairEffect>ConstructMetal</repairEffect>
    <forceDebugSpawnable>true</forceDebugSpawnable>
    <isMechClusterThreat>true</isMechClusterThreat>
    <killedLeavings>
      <ChunkSlagSteel>10</ChunkSlagSteel>
      <Steel>75</Steel>
      <Plasteel>50</Plasteel>
      <ComponentIndustrial>2</ComponentIndustrial>
      <ComponentSpacer>1</ComponentSpacer>
    </killedLeavings>
  </ThingDef>
  
  <SitePartDef Name="ConditionCauserSitePartBase" Abstract="True">
    <workerClass>SitePartWorker_ConditionCauser</workerClass>
    <siteTexture>World/WorldObjects/Sites/GenericSite</siteTexture>
    <expandingIconTexture>World/WorldObjects/Expanding/Sites/ConditionCauser</expandingIconTexture>
    <wantsThreatPoints>true</wantsThreatPoints>
    <badEvenIfNoMap>true</badEvenIfNoMap>
    <tags>
      <li>QuestActiveThreat</li>
    </tags>
  </SitePartDef>
  
  <GenStepDef Name="ConditionCauserGenStepBase" Abstract="True">
    <order>490</order>
    <genStep Class="GenStep_ConditionCauser">
      <nearMapCenter>true</nearMapCenter>
    </genStep>
  </GenStepDef>

  <RuleDef>
    <defName>ConditionCauserRoom</defName>
    <symbol>conditionCauserRoom</symbol>
    <resolvers>
      <li Class="SymbolResolver_GenericRoom">
        <minRectSize>(9, 9)</minRectSize>
        <interior>interior_conditionCauserRoom</interior>
      </li>
    </resolvers>
  </RuleDef>
  
  <RuleDef>
    <defName>Interior_ConditionCauserRoom</defName>
    <symbol>interior_conditionCauserRoom</symbol>
    <resolvers>
      <li Class="SymbolResolver_Interior_ConditionCauser" />
    </resolvers>
  </RuleDef>

  <!-- ========================= Sun blocker ========================= -->
  <ThingDef ParentName="ConditionCauserBase">
    <defName>SunBlocker</defName>
    <label>sun blocker</label>
    <description>An ultratech machine that generates a sheet of exotic fields at high altitude, turning the sky opaque and blocking the sun.</description>
    <size>(6,4)</size>
    <graphicData>
      <texPath>Things/Building/Misc/SunBlocker</texPath>
      <graphicClass>Graphic_Single</graphicClass>
      <drawSize>(8.8,8.8)</drawSize>
      <drawOffset>(0,0,0.6)</drawOffset>
      <shadowData>
        <volume>(4.5,3.5,3.4)</volume>
        <offset>(0,0,0)</offset>
      </shadowData>
      <damageData>
        <rect>(0.5, 0, 4.8, 3.4)</rect>
      </damageData>
    </graphicData>
    <comps>
      <li Class="CompProperties_CausesGameCondition">
        <conditionDef>SunBlocker</conditionDef>
        <worldRange>10</worldRange>
      </li>
    </comps>
  </ThingDef>

  <GameConditionDef>
    <defName>SunBlocker</defName>
    <conditionClass>GameCondition_NoSunlight</conditionClass>
    <label>sun blocked</label>
    <description>A nearby sun blocker machine is turning the upper atmosphere opaque, blocking the sun.</description>
    <letterText>A sun blocker machine has begun blocking the sun.</letterText>
    <letterDef>NegativeEvent</letterDef>
    <canBePermanent>true</canBePermanent>
  </GameConditionDef>

  <SitePartDef ParentName="ConditionCauserSitePartBase">
    <defName>SunBlocker</defName>
    <label>sun blocker</label>
    <description>A sun blocker machine which turns the sky opaque.</description>
    <conditionCauserDef>SunBlocker</conditionCauserDef>
  </SitePartDef>

  <GenStepDef ParentName="ConditionCauserGenStepBase">
    <defName>SunBlocker</defName>
    <linkWithSite>SunBlocker</linkWithSite>
  </GenStepDef>

  <!-- ========================= Smoke spewer ========================= -->
  <ThingDef ParentName="ConditionCauserBase">
    <defName>SmokeSpewer</defName>
    <label>smoke spewer</label>
    <description>An ultratech weapon of mass destruction designed for area denial. By harvesting available compounds and converting them into self-reproducing opaque molecules, it can spew enough smoke to block the sun in a whole region of the planet.</description>
    <size>(6,5)</size>
    <graphicData>
      <texPath>Things/Building/Misc/SmokeSpewer</texPath>
      <graphicClass>Graphic_Single</graphicClass>
      <drawSize>(8,8)</drawSize>
      <shadowData>
        <volume>(4.5,3.5,4.4)</volume>
        <offset>(0,0,0)</offset>
      </shadowData>
      <damageData>
        <rect>(0.1, 0.8, 5.8, 3.9)</rect>
      </damageData>
    </graphicData>
    <comps>
      <li Class="CompProperties_CausesGameCondition">
        <conditionDef>GiantSmokeCloud</conditionDef>
        <worldRange>10</worldRange>
      </li>
      <li Class="CompProperties_ThrownMoteEmitter">
        <mote>Mote_Smoke</mote>
        <offsetMin>(-2,0,3)</offsetMin>
        <offsetMax>(2,0,3)</offsetMax>
        <emissionInterval>15</emissionInterval>
        <burstCount>2</burstCount>
        <scale>2~4</scale>
        <rotationRate>-30~30</rotationRate>
        <velocityX>-40~40</velocityX>
        <velocityY>0.5~1</velocityY>
        <colorA>(0.2,0.2,0.2,1)</colorA>
        <colorB>(0.4,0.4,0.4,1)</colorB>
      </li>
    </comps>
  </ThingDef>

  <GameConditionDef>
    <defName>GiantSmokeCloud</defName>
    <conditionClass>GameCondition_SmokeSpewer</conditionClass>
    <label>giant smoke cloud</label>
    <description>A nearby smoke spewer is reducing sunlight in this region.</description>
    <letterText>A smoke spewer machine has begun obscuring the sun.</letterText>
    <canBePermanent>false</canBePermanent>
  </GameConditionDef>

  <SitePartDef ParentName="ConditionCauserSitePartBase">
    <defName>SmokeSpewer</defName>
    <label>smoke spewer</label>
    <description>A smoke spewer.</description>
    <conditionCauserDef>SmokeSpewer</conditionCauserDef>
  </SitePartDef>

  <GenStepDef ParentName="ConditionCauserGenStepBase">
    <defName>SmokeSpewer</defName>
    <linkWithSite>SmokeSpewer</linkWithSite>
  </GenStepDef>

  <!-- ========================= Toxic spewer ========================= -->
  <ThingDef ParentName="ConditionCauserBase">
    <defName>ToxicSpewer</defName>
    <label>toxic spewer</label>
    <description>An ultratech weapon of mass destruction designed for area denial. This device harvests available compounds and converts them into self-reproducing poisons. By spewing these into the atmosphere, it can poison a whole region of the planet.</description>
    <size>(6,5)</size>
    <graphicData>
      <texPath>Things/Building/Misc/ToxicSpewer</texPath>
      <graphicClass>Graphic_Single</graphicClass>
      <drawSize>(7.5,7.5)</drawSize>
      <drawOffset>(0,0,0.4)</drawOffset>
      <shadowData>
        <volume>(5.3,3.5,4.6)</volume>
        <offset>(0,0,-0.4)</offset>
      </shadowData>
      <damageData>
        <rect>(0.3, 0.3, 5.4, 4.4)</rect>
      </damageData>
    </graphicData>
    <comps>
      <li Class="CompProperties_CausesGameCondition">
        <compClass>CompCauseGameCondition_ToxicSpewer</compClass>
        <conditionDef>ToxicSpewer</conditionDef>
        <worldRange>3</worldRange>
      </li>
      <li Class="CompProperties_ThrownMoteEmitter">
        <mote>Mote_DustSlow</mote>
        <offsetMin>(-2,0,-1.5)</offsetMin>
        <offsetMax>(0,0,-2)</offsetMax>
        <emissionInterval>520</emissionInterval>
        <burstCount>35</burstCount>
        <scale>1~2.5</scale>
        <rotationRate>-30~30</rotationRate>
        <velocityX>-50~50</velocityX>
        <velocityY>0.5~1.8</velocityY>
        <colorA>(0.25,0.4,0,0.9)</colorA>
        <colorB>(0.4,0.55,0,0.6)</colorB>
      </li>
    </comps>
  </ThingDef>

  <GameConditionDef>
    <defName>ToxicSpewer</defName>
    <conditionClass>GameCondition_ToxicFallout</conditionClass>
    <label>toxic spewer</label>
    <description>A nearby toxic spewer is blanketing this whole region with poison.</description>
    <letterText>A toxic spewer machine has begun blanketing the whole region with poison.</letterText>
    <canBePermanent>false</canBePermanent>
  </GameConditionDef>

  <SitePartDef ParentName="ConditionCauserSitePartBase">
    <defName>ToxicSpewer</defName>
    <label>toxic spewer</label>
    <description>A toxic spewer.</description>
    <conditionCauserDef>ToxicSpewer</conditionCauserDef>
  </SitePartDef>

  <GenStepDef ParentName="ConditionCauserGenStepBase">
    <defName>ToxicSpewer</defName>
    <linkWithSite>ToxicSpewer</linkWithSite>
  </GenStepDef>

  <!-- ========================= Weather controller ========================= -->
  <ThingDef ParentName="ConditionCauserBase">
    <defName>WeatherController</defName>
    <label>weather controller</label>
    <description>An ultratech device for controlling weather. Using chemicals and exotic fields, it forces the weather into a particular configuration.</description>
    <size>(6,6)</size>
    <castEdgeShadows>True</castEdgeShadows>
    <graphicData>
      <texPath>Things/Building/Misc/WeatherController</texPath>
      <graphicClass>Graphic_Single</graphicClass>
      <drawSize>(6,6)</drawSize>
      <shadowData>
        <volume>(5.5,3.5,5.4)</volume>
        <offset>(0,0,0)</offset>
      </shadowData>
      <damageData>
        <rect>(0.1, 0.8, 5.8, 4.1)</rect>
      </damageData>
    </graphicData>
    <comps>
      <li Class="CompProperties_CausesGameCondition">
        <conditionDef>WeatherController</conditionDef>
        <compClass>CompCauseGameCondition_ForceWeather</compClass>
        <worldRange>10</worldRange>
        <preventConditionStacking>false</preventConditionStacking>
      </li>
    </comps>
  </ThingDef>

  <GameConditionDef>
    <defName>WeatherController</defName>
    <conditionClass>GameCondition_ForceWeather</conditionClass>
    <label>forced weather</label>
    <description>A nearby weather controller is forcing the weather into this configuration.</description>
    <descriptionFuture>a weather-control system will force the weather around [map_definite] to be [forcedWeather_indefinite] for [gameConditionDuration_duration]</descriptionFuture>
    <endMessage>The weather controller is no longer changing the weather.</endMessage>
    <letterText>A weather controller machine has begun affecting the weather.</letterText>
    <letterDef>NegativeEvent</letterDef>
    <canBePermanent>false</canBePermanent>
    <weatherDef>Fog</weatherDef> <!-- Initial -->
  </GameConditionDef>

  <SitePartDef ParentName="ConditionCauserSitePartBase">
    <defName>WeatherController</defName>
    <label>weather controller</label>
    <description>A weather controller.</description>
    <conditionCauserDef>WeatherController</conditionCauserDef>
    <workerClass>SitePartWorker_ConditionCauser_WeatherController</workerClass>
    <activeThreatDisturbanceFactor>0.2</activeThreatDisturbanceFactor>
  </SitePartDef>

  <GenStepDef ParentName="ConditionCauserGenStepBase">
    <defName>WeatherController</defName>
    <linkWithSite>WeatherController</linkWithSite>
  </GenStepDef>

  <!-- ========================= Climate adjuster ========================= -->
  <ThingDef ParentName="ConditionCauserBase">
    <defName>ClimateAdjuster</defName>
    <label>climate adjuster</label>
    <description>An ultratech device for controlling climate. Using chemicals and exotic fields to manipulate the atmosphere, it shifts the temperature in this region of the world.</description>
    <size>(6,6)</size>
    <graphicData>
      <texPath>Things/Building/Misc/ClimateAdjuster</texPath>
      <graphicClass>Graphic_Single</graphicClass>
      <drawSize>(6,6)</drawSize>
      <shadowData>
        <volume>(5.3,3.5,5.2)</volume>
        <offset>(0,0,0)</offset>
      </shadowData>
      <damageData>
        <rect>(0.5, 0.5, 5, 5)</rect>
      </damageData>
    </graphicData>
    <comps>
      <li Class="CompProperties_CausesGameCondition_ClimateAdjuster">
        <conditionDef>ClimateAdjustment</conditionDef>
        <worldRange>10</worldRange>
        <preventConditionStacking>false</preventConditionStacking>
      </li>
    </comps>
  </ThingDef>

  <GameConditionDef>
    <defName>ClimateAdjustment</defName>
    <conditionClass>GameCondition_TemperatureOffset</conditionClass>
    <label>climate adjustment</label>
    <description>A nearby climate adjuster is shifting the temperature.</description>
    <letterText>A climate adjuster machine has begun shifting the temperature.</letterText>
    <letterDef>NegativeEvent</letterDef>
    <canBePermanent>false</canBePermanent>
  </GameConditionDef>

  <SitePartDef ParentName="ConditionCauserSitePartBase">
    <defName>ClimateAdjuster</defName>
    <label>climate adjuster</label>
    <description>A climate adjuster.</description>
    <conditionCauserDef>ClimateAdjuster</conditionCauserDef>
    <workerClass>SitePartWorker_ConditionCauser_ClimateAdjuster</workerClass>
    <activeThreatDisturbanceFactor>0.4</activeThreatDisturbanceFactor>
  </SitePartDef>

  <GenStepDef ParentName="ConditionCauserGenStepBase">
    <defName>ClimateAdjuster</defName>
    <linkWithSite>ClimateAdjuster</linkWithSite>
  </GenStepDef>

  <!-- ========================= Psychic droner ========================= -->
  <ThingDef ParentName="ConditionCauserBase">
    <defName>PsychicDroner</defName>
    <label>psychic droner</label>
    <description>An archotech device transmitting the thoughts of a mad superintelligence. It generates a massive psychic drone tuned to one gender and affecting a whole region of the planet. People of that gender will be disturbed by the effect, reducing their mood and possibly driving them insane. The effect is modulated by an individual's psychic sensitivity.</description>
    <size>(6,6)</size>
    <castEdgeShadows>True</castEdgeShadows>
    <graphicData>
      <texPath>Things/Building/Misc/PsychicDroner</texPath>
      <graphicClass>Graphic_Single</graphicClass>
      <drawSize>(6,6)</drawSize>
      <shadowData>
        <volume>(5.5,3.5,5.4)</volume>
        <offset>(0,0,0)</offset>
      </shadowData>
      <damageData>
        <rect>(0.25, 0.25, 5.5, 5.5)</rect>
      </damageData>
    </graphicData>
    <comps>
      <li Class="CompProperties_CausesGameCondition_PsychicEmanation">
        <conditionDef>PsychicDroner</conditionDef>
        <preventConditionStacking>false</preventConditionStacking>
        <compClass>CompCauseGameCondition_PsychicEmanation</compClass>
        <worldRange>10</worldRange>
      </li>
      <li Class="CompProperties_MoteEmitter">
        <mote>Mote_PsychicConditionCauserEffect</mote>
        <emissionInterval>150</emissionInterval>
      </li>
    </comps>
    <building>
      <soundAmbient>CrashedShipPart_Ambience</soundAmbient>
    </building>
  </ThingDef>

  <SitePartDef ParentName="ConditionCauserSitePartBase">
    <defName>PsychicDroner</defName>
    <label>psychic droner</label>
    <description>A psychic droner.</description>
    <conditionCauserDef>PsychicDroner</conditionCauserDef>
    <workerClass>SitePartWorker_ConditionCauser_PsychicDroner</workerClass>
  </SitePartDef>

  <GenStepDef ParentName="ConditionCauserGenStepBase">
    <defName>PsychicDroner</defName>
    <linkWithSite>PsychicDroner</linkWithSite>
  </GenStepDef>

  <!-- ========================= Psychic suppressor ========================= -->
  <ThingDef ParentName="ConditionCauserBase">
    <defName>PsychicSuppressor</defName>
    <label>psychic suppressor</label>
    <description>An archotech device that generates a massive psychic suppression field tuned to a particular gender. People of that gender have their psychic activity suppressed, reducing their consciousness. The effect is modulated by an individual's psychic sensitivity.</description>
    <size>(6,6)</size>
    <graphicData>
      <texPath>Things/Building/Misc/PsychicSuppressor</texPath>
      <graphicClass>Graphic_Single</graphicClass>
      <drawSize>(8.5,8.5)</drawSize>
      <drawOffset>(0,0,0.2)</drawOffset>
      <shadowData>
        <volume>(3.8,3.5,3.6)</volume>
        <offset>(0,0,0)</offset>
      </shadowData>
      <damageData>
        <rect>(0.9, 0.9, 4.1, 4.1)</rect>
      </damageData>
    </graphicData>
    <comps>
      <li Class="CompProperties_CausesGameCondition">
        <conditionDef>PsychicSuppression</conditionDef>
        <compClass>CompCauseGameCondition_PsychicSuppression</compClass>
        <worldRange>10</worldRange>
      </li>
      <li Class="CompProperties_MoteEmitter">
        <mote>Mote_PsychicConditionCauserEffect</mote>
        <emissionInterval>150</emissionInterval>
      </li>
    </comps>
  </ThingDef>

  <HediffDef ParentName="DiseaseBase">
    <defName>PsychicSuppression</defName>
    <label>psychic suppression</label>
    <description>The effect of a psychic suppression field. Coordination and reasoning are muddled.</description>
    <isBad>true</isBad>
    <comps>
      <li Class="HediffCompProperties">
        <compClass>HediffComp_PsychicSuppression</compClass>
      </li>
    </comps>
    <stages>
      <li>
        <capMods>
          <li>
            <capacity>Consciousness</capacity>
            <setMaxCurveOverride>
              <points>
                <li>0, 1</li>
                <li>1, 0.5</li>
              </points>
            </setMaxCurveOverride>
            <setMaxCurveEvaluateStat>PsychicSensitivity</setMaxCurveEvaluateStat>
          </li>
        </capMods>
      </li>
    </stages>
  </HediffDef>

  <GameConditionDef>
    <defName>PsychicSuppression</defName>
    <conditionClass>GameCondition_PsychicSuppression</conditionClass>
    <label>psychic suppression</label>
    <description>A psychic suppression field is affecting {0}s and reducing their consciousness. The effect is modulated by an individual's psychic sensitivity.</description>
    <descriptionFuture>a psychic suppression wave will reduce the consciousness of all [psychicSuppressorGender]s around [map_definite] for [gameConditionDuration_duration]</descriptionFuture>
    <endMessage>The psychic suppressor field has dissipated.</endMessage>
    <letterText>A psychic suppressor field has begun reducing the consciousness of {0}s across the whole region. The effect is modulated by an individual's psychic sensitivity.</letterText>
    <letterDef>NegativeEvent</letterDef>
    <canBePermanent>false</canBePermanent>
  </GameConditionDef>

  <SitePartDef ParentName="ConditionCauserSitePartBase">
    <defName>PsychicSuppressor</defName>
    <label>psychic suppressor</label>
    <description>A psychic suppressor.</description>
    <conditionCauserDef>PsychicSuppressor</conditionCauserDef>
    <workerClass>SitePartWorker_ConditionCauser_PsychicSuppressor</workerClass>
  </SitePartDef>

  <GenStepDef ParentName="ConditionCauserGenStepBase">
    <defName>PsychicSuppressor</defName>
    <linkWithSite>PsychicSuppressor</linkWithSite>
  </GenStepDef>

  <!-- ========================= EMI dynamo ========================= -->
  <ThingDef ParentName="ConditionCauserBase">
    <defName>EMIDynamo</defName>
    <label>EMI dynamo</label>
    <description>A massive electromagnetic interference generator. It interferes with or shuts down electrical devices in nearby regions.</description>
    <size>(6,4)</size>
    <graphicData>
      <texPath>Things/Building/Misc/EMIDynamo</texPath>
      <graphicClass>Graphic_Single</graphicClass>
      <drawSize>(7.5,7.5)</drawSize>
      <drawOffset>(0,0,-0.2)</drawOffset>
      <shadowData>
        <volume>(4.5,3.5,1.6)</volume>
        <offset>(0,0,0)</offset>
      </shadowData>
      <damageData>
        <rect>(1.1, 1.0, 3.1, 3.0)</rect>
      </damageData>
    </graphicData>
    <comps>
      <li Class="CompProperties_CausesGameCondition">
        <conditionDef>EMIField</conditionDef>
        <worldRange>10</worldRange>
      </li>
      <li Class="CompProperties_Explosive">
        <explosiveRadius>9.9</explosiveRadius>
        <explosiveDamageType>EMP</explosiveDamageType>
        <explodeOnKilled>true</explodeOnKilled>
      </li>
    </comps>
  </ThingDef>

  <GameConditionDef>
    <defName>EMIField</defName>
    <conditionClass>GameCondition_DisableElectricity</conditionClass>
    <label>EMI field</label>
    <description>An electromagnetic interference dynamo is projecting an EM interference field, disabling electrical devices.</description>
    <descriptionFuture>a distant EMI dynamo will blast [map_definite] with an EMI field, shutting down electrical devices for [gameConditionDuration_duration]</descriptionFuture>
    <endMessage>The EMI field has disappeared.</endMessage>
    <letterText>An EMI field has been generated. It is disabling electrical devices.</letterText>
    <letterDef>NegativeEvent</letterDef>
    <canBePermanent>true</canBePermanent>
  </GameConditionDef>

  <SitePartDef ParentName="ConditionCauserSitePartBase">
    <defName>EMIDynamo</defName>
    <label>EMI dynamo</label>
    <description>An EMI dynamo.</description>
    <conditionCauserDef>EMIDynamo</conditionCauserDef>
  </SitePartDef>

  <GenStepDef ParentName="ConditionCauserGenStepBase">
    <defName>EMIDynamo</defName>
    <linkWithSite>EMIDynamo</linkWithSite>
  </GenStepDef>

</Defs>