<?xml version="1.0" encoding="utf-8" ?>
<Defs>

  <ThingDef ParentName="MechBuildingBase">
    <defName>ShieldGeneratorMortar</defName>
    <label>mortar shield</label>
    <description>A shielding device which projects a momentum repulsor field. Shots can go out, but not in.\n\nThis one is tuned to high angles, so it will block mortar rounds.\n\nThe unit can be temporarily disabled by EMP attacks, either by shocking the projector unit itself, or using EMP munitions on the shield.</description>
    <size>(1,1)</size>
    <receivesSignals>true</receivesSignals>
    <statBases>
      <MaxHitPoints>200</MaxHitPoints>
      <Flammability>0</Flammability>
      <MarketValue>1000</MarketValue>
      <WorkToBuild>300</WorkToBuild>
    </statBases>
    <graphicData>
      <texPath>Things/Building/Mech/ShieldGeneratorMortar</texPath>
      <graphicClass>Graphic_Single</graphicClass>
      <drawSize>(1,1)</drawSize>
      <shadowData>
        <volume>(0.6, 0.4, 0.6)</volume>
      </shadowData>
      <damageData>
        <rect>(0.2, 0.2, 0.6, 0.6)</rect>
      </damageData>
    </graphicData>
    <building>
    </building>
    <isMechClusterThreat>true</isMechClusterThreat>
    <drawerType>MapMeshAndRealTime</drawerType>
    <placeWorkers>
      <li>PlaceWorker_ShowProjectileInterceptorRadius</li>
    </placeWorkers>
    <comps>
      <li Class="CompProperties_ProjectileInterceptor">
        <radius>25</radius>
        <interceptAirProjectiles>true</interceptAirProjectiles>
        <color>(0.6, 0.6, 0.6)</color>
        <reactivateEffect>MortarShieldGenerator_Reactivate</reactivateEffect>
        <disarmedByEmpForTicks>1080</disarmedByEmpForTicks>
        <chargeIntervalTicks>600000</chargeIntervalTicks>
        <chargeDurationTicks>60000</chargeDurationTicks>
      </li>
      <li Class="CompProperties_WakeUpDormant">
        <wakeUpSound>MechanoidsWakeUp</wakeUpSound>
      </li>
    </comps>
    <costList>
      <Plasteel>7</Plasteel>
    </costList>
  </ThingDef>

  <ThingDef ParentName="MechBuildingBase">
    <defName>ShieldGeneratorBullets</defName>
    <label>bullet shield</label>
    <description>A shielding device which projects a momentum repulsor field. Shots can go out, but not in.\n\nThis one is tuned to low angles, so it will block ground-level projectiles like bullets.\n\nThe unit can be temporarily disabled by EMP attacks, either by shocking the projector unit itself, or using EMP munitions on the shield.</description>
    <size>(1,1)</size>
    <receivesSignals>true</receivesSignals>
    <statBases>
      <MaxHitPoints>200</MaxHitPoints>
      <Flammability>0</Flammability>
      <MarketValue>1000</MarketValue>
      <WorkToBuild>300</WorkToBuild>
    </statBases>
    <graphicData>
      <texPath>Things/Building/Mech/ShieldGeneratorBullet</texPath>
      <graphicClass>Graphic_Single</graphicClass>
      <drawSize>(1,1)</drawSize>
      <shadowData>
        <volume>(0.6, 0.4, 0.6)</volume>
      </shadowData>
      <damageData>
        <rect>(0.2, 0.2, 0.6, 0.6)</rect>
      </damageData>
    </graphicData>
    <building>
    </building>
    <isMechClusterThreat>true</isMechClusterThreat>
    <drawerType>MapMeshAndRealTime</drawerType>
    <placeWorkers>
      <li>PlaceWorker_ShowProjectileInterceptorRadius</li>
    </placeWorkers>
    <comps>
      <li Class="CompProperties_ProjectileInterceptor">
        <radius>20</radius>
        <interceptGroundProjectiles>true</interceptGroundProjectiles>
        <color>(0.4, 0.4, 0.4)</color>
        <reactivateEffect>BulletShieldGenerator_Reactivate</reactivateEffect>
        <disarmedByEmpForTicks>1080</disarmedByEmpForTicks>
        <chargeIntervalTicks>600000</chargeIntervalTicks>
        <chargeDurationTicks>60000</chargeDurationTicks>
      </li>
      <li Class="CompProperties_WakeUpDormant">
        <wakeUpSound>MechanoidsWakeUp</wakeUpSound>
      </li>
    </comps>
    <costList>
      <Plasteel>7</Plasteel>
    </costList>
  </ThingDef>

</Defs>