﻿<?xml version="1.0" encoding="utf-8" ?>
<Defs>

  <BodyPartDef>
    <defName>Heart</defName>
    <label>heart</label>
    <hitPoints>15</hitPoints>
    <bleedRate>5</bleedRate>
    <skinCovered>false</skinCovered>
    <tags>
      <li>BloodPumpingSource</li>
    </tags>
    <spawnThingOnRemoved>Heart</spawnThingOnRemoved>
    <canSuggestAmputation>false</canSuggestAmputation>
  </BodyPartDef>

  <BodyPartDef>
    <defName>Lung</defName>
    <label>lung</label>
    <hitPoints>15</hitPoints>
    <skinCovered>false</skinCovered>
    <tags>
      <li>BreathingSource</li>
    </tags>
    <spawnThingOnRemoved>Lung</spawnThingOnRemoved>
  </BodyPartDef>

  <BodyPartDef>
    <defName>Kidney</defName>
    <label>kidney</label>
    <hitPoints>15</hitPoints>
    <skinCovered>false</skinCovered>
    <tags>
      <li>BloodFiltrationKidney</li>
    </tags>
    <spawnThingOnRemoved>Kidney</spawnThingOnRemoved>
  </BodyPartDef>

  <BodyPartDef>
    <defName>Liver</defName>
    <label>liver</label>
    <hitPoints>20</hitPoints>
    <skinCovered>false</skinCovered>
    <tags>
      <li>BloodFiltrationLiver</li>
    </tags>
    <spawnThingOnRemoved>Liver</spawnThingOnRemoved>
    <canSuggestAmputation>false</canSuggestAmputation>
  </BodyPartDef>

  <BodyPartDef>
    <defName>Stomach</defName>
    <label>stomach</label>
    <hitPoints>20</hitPoints>
    <skinCovered>false</skinCovered>
    <tags>
      <li>MetabolismSource</li>
    </tags>
    <canSuggestAmputation>false</canSuggestAmputation>
  </BodyPartDef>
  
</Defs>
