﻿<?xml version="1.0" encoding="utf-8" ?>
<Defs>

  <QuestScriptDef>
    <defName>TradeRequest</defName>
    <rootSelectionWeight>1.5</rootSelectionWeight>
    <rootMinPoints>0</rootMinPoints>
    <autoAccept>true</autoAccept>
    <defaultChallengeRating>1</defaultChallengeRating>
    <questNameRules>
      <rulesStrings>
        <li>questName->Caravan to [settlement_label]</li>
        <li>questName->Trade with [settlement_label]</li>
        <li>questName->Selling to [settlement_label]</li>
        <li>questName->Supplies for [settlement_label]</li>
        <li>questName->A [special] [trade]</li>
        <li>special->Special</li>
        <li>special->Unique</li>
        <li>special->Non-traditional</li>
        <li>trade->Trade</li>
        <li>trade->Exchange</li>
        <li>trade->Deal</li>
        <li>trade->Offer</li>
      </rulesStrings>
    </questNameRules>
    <questDescriptionRules>
      <rulesStrings>
        <li>questDescription->A nearby settlement, [settlement_label], has a special trade request. They would like to purchase:
\n  [requestedThingCount]x [requestedThing_label] [qualityInfo](worth [requestedThingMarketValue_money])
\nIn return, [allRewardsDescriptions]
\nIf you want to make the trade, send a caravan with the requested items. The estimated travel time is [estimatedTravelTime_duration].</li>
        <li>qualityInfo(requestedThingHasQuality==True,priority=1)->of normal+ quality </li>
        <li>qualityInfo-></li>
      </rulesStrings>
    </questDescriptionRules>
    <root Class="QuestNode_Sequence">
      <nodes>
        <li Class="QuestNode_GetMap" />

        <li Class="QuestNode_GetNearbySettlement">
          <allowActiveTradeRequest>false</allowActiveTradeRequest>
          <maxTileDistance>32</maxTileDistance>
          <storeAs>settlement</storeAs>
          <storeFactionLeaderAs>asker</storeFactionLeaderAs>
        </li>
        <li Class="QuestNode_TradeRequest_RandomOfferDuration">
          <settlement>$settlement</settlement>
          <storeAs>timeout</storeAs>
          <storeEstimatedTravelTimeAs>estimatedTravelTime</storeEstimatedTravelTimeAs>
        </li>
        <li Class="QuestNode_TradeRequest_GetRequestedThing">
          <storeThingAs>requestedThing</storeThingAs>
          <storeThingCountAs>requestedThingCount</storeThingCountAs>
          <storeMarketValueAs>requestedThingMarketValue</storeMarketValueAs>
          <storeHasQualityAs>requestedThingHasQuality</storeHasQualityAs>
        </li>
        <li Class="QuestNode_TradeRequest_Initiate">
          <settlement>$settlement</settlement>
          <requestedThingDef>$requestedThing</requestedThingDef>
          <requestedThingCount>$requestedThingCount</requestedThingCount>
          <duration>$timeout</duration>
        </li>

        <!-- Rewards -->
        <li Class="QuestNode_GetMapWealth">
          <map>$map</map>
          <storeAs>mapWealth</storeAs>
        </li>
        <li Class="QuestNode_EvaluateSimpleCurve">
          <value>$mapWealth</value>
          <storeAs>wealthRewardValueFactor</storeAs>
          <curve>
            <points>
              <li>0, 1.15</li>
              <li>50000, 1</li>
              <li>300000, 0.85</li>
            </points>
          </curve>
        </li>
        <li Class="QuestNode_Set">
          <name>rewardValue</name>
          <value>$($requestedThingMarketValue * $wealthRewardValueFactor * randFloat(1.5, 2.1))</value>
        </li>

        <li Class="QuestNode_Equal">
          <value1>$requestedThing</value1>
          <value2>Leather_Human</value2>
          <node Class="QuestNode_Multiply">
            <value1>$rewardValue</value1>
            <value2>1.7</value2>
            <storeAs>rewardValue</storeAs>
          </node>
        </li>

        <li Class="QuestNode_GiveRewards">
          <inSignal>settlement.TradeRequestFulfilled</inSignal>
          <parms>
            <allowGoodwill>true</allowGoodwill>
            <allowRoyalFavor>true</allowRoyalFavor>
            <chosenPawnSignal>ChosenPawnForReward</chosenPawnSignal>
            <giveToCaravan>true</giveToCaravan>
          </parms>
          <useDifficultyFactor>false</useDifficultyFactor> <!-- we only care about requested total market value -->
          <nodeIfChosenPawnSignalUsed Class="QuestNode_Letter">
            <letterDef>ChoosePawn</letterDef>
            <label>[asker_faction_royalFavorLabel]</label>
            <text>Who should be credited with [asker_faction_royalFavorLabel] for fulfilling the trade request?</text>
            <chosenPawnSignal>ChosenPawnForReward</chosenPawnSignal>
            <useColonistsFromCaravanArg>true</useColonistsFromCaravanArg>
          </nodeIfChosenPawnSignalUsed>
        </li>

        <!-- End conditions -->
        <li Class="QuestNode_Delay">
          <delayTicks>$timeout</delayTicks>
          <isQuestTimeout>true</isQuestTimeout>
          <outSignalComplete>TradeRequestTimeout</outSignalComplete>
        </li>

        <li Class="QuestNode_End">
          <inSignal>settlement.TradeRequestFulfilled</inSignal>
          <outcome>Success</outcome>
          <sendStandardLetter>true</sendStandardLetter>
        </li>

        <li Class="QuestNode_End">
          <inSignal>TradeRequestTimeout</inSignal>
            <outcome>Fail</outcome>
        </li>
      </nodes>
    </root>
  </QuestScriptDef>
</Defs>