﻿<?xml version="1.0" encoding="utf-8" ?>
<Defs>

  <HediffDef ParentName="DiseaseBase">
    <defName>BadBack</defName>
    <label>bad back</label>
    <stages>
      <li>
        <capMods>
          <li>
            <capacity>Moving</capacity>
            <offset>-0.30</offset>
          </li>
          <li>
            <capacity>Manipulation</capacity>
            <offset>-0.10</offset>
          </li>
        </capMods>
      </li>
    </stages>
  </HediffDef>

  <HediffDef ParentName="DiseaseBase">
    <defName>Frail</defName>
    <label>frail</label>
    <stages>
      <li>
        <capMods>
          <li>
            <capacity>Moving</capacity>
            <offset>-0.30</offset>
          </li>
          <li>
            <capacity>Manipulation</capacity>
            <offset>-0.30</offset>
          </li>
        </capMods>
      </li>
    </stages>
  </HediffDef>

  <HediffDef ParentName="DiseaseBase">
    <defName>Cataract</defName>
    <label>cataract</label>
    <stages>
      <li>
				<partEfficiencyOffset>-0.5</partEfficiencyOffset>
      </li>
    </stages>
  </HediffDef>

  <HediffDef ParentName="DiseaseBase">
    <defName>HearingLoss</defName>
    <label>hearing loss</label>
    <stages>
      <li>
				<partEfficiencyOffset>-0.5</partEfficiencyOffset>
      </li>
    </stages>
  </HediffDef>
  
  <HediffDef ParentName="DiseaseBase">
    <defName>Dementia</defName>
    <label>dementia</label>
    <stages>
      <li>
				<partEfficiencyOffset>-0.15</partEfficiencyOffset>
        <capMods>
          <li>
            <capacity>Talking</capacity>
            <offset>-0.25</offset>
          </li>
          <li>
            <capacity>Hearing</capacity>
            <offset>-0.25</offset>
          </li>
        </capMods>
        <mentalStateGivers>
          <li>
            <mentalState>WanderConfused</mentalState>
            <mtbDays>5</mtbDays>
          </li>
        </mentalStateGivers>
      </li>
    </stages>
  </HediffDef>

  <HediffDef ParentName="DiseaseBase">
    <defName>Alzheimers</defName>
    <label>alzheimer's</label>
    <comps>
      <li Class="HediffCompProperties_Immunizable">
        <severityPerDayNotImmune>0.003</severityPerDayNotImmune>
      </li>
    </comps>
    <stages>
      <li>
        <label>minor</label>
				<partEfficiencyOffset>-0.05</partEfficiencyOffset>
        <mentalStateGivers>
          <li>
            <mentalState>WanderConfused</mentalState>
            <mtbDays>12</mtbDays>
          </li>
        </mentalStateGivers>
        <forgetMemoryThoughtMtbDays>7</forgetMemoryThoughtMtbDays>
      </li>
      <li>
        <label>minor</label>
        <minSeverity>0.2</minSeverity>
				<partEfficiencyOffset>-0.1</partEfficiencyOffset>
        <mentalStateGivers>
          <li>
            <mentalState>WanderConfused</mentalState>
            <mtbDays>9</mtbDays>
          </li>
        </mentalStateGivers>
        <forgetMemoryThoughtMtbDays>4</forgetMemoryThoughtMtbDays>
        <pctConditionalThoughtsNullified>0.15</pctConditionalThoughtsNullified>
      </li>
      <li>
        <label>major</label>
        <minSeverity>0.5</minSeverity>
				<partEfficiencyOffset>-0.15</partEfficiencyOffset>
        <mentalStateGivers>
          <li>
            <mentalState>WanderConfused</mentalState>
            <mtbDays>7</mtbDays>
          </li>
        </mentalStateGivers>
        <forgetMemoryThoughtMtbDays>2</forgetMemoryThoughtMtbDays>
        <pctConditionalThoughtsNullified>0.5</pctConditionalThoughtsNullified>
      </li>
      <li>
        <label>major</label>
        <minSeverity>0.8</minSeverity>
				<partEfficiencyOffset>-0.2</partEfficiencyOffset>
        <mentalStateGivers>
          <li>
            <mentalState>WanderConfused</mentalState>
            <mtbDays>4</mtbDays>
          </li>
        </mentalStateGivers>
        <forgetMemoryThoughtMtbDays>0.8</forgetMemoryThoughtMtbDays>
        <pctConditionalThoughtsNullified>1</pctConditionalThoughtsNullified>
      </li>
    </stages>
  </HediffDef>

  <HediffDef ParentName="DiseaseBase">
    <defName>Asthma</defName>
    <label>asthma</label>
    <initialSeverity>0.001</initialSeverity>
    <minSeverity>0.001</minSeverity>
    <maxSeverity>0.5</maxSeverity>
    <tendable>true</tendable>
    <comps>
      <li Class="HediffCompProperties_Immunizable">
        <severityPerDayNotImmune>0.25</severityPerDayNotImmune>
      </li>
      <li Class="HediffCompProperties_TendDuration">
        <tendDuration>420000</tendDuration>
        <tendAllAtOnce>true</tendAllAtOnce>
        <severityPerDayTended>-0.8</severityPerDayTended>
      </li>
    </comps>
    <stages>
      <li>
        <label>minor</label>
				<partEfficiencyOffset>-0.1</partEfficiencyOffset>
      </li>
      <li>
        <label>major</label>
        <minSeverity>0.3</minSeverity>
				<partEfficiencyOffset>-0.3</partEfficiencyOffset>
      </li>
      <li>
        <label>major</label>
        <minSeverity>0.45</minSeverity>
				<partEfficiencyOffset>-0.5</partEfficiencyOffset>
      </li>
    </stages>
  </HediffDef>
  
  <HediffDef ParentName="DiseaseBase">
    <defName>HeartArteryBlockage</defName>
    <label>artery blockage</label>
    <lethalSeverity>1</lethalSeverity>
    <comps>
      <li Class="HediffCompProperties_Immunizable">
        <severityPerDayNotImmune>0.0007</severityPerDayNotImmune>
        <severityPerDayNotImmuneRandomFactor>
          <min>0.5</min>
          <max>3</max>
        </severityPerDayNotImmuneRandomFactor>
      </li>
    </comps>
    <stages>
      <li>
        <label>minor</label>
				<partEfficiencyOffset>-0.05</partEfficiencyOffset>
        <hediffGivers>
          <li Class="HediffGiver_Random">
            <hediff>HeartAttack</hediff>
            <mtbDays>600</mtbDays>
            <partsToAffect>
              <li>Heart</li>
            </partsToAffect>
          </li>
        </hediffGivers>
      </li>
      <li>
        <minSeverity>0.2</minSeverity>
        <label>minor</label>
				<partEfficiencyOffset>-0.1</partEfficiencyOffset>
        <hediffGivers>
          <li Class="HediffGiver_Random">
            <hediff>HeartAttack</hediff>
            <mtbDays>500</mtbDays>
            <partsToAffect>
              <li>Heart</li>
            </partsToAffect>
          </li>
        </hediffGivers>
      </li>
      <li>
        <minSeverity>0.4</minSeverity>
        <label>major</label>
				<partEfficiencyOffset>-0.15</partEfficiencyOffset>
        <hediffGivers>
          <li Class="HediffGiver_Random">
            <hediff>HeartAttack</hediff>
            <mtbDays>300</mtbDays>
            <partsToAffect>
              <li>Heart</li>
            </partsToAffect>
          </li>
        </hediffGivers>
      </li>
      <li>
        <minSeverity>0.6</minSeverity>
        <label>major</label>
				<partEfficiencyOffset>-0.35</partEfficiencyOffset>
        <hediffGivers>
          <li Class="HediffGiver_Random">
            <hediff>HeartAttack</hediff>
            <mtbDays>200</mtbDays>
            <partsToAffect>
              <li>Heart</li>
            </partsToAffect>
          </li>
        </hediffGivers>
      </li>
      <li>
        <minSeverity>0.9</minSeverity>
        <label>extreme</label>
        <lifeThreatening>true</lifeThreatening>
				<partEfficiencyOffset>-0.6</partEfficiencyOffset>
        <hediffGivers>
          <li Class="HediffGiver_Random">
            <hediff>HeartAttack</hediff>
            <mtbDays>120</mtbDays>
            <partsToAffect>
              <li>Heart</li>
            </partsToAffect>
          </li>
        </hediffGivers>
      </li>
    </stages>
  </HediffDef>
  
  <HediffDef ParentName="DiseaseBase">
    <defName>Carcinoma</defName>
    <hediffClass>HediffWithComps</hediffClass>
    <label>carcinoma</label>
    <initialSeverity>0.3</initialSeverity>
    <chanceToCauseNoPain>0.3</chanceToCauseNoPain>
    <tendable>true</tendable>
    <stages>
      <li>
        <label>minor</label>
        <partEfficiencyOffset>-0.1</partEfficiencyOffset>
        <painOffset>0.1</painOffset>
      </li>
      <li>
        <minSeverity>0.15</minSeverity>
        <label>minor</label>
				<partEfficiencyOffset>-0.25</partEfficiencyOffset>
        <painOffset>0.2</painOffset>
      </li>
      <li>
        <minSeverity>0.4</minSeverity>
        <label>major</label>
				<partEfficiencyOffset>-0.5</partEfficiencyOffset>
        <painOffset>0.35</painOffset>
      </li>
      <li>
        <minSeverity>0.6</minSeverity>
        <label>major</label>
				<partEfficiencyOffset>-0.8</partEfficiencyOffset>
        <painOffset>0.5</painOffset>
      </li>
      <li>
        <minSeverity>0.8</minSeverity>
        <label>extreme</label>
				<partEfficiencyOffset>-0.9</partEfficiencyOffset>
        <painOffset>0.6</painOffset>
      </li>
      <li>
        <minSeverity>1</minSeverity>
        <label>extreme</label>
				<partEfficiencyOffset>-1.0</partEfficiencyOffset>
        <painOffset>0.7</painOffset>
        <destroyPart>true</destroyPart>
      </li>
    </stages>
    <comps>
      <li Class="HediffCompProperties_TendDuration">
        <tendDuration>240000</tendDuration>
        <severityPerDayTended>-0.0027</severityPerDayTended>
      </li>
      <li Class="HediffCompProperties_GrowthMode">
        <severityPerDayGrowing>0.003</severityPerDayGrowing>
        <severityPerDayRemission>-0.002</severityPerDayRemission>
        <severityPerDayGrowingRandomFactor>
          <min>0.45</min>
          <max>1.65</max>
        </severityPerDayGrowingRandomFactor>
        <severityPerDayRemissionRandomFactor>
          <min>0.7</min>
          <max>1.5</max>
        </severityPerDayRemissionRandomFactor>
      </li>
    </comps>
  </HediffDef>
  
</Defs>