﻿<?xml version="1.0" encoding="utf-8" ?>
<Defs>

  <HediffDef Name="InfectionBase" Abstract="True">
    <hediffClass>HediffWithComps</hediffClass>
    <defaultLabelColor>(0.8, 0.8, 0.35)</defaultLabelColor>
    <initialSeverity>0.001</initialSeverity>
    <comps>
      <li Class="HediffCompProperties_Discoverable">
        <sendLetterWhenDiscovered>true</sendLetterWhenDiscovered>
      </li>
    </comps>
  </HediffDef>

  <HediffDef ParentName="InfectionBase">
    <defName>GutWorms</defName>
    <hediffClass>HediffWithComps</hediffClass>
    <label>gut worms</label>
    <makesSickThought>true</makesSickThought>
    <tendable>true</tendable>
    <stages>
      <li>
        <painOffset>0.2</painOffset>
        <hungerRateFactor>2</hungerRateFactor>
        <vomitMtbDays>1.0</vomitMtbDays>
      </li>
    </stages>
    <comps>
      <li Class="HediffCompProperties_TendDuration">
        <tendDuration>120000</tendDuration>
        <disappearsAtTendedCount>5</disappearsAtTendedCount>
      </li>
    </comps>
  </HediffDef>

  <HediffDef ParentName="InfectionBase">
    <defName>MuscleParasites</defName>
    <hediffClass>HediffWithComps</hediffClass>
    <label>muscle parasites</label>
    <makesSickThought>true</makesSickThought>
    <tendable>true</tendable>
    <stages>
      <li>
        <painOffset>0.2</painOffset>
        <restFallFactor>2</restFallFactor>
        <capMods>
          <li>
            <capacity>Manipulation</capacity>
            <offset>-0.3</offset>
          </li>
          <li>
            <capacity>Moving</capacity>
            <offset>-0.3</offset>
          </li>
        </capMods>
      </li>
    </stages>
    <comps>
      <li Class="HediffCompProperties_TendDuration">
        <tendDuration>120000</tendDuration>
        <disappearsAtTendedCount>5</disappearsAtTendedCount>
      </li>
    </comps>
  </HediffDef>

  <HediffDef Abstract="True" ParentName="InfectionBase" Name="MechanitesBase">
    <hediffClass>HediffWithComps</hediffClass>
    <makesSickThought>true</makesSickThought>
    <makesAlert>false</makesAlert>
    <minSeverity>0.001</minSeverity>
    <maxSeverity>1</maxSeverity>
    <initialSeverity>0.001</initialSeverity>
    <tendable>true</tendable>
    <comps>
      <li Class="HediffCompProperties_Disappears">
        <disappearsAfterTicks>
          <min>900000</min>
          <max>1800000</max>
        </disappearsAfterTicks>
      </li>
      <li Class="HediffCompProperties_TendDuration">
        <tendDuration>120000</tendDuration>
        <severityPerDayTended>-1.0</severityPerDayTended>
      </li>
      <li Class="HediffCompProperties_Immunizable">
        <severityPerDayNotImmune>0.25</severityPerDayNotImmune>
      </li>
    </comps>
  </HediffDef>
  
  <HediffDef ParentName="MechanitesBase">
    <defName>FibrousMechanites</defName>
    <label>fibrous mechanites</label>
    <stages>
      <li>
        <painOffset>0.2</painOffset>
        <label>mild pain</label>
        <restFallFactor>1.7</restFallFactor>
        <capMods>
          <li>
            <capacity>Manipulation</capacity>
            <offset>0.5</offset>
          </li>
          <li>
            <capacity>Moving</capacity>
            <offset>0.5</offset>
          </li>
          <li>
            <capacity>BloodPumping</capacity>
            <offset>0.5</offset>
          </li>
        </capMods>
      </li>
      <li>
        <minSeverity>0.5</minSeverity>
        <label>intense pain</label>
        <painOffset>0.6</painOffset>
        <restFallFactor>2.0</restFallFactor>
        <capMods>
          <li>
            <capacity>Manipulation</capacity>
            <offset>0.5</offset>
          </li>
          <li>
            <capacity>Moving</capacity>
            <offset>0.5</offset>
          </li>
          <li>
            <capacity>BloodPumping</capacity>
            <offset>0.5</offset>
          </li>
        </capMods>
      </li>
    </stages>
  </HediffDef>

  <HediffDef ParentName="MechanitesBase">
    <defName>SensoryMechanites</defName>
    <label>sensory mechanites</label>
    <stages>
      <li>
        <painOffset>0.2</painOffset>
        <label>mild pain</label>
        <restFallFactor>1.7</restFallFactor>
        <capMods>
          <li>
            <capacity>Sight</capacity>
            <offset>0.5</offset>
          </li>
          <li>
            <capacity>Hearing</capacity>
            <offset>0.5</offset>
          </li>
          <li>
            <capacity>Talking</capacity>
            <offset>0.5</offset>
          </li>
          <li>
            <capacity>Manipulation</capacity>
            <offset>0.3</offset>
          </li>
        </capMods>
      </li>
      <li>
        <minSeverity>0.5</minSeverity>
        <label>intense pain</label>
        <painOffset>0.6</painOffset>
        <restFallFactor>2.0</restFallFactor>
        <capMods>
          <li>
            <capacity>Sight</capacity>
            <offset>0.5</offset>
          </li>
          <li>
            <capacity>Hearing</capacity>
            <offset>0.5</offset>
          </li>
          <li>
            <capacity>Talking</capacity>
            <offset>0.5</offset>
          </li>
          <li>
            <capacity>Manipulation</capacity>
            <offset>0.3</offset>
          </li>
        </capMods>
      </li>
    </stages>
  </HediffDef>

  <HediffDef ParentName="InfectionBase">
    <defName>WoundInfection</defName>
    <label>infection</label>
    <makesSickThought>true</makesSickThought>
    <lethalSeverity>1</lethalSeverity>
    <tendable>true</tendable>
    <comps>
      <li Class="HediffCompProperties_TendDuration">
        <tendDuration>30000</tendDuration>
        <severityPerDayTended>-0.53</severityPerDayTended>
      </li>
      <li Class="HediffCompProperties_Immunizable">
        <immunityPerDayNotSick>-0.4</immunityPerDayNotSick>
        <immunityPerDaySick>0.66</immunityPerDaySick>
        <severityPerDayNotImmune>0.84</severityPerDayNotImmune>
        <severityPerDayImmune>-0.7</severityPerDayImmune>
      </li>
    </comps>
    <stages>
      <li>
        <label>minor</label>
        <painOffset>0.05</painOffset>
				<partEfficiencyOffset>-0.10</partEfficiencyOffset>
      </li>
      <li>
        <minSeverity>0.33</minSeverity>
        <label>major</label>
        <painOffset>0.08</painOffset>
				<partEfficiencyOffset>-0.30</partEfficiencyOffset>
			</li>
      <li>
        <minSeverity>0.78</minSeverity>
        <label>extreme</label>
        <lifeThreatening>true</lifeThreatening>
        <painOffset>0.12</painOffset>
				<partEfficiencyOffset>-0.50</partEfficiencyOffset>
				<capMods>
          <li>
            <capacity>Consciousness</capacity>
            <offset>-0.05</offset>
          </li>
        </capMods>
      </li>
      <li>
        <minSeverity>0.87</minSeverity>
        <label>extreme</label>
        <lifeThreatening>true</lifeThreatening>
        <painOffset>0.85</painOffset>
				<partEfficiencyOffset>-0.70</partEfficiencyOffset>
				<capMods>
          <li>
            <capacity>Consciousness</capacity>
            <setMax>0.1</setMax>
          </li>
          <li>
            <capacity>Breathing</capacity>
            <offset>-0.05</offset>
          </li>
        </capMods>
      </li>
    </stages>
  </HediffDef>

  <HediffDef ParentName="InfectionBase">
    <defName>Flu</defName>
    <label>flu</label>
    <makesSickThought>true</makesSickThought>
    <lethalSeverity>1</lethalSeverity>
    <tendable>true</tendable>
    <comps>
      <li Class="HediffCompProperties_TendDuration">
        <tendDuration>30000</tendDuration>
        <severityPerDayTended>-0.13</severityPerDayTended>
      </li>
      <li Class="HediffCompProperties_Immunizable">
        <immunityPerDayNotSick>-0.06</immunityPerDayNotSick>
        <immunityPerDaySick>0.173</immunityPerDaySick>
        <severityPerDayNotImmune>0.166</severityPerDayNotImmune>
        <severityPerDayImmune>-0.333</severityPerDayImmune>
      </li>
    </comps>
    <stages>
      <li>
        <label>minor-hidden</label>
        <everVisible>false</everVisible>
      </li>
      <li>
        <minSeverity>0.333</minSeverity>
        <label>minor</label>
        <capMods>
          <li>
            <capacity>Consciousness</capacity>
            <offset>-0.05</offset>
          </li>
          <li>
            <capacity>Manipulation</capacity>
            <offset>-0.05</offset>
          </li>
          <li>
            <capacity>Breathing</capacity>
            <offset>-0.1</offset>
          </li>
        </capMods>
      </li>
      <li>
        <minSeverity>0.666</minSeverity>
        <label>major</label>
        <vomitMtbDays>1.5</vomitMtbDays>
        <capMods>
          <li>
            <capacity>Consciousness</capacity>
            <offset>-0.1</offset>
          </li>
          <li>
            <capacity>Manipulation</capacity>
            <offset>-0.1</offset>
          </li>
          <li>
            <capacity>Breathing</capacity>
            <offset>-0.15</offset>
          </li>
        </capMods>
      </li>
      <li>
        <minSeverity>0.833</minSeverity>
        <label>extreme</label>
        <lifeThreatening>true</lifeThreatening>
        <vomitMtbDays>0.75</vomitMtbDays>
        <painOffset>0.05</painOffset>
        <capMods>
          <li>
            <capacity>Consciousness</capacity>
            <offset>-0.15</offset>
          </li>
          <li>
            <capacity>Manipulation</capacity>
            <offset>-0.2</offset>
          </li>
          <li>
            <capacity>Breathing</capacity>
            <offset>-0.2</offset>
          </li>
        </capMods>
      </li>
    </stages>
  </HediffDef>

  <HediffDef ParentName="InfectionBase">
    <defName>Plague</defName>
    <label>plague</label>
    <makesSickThought>true</makesSickThought>
    <lethalSeverity>1</lethalSeverity>
    <tendable>true</tendable>
    <comps>
      <li Class="HediffCompProperties_TendDuration">
        <tendDuration>30000</tendDuration>
        <severityPerDayTended>-0.38</severityPerDayTended>
      </li>
      <li Class="HediffCompProperties_Immunizable">
        <immunityPerDayNotSick>-0.02</immunityPerDayNotSick>
        <immunityPerDaySick>0.3</immunityPerDaySick>
        <severityPerDayNotImmune>0.4</severityPerDayNotImmune>
        <severityPerDayImmune>-0.2</severityPerDayImmune>
      </li>
    </comps>
    <stages>
      <li>
        <label>minor</label>
        <everVisible>false</everVisible>
      </li>
      <li>
        <minSeverity>0.4</minSeverity>
        <label>minor</label>
        <painOffset>0.2</painOffset>
        <capMods>
          <li>
            <capacity>Consciousness</capacity>
            <offset>-0.05</offset>
          </li>
          <li>
            <capacity>Manipulation</capacity>
            <offset>-0.05</offset>
          </li>
        </capMods>
      </li>
      <li>
        <minSeverity>0.6</minSeverity>
        <label>major</label>
        <painOffset>0.35</painOffset>
        <capMods>
          <li>
            <capacity>Consciousness</capacity>
            <offset>-0.2</offset>
          </li>
          <li>
            <capacity>Manipulation</capacity>
            <offset>-0.2</offset>
          </li>
        </capMods>
      </li>
      <li>
        <minSeverity>0.8</minSeverity>
        <label>extreme</label>
        <painOffset>0.6</painOffset>
        <capMods>
          <li>
            <capacity>Consciousness</capacity>
            <offset>-0.3</offset>
          </li>
          <li>
            <capacity>Manipulation</capacity>
            <offset>-0.3</offset>
          </li>
        </capMods>
      </li>
      <li>
        <minSeverity>0.9</minSeverity>
        <label>extreme</label>
        <lifeThreatening>true</lifeThreatening>
        <painOffset>0.85</painOffset>
        <capMods>
          <li>
            <capacity>Consciousness</capacity>
            <offset>-0.3</offset>
          </li>
          <li>
            <capacity>Manipulation</capacity>
            <offset>-0.3</offset>
          </li>
          <li>
            <capacity>Breathing</capacity>
            <offset>-0.15</offset>
          </li>
        </capMods>
      </li>
    </stages>
  </HediffDef>

  <HediffDef ParentName="InfectionBase">
    <defName>Malaria</defName>
    <label>malaria</label>
    <lethalSeverity>1</lethalSeverity>
    <makesSickThought>true</makesSickThought>
    <scenarioCanAdd>true</scenarioCanAdd>
    <tendable>true</tendable>
    <comps>
      <li Class="HediffCompProperties_TendDuration">
        <tendDuration>30000</tendDuration>
        <severityPerDayTended>-0.20</severityPerDayTended>
      </li>
      <li Class="HediffCompProperties_Immunizable">
        <immunityPerDayNotSick>-0.03</immunityPerDayNotSick>
        <immunityPerDaySick>0.12</immunityPerDaySick>
        <severityPerDayNotImmune>0.137</severityPerDayNotImmune>
        <severityPerDayImmune>-0.27</severityPerDayImmune>
      </li>
    </comps>
    <stages>
      <li>
        <label>hidden</label>
        <everVisible>false</everVisible>
      </li>
      <li>
        <minSeverity>0.63</minSeverity>
        <label>minor</label>
        <capMods>
          <li>
            <capacity>BloodFiltration</capacity>
            <offset>-0.1</offset>
          </li>
          <li>
            <capacity>Consciousness</capacity>
            <offset>-0.05</offset>
          </li>
        </capMods>
      </li>
      <li>
        <minSeverity>0.78</minSeverity>
        <label>major</label>
        <vomitMtbDays>1.5</vomitMtbDays>
        <painOffset>0.3</painOffset>
        <capMods>
          <li>
            <capacity>BloodFiltration</capacity>
            <offset>-0.2</offset>
          </li>
          <li>
            <capacity>Consciousness</capacity>
            <offset>-0.12</offset>
          </li>
          <li>
            <capacity>Manipulation</capacity>
            <offset>-0.08</offset>
          </li>
        </capMods>
      </li>
      <li>
        <minSeverity>0.91</minSeverity>
        <label>extreme</label>
        <lifeThreatening>true</lifeThreatening>
        <vomitMtbDays>0.75</vomitMtbDays>
        <painOffset>0.3</painOffset>
        <capMods>
          <li>
            <capacity>BloodFiltration</capacity>
            <offset>-0.22</offset>
          </li>
          <li>
            <capacity>Consciousness</capacity>
            <setMax>0.1</setMax>
          </li>
          <li>
            <capacity>Manipulation</capacity>
            <offset>-0.1</offset>
          </li>
        </capMods>
      </li>
    </stages>
  </HediffDef>

  <HediffDef ParentName="InfectionBase">
    <defName>SleepingSickness</defName>
    <label>sleeping sickness</label>
    <lethalSeverity>1</lethalSeverity>
    <makesSickThought>true</makesSickThought>
    <tendable>true</tendable>
    <comps>
      <li Class="HediffCompProperties_TendDuration">
        <tendDuration>80000</tendDuration>
        <severityPerDayTended>-0.033</severityPerDayTended>
      </li>
      <li Class="HediffCompProperties_Immunizable">
        <immunityPerDayNotSick>-0.02</immunityPerDayNotSick>
        <immunityPerDaySick>0.036</immunityPerDaySick>
        <severityPerDayNotImmune>0.0417</severityPerDayNotImmune>
        <severityPerDayImmune>-0.125</severityPerDayImmune>
      </li>
    </comps>
    <stages>
      <li>
        <label>minor-hidden</label>
        <everVisible>false</everVisible>
      </li>
      <li>
        <minSeverity>0.29</minSeverity>
        <label>minor</label>
        <painOffset>0.02</painOffset>
        <capMods>
          <li>
            <capacity>Consciousness</capacity>
            <offset>-0.02</offset>
          </li>
          <li>
            <capacity>Manipulation</capacity>
            <offset>-0.02</offset>
          </li>
        </capMods>
      </li>
      <li>
        <minSeverity>0.4375</minSeverity>
        <label>minor</label>
        <painOffset>0.03</painOffset>
        <capMods>
          <li>
            <capacity>Consciousness</capacity>
            <offset>-0.04</offset>
          </li>
          <li>
            <capacity>Manipulation</capacity>
            <offset>-0.04</offset>
          </li>
        </capMods>
      </li>
      <li>
        <minSeverity>0.625</minSeverity>
        <label>major</label>
        <vomitMtbDays>3.5</vomitMtbDays>
        <painOffset>0.05</painOffset>
        <capMods>
          <li>
            <capacity>Consciousness</capacity>
            <offset>-0.15</offset>
          </li>
          <li>
            <capacity>Manipulation</capacity>
            <offset>-0.06</offset>
          </li>
        </capMods>
      </li>
      <li>
        <minSeverity>0.875</minSeverity>
        <label>extreme</label>
        <lifeThreatening>true</lifeThreatening>
        <vomitMtbDays>1.75</vomitMtbDays>
        <painOffset>0.1</painOffset>
        <capMods>
          <li>
            <capacity>Consciousness</capacity>
            <offset>-0.2</offset>
          </li>
          <li>
            <capacity>Manipulation</capacity>
            <offset>-0.2</offset>
          </li>
        </capMods>
      </li>
      <li>
        <minSeverity>0.9375</minSeverity>
        <label>extreme</label>
        <lifeThreatening>true</lifeThreatening>
        <vomitMtbDays>1</vomitMtbDays>
        <painOffset>0.15</painOffset>
        <capMods>
          <li>
            <capacity>Consciousness</capacity>
            <setMax>0.1</setMax>
          </li>
          <li>
            <capacity>Manipulation</capacity>
            <offset>-0.2</offset>
          </li>
        </capMods>
      </li>
    </stages>
  </HediffDef>

</Defs>