﻿<?xml version="1.0" encoding="utf-8" ?>
<HediffDefs>

  <!-- Missing body part -->

  <HediffDef>
    <hediffClass>Hediff_MissingPart</hediffClass>
    <defName>MissingBodyPart</defName>
    <label>missing body part</label>
    <defaultLabelColor>(0.5, 0.5, 0.5, 1)</defaultLabelColor>
    <tendable>true</tendable>
    <injuryProps>
      <bleedRate>0.05</bleedRate>
      <painPerSeverity>0.0125</painPerSeverity>
    </injuryProps>
    <comps>
      <li Class="HediffCompProperties_TendDuration" />
      <li Class="HediffCompProperties_GetsOld" />
    </comps>
  </HediffDef>

  <!-- Injuries -->

  <HediffDef Name="InjuryBase" Abstract="True">
    <hediffClass>Hediff_Injury</hediffClass>
    <tendable>true</tendable>
    <displayWound>true</displayWound>
  </HediffDef>

	<HediffDef ParentName="InjuryBase">
		<defName>Misc</defName>
		<label>misc</label>
    <comps>
      <li Class="HediffCompProperties_TendDuration">
        <labelTendedWell>bandaged</labelTendedWell>
        <labelTendedWellInner>sutured</labelTendedWellInner>
        <labelSolidTendedWell>set</labelSolidTendedWell>
      </li>
    </comps>
    <injuryProps>
      <painPerSeverity>0.0125</painPerSeverity>
      <bleedRate>0.03</bleedRate>
      <canMerge>false</canMerge>
      <destroyedLabel>Destroyed</destroyedLabel>
    </injuryProps>
	</HediffDef>
	
	<HediffDef ParentName="InjuryBase">
		<defName>Burn</defName>
		<label>burn</label>
    <comps>
      <li Class="HediffCompProperties_TendDuration">
        <labelTendedWell>bandaged</labelTendedWell>
        <labelTendedWellInner>sutured</labelTendedWellInner>
        <labelSolidTendedWell>set</labelSolidTendedWell>
      </li>
      <li Class="HediffCompProperties_Infecter">
        <infectionChance>0.25</infectionChance>
      </li>
      <li Class="HediffCompProperties_GetsOld">
        <oldLabel>burn scar</oldLabel>
      </li>
    </comps>
		<injuryProps>
      <painPerSeverity>0.01875</painPerSeverity>
      <averagePainPerSeverityOld>0.00625</averagePainPerSeverityOld>
      <canMerge>true</canMerge>
			<destroyedLabel>Burned off</destroyedLabel>
			<destroyedOutLabel>Burned out</destroyedOutLabel>
		</injuryProps>
	</HediffDef>
	
	<HediffDef ParentName="InjuryBase">
		<defName>Crush</defName>
		<label>crush</label>
    <comps>
      <li Class="HediffCompProperties_TendDuration">
        <labelTendedWell>bandaged</labelTendedWell>
        <labelTendedWellInner>sutured</labelTendedWellInner>
        <labelSolidTendedWell>set</labelSolidTendedWell>
      </li>
      <li Class="HediffCompProperties_Infecter">
        <infectionChance>0.10</infectionChance>
      </li>
      <li Class="HediffCompProperties_GetsOld">
        <oldLabel>scar</oldLabel>
      </li>
    </comps>
		<injuryProps>
      <painPerSeverity>0.0125</painPerSeverity>
      <averagePainPerSeverityOld>0.00625</averagePainPerSeverityOld>
			<bleedRate>0.015</bleedRate>
      <canMerge>true</canMerge>
			<destroyedLabel>Crushed</destroyedLabel>
		</injuryProps>
	</HediffDef>
	
	<HediffDef ParentName="InjuryBase">
		<defName>Crack</defName>
		<label>crack</label>
    <comps>
      <li Class="HediffCompProperties_TendDuration">
        <labelTendedWell>healed</labelTendedWell>
        <labelTendedWellInner>healed</labelTendedWellInner>
        <labelSolidTendedWell>set</labelSolidTendedWell>
      </li>
    </comps>
    <injuryProps>
      <painPerSeverity>0.01</painPerSeverity>
      <averagePainPerSeverityOld>0.00625</averagePainPerSeverityOld>
      <destroyedLabel>Shattered</destroyedLabel>
    </injuryProps>
	</HediffDef>
	
	<HediffDef ParentName="InjuryBase">
		<defName>Cut</defName>
		<label>cut</label>
    <comps>
      <li Class="HediffCompProperties_TendDuration">
        <labelTendedWell>bandaged</labelTendedWell>
        <labelTendedWellInner>sutured</labelTendedWellInner>
        <labelSolidTendedWell>set</labelSolidTendedWell>
      </li>
      <li Class="HediffCompProperties_Infecter">
        <infectionChance>0.10</infectionChance>
      </li>
      <li Class="HediffCompProperties_GetsOld">
        <oldLabel>cut scar</oldLabel>
      </li>
    </comps>
		<injuryProps>
			<painPerSeverity>0.0125</painPerSeverity>
      <averagePainPerSeverityOld>0.00625</averagePainPerSeverityOld>
			<bleedRate>0.03</bleedRate>
			<canMerge>false</canMerge>
			<destroyedLabel>Cut off</destroyedLabel>
			<destroyedOutLabel>Cut out</destroyedOutLabel>
		</injuryProps>
	</HediffDef>
	
	<HediffDef ParentName="InjuryBase">
		<defName>SurgicalCut</defName>
		<label>surgical cut</label>
    <comps>
      <li Class="HediffCompProperties_TendDuration">
        <labelTendedWell>bandaged</labelTendedWell>
        <labelTendedWellInner>sutured</labelTendedWellInner>
        <labelSolidTendedWell>set</labelSolidTendedWell>
      </li>
      <li Class="HediffCompProperties_GetsOld">
			  <oldLabel>cut scar</oldLabel>
      </li>
    </comps>
    <injuryProps>
      <painPerSeverity>0.0125</painPerSeverity>
      <averagePainPerSeverityOld>0.00625</averagePainPerSeverityOld>
			<bleedRate>0.03</bleedRate>
			<canMerge>false</canMerge>
			<useRemovedLabel>true</useRemovedLabel>
		</injuryProps>
	</HediffDef>
	
	<HediffDef ParentName="InjuryBase">
		<defName>Scratch</defName>
		<label>scratch</label>
    <comps>
      <li Class="HediffCompProperties_TendDuration">
        <labelTendedWell>bandaged</labelTendedWell>
        <labelTendedWellInner>sutured</labelTendedWellInner>
        <labelSolidTendedWell>set</labelSolidTendedWell>
      </li>
      <li Class="HediffCompProperties_Infecter">
        <infectionChance>0.10</infectionChance>
      </li>
      <li Class="HediffCompProperties_GetsOld">
        <oldLabel>scratch scar</oldLabel>
      </li>
    </comps>
		<injuryProps>
      <painPerSeverity>0.0125</painPerSeverity>
      <averagePainPerSeverityOld>0.00625</averagePainPerSeverityOld>
			<bleedRate>0.015</bleedRate>
			<canMerge>false</canMerge>
			<destroyedLabel>Torn off</destroyedLabel>
			<destroyedOutLabel>Torn out</destroyedOutLabel>
		</injuryProps>
	</HediffDef>
	
	<HediffDef ParentName="InjuryBase">
		<defName>Bite</defName>
		<label>bite</label>
    <comps>
      <li Class="HediffCompProperties_TendDuration">
        <labelTendedWell>bandaged</labelTendedWell>
        <labelTendedWellInner>sutured</labelTendedWellInner>
        <labelSolidTendedWell>set</labelSolidTendedWell>
      </li>
      <li Class="HediffCompProperties_Infecter">
        <infectionChance>0.25</infectionChance>
      </li>
      <li Class="HediffCompProperties_GetsOld">
        <oldLabel>bite scar</oldLabel>
      </li>
    </comps>
    <injuryProps>
      <painPerSeverity>0.0125</painPerSeverity>
      <averagePainPerSeverityOld>0.00625</averagePainPerSeverityOld>
      <bleedRate>0.02</bleedRate>
			<canMerge>false</canMerge>
			<destroyedLabel>Bitten off</destroyedLabel>
			<destroyedOutLabel>Bitten out</destroyedOutLabel>
		</injuryProps>
	</HediffDef>
	
	<HediffDef ParentName="InjuryBase">
		<defName>Stab</defName>
		<label>stab</label>
    <comps>
      <li Class="HediffCompProperties_TendDuration">
        <labelTendedWell>bandaged</labelTendedWell>
        <labelTendedWellInner>sutured</labelTendedWellInner>
        <labelSolidTendedWell>set</labelSolidTendedWell>
      </li>
      <li Class="HediffCompProperties_Infecter">
        <infectionChance>0.10</infectionChance>
      </li>
      <li Class="HediffCompProperties_GetsOld">
        <oldLabel>stab scar</oldLabel>
      </li>
    </comps>
		<injuryProps>
      <painPerSeverity>0.0125</painPerSeverity>
      <averagePainPerSeverityOld>0.00625</averagePainPerSeverityOld>
			<bleedRate>0.035</bleedRate>
			<canMerge>false</canMerge>
			<destroyedLabel>Cut off</destroyedLabel>
			<destroyedOutLabel>Cut out</destroyedOutLabel>
		</injuryProps>
	</HediffDef>
	
	<HediffDef ParentName="InjuryBase">
		<defName>Gunshot</defName>
		<label>gunshot</label>
    <comps>
      <li Class="HediffCompProperties_TendDuration">
        <labelTendedWell>bandaged</labelTendedWell>
        <labelTendedWellInner>sutured</labelTendedWellInner>
        <labelSolidTendedWell>set</labelSolidTendedWell>
      </li>
      <li Class="HediffCompProperties_Infecter">
        <infectionChance>0.10</infectionChance>
      </li>
      <li Class="HediffCompProperties_GetsOld">
        <oldLabel>old gunshot</oldLabel>
        <instantlyOldLabel>permanent gunshot injury</instantlyOldLabel>
      </li>
    </comps>
		<injuryProps>
			<painPerSeverity>0.0125</painPerSeverity>
      <averagePainPerSeverityOld>0.00625</averagePainPerSeverityOld>
			<bleedRate>0.04</bleedRate>
			<canMerge>false</canMerge>
			<destroyedLabel>Shot off</destroyedLabel>
			<destroyedOutLabel>Shot out</destroyedOutLabel>
		</injuryProps>
	</HediffDef>

	<HediffDef ParentName="InjuryBase">
		<defName>Shredded</defName>
		<label>shredded</label>
    <comps>
      <li Class="HediffCompProperties_TendDuration">
        <labelTendedWell>bandaged</labelTendedWell>
        <labelTendedWellInner>sutured</labelTendedWellInner>
        <labelSolidTendedWell>set</labelSolidTendedWell>
      </li>
      <li Class="HediffCompProperties_Infecter">
        <infectionChance>0.10</infectionChance>
      </li>
      <li Class="HediffCompProperties_GetsOld">
			  <oldLabel>scar</oldLabel>
      </li>
    </comps>
		<injuryProps>
      <painPerSeverity>0.0125</painPerSeverity>
      <averagePainPerSeverityOld>0.00625</averagePainPerSeverityOld>
			<bleedRate>0.04</bleedRate>
			<canMerge>true</canMerge>
			<destroyedLabel>Torn off</destroyedLabel>
			<destroyedOutLabel>Torn out</destroyedOutLabel>
		</injuryProps>
	</HediffDef>
	
	<HediffDef ParentName="InjuryBase">
		<defName>Bruise</defName>
		<label>bruise</label>
    <comps>
      <li Class="HediffCompProperties_TendDuration">
        <labelTendedWell>bandaged</labelTendedWell>
        <labelTendedWellInner>sutured</labelTendedWellInner>
        <labelSolidTendedWell>set</labelSolidTendedWell>
      </li>
    </comps>
    <injuryProps>
      <painPerSeverity>0.0125</painPerSeverity>
      <averagePainPerSeverityOld>0.00625</averagePainPerSeverityOld>
			<canMerge>false</canMerge>
			<destroyedLabel>Destroyed</destroyedLabel>
		</injuryProps>
	</HediffDef>

  <HediffDef ParentName="InjuryBase">
    <defName>Frostbite</defName>
    <label>frostbite</label>
    <displayWound>false</displayWound>
    <comps>
      <li Class="HediffCompProperties_TendDuration">
        <labelTendedWell>bandaged</labelTendedWell>
        <labelTendedWellInner>sutured</labelTendedWellInner>
        <labelSolidTendedWell>set</labelSolidTendedWell>
      </li>
      <li Class="HediffCompProperties_Infecter">
        <infectionChance>0.25</infectionChance>
      </li>
      <li Class="HediffCompProperties_GetsOld">
        <oldLabel>frostbite scar</oldLabel>
      </li>
    </comps>
    <injuryProps>
      <painPerSeverity>0.0125</painPerSeverity>
      <averagePainPerSeverityOld>0.00625</averagePainPerSeverityOld>
      <canMerge>true</canMerge>
      <destroyedLabel>Lost to frostbite</destroyedLabel>
    </injuryProps>
  </HediffDef>

</HediffDefs>
