﻿<?xml version="1.0" encoding="utf-8" ?>
<Defs>
  
  <HediffDef ParentName="DiseaseBase">
    <defName>TraumaSavant</defName>
    <hediffClass>HediffWithComps</hediffClass>
    <label>trauma savant</label>
    <stages>
      <li>
        <opinionOfOthersFactor>0</opinionOfOthersFactor>
        <partIgnoreMissingHP>true</partIgnoreMissingHP> <!-- to avoid penalties from brain injuries, so manipulation is 100%+ -->
        <capMods>
          <li>
            <capacity>Talking</capacity>
            <setMax>0</setMax>
          </li>
          <li>
            <capacity>Hearing</capacity>
            <setMax>0</setMax>
          </li>
          <li>
            <capacity>Manipulation</capacity>
            <offset>0.5</offset>
          </li>
        </capMods>
		</li>
    </stages>
  </HediffDef>

	<HediffDef ParentName="DiseaseBase">
		<defName>ChemicalDamageModerate</defName>
		<label>chemical damage</label>
		<stages>
			<li>
				<partEfficiencyOffset>-0.5</partEfficiencyOffset>
			</li>
		</stages>
	</HediffDef>

	<HediffDef ParentName="DiseaseBase">
		<defName>ChemicalDamageSevere</defName>
		<label>chemical damage</label>
		<stages>
			<li>
				<partEfficiencyOffset>-0.8</partEfficiencyOffset>
			</li>
		</stages>
	</HediffDef>

	<HediffDef ParentName="DiseaseBase">
		<defName>Cirrhosis</defName>
		<label>Cirrhosis</label>
		<stages>
			<li>
				<partEfficiencyOffset>-0.60</partEfficiencyOffset>
				<painOffset>0.15</painOffset>
				<capMods>
					<li>
						<capacity>Moving</capacity>
						<offset>-0.10</offset>
					</li>
				</capMods>
			</li>
		</stages>
	</HediffDef>
  
</Defs>