﻿<?xml version="1.0" encoding="utf-8" ?>
<Defs>

  <HediffDef>
    <defName>Heatstroke</defName>
    <defaultLabelColor>(0.8, 0.8, 0.35)</defaultLabelColor>
    <label>heatstroke</label>
    <lethalSeverity>1</lethalSeverity>
    <stages>
      <li>
        <label>initial-hidden</label>
        <everVisible>false</everVisible>
      </li>
      <li>
        <label>initial</label>
        <minSeverity>0.04</minSeverity>
        <capMods>
          <li>
            <capacity>Consciousness</capacity>
            <offset>-0.05</offset>
          </li>
        </capMods>
      </li>
      <li>
        <label>minor</label>
        <minSeverity>0.2</minSeverity>
        <capMods>
          <li>
            <capacity>Moving</capacity>
            <offset>-0.1</offset>
          </li>
          <li>
            <capacity>Consciousness</capacity>
            <offset>-0.10</offset>
          </li>
        </capMods>
      </li>
      <li>
        <label>serious</label>
        <minSeverity>0.35</minSeverity>
        <painOffset>0.15</painOffset>
        <capMods>
          <li>
            <capacity>Moving</capacity>
            <offset>-0.3</offset>
          </li>
          <li>
            <capacity>Consciousness</capacity>
            <offset>-0.20</offset>
          </li>
        </capMods>
      </li>
      <li>
        <label>extreme</label>
        <minSeverity>0.62</minSeverity>
        <lifeThreatening>true</lifeThreatening>
        <painOffset>0.30</painOffset>
        <capMods>
          <li>
            <capacity>Consciousness</capacity>
            <setMax>0.1</setMax>
          </li>
        </capMods>
      </li>
    </stages>
  </HediffDef>

  <HediffDef>
    <defName>Hypothermia</defName>
    <defaultLabelColor>(0.8, 0.8, 1)</defaultLabelColor>
    <label>hypothermia</label>
    <lethalSeverity>1</lethalSeverity>
    <stages>
      <li>
        <label>shivering-hidden</label>
        <everVisible>false</everVisible>
      </li>
      <li>
        <label>shivering</label>
        <minSeverity>0.04</minSeverity>
        <capMods>
          <li>
            <capacity>Manipulation</capacity>
            <offset>-0.08</offset>
          </li>
          <li>
            <capacity>Consciousness</capacity>
            <offset>-0.05</offset>
          </li>
        </capMods>
      </li>
      <li>
        <label>minor</label>
        <minSeverity>0.2</minSeverity>
        <capMods>
          <li>
            <capacity>Moving</capacity>
            <offset>-0.1</offset>
          </li>
          <li>
            <capacity>Manipulation</capacity>
            <offset>-0.2</offset>
          </li>
          <li>
            <capacity>Consciousness</capacity>
            <offset>-0.10</offset>
          </li>
        </capMods>
      </li>
      <li>
        <label>serious</label>
        <minSeverity>0.35</minSeverity>
        <painOffset>0.15</painOffset>
        <capMods>
          <li>
            <capacity>Moving</capacity>
            <offset>-0.3</offset>
          </li>
          <li>
            <capacity>Manipulation</capacity>
            <offset>-0.5</offset>
          </li>
          <li>
            <capacity>Consciousness</capacity>
            <offset>-0.20</offset>
          </li>
        </capMods>
      </li>
      <li>
        <label>extreme</label>
        <minSeverity>0.62</minSeverity>
        <lifeThreatening>true</lifeThreatening>
        <painOffset>0.30</painOffset>
        <capMods>
          <li>
            <capacity>Consciousness</capacity>
            <setMax>0.1</setMax>
          </li>
        </capMods>
      </li>
    </stages>
  </HediffDef>

</Defs>