﻿<?xml version="1.0" encoding="utf-8" ?>
<Defs>
  <!-- Added body parts -->

  <HediffDef Name="AddedBodyPartBase" Abstract="True">
    <hediffClass>Hediff_AddedPart</hediffClass>
    <defaultLabelColor>(0.5, 0.5, 0.9)</defaultLabelColor>
    <isBad>false</isBad>
  </HediffDef>

  <HediffDef ParentName="AddedBodyPartBase">
    <defName>PegLeg</defName>
    <label>peg leg</label>
    <addedPartProps>
      <isSolid>true</isSolid>
      <partEfficiency>0.6</partEfficiency>
    </addedPartProps>
  </HediffDef>

  <HediffDef ParentName="AddedBodyPartBase">
    <defName>Denture</defName>
    <label>denture</label>
    <addedPartProps>
      <isSolid>true</isSolid>
      <partEfficiency>0.8</partEfficiency>
    </addedPartProps>
  </HediffDef>

  <HediffDef ParentName="AddedBodyPartBase">
    <defName>SimpleProstheticLeg</defName>
    <label>simple prosthetic leg</label>
    <spawnThingOnRemoved>SimpleProstheticLeg</spawnThingOnRemoved>
    <addedPartProps>
      <isSolid>true</isSolid>
      <partEfficiency>0.85</partEfficiency>
    </addedPartProps>
  </HediffDef>

  <HediffDef ParentName="AddedBodyPartBase">
    <defName>SimpleProstheticArm</defName>
    <label>simple prosthetic arm</label>
    <spawnThingOnRemoved>SimpleProstheticArm</spawnThingOnRemoved>
    <addedPartProps>
      <isSolid>true</isSolid>
      <partEfficiency>0.5</partEfficiency>
    </addedPartProps>
  </HediffDef>

  <HediffDef ParentName="AddedBodyPartBase">
    <defName>BionicEye</defName>
    <label>bionic eye</label>
    <spawnThingOnRemoved>BionicEye</spawnThingOnRemoved>
    <addedPartProps>
      <isBionic>true</isBionic>
      <isSolid>true</isSolid>
      <partEfficiency>1.4</partEfficiency>
    </addedPartProps>
  </HediffDef>

  <HediffDef ParentName="AddedBodyPartBase">
    <defName>BionicArm</defName>
    <label>bionic arm</label>
    <comps>
      <li Class="HediffCompProperties_VerbGiver">
        <verbs>
          <li>
            <verbClass>Verb_MeleeAttack</verbClass>
            <defaultCooldownTime>1.65</defaultCooldownTime>
            <meleeDamageBaseAmount>9</meleeDamageBaseAmount>
            <meleeDamageDef>Blunt</meleeDamageDef>
          </li>
        </verbs>  
      </li>
    </comps>
    <spawnThingOnRemoved>BionicArm</spawnThingOnRemoved>
    <addedPartProps>
      <isBionic>true</isBionic>
      <isSolid>true</isSolid>
      <partEfficiency>1.4</partEfficiency>
    </addedPartProps>
  </HediffDef>

  <HediffDef ParentName="AddedBodyPartBase">
    <defName>BionicLeg</defName>
    <label>bionic leg</label>
    <spawnThingOnRemoved>BionicLeg</spawnThingOnRemoved>
    <addedPartProps>
      <isBionic>true</isBionic>
      <isSolid>true</isSolid>
      <partEfficiency>1.4</partEfficiency>
    </addedPartProps>
  </HediffDef>

  <HediffDef ParentName="AddedBodyPartBase">
    <defName>PowerClaw</defName>
    <label>power claw</label>
    <comps>
      <li Class="HediffCompProperties_VerbGiver">
        <verbs>
          <li>
            <verbClass>Verb_MeleeAttack</verbClass>
            <defaultCooldownTime>1.65</defaultCooldownTime>
            <meleeDamageBaseAmount>15</meleeDamageBaseAmount>
            <meleeDamageDef>Scratch</meleeDamageDef>
          </li>
        </verbs>
      </li>
    </comps>
    <spawnThingOnRemoved>PowerClaw</spawnThingOnRemoved>
    <addedPartProps>
      <isGoodWeapon>true</isGoodWeapon>
      <isBionic>true</isBionic>
      <isSolid>true</isSolid>
      <partEfficiency>0.92</partEfficiency>
    </addedPartProps>
  </HediffDef>

  <HediffDef ParentName="AddedBodyPartBase">
    <defName>ScytherBlade</defName>
    <label>scyther blade</label>
    <comps>
      <li Class="HediffCompProperties_VerbGiver">
        <verbs>
          <li>
            <verbClass>Verb_MeleeAttack</verbClass>
            <defaultCooldownTime>1.65</defaultCooldownTime>
            <meleeDamageBaseAmount>20</meleeDamageBaseAmount>
            <meleeDamageDef>Cut</meleeDamageDef>
          </li>
        </verbs>
      </li>
    </comps>
    <spawnThingOnRemoved>ScytherBlade</spawnThingOnRemoved>
    <addedPartProps>
      <isGoodWeapon>true</isGoodWeapon>
      <isBionic>true</isBionic>
      <isSolid>true</isSolid>
      <partEfficiency>0.2</partEfficiency>
    </addedPartProps>
  </HediffDef>

</Defs>