﻿<?xml version="1.0" encoding="utf-8" ?>
<Defs>

  <FactionDef Name="HumanFactionBase" Abstract="True">
    <goodwillDailyGain>0.5</goodwillDailyGain>
    <goodwillDailyFall>0.5</goodwillDailyFall>
  </FactionDef>

  <FactionDef ParentName="HumanFactionBase" Name="OutlanderFactionBase" Abstract="True">
    <pawnSingular>outlander</pawnSingular>
    <pawnsPlural>outlanders</pawnsPlural>
    <listOrderPriority>30</listOrderPriority>
    <settlementGenerationWeight>1</settlementGenerationWeight>
    <requiredCountAtGameStart>1</requiredCountAtGameStart>
    <canMakeRandomly>true</canMakeRandomly>
    <canSiege>true</canSiege>
    <canStageAttacks>true</canStageAttacks>
    <leaderTitle>prime councilor</leaderTitle>
    <expandingIconTexture>World/WorldObjects/Expanding/Town</expandingIconTexture>
    <colorSpectrum>
      <li>(0.64, 0.42, 0.36)</li>
      <li>(0.47, 0.5, 0.91)</li>
    </colorSpectrum>
		<factionNameMaker>NamerFactionOutlander</factionNameMaker>
		<settlementNameMaker>NamerSettlementOutlander</settlementNameMaker>
		<techLevel>Industrial</techLevel>
		<backstoryCategory>Civil</backstoryCategory>
		<geneticVariance>0.8</geneticVariance>
		<hairTags>
			<li>Rural</li>
		</hairTags>
    <caravanTraderKinds>
      <li>Caravan_Outlander_BulkGoods</li>
      <li>Caravan_Outlander_CombatSupplier</li>
      <li>Caravan_Outlander_Exotic</li>
      <li>Caravan_Outlander_PirateMerchant</li>
    </caravanTraderKinds>
    <visitorTraderKinds>
      <li>Visitor_Outlander_Standard</li>
    </visitorTraderKinds>
    <baseTraderKinds>
      <li>Base_Outlander_Standard</li>
    </baseTraderKinds>
    <allowedArrivalTemperatureRange>
      <min>-40</min>
      <max>45</max>
    </allowedArrivalTemperatureRange>
    <maxPawnCostPerTotalPointsCurve>
      <points>
        <li>(0,35)</li>
        <li>(70, 50)</li>
        <li>(700, 100)</li>
        <li>(1300, 150)</li>
        <li>(100000, 10000)</li>
      </points>
    </maxPawnCostPerTotalPointsCurve>
    <pawnGroupMakers>
      <li>
        <!-- Normal fights, standard mix -->
        <kindDef>Combat</kindDef>
        <options>
					<Villager>5</Villager>
          <Town_Guard>10</Town_Guard>
          <Grenadier_Destructive>1.5</Grenadier_Destructive>
					<Mercenary_Slasher>7</Mercenary_Slasher>
					<Mercenary_Gunner>10</Mercenary_Gunner>
					<Mercenary_Elite>10</Mercenary_Elite>
          <Town_Councilman>10</Town_Councilman>
        </options>
      </li>
      <li>
        <kindDef>Peaceful</kindDef>
        <options>
          <Villager>20</Villager>
          <Town_Guard>10</Town_Guard>
          <Town_Councilman>10</Town_Councilman>
        </options>
      </li>
      <li>
        <kindDef>Trader</kindDef>
        <traders>
          <Town_Trader>1</Town_Trader>
        </traders>
        <carriers>
          <Muffalo>6</Muffalo>
          <Dromedary>5</Dromedary>
          <Alpaca>2</Alpaca>
          <Elephant>1</Elephant>
        </carriers>
        <guards>
          <Villager>3</Villager>
          <Town_Guard>10</Town_Guard>
          <Grenadier_Destructive>1.5</Grenadier_Destructive>
          <Mercenary_Slasher>7</Mercenary_Slasher>
          <Mercenary_Gunner>10</Mercenary_Gunner>
					<Mercenary_Elite>10</Mercenary_Elite>
				</guards>
      </li>
      <li>
        <kindDef>FactionBase</kindDef>
        <options>
					<Villager>10</Villager>
          <Town_Guard>10</Town_Guard>
          <Grenadier_Destructive>1.5</Grenadier_Destructive>
					<Mercenary_Slasher>7</Mercenary_Slasher>
          <Mercenary_Gunner>10</Mercenary_Gunner>
          <Mercenary_Elite>10</Mercenary_Elite>
          <Town_Councilman>10</Town_Councilman>
        </options>
      </li>
    </pawnGroupMakers>
    <homeIconPath>World/WorldObjects/DefaultFactionBase</homeIconPath>
  </FactionDef>

  <FactionDef ParentName="OutlanderFactionBase">
    <defName>OutlanderCivil</defName>
    <label>civil outlander union</label>
    <description>These people have lived here for decades or centuries, and have lost most of the technology that brought them to this world. They usually work with simple machinery and defend themselves with advanced gunpowder weapons.\n\nThey are concerned with the practical matters of trade, trust, and survival.\n\nThis particular group holds civil behavior in high regard.</description>
    <startingGoodwill>
      <min>0</min>
      <max>0</max>
    </startingGoodwill>
    <naturalColonyGoodwill>
      <min>-50</min>
      <max>50</max>
    </naturalColonyGoodwill>
  </FactionDef>

  <FactionDef ParentName="OutlanderFactionBase">
    <defName>OutlanderRough</defName>
    <label>rough outlander union</label>
    <description>These people have lived here for decades or centuries, and have lost most of the technology that brought them to this world. They usually work with simple machinery and defend themselves with advanced gunpowder weapons.\n\nThey are concerned with the practical matters of trade, trust, and survival.\n\nThis particular group has a streak of barbarity in them.</description>
    <startingGoodwill>
      <min>-20</min>
      <max>-20</max>
    </startingGoodwill>
    <naturalColonyGoodwill>
      <min>-100</min>
      <max>-80</max>
    </naturalColonyGoodwill>
  </FactionDef>
    
    
  
  

  <FactionDef ParentName="HumanFactionBase" Name="TribeBase" Abstract="True">
    <pawnSingular>tribesman</pawnSingular>
    <pawnsPlural>tribespeople</pawnsPlural>
    <listOrderPriority>20</listOrderPriority>
    <settlementGenerationWeight>1</settlementGenerationWeight>
    <requiredCountAtGameStart>1</requiredCountAtGameStart>
    <canMakeRandomly>true</canMakeRandomly>
    <canStageAttacks>true</canStageAttacks>
    <expandingIconTexture>World/WorldObjects/Expanding/Village</expandingIconTexture>
		<geneticVariance>0.1</geneticVariance>
		<colorSpectrum>
      <li>(0.4, 0.92, 0.35)</li>
      <li>(0.89, 0.89, 0.7)</li>
      <li>(1, 1, 0.1)</li>
    </colorSpectrum>
    <factionNameMaker>NamerFactionTribal</factionNameMaker>
    <settlementNameMaker>NamerSettlementTribal</settlementNameMaker>
    <pawnNameMaker>NamerPersonTribal</pawnNameMaker>
    <techLevel>Neolithic</techLevel>
    <backstoryCategory>Tribal</backstoryCategory>
    <leaderTitle>chief</leaderTitle>
    <hairTags>
      <li>Tribal</li>
    </hairTags>
    <raidCommonalityFromPointsCurve>
      <points>
        <li>(1000, 1)</li>
        <li>(4000, 0.8)</li>
      </points>
    </raidCommonalityFromPointsCurve>
    <caravanTraderKinds>
      <li>Caravan_Neolithic_BulkGoods</li>
      <li>Caravan_Neolithic_WarMerchant</li>
      <li>Caravan_Neolithic_Slaver</li>
			<li>Caravan_Neolithic_ShamanMerchant</li>
		</caravanTraderKinds>
    <visitorTraderKinds>
      <li>Visitor_Neolithic_Standard</li>
    </visitorTraderKinds>
    <baseTraderKinds>
      <li>Base_Neolithic_Standard</li>
    </baseTraderKinds>
    <allowedArrivalTemperatureRange>
      <min>-40</min>
      <max>45</max>
    </allowedArrivalTemperatureRange>
    <maxPawnCostPerTotalPointsCurve>
      <points>
        <li>(0,35)</li>
        <li>(70, 50)</li>
        <li>(800, 100)</li>
        <li>(1300, 150)</li>
        <li>(100000, 10000)</li>
      </points>
    </maxPawnCostPerTotalPointsCurve>
    <pawnGroupMakers>
      <li>
        <!-- Normal fights, ranged with melee mix-ins -->
        <kindDef>Combat</kindDef>
        <commonality>100</commonality>
        <options>
          <Tribal_Penitent>5</Tribal_Penitent>
          <Tribal_Warrior>5</Tribal_Warrior>
          <Tribal_Archer>10</Tribal_Archer>
          <Tribal_Hunter>10</Tribal_Hunter>
          <Tribal_HeavyArcher>10</Tribal_HeavyArcher>
          <Tribal_Berserker>5</Tribal_Berserker>
          <Tribal_ChiefRanged>3</Tribal_ChiefRanged>
          <Tribal_ChiefMelee>1.5</Tribal_ChiefMelee>
        </options>
      </li>
      <li>
        <!-- Normal fights, ranged only -->
        <kindDef>Combat</kindDef>
        <commonality>60</commonality>
        <options>
          <Tribal_Archer>10</Tribal_Archer>
          <Tribal_Hunter>10</Tribal_Hunter>
          <Tribal_HeavyArcher>10</Tribal_HeavyArcher>
          <Tribal_ChiefRanged>5</Tribal_ChiefRanged>
        </options>
      </li>
      <li>
        <!-- Normal fights, melee only -->
        <kindDef>Combat</kindDef>
        <commonality>60</commonality>
        <options>
          <Tribal_Penitent>10</Tribal_Penitent>
          <Tribal_Warrior>10</Tribal_Warrior>
          <Tribal_Berserker>10</Tribal_Berserker>
          <Tribal_ChiefMelee>5</Tribal_ChiefMelee>
      </options>
      </li>
      <li>
        <!-- Peaceful -->
        <kindDef>Peaceful</kindDef>
        <options>
          <Tribal_Warrior>20</Tribal_Warrior>
          <Tribal_Archer>10</Tribal_Archer>
          <Tribal_Hunter>10</Tribal_Hunter>
          <Tribal_HeavyArcher>10</Tribal_HeavyArcher>
          <Tribal_Berserker>5</Tribal_Berserker>
          <Tribal_ChiefRanged>3</Tribal_ChiefRanged>
          <Tribal_ChiefMelee>1.5</Tribal_ChiefMelee>
        </options>
      </li>
      <li>
        <kindDef>Trader</kindDef>
        <traders>
          <Tribal_Trader>1</Tribal_Trader>
        </traders>
        <carriers>
          <Muffalo>6</Muffalo>
          <Dromedary>5</Dromedary>
          <Alpaca>2.5</Alpaca>
          <Elephant>2</Elephant>
        </carriers>
        <guards>
          <Tribal_Warrior>7</Tribal_Warrior>
          <Tribal_Archer>10</Tribal_Archer>
          <Tribal_Hunter>10</Tribal_Hunter>
          <Tribal_HeavyArcher>10</Tribal_HeavyArcher>
          <Tribal_Berserker>7</Tribal_Berserker>
        </guards>
      </li>
      <li>
        <kindDef>FactionBase</kindDef>
        <options>
          <Tribal_Warrior>7</Tribal_Warrior>
          <Tribal_Archer>10</Tribal_Archer>
          <Tribal_Hunter>10</Tribal_Hunter>
          <Tribal_HeavyArcher>10</Tribal_HeavyArcher>
          <Tribal_Berserker>7</Tribal_Berserker>
          <Tribal_ChiefRanged>10</Tribal_ChiefRanged>
        </options>
      </li>
    </pawnGroupMakers>
    <homeIconPath>World/WorldObjects/TribalFactionBase</homeIconPath>
  </FactionDef>

  <FactionDef ParentName="TribeBase">
    <defName>TribeCivil</defName>
    <label>gentle tribe</label>
    <description>These people have been here a very long time. Maybe their ancestors crashed here a thousand years ago. Maybe they survived some cataclysm that destroyed a technological civilization here. In any case, the tribals are mostly nomadic people who live off the land using primitive tools and weapons.\n\nDespite their apparent technological weakness, the tribals can be dangerous enemies and valuable friends because of their skill with low-tech warfare, their numbers, and their hardiness.\n\nThis particular tribe pursues a gentle way of life where they can. They are quite open to trade and alliances, even with strange peoples.</description>
    <startingGoodwill>
      <min>-0</min>
      <max>0</max>
    </startingGoodwill>
    <naturalColonyGoodwill>
      <min>-50</min>
      <max>50</max>
    </naturalColonyGoodwill>
  </FactionDef>

  <FactionDef ParentName="TribeBase">
    <defName>TribeRough</defName>
    <label>savage tribe</label>
    <description>These people have been here a very long time. Maybe their ancestors crashed here a thousand years ago. Maybe they survived some cataclysm that destroyed a technological civilization here. In any case, the tribals are mostly nomadic people who live off the land using primitive tools and weapons.\n\nDespite their apparent technological weakness, the tribals can be dangerous enemies and valuable friends because of their skill with low-tech warfare, their numbers, and their hardiness.\n\nThis particular tribe values warlike dominance; it may be difficult to turn them into an ally.</description>
    <startingGoodwill>
      <min>-20</min>
      <max>-20</max>
    </startingGoodwill>
    <naturalColonyGoodwill>
      <min>-100</min>
      <max>-80</max>
    </naturalColonyGoodwill>
  </FactionDef>



  <FactionDef>
		<defName>Pirate</defName>
		<label>pirate band</label>
    <description>A loose confederation of pirate gangs who've agreed to mostly fight outsiders instead of fighting each other.\n\nPirates don't sow, they don't build, and they rarely trade. Driven by a blood-and-honor culture that values personal strength and ruthlessness, they enrich themselves by raiding and robbing their more productive neighbors.\n\nTheir technology level depends mostly on who they've managed to steal from recently. Mostly they carry gunpowder weapons, though some prefer to stab victims at close range.</description>
    <pawnSingular>pirate</pawnSingular>
    <pawnsPlural>pirates</pawnsPlural>
    <listOrderPriority>10</listOrderPriority>
    <settlementGenerationWeight>1</settlementGenerationWeight>
    <requiredCountAtGameStart>1</requiredCountAtGameStart>
    <maxCountAtGameStart>1</maxCountAtGameStart>
    <canMakeRandomly>true</canMakeRandomly>
    <canSiege>true</canSiege>
    <canStageAttacks>true</canStageAttacks>
    <leaderTitle>boss</leaderTitle>
    <expandingIconTexture>World/WorldObjects/Expanding/PirateOutpost</expandingIconTexture>
    <colorSpectrum>
      <li>(0.45, 0.03, 0.02)</li>
      <li>(0.8, 0.08, 0.18)</li>
      <li>(0.92, 0.62, 0.06)</li>
    </colorSpectrum>
    <permanentEnemy>true</permanentEnemy>
		<factionNameMaker>NamerFactionPirate</factionNameMaker>
    <settlementNameMaker>NamerSettlementPirate</settlementNameMaker>
		<techLevel>Spacer</techLevel>
		<backstoryCategory>Raider</backstoryCategory>
		<geneticVariance>0.8</geneticVariance>
		<hairTags>
			<li>Punk</li>
		</hairTags>
    <allowedArrivalTemperatureRange>
      <min>-40</min>
      <max>45</max>
    </allowedArrivalTemperatureRange>
    <maxPawnCostPerTotalPointsCurve>
      <points>
        <li>(0,35)</li>
        <li>(70, 50)</li>
        <li>(700, 100)</li>
        <li>(1300, 150)</li>
        <li>(100000, 10000)</li>
      </points>
    </maxPawnCostPerTotalPointsCurve>
    <pawnGroupMakers>
      <li>
				<!-- Normal fights, ranged with melee mix-ins -->
				<kindDef>Combat</kindDef>
        <commonality>100</commonality>
        <options>
          <Drifter>10</Drifter>
					<Thrasher>3</Thrasher>
          <Scavenger>10</Scavenger>
          <Pirate>10</Pirate>
          <Grenadier_EMP>0.5</Grenadier_EMP>
          <Grenadier_Destructive>2</Grenadier_Destructive>
          <Mercenary_Gunner>10</Mercenary_Gunner>
          <Mercenary_Heavy>6</Mercenary_Heavy>
          <Mercenary_Slasher>3</Mercenary_Slasher>
          <Mercenary_Sniper>7</Mercenary_Sniper>
          <Mercenary_Elite>10</Mercenary_Elite>
          <PirateBoss>5</PirateBoss>
        </options>
      </li>
      <li>
        <!-- Normal fights, melee-only -->
        <kindDef>Combat</kindDef>
        <commonality>30</commonality>
        <disallowedStrategies>
          <li>Siege</li>
        </disallowedStrategies>
        <options>
          <Thrasher>10</Thrasher>
          <Mercenary_Slasher>10</Mercenary_Slasher>
          <PirateBoss>5</PirateBoss>
        </options>
      </li>
      <li>
        <!-- Normal fights, ranged only -->
        <kindDef>Combat</kindDef>
        <commonality>20</commonality>
        <options>
          <Scavenger>10</Scavenger>
          <Pirate>10</Pirate>
          <Grenadier_EMP>0.5</Grenadier_EMP>
          <Grenadier_Destructive>2</Grenadier_Destructive>
          <Mercenary_Gunner>10</Mercenary_Gunner>
          <Mercenary_Heavy>6</Mercenary_Heavy>
          <Mercenary_Sniper>7</Mercenary_Sniper>
          <Mercenary_Elite>10</Mercenary_Elite>
          <PirateBoss>5</PirateBoss>
        </options>
      </li>
      <li>
        <!-- Normal fights, explosives with ranged mix-ins -->
        <kindDef>Combat</kindDef>
        <commonality>15</commonality>
        <disallowedStrategies>
          <li>Siege</li>
        </disallowedStrategies>
        <options>
          <Grenadier_EMP>1</Grenadier_EMP>
          <Grenadier_Destructive>10</Grenadier_Destructive>
          <Mercenary_Gunner>1</Mercenary_Gunner>
          <Mercenary_Heavy>10</Mercenary_Heavy>
          <Mercenary_Elite>1</Mercenary_Elite>
          <PirateBoss>1</PirateBoss>
        </options>
      </li>
      <li>
        <!-- Normal fights, snipers only -->
        <kindDef>Combat</kindDef>
        <commonality>10</commonality>
        <options>
          <Mercenary_Sniper>10</Mercenary_Sniper>
        </options>
      </li>
      <li>
        <!-- Normal fights, drifters only (very rare) -->
        <kindDef>Combat</kindDef>
        <commonality>2.5</commonality>
        <maxTotalPoints>1000</maxTotalPoints>
        <options>
          <Drifter>10</Drifter>
        </options>
      </li>
      <li>
				<!-- Base defense, mainly ranged with melee mix-ins -->
				<kindDef>FactionBase</kindDef>
        <options>
          <Thrasher>3</Thrasher>
          <Pirate>10</Pirate>
          <Grenadier_Destructive>2</Grenadier_Destructive>
					<Mercenary_Slasher>3</Mercenary_Slasher>
					<Mercenary_Sniper>10</Mercenary_Sniper>
					<Mercenary_Gunner>10</Mercenary_Gunner>
					<Mercenary_Elite>10</Mercenary_Elite>
          <PirateBoss>10</PirateBoss>
        </options>
      </li>
    </pawnGroupMakers>
    <homeIconPath>World/WorldObjects/DefaultFactionBase</homeIconPath>
  </FactionDef>

</Defs>