﻿<?xml version="1.0" encoding="utf-8" ?>
<Defs>

  <FactionDef Abstract="True" Name="PlayerFactionBase">
    <homeIconPath>World/WorldObjects/DefaultFactionBase</homeIconPath>
    <colorSpectrum>
      <li>(0, 0.737, 0.847)</li>
    </colorSpectrum>
  </FactionDef>
  
  <FactionDef ParentName="PlayerFactionBase">
    <defName>PlayerColony</defName>
    <label>New Arrivals</label>
    <description>Your own community.</description>
    <isPlayer>true</isPlayer>
    <basicMemberKind>Colonist</basicMemberKind>
    <pawnsPlural>colonists</pawnsPlural>
    <techLevel>Industrial</techLevel>
    <backstoryCategory>Civil</backstoryCategory>
    <expandingIconTexture>World/WorldObjects/Expanding/Town</expandingIconTexture>
		<baseNameMaker>NamerFactionBasePlayerColony</baseNameMaker>
		<baseNameMakerPlayer>NamerFactionPlayerColonyRandomized</baseNameMakerPlayer>
		<factionNameMakerPlayer>NamerFactionBasePlayerColonyRandomized</factionNameMakerPlayer>
		<geneticVariance>1</geneticVariance>
		<startingResearchTags>
			<li>ClassicStart</li>
		</startingResearchTags>
		<hairTags>
			<li>Urban</li>
		</hairTags>
		<apparelStuffFilter>
			<thingDefs>
				<li>Synthread</li>
			</thingDefs>
		</apparelStuffFilter>
	</FactionDef>
  
  <FactionDef ParentName="PlayerFactionBase">
    <defName>PlayerTribe</defName>
    <label>New Tribe</label>
    <description>Your own tribe.</description>
    <isPlayer>true</isPlayer>
    <pawnsPlural>tribespeople</pawnsPlural>
    <basicMemberKind>Tribesperson</basicMemberKind>
		<techLevel>Neolithic</techLevel>
		<backstoryCategory>Tribal</backstoryCategory>
		<expandingIconTexture>World/WorldObjects/Expanding/Village</expandingIconTexture>
		<homeIconPath>World/WorldObjects/TribalFactionBase</homeIconPath>
		<pawnNameMaker>NamerPersonTribal</pawnNameMaker>
		<baseNameMaker>NamerFactionBasePlayerTribe</baseNameMaker>
		<baseNameMakerPlayer>NamerFactionTribal</baseNameMakerPlayer>
		<factionNameMakerPlayer>NamerFactionBaseTribal</factionNameMakerPlayer>
		<geneticVariance>1</geneticVariance>
		<startingResearchTags>
      <li>TribalStart</li>
    </startingResearchTags>
    <hairTags>
      <li>Tribal</li>
    </hairTags>
    <apparelStuffFilter>
      <thingDefs>
        <li>Cloth</li>
      </thingDefs>
    </apparelStuffFilter>
    <recipePrerequisiteTags>
      <li>Tribal</li>
    </recipePrerequisiteTags>
    </FactionDef>

</Defs>
