﻿<?xml version="1.0" encoding="utf-8" ?>
<Defs>

	<FactionDef Abstract="True" Name="SpacerBase">
		<label>spacer</label>
		<description>People from the distant reaches of space.</description>
		<pawnsPlural>spacers</pawnsPlural>
		<requiredCountAtGameStart>1</requiredCountAtGameStart>
		<fixedName>Spacer</fixedName>
		<techLevel>Spacer</techLevel>
		<backstoryCategory>Civil</backstoryCategory>
		<hidden>true</hidden>
		<rescueesCanJoin>true</rescueesCanJoin>
		<autoFlee>false</autoFlee>
		<geneticVariance>1</geneticVariance>
		<hairTags>
			<li>Urban</li>
		</hairTags>
		<apparelStuffFilter>
			<thingDefs>
				<li>Synthread</li>
				<li>Hyperweave</li>
			</thingDefs>
		</apparelStuffFilter>
	</FactionDef>

	<FactionDef ParentName="SpacerBase">
		<defName>Spacer</defName>
  </FactionDef>

  <FactionDef ParentName="SpacerBase">
    <defName>SpacerHostile</defName>
    <startingGoodwill>
      <min>-100</min>
      <max>-100</max>
    </startingGoodwill>
    <naturalColonyGoodwill>
      <min>-100</min>
      <max>-100</max>
    </naturalColonyGoodwill>
  </FactionDef>

  <FactionDef>
    <defName>Mechanoid</defName>
    <label>mechanoid hive</label>
    <description>A hive of ancient self-replicating machines.</description>
    <pawnsPlural>mechanoids</pawnsPlural>
    <requiredCountAtGameStart>1</requiredCountAtGameStart>
    <fixedName>a mechanoid hive</fixedName>
		<raidCommonalityFromPointsCurve>
			<points>
				<li>(1000, 0.4)</li>
				<li>(2500, 1)</li>
			</points>
		</raidCommonalityFromPointsCurve>
    <humanlikeFaction>false</humanlikeFaction>
    <hidden>true</hidden>
    <autoFlee>false</autoFlee>
    <canUseAvoidGrid>false</canUseAvoidGrid>
    <techLevel>Ultra</techLevel>
    <earliestRaidDays>45</earliestRaidDays>
    <startingGoodwill>
      <min>-100</min>
      <max>-100</max>
    </startingGoodwill>
    <mustStartOneEnemy>true</mustStartOneEnemy>
    <naturalColonyGoodwill>
      <min>-100</min>
      <max>-100</max>
    </naturalColonyGoodwill>
		<maxPawnOptionCostFactor>3.0</maxPawnOptionCostFactor>
    <pawnGroupMakers>
      <li>
        <kindDef>Normal</kindDef>
        <options>
            <Centipede>100</Centipede>
            <Scyther>100</Scyther>
        </options>
      </li>
    </pawnGroupMakers>
    <homeIconPath>World/WorldObjects/DefaultFactionBase</homeIconPath>
    <allowedArrivalTemperatureRange>
      <min>-100</min>
      <max>200</max>
    </allowedArrivalTemperatureRange>
  </FactionDef>

  <FactionDef>
    <defName>Insect</defName>
    <label>insects</label>
    <description>Usually aggressive and intrusive insects.</description>
    <pawnsPlural>insects</pawnsPlural>
    <requiredCountAtGameStart>1</requiredCountAtGameStart>
    <fixedName>insects</fixedName>
		<raidCommonalityFromPointsCurve>
			<points>
				<li>(0, 0)</li>
			</points>
		</raidCommonalityFromPointsCurve>
    <humanlikeFaction>false</humanlikeFaction>
    <hidden>true</hidden>
    <autoFlee>false</autoFlee>
    <canUseAvoidGrid>false</canUseAvoidGrid>
    <techLevel>Animal</techLevel>
    <startingGoodwill>
      <min>-100</min>
      <max>-100</max>
    </startingGoodwill>
    <mustStartOneEnemy>true</mustStartOneEnemy>
    <naturalColonyGoodwill>
      <min>-100</min>
      <max>-100</max>
    </naturalColonyGoodwill>
    <homeIconPath>World/WorldObjects/DefaultFactionBase</homeIconPath>
    <allowedArrivalTemperatureRange>
      <min>0</min>
      <max>45</max>
    </allowedArrivalTemperatureRange>
  </FactionDef>
  
</Defs>
