﻿<?xml version="1.0" encoding="utf-8" ?>
<Defs>
  <RulePackDef>
    <defName>Combat_MeleeIncludes</defName>
    <rulePack>
      <rulesStrings>
        <li>r_logentry->[action], [result].</li>
        <li>r_logentry(p=0.2)->[action].</li>

        <li>implement(IMPLEMENTOWNER_type==weapon,p=2)->[INITIATOR_possessive] [WEAPON_label]'s [TOOL_label]</li>
        <li>implement(IMPLEMENTOWNER_type==weapon,p=1)->[INITIATOR_possessive] [WEAPON_label]</li>
        <li>implement(IMPLEMENTOWNER_type==weapon,p=1)->a [WEAPON_label]'s [TOOL_label]</li>
        <li>implement(IMPLEMENTOWNER_type==weapon,p=0.5)->a [WEAPON_label]</li>

        <li>implement(IMPLEMENTOWNER_type==bodypart,p=2)->[INITIATOR_possessive] [TOOL_label]</li>
        <li>implement(IMPLEMENTOWNER_type==bodypart,p=1)->[INITIATOR_possessive] [adjective_bodypart] [TOOL_label]</li>

        <li>implement(IMPLEMENTOWNER_type==hediff,p=2)->[INITIATOR_possessive] [WEAPON_label]'s [TOOL_label]</li>
        <li>implement(IMPLEMENTOWNER_type==hediff,p=1)->[INITIATOR_possessive] [WEAPON_label]</li>
        <li>implement(IMPLEMENTOWNER_type==hediff,p=1)->[INITIATOR_possessive] [TOOL_label]</li>

        <li>adjective_bodypart->hard</li>
        <li>adjective_bodypart->strong</li>
        <li>adjective_bodypart->powerful</li>
        <li>adjective_bodypart->forceful</li>
        <li>adjective_bodypart->mighty</li>
        <li>adjective_bodypart->rugged</li>
        <li>adjective_bodypart->stout</li>
        <li>adjective_bodypart->sturdy</li>
        <li>adjective_bodypart->solid</li>
        <li>adjective_bodypart->tough</li>
        <li>adjective_bodypart(initiator_flesh==True)->calloused</li>
        <li>adjective_bodypart->firm</li>

        <li>targetlist(recipient_part_count==1)->[recipient_part0_label]</li>
        <li>targetlist(recipient_part_count==2)->[recipient_part0_label] and [recipient_part1_label]</li>
        <li>targetlist(recipient_part_count==3)->[recipient_part0_label], [recipient_part1_label], and [recipient_part2_label]</li>
        <li>targetlist->[recipient_part0_label], [recipient_part1_label], [recipient_part2_label], and [recipient_part3_label]</li>
        <!-- don't include constraint; this acts as a fallback for >=4-->

        <li>damaged_present(deflected!=True)->wounding</li>
        <li>damaged_present(deflected!=True)->injuring</li>

        <li>destroyed(p=0.5)->destroyed</li>
        <li>destroyed(p=0.5)->demolished</li>
        <li>destroyed(p=0.5)->ruined</li>
        <li>destroyed(p=0.5)->wrecked</li>

        <li>wince(recipient_flesh==Normal)->wince</li>
        <li>wince(recipient_flesh==Normal)->grimace</li>
        <li>wince(recipient_flesh==Normal)->cringe</li>
        <li>wince(recipient_flesh==Normal)->groan</li>
        <li>wince(recipient_flesh!=Mechanoid)->scream</li>
        <li>wince(recipient_flesh!=Mechanoid)->shout</li>
        <li>wince->recoil</li>
        <li>wince->stumble</li>

        <li>painstate->in</li>
        <li>painstate->with</li>
        <li>painstate->from the</li>

        <li>painevent(recipient_flesh!=Mechanoid)->[painstate] pain</li>
        <li>painevent(recipient_flesh!=Mechanoid)->[painstate] agony</li>
        <li>painevent(recipient_flesh==Normal)->with misery</li>
        <li>painevent->from the injury</li>
        <li>painevent->from the wound</li>

        <li>to->to</li>
        <li>to->into</li>
      </rulesStrings>
    </rulePack>
  </RulePackDef>
  
  <RulePackDef>
    <defName>Combat_MeleeDamageIncludes</defName>
    <rulePack>
      <rulesStrings>
        <li>result(p=0.5)->[damaged_present] [RECIPIENT_possessive] [targetlist]</li>
        <li>result(p=0.1)->[damaged_present] [RECIPIENT_possessive] [targetlist] [adverb_flavortext]</li>
        <li>result(p=0.1)->[damaged_present] [RECIPIENT_possessive] [targetlist] [flavortext_situation]</li>
        <li>result(p=0.1)->[damaged_present] [RECIPIENT_possessive] [targetlist] and [flavortext_consequence]</li>
        
        <li>adverb_flavortext->painfully</li>
        <li>adverb_flavortext->brutally</li>
        <li>adverb_flavortext->horribly</li>
        <li>adverb_flavortext->agonizingly</li>
        <li>adverb_flavortext->fiercely</li>
        <li>adverb_flavortext->ruthlessly</li>
        <li>adverb_flavortext->savagely</li>
        <li>adverb_flavortext->viciously</li>
        <li>adverb_flavortext->mercilessly</li>
        <li>adverb_flavortext->heartlessly</li>

        <li>flavortext_situation(recipient_flesh!=Mechanoid)->in an explosion of gore</li>
        <li>flavortext_situation(recipient_flesh==Mechanoid)->in an explosion of scrap</li>
        <li>flavortext_situation->without emotion</li>
        <li>flavortext_situation(p=0.4)->while wearing a blank look</li>
        <li>flavortext_situation(p=0.2,initiator_flesh==Normal)->while wearing a savage look</li>
        <li>flavortext_situation(p=0.2,initiator_flesh==Normal)->while wearing a [AdjectiveBadass] look</li>
        <li>flavortext_situation(p=0.2,initiator_flesh==Normal)->while grimacing</li>
        <li>flavortext_situation(p=0.2,initiator_flesh==Normal)->while laughing</li>
        <li>flavortext_situation(p=0.2,initiator_flesh==Normal)->while smirking</li>

        <li>flavortext_consequence(recipient_flesh!=Mechanoid)->leaving a disgusting wound</li>
        <li>flavortext_consequence->leaving a horrific wound</li>
        
        <li>flavortext_consequence(recipient_flesh!=Mechanoid)->making [RECIPIENT_objective] [wince] [painevent]</li>
        <li>flavortext_consequence(p=0.2)->throwing [RECIPIENT_objective] off balance</li>
      </rulesStrings>
    </rulePack>
  </RulePackDef>

  <RulePackDef>
    <defName>Combat_WoundIncludes</defName>
    <rulePack>
      <rulesStrings>
        <li>destroyed_targets(recipient_part_destroyed_count==1)->[recipient_part_destroyed0_label]</li>
        <li>destroyed_targets(recipient_part_destroyed_count==2)->[recipient_part_destroyed0_label] and [recipient_part_destroyed1_label]</li>
        <li>destroyed_targets(recipient_part_destroyed_count==3)->[recipient_part_destroyed0_label], [recipient_part_destroyed1_label], and [recipient_part_destroyed2_label]</li>
        <li>destroyed_targets->[recipient_part_destroyed0_label], [recipient_part_destroyed1_label], [recipient_part_destroyed2_label], and [recipient_part_destroyed3_label]</li> <!-- fallback for 4+ -->

        <li>damaged_targets(recipient_part_damaged_count==1)->[recipient_part_damaged0_label]</li>
        <li>damaged_targets(recipient_part_damaged_count==2)->[recipient_part_damaged0_label] and [recipient_part_damaged1_label]</li>
        <li>damaged_targets(recipient_part_damaged_count==3)->[recipient_part_damaged0_label], [recipient_part_damaged1_label], and [recipient_part_damaged2_label]</li>
        <li>damaged_targets->[recipient_part_damaged0_label], [recipient_part_damaged1_label], [recipient_part_damaged2_label], and [recipient_part_damaged3_label]</li> <!-- fallback for 4+ -->

        <li>expertly->expertly</li>
        <li>expertly->adeptly</li>
        <li>expertly->adroitly</li>
        <li>expertly->deftly</li>
        <li>expertly->skillfully</li>
        <li>expertly->slickly</li>
        <li>expertly->professionally</li>
        <li>expertly->aptly</li>
        <li>expertly->dexterously</li>
        <li>expertly->cleverly</li>
        <li>expertly->masterfully</li>
        <li>expertly->artistically</li>
        <li>expertly->with skill</li>
        <li>expertly->with impressive experience</li>
        <li>expertly->with flair</li>
        <li>expertly->with care</li>
        <li>expertly->with precision</li>
        <li>expertly->with proficiency</li>
        <li>expertly->with strength</li>
        <li>expertly->with dexterity</li>
        <li>expertly->with mastery</li>
        <li>expertly->with artistry</li>
        <li>expertly->with professionalism</li>
        <li>expertly->like a virtuoso</li>
        <li>expertly->like an expert</li>
        <li>expertly->like a master</li>
        <li>expertly->like an artist</li>
        <li>expertly->like a pro</li>

        <li>expert->expert</li>
        <li>expert->adept</li>
        <li>expert->adroit</li>
        <li>expert->deft</li>
        <li>expert->skillful</li>
        <li>expert->slick</li>
        <li>expert->professional</li>
        <li>expert->apt</li>
        <li>expert->dexterous</li>
        <li>expert->clever</li>
        <li>expert->masterful</li>
        <li>expert->artistic</li>
      </rulesStrings>
    </rulePack>
  </RulePackDef>

  <RulePackDef>
    <defName>Combat_DeflectIncludes</defName>
    <rulePack>
      <rulesStrings>
        <li>scraped_present->glancing</li>
        <li>scraped_present->bouncing</li>
        <li>scraped_present->grazing</li>
        <li>scraped_present->caroming</li>
        <li>scraped_present->skipping</li>
        <li>scraped_present->skating</li>

        <li>scraped_past->glanced</li>
        <li>scraped_past->bounced</li>
        <li>scraped_past->grazed</li>
        <li>scraped_past->caromed</li>
        <li>scraped_past->skipped</li>
        <li>scraped_past->skated</li>
      </rulesStrings>
    </rulePack>
  </RulePackDef>
  
  <RulePackDef>
    <defName>Combat_Hit</defName>
    <include>
      <li>Combat_MeleeIncludes</li>
      <li>Combat_MeleeDamageIncludes</li>
      <li>Combat_WoundIncludes</li>
    </include>
    <rulePack>
      <rulesStrings>
        <li>r_logentry(p=0.3)->[INITIATOR_definite] [damaged_past] [RECIPIENT_definite] in the [recipient_part0_label].</li>
        <li>r_logentry(p=0.1)->[INITIATOR_definite] [damaged_past] [RECIPIENT_definite] in the [recipient_part0_label] [adverb_flavortext].</li>
        <li>r_logentry(p=0.1)->[INITIATOR_definite] [damaged_past] [RECIPIENT_definite] in the [recipient_part0_label] [flavortext_situation].</li>
        <li>r_logentry(p=0.1)->[INITIATOR_definite] [damaged_past] [RECIPIENT_definite] in the [recipient_part0_label], [flavortext_consequence].</li>
        <li>r_logentry(p=0.07)->[INITIATOR_definite], wielding [INITIATOR_possessive] [WEAPON_label] [expertly], [damaged_past] [RECIPIENT_definite] in the [recipient_part0_label].</li>
        <li>r_logentry(p=0.03)->[INITIATOR_definite], wielding [INITIATOR_possessive] [WEAPON_label] [expertly], [adverb_flavortext] [damaged_past] [RECIPIENT_definite] in the [recipient_part0_label].</li>

        <!-- combined high priority, if we destroyed something -->
        <li>r_logentry(p=0.3)->[INITIATOR_definite] [destroyed_past] [RECIPIENT_definite]'s [destroyed_targets].</li>
        <li>r_logentry(p=0.3)->[INITIATOR_definite] [destroyed_past] [RECIPIENT_definite]'s [destroyed_targets] [destroyed_suffix].</li>
        <li>r_logentry(p=0.3)->[INITIATOR_definite] [destroyed_past] [RECIPIENT_definite]'s [destroyed_targets] [expertly].</li>
        <li>r_logentry(p=0.3)->[INITIATOR_definite] [destroyed_past] [RECIPIENT_definite]'s [destroyed_targets] with [implement].</li>

        <li>result(p=1,recipient_part_damaged_count==0)->[destroyed_present] [RECIPIENT_possessive] [destroyed_targets]</li>
        <li>result(p=1,recipient_part_destroyed_count==0)->[damaged_present] [RECIPIENT_possessive] [damaged_targets]</li>
        <li>result(p=1)->[destroyed_present] [RECIPIENT_possessive] [destroyed_targets] and [damaged_present] [RECIPIENT_possessive] [damaged_targets]</li>
        
        <li>action(p=0.3)->[INITIATOR_definite] hit [RECIPIENT_definite] with a [damaged_inf] from [implement]</li>
        <li>action(p=0.3)->[INITIATOR_definite] used [implement] to [damaged_inf] [RECIPIENT_definite]</li>
        <li>action->[INITIATOR_definite] [damaged_past] [RECIPIENT_definite] with [implement]</li>
        <li>action(p=0.6)->[INITIATOR_definite] [damaged_past] [RECIPIENT_definite]</li>
      </rulesStrings>
    </rulePack>
  </RulePackDef>

  <RulePackDef>
    <defName>Combat_Deflect</defName>
    <include>
      <li>Combat_MeleeIncludes</li>
      <li>Combat_DeflectIncludes</li>
    </include>
    <rulePack>
      <rulesStrings>
        <li>r_logentry(p=1)->[INITIATOR_definite] [damaged_past] [at] [RECIPIENT_definite] in the [recipient_part0_label] [deflected_result].</li>
        <li>r_logentry(p=0.3)->[INITIATOR_definite], wielding [INITIATOR_possessive] [WEAPON_label] [expertly], [damaged_past] [RECIPIENT_definite] in the [recipient_part0_label] [deflected_result].</li>

        <li>r_logentry(p=0.3)->[INITIATOR_definite] hit [RECIPIENT_definite] with a [damaged_inf] from [implement] [deflected_result].</li>
        <li>r_logentry(p=0.3)->[INITIATOR_definite] used [implement] to [damaged_inf] [RECIPIENT_definite] [deflected_result].</li>
        <li>r_logentry(p=0.6)->[INITIATOR_definite] [damaged_past] [at] [RECIPIENT_definite] with [implement] [deflected_result].</li>
        <li>r_logentry(p=0.6)->[INITIATOR_definite] [damaged_past] [at] [RECIPIENT_definite] [deflected_result].</li>

        <li>at-></li>
        <li>at->at</li>
        
        <li>deflected_result-> [adverb_deflected]</li>
        <li>deflected_result->, [deflected_consequence]</li>

        <li>adverb_deflected_opt(p=4)-></li>
        <li>adverb_deflected_opt->[adverb_deflected]</li>
        
        <li>adverb_deflected->harmlessly</li>
        <li>adverb_deflected->uselessly</li>
        
        <li>deflected_consequence->but the [TOOL_label] [scraped_past] off [adverb_deflected_opt]</li>
        <li>deflected_consequence->[scraped_present] off [RECIPIENT_possessive] armor [adverb_deflected_opt]</li>

        <li>scraped_present->scraping</li>
        <li>scraped_present->sliding</li>

        <li>scraped_past->scraped</li>
        <li>scraped_past->slid</li>
      </rulesStrings>
    </rulePack>
  </RulePackDef>

  <RulePackDef>
    <defName>Combat_FailIncludes</defName>
    <rulePack>
      <rulesStrings>
        <li>action->[INITIATOR_definite] [tried] to [damaged_inf] [RECIPIENT_definite]</li>
        <li>action->[INITIATOR_definite] [tried] to [damaged_inf] [RECIPIENT_definite] with [implement]</li>
        <li>action->[INITIATOR_definite] [tried] to use [implement] to [damaged_inf] [RECIPIENT_definite]</li>
        <li>action->[INITIATOR_definite] swung [INITIATOR_possessive] [WEAPON_label] at [RECIPIENT_definite]</li>
        <li>action(p=0.3)->[INITIATOR_definite] [verb_genericattack] [towardsat] [RECIPIENT_definite] with [implement]</li>
        <li>action(p=0.3)->[INITIATOR_definite] [verb_genericattack] [towardsat] [RECIPIENT_definite]</li>
        <li>action(p=0.3)->[INITIATOR_definite] [verb_genericattack] with [implement]</li>

        <li>towardsat->towards</li>
        <li>towardsat->at</li>
        
        <li>verb_genericattack->swung</li>
        <li>verb_genericattack->flailed</li>
        <li>verb_genericattack->thrashed</li>

        <li>tried->tried</li>
        <li>tried->attempted</li>
      </rulesStrings>
    </rulePack>
  </RulePackDef>
  
  <RulePackDef>
    <defName>Combat_Miss</defName>
    <include>
      <li>Combat_MeleeIncludes</li>
      <li>Combat_FailIncludes</li>
    </include>
    <rulePack>
      <rulesStrings>
        <li>r_logentry(p=0.2)->[RECIPIENT_definite] avoided [INITIATOR_definite]'s [WEAPON_label] [damaged_inf].</li>
        <li>r_logentry(p=0.2)->[INITIATOR_definite] missed [RECIPIENT_definite] with a [damaged_inf] from [implement].</li>
        
        <li>r_logentry(p=0.2)->[INITIATOR_definite] [failtype] while trying to [damaged_inf] [RECIPIENT_definite] with [implement].</li>
        <li>r_logentry(p=0.2)->[INITIATOR_definite] [failtype] while trying to [damaged_inf] [RECIPIENT_definite].</li>
        <li>r_logentry(p=0.2)->[INITIATOR_definite] [failtype].</li>
        
        <li>failtype->stumbled</li>
        <li>failtype->tripped</li>
        <li>failtype->flailed</li>
        <li>failtype->floundered</li>
        <li>failtype->missed</li>

        <li>result->but missed</li>
        <li>result->but hit only air</li>
        <li>result->but the swing went wide</li>
        <li>result->but stumbled at the last second</li>
        <li>result(initiator_flesh!=Mechanoid)->but hesitated at the last second</li>
      </rulesStrings>
    </rulePack>
  </RulePackDef>

  <RulePackDef>
    <defName>Combat_Dodge</defName>
    <include>
      <li>Combat_MeleeIncludes</li>
      <li>Combat_FailIncludes</li>
    </include>
    <rulePack>
      <rulesStrings>
        <li>r_logentry(p=0.2)->[RECIPIENT_definite] dodged [INITIATOR_definite]'s [damaged_inf] from [implement].</li>
        <li>r_logentry(p=0.2)->[RECIPIENT_definite] dodged [INITIATOR_definite]'s [damaged_inf].</li>

        <li>result->but [RECIPIENT_definite] leapt out of the way</li>
        <li>result->but was deceived by [RECIPIENT_definite]'s feint</li>
        <li>result->but the attack was cleverly avoided</li>
      </rulesStrings>
    </rulePack>
  </RulePackDef>
  
  <RulePackDef>
    <defName>Combat_RangedFire</defName>
    <rulePack>
      <rulesStrings>
        <li>r_logentry->[INITIATOR_definite] [shotat] [RECIPIENT_definite] with [INITIATOR_possessive] [WEAPON_label].</li>
        <li>r_logentry->[INITIATOR_definite] [shot] [INITIATOR_possessive] [WEAPON_label] at [RECIPIENT_definite].</li>
        <li>r_logentry->[INITIATOR_definite] [shotat] [RECIPIENT_definite].</li>
        <li>r_logentry->[INITIATOR_definite] [shot_a] [WEAPON_projectile_label] [burst] at [RECIPIENT_definite].</li>
        <li>r_logentry(RECIPIENT_missing==True)->[INITIATOR_definite] [shot_a] [WEAPON_projectile_label].</li>
        <li>r_logentry(RECIPIENT_missing==True)->[INITIATOR_definite] [shot] [INITIATOR_possessive] [WEAPON_label].</li>

        <li>shot_a->[adverb_shot] [verb_shot] a</li>
        <li>shot_a(p=2)->[verb_shot] a</li>

        <li>shot(p=2)->[verb_shot]</li>
        <li>shot->[adverb_shot] [verb_shot]</li>

        <li>shotat->shot [aburst] at</li>
        <li>shotat->[adverb_shot] shot [aburst] at</li>
        <li>shotat(p=0.5)->tried to shoot [aburst] at</li>
        <li>shotat(p=0.3)->took a shot at</li>
        <li>shotat(p=0.2)->took a [adjective_shot] shot at</li>
        <li>shotat->fired [aburst] at</li>
        <li>shotat->fired [aburst] [adverb_shot] at</li>
        <li>shotat(p=0.5)->aimed and fired [aburst] at</li>
        <li>shotat(p=0.3)->opened fire at</li>

        <li>aburst-></li>
        <li>aburst(BURST==True,p=3)->a burst</li>

        <li>burst-></li>
        <li>burst(BURST==True,p=3)->burst</li>

        <li>verb_shot->shot</li>
        <li>verb_shot->fired</li>
        <li>verb_shot->discharged</li>
        
        <li>adverb_shot->carefully</li>
        <li>adverb_shot->quickly</li>
        <li>adverb_shot->precisely</li>
        <li>adverb_shot->deliberately</li>
        <li>adverb_shot(initiator_flesh!=Mechanoid)->gingerly</li>
        <li>adverb_shot->precisely</li>
        <li>adverb_shot(initiator_flesh!=Mechanoid)->warily</li>

        <li>adjective_shot->careful</li>
        <li>adjective_shot->quick</li>
        <li>adjective_shot->deliberate</li>
        <li>adjective_shot->precise</li>
        <li>adjective_shot(initiator_flesh!=Mechanoid)->wary</li>
      </rulesStrings>
    </rulePack>
  </RulePackDef>

  <RulePackDef>
    <defName>Combat_RangedFire_Thrown</defName>
    <rulePack>
      <rulesStrings>
        <li>r_logentry->[INITIATOR_definite] [threw] [INITIATOR_possessive] [WEAPON_projectile_label] at [RECIPIENT_definite].</li>
        <li>r_logentry->[INITIATOR_definite] [threw_a] [WEAPON_projectile_label] at [RECIPIENT_definite].</li>
        <li>r_logentry(RECIPIENT_missing==True)->[INITIATOR_definite] [threw] [INITIATOR_possessive] [WEAPON_projectile_label].</li>
        <li>r_logentry(RECIPIENT_missing==True)->[INITIATOR_definite] [threw_a] [WEAPON_projectile_label].</li>

        <li>threw_a->[adverb_threw] [verb_threw] a</li>
        <li>threw_a(p=2)->[verb_threw] a</li>

        <li>threw(p=2)->[verb_threw]</li>
        <li>threw->[adverb_threw] [verb_threw]</li>
        
        <li>verb_threw->threw</li>
        <li>verb_threw->flung</li>
        <li>verb_threw->launched</li>

        <li>adverb_threw->carefully</li>
        <li>adverb_threw->quickly</li>
        <li>adverb_threw->precisely</li>
        <li>adverb_threw->deliberately</li>
        <li>adverb_threw(initiator_flesh!=Mechanoid)->gingerly</li>
        <li>adverb_threw->precisely</li>
        <li>adverb_threw(initiator_flesh!=Mechanoid)->warily</li>

        <li>adjective_threw->careful</li>
        <li>adjective_threw->quick</li>
        <li>adjective_threw->deliberate</li>
        <li>adjective_threw->precise</li>
        <li>adjective_threw(initiator_flesh!=Mechanoid)->wary</li>
      </rulesStrings>
    </rulePack>
  </RulePackDef>

  <RulePackDef>
    <defName>Combat_RangedDamage</defName>
    <include>
      <li>Combat_WoundIncludes</li>
    </include>
    <rulePack>
      <rulesStrings>
        <!-- various destroyed options; we allow these even if we could use hybrid, to cut down a bit on clutter -->
        <li>r_logentry->[INITIATOR_definite]'s [WEAPON_projectile_label] [destroyed_past] [RECIPIENT_definite]'s [destroyed_targets].</li>
        <li>r_logentry->[INITIATOR_definite]'s [WEAPON_projectile_label] [destroyed_past] [RECIPIENT_definite]'s [destroyed_targets] [to] [destroyed_suffix].</li>
        <li>r_logentry->[INITIATOR_definite]'s [WEAPON_projectile_label] [destroyed_past] [RECIPIENT_definite]'s [destroyed_targets] [expertly].</li>
        <li>r_logentry(p=2)->[INITIATOR_definite]'s [WEAPON_projectile_label] [missed] [ORIGINALTARGET_definite] and [destroyed_past] [RECIPIENT_definite]'s [destroyed_targets].</li>
        <li>r_logentry(p=2)->[INITIATOR_definite]'s [WEAPON_projectile_label] [missed] [ORIGINALTARGET_definite], [destroyed_present] [RECIPIENT_definite]'s [destroyed_targets].</li>
        <li>r_logentry->[RECIPIENT_definite]'s [destroyed_targets] was [destroyed_past] by [INITIATOR_definite]'s [WEAPON_projectile_label].</li>
        <li>r_logentry->[RECIPIENT_definite]'s [destroyed_targets] was [destroyed_past] by [INITIATOR_definite]'s [expert] [WEAPON_projectile_label].</li>
        <li>r_logentry->[RECIPIENT_definite]'s [destroyed_targets] was [destroyed_past] into [destroyed_suffix] by [INITIATOR_definite]'s [WEAPON_projectile_label].</li>
        
        <!-- various damaged options; don't show if something was destroyed -->
        <li>r_logentry(recipient_part_destroyed_count==0)->[INITIATOR_definite]'s [WEAPON_projectile_label] [damaged_past] [RECIPIENT_definite]'s [damaged_targets].</li>
        <li>r_logentry(recipient_part_destroyed_count==0)->[INITIATOR_definite]'s [WEAPON_projectile_label] [damaged_past] [RECIPIENT_definite]'s [damaged_targets] [expertly].</li>
        <li>r_logentry(recipient_part_destroyed_count==0,p=2)->[INITIATOR_definite]'s [WEAPON_projectile_label] [missed] [ORIGINALTARGET_definite] and [damaged_past] [RECIPIENT_definite]'s [damaged_targets].</li>
        <li>r_logentry(recipient_part_destroyed_count==0,p=2)->[INITIATOR_definite]'s [WEAPON_projectile_label] [missed] [ORIGINALTARGET_definite], [damaged_present] [RECIPIENT_definite]'s [damaged_targets].</li>
        <li>r_logentry(recipient_part_destroyed_count==0)->[RECIPIENT_definite]'s [damaged_targets] was [damaged_past] by [INITIATOR_definite]'s [WEAPON_projectile_label].</li>
        <li>r_logentry(recipient_part_destroyed_count==0)->[RECIPIENT_definite]'s [damaged_targets] was [damaged_past] by [INITIATOR_definite]'s [expert] [WEAPON_projectile_label].</li>
        
        <!-- damaged/destroyed hybrid -->
        <li>r_logentry(p=3)->[INITIATOR_definite]'s [WEAPON_projectile_label] [destroyed_past] [RECIPIENT_definite]'s [destroyed_targets] and [damaged_past] [RECIPIENT_possessive] [damaged_targets].</li>
        <li>r_logentry(p=6)->[INITIATOR_definite]'s [WEAPON_projectile_label] [missed] [ORIGINALTARGET_definite], [destroyed_present] [RECIPIENT_definite]'s [destroyed_targets] and [damaged_present] [RECIPIENT_possessive] [damaged_targets].</li>
        
        <!-- don't mention damage or destruction; uncommon, but intended as a fallback -->
        <li>r_logentry(p=0.2)->[INITIATOR_definite] hit [RECIPIENT_definite] with a [WEAPON_projectile_label].</li>
        <li>r_logentry(p=0.2)->[INITIATOR_definite]'s [WEAPON_projectile_label] hit [RECIPIENT_definite].</li>
        <li>r_logentry(p=0.4)->[INITIATOR_definite] [missed] [ORIGINALTARGET_definite] and hit [RECIPIENT_definite] with a [WEAPON_projectile_label].</li>
        <li>r_logentry(p=0.4)->[INITIATOR_definite]'s [WEAPON_projectile_label] [missed] [ORIGINALTARGET_definite] and hit [RECIPIENT_definite].</li>
        <li>r_logentry(p=0.2)->[INITIATOR_definite] hit [RECIPIENT_definite] with a [WEAPON_projectile_label] intended for [ORIGINALTARGET_definite].</li>
        
        <!-- fallback, also a little variety -->
        <li>weapon_projectile_label(p=0.05)->shot</li>

        <li>destroyed_past->shattered</li>
        <li>destroyed_past->crushed</li>
        <li>destroyed_past->obliterated</li>
        <li>destroyed_past->annihilated</li>
        <li>destroyed_past->pierced</li>
        <li>destroyed_past->perforated</li>
        <li>destroyed_past->punctured</li>

        <li>destroyed_present->shattering</li>
        <li>destroyed_present->crushing</li>
        <li>destroyed_present->obliterating</li>
        <li>destroyed_present->annihilating</li>
        <li>destroyed_present->piercing</li>
        <li>destroyed_present->perforating</li>
        <li>destroyed_present->puncturing</li>

        <li>destroyed_suffix->pieces</li>
        <li>destroyed_suffix->bits</li>
        <li>destroyed_suffix->a fine mist</li>
        <li>destroyed_suffix->fragments</li>
        <li>destroyed_suffix(p=0.5)->a holey mess</li>
        <li>destroyed_suffix(recipient_flesh!=Mechanoid,p=0.2)->ground beef</li>

        <li>damaged_past->wounded</li>
        <li>damaged_past->injured</li>
        <li>damaged_past->pierced</li>
        <li>damaged_past->damaged</li>
        <li>damaged_past->shot</li>

        <li>damaged_present->wounding</li>
        <li>damaged_present->injuring</li>
        <li>damaged_present->piercing</li>
        <li>damaged_present->damaging</li>
        <li>damaged_present->shooting</li>

        <li>damaged_suffix->in an ugly fashion</li>
        <li>damaged_suffix(recipient_flesh!=Mechanoid)->with visible blood</li>
        <li>damaged_suffix(recipient_flesh!=Mechanoid)->with the flesh visible</li>

        <li>to->to</li>
        <li>to->into</li>

        <li>missed->missed</li>
        <li>missed->narrowly missed</li>
      </rulesStrings>
    </rulePack>
  </RulePackDef>

  <RulePackDef>
    <defName>Combat_RangedDeflect</defName>
    <include>
      <li>Combat_DeflectIncludes</li>
    </include>
    <rulePack>
      <rulesStrings>
        <li>r_logentry->[INITIATOR_definite]'s [WEAPON_projectile_label] [damaged_past] [RECIPIENT_definite][damaged_target] [deflected_result].</li>
        <li>r_logentry(p=2)->[INITIATOR_definite]'s [WEAPON_projectile_label] [missed] [ORIGINALTARGET_definite] and [damaged_past] [RECIPIENT_definite][damaged_target_possessive_opt] [deflected_result].</li>
        <li>r_logentry->[RECIPIENT_definite][damaged_target_possessive_opt] was [damaged_past] by [INITIATOR_definite]'s [WEAPON_projectile_label] [deflected_result].</li>

        <li>r_logentry(p=0.2)->[INITIATOR_definite] hit [RECIPIENT_definite][damaged_target_possessive_opt] with a [WEAPON_projectile_label] [deflected_result].</li>
        <li>r_logentry(p=0.2)->[INITIATOR_definite]'s [WEAPON_projectile_label] hit [RECIPIENT_definite][damaged_target_possessive_opt] [deflected_result].</li>
        <li>r_logentry(p=0.4)->[INITIATOR_definite] [missed] [ORIGINALTARGET_definite] and hit [RECIPIENT_definite][damaged_target_possessive_opt] with a [WEAPON_projectile_label] [deflected_result].</li>
        <li>r_logentry(p=0.4)->[INITIATOR_definite]'s [WEAPON_projectile_label] [missed] [ORIGINALTARGET_definite] and hit [RECIPIENT_definite][damaged_target_possessive_opt] [deflected_result].</li>
        <li>r_logentry(p=0.2)->[INITIATOR_definite] hit [RECIPIENT_definite][damaged_target_possessive_opt] with a [WEAPON_projectile_label] intended for [ORIGINALTARGET_definite] [deflected_result].</li>

        <!-- fallback, also a little variety -->
        <li>weapon_projectile_label(p=0.05)->shot</li>

        <li>damaged_target_possessive_opt-></li>
        <li>damaged_target_possessive_opt(recipient_part_damaged0_outside==True)->'s [recipient_part_damaged0_label]</li>

        <li>deflected_result-> [adverb_deflected]</li>
        <li>deflected_result->, [deflected_consequence]</li>

        <li>adverb_deflected_opt(p=4)-></li>
        <li>adverb_deflected_opt->[adverb_deflected]</li>

        <li>adverb_deflected->harmlessly</li>
        <li>adverb_deflected->uselessly</li>

        <li>deflected_consequence->but it [scraped_past] off [adverb_deflected_opt]</li>
        <li>deflected_consequence->[scraped_present] off [RECIPIENT_possessive] armor [adverb_deflected_opt]</li>

        <li>scraped_past->ricocheted</li>

        <li>scraped_present->ricocheting</li>
      
        <li>missed->missed</li>
        <li>missed->narrowly missed</li>
      </rulesStrings>
    </rulePack>
  </RulePackDef>
  
  <RulePackDef>
    <defName>Combat_RangedMiss</defName>
    <rulePack>
      <rulesStrings>
        <li>r_logentry->[INITIATOR_definite]'s [WEAPON_projectile_label] [missed].</li>
      
        <li>r_logentry->[INITIATOR_definite] missed [ORIGINALTARGET_definite].</li>
        <li>r_logentry->[ORIGINALTARGET_definite] [avoidance], [INITIATOR_definite]'s [WEAPON_projectile_label] [missing].</li>

        <li>missed(p=4)->missed</li>
        <li>missed(p=2)->missed by a small margin</li>
        <li>missed(p=2)->missed by a wide margin</li>
        <li>missed->went wide</li>
        <li>missed->flew into the air</li>
        <li>missed->flew high into the air</li>
        <li>missed->dug into the ground</li>
        <li>missed->skipped off the ground and was lost</li>
        <li>missed->dug a divot out of the ground</li>
        <li>missed(p=0.2)->passed within millimeters of [ORIGINALTARGET_definite]</li>
        <li>missed->passed within centimeters of [ORIGINALTARGET_definite]</li>
        <li>missed->passed within a meter of [ORIGINALTARGET_definite]</li>
        <li>missed->was blown offcourse</li>
      
        <li>missing->missing</li>
        <li>missing->missing by a small margin</li>
        <li>missing->missing by a wide margin</li>
        <li>missing->going wide</li>
        <li>missing->flying into the air</li>
        <li>missing->flying high into the air</li>
        <li>missing->digging into the ground</li>
        <li>missing->skipping off the ground and becoming lost</li>
        <li>missing->digging a divot out of the ground</li>
        <li>missing(p=0.2)->passing within millimeters of [ORIGINALTARGET_definite]</li>
        <li>missing->passing within centimeters of [ORIGINALTARGET_definite]</li>
        <li>missing->passing within a meter of [ORIGINALTARGET_definite]</li>
        <li>missing->blowing offcourse</li>

        <li>avoidance(ORIGINALTARGET_mobile==True)->jerked aside at the last second</li>
        <li>avoidance(ORIGINALTARGET_mobile==True)->stumbled in an attempt to escape</li>
        <li>avoidance(ORIGINALTARGET_mobile==True)->threw [ORIGINALTARGET_objective]self to the ground</li>
        <li>avoidance(ORIGINALTARGET_mobile==True,p=0.3)->ducked behind [COVER_definite]</li>
        <li>avoidance(ORIGINALTARGET_mobile==True,p=0.3)->leaped behind [COVER_definite]</li>
      </rulesStrings>
    </rulePack>
  </RulePackDef>

  <RulePackDef>
    <defName>Combat_ExplosionImpact</defName>
    <include>
      <li>Combat_WoundIncludes</li>
      <li>Combat_MeleeIncludes</li>
      <li>Combat_MeleeDamageIncludes</li>
    </include>
    <rulePack>
      <rulesStrings>
        <li>prefix->The [blast] [fromof] [INITIATOR_definite]'s [WEAPON_projectile_label]</li>
        <li>prefix->The [blast] [fromof] [INITIATOR_definite]'s [WEAPON_label]</li>
        <li>prefix->The [blast] [fromof] [INITIATOR_definite]'s [WEAPON_projectile_label]</li>
        <li>prefix->The [blast] [fromof] [INITIATOR_definite]'s [WEAPON_label]</li>
        <li>prefix->[INITIATOR_definite]'s [blast]</li>
        <li>prefix->[INITIATOR_definite]'s [WEAPON_projectile_label] [blast]</li>
        <li>prefix->[INITIATOR_definite]'s [WEAPON_label] [blast]</li>
        <li>prefix->[INITIATOR_definite]'s [WEAPON_projectile_label]</li>
        <li>prefix->[INITIATOR_definite]'s [WEAPON_label]</li>
        
        <li>r_logentry->[prefix] [injured] [RECIPIENT_definite].</li>

        <li>r_logentry->[prefix] [destroyed_past] [RECIPIENT_definite]'s [destroyed_targets].</li>
        <li>r_logentry->[prefix] [destroyed_past] [RECIPIENT_definite]'s [destroyed_targets] [adverb_flavortext].</li>
        <li>r_logentry->[prefix] [adverb_flavortext] [destroyed_past] [RECIPIENT_definite]'s [destroyed_targets].</li>
        <li>r_logentry->[prefix] [destroyed_past] [RECIPIENT_definite]'s [destroyed_targets] and [damaged_past] [RECIPIENT_possessive] [damaged_targets].</li>
        <li>r_logentry(recipient_part_destroyed_count==0)->[prefix] [damaged_past] [RECIPIENT_definite]'s [damaged_targets].</li>
        <li>r_logentry(recipient_part_destroyed_count==0)->[prefix] [damaged_past] [RECIPIENT_definite]'s [damaged_targets] [adverb_flavortext].</li>
        <li>r_logentry(recipient_part_destroyed_count==0)->[prefix] [adverb_flavortext] [damaged_past] [RECIPIENT_definite]'s [damaged_targets].</li>

        <li>r_logentry->[RECIPIENT_definite] was [damaged_past] by [INITIATOR_definite].</li>
        <li>r_logentry->[RECIPIENT_definite] was [damaged_past] [adverb_flavortext] by [INITIATOR_definite].</li>
        <li>r_logentry->[RECIPIENT_definite] was [damaged_past].</li>

        <!-- final fallbacks -->
        <li>r_logentry(p=0.001)->[RECIPIENT_definite] was caught in an explosion.</li>
        <li>r_logentry(p=0.001)->[RECIPIENT_definite] was hit by an explosion.</li>

        <li>blast->explosion</li>
        <li>blast->blast</li>
        <li>blast->shockwave</li>
        <li>blast->detonation</li>
        <li>blast->discharge</li>
        <li>blast->impact</li>

        <li>fromof->from</li>
        <li>fromof->of</li>
      </rulesStrings>
    </rulePack>
  </RulePackDef>
  
</Defs>
