﻿<?xml version="1.0" encoding="utf-8" ?>
<Defs>
  <RulePackDef>
    <defName>DamageEvent_Include</defName>
    <include>
      <li>Combat_WoundIncludes</li>
    </include>
    <rulePack>
      <rulesStrings>
        <li>r_logentry->[damage_source] [RECIPIENT_nameDef], [destroyed_present] [RECIPIENT_possessive] [destroyed_targets].</li>
        <li>r_logentry->[damage_source] [RECIPIENT_nameDef], [destroyed_present] [RECIPIENT_possessive] [destroyed_targets] and [damaged_present] [RECIPIENT_possessive] [damaged_targets].</li>
        <li>r_logentry(recipient_part_destroyed_count==0)->[damage_source] [RECIPIENT_nameDef], [damaged_present] [RECIPIENT_possessive] [damaged_targets].</li>
        <li>r_logentry(p=0.1)->[damage_source] [RECIPIENT_nameDef].</li>
      </rulesStrings>
    </rulePack>
  </RulePackDef>
    
  <RulePackDef>
    <defName>DamageEvent_Ceiling</defName>
    <include>
      <li>DamageEvent_Include</li>
    </include>
    <rulePack>
      <rulesStrings>
        <li>damage_source->the [roof] [collapsed] on</li>

        <li>roof->roof</li>
        <li>roof->roofing</li>
        <li>roof->ceiling</li>

        <li>collapsed->collapsed</li>
        <li>collapsed->fell</li>
        <li>collapsed->caved in</li>

        <li>damaged_present->smashing</li>
        <li>damaged_present->bashing</li>
        <li>damaged_present->clobbering</li>
        <li>damaged_present->bruising</li>
        <li>damaged_present->lacerating</li>

        <li>destroyed_present->shattering</li>
        <li>destroyed_present->crushing</li>
        <li>destroyed_present->obliterating</li>
        <li>destroyed_present->annihilating</li>
        <li>destroyed_present->breaking</li>
      </rulesStrings>
    </rulePack>
  </RulePackDef>

  <RulePackDef>
    <defName>DamageEvent_Fire</defName>
    <include>
      <li>DamageEvent_Include</li>
    </include>
    <rulePack>
      <rulesStrings>
        <li>damage_source->[fire] burned</li>

        <li>fire(p=3)->fire</li>
        <li>fire(p=3)->a fire</li>
        <li>fire(p=3)->the fire</li>
        <li>fire->heat</li>
        <li>fire->a conflagration</li>
        <li>fire->an inferno</li>

        <li>damaged_present->scorching</li>
        <li>damaged_present->broiling</li>
        <li>damaged_present->searing</li>
        <li>damaged_present->singeing</li>

        <li>destroyed_present->charring</li>
        <li>destroyed_present->roasting</li>
        <li>destroyed_present->cooking</li>
        <li>destroyed_present->cremating</li>
      </rulesStrings>
    </rulePack>
  </RulePackDef>

  <RulePackDef>
    <defName>DamageEvent_PowerBeam</defName>
    <include>
      <li>DamageEvent_Include</li>
      <li>Damage_Flame</li>
    </include>
    <rulePack>
      <rulesStrings>
        <li>damage_source->The [sky] opened up on</li>
        <li>damage_source->A beam of incredible [power] [damaged_past]</li>
        <li>damage_source->A column of [light] [damaged_past]</li>

        <li>sky->sky</li>
        <li>sky->clouds</li>
        <li>sky->heavens</li>

        <li>power->power</li>
        <li>power->energy</li>
        <li>power->heat</li>
        
        <li>light->light</li>
        <li>light->heat</li>
        <li>light->flame</li>
        <li>light(p=0.2)->incandescence</li>
      </rulesStrings>
    </rulePack>
  </RulePackDef>

  <RulePackDef>
    <defName>DamageEvent_Tornado</defName>
    <include>
      <li>DamageEvent_Include</li>
      <li>Maneuver_Scratch_Damage</li>
      <li>Maneuver_Smash_Damage</li>
    </include>
    <rulePack>
      <rulesStrings>
        <li>damage_source->A [spiraling] tornado [enveloped]</li>

        <li>destroyed_present(p=3)->tearing off</li>

        <li>spiraling->spiraling</li>
        <li>spiraling->whirling</li>
        <li>spiraling->spinning</li>
        <li>spiraling(p=10)-></li>

        <li>enveloped(p=8)->enveloped</li>
        <li>enveloped->engulfed</li>
        <li>enveloped->surrounded</li>
      </rulesStrings>
    </rulePack>
  </RulePackDef>
</Defs>
