﻿<?xml version="1.0" encoding="utf-8" ?>
<Defs>

	<!-- - - - - - - - - - - - - - - - - - - - - - - - - - -->
	<!-- Important named landforms, before everything else -->
	<!-- - - - - - - - - - - - - - - - - - - - - - - - - - -->

	<FeatureDef>
		<defName>Island</defName>
		<workerClass>FeatureWorker_Island</workerClass>
		<order>10</order>
		<minSize>15</minSize>
		<maxSize>350</maxSize>
		<nameMaker>NamerIsland</nameMaker>
	</FeatureDef>

	<FeatureDef>
		<defName>Archipelago</defName>
		<workerClass>FeatureWorker_Archipelago</workerClass>
		<order>20</order>
		<minRootGroupSize>3</minRootGroupSize>
		<maxRootGroupSize>75</maxRootGroupSize>
		<nameMaker>NamerArchipelago</nameMaker>
	</FeatureDef>

	<FeatureDef>
		<defName>Peninsula</defName>
		<workerClass>FeatureWorker_Peninsula</workerClass>
		<order>30</order>
		<minSize>30</minSize>
		<maxSize>400</maxSize>
		<nameMaker>NamerPeninsula</nameMaker>
	</FeatureDef>

	<!-- - - - - - -  -->
	<!-- Water bodies -->
	<!-- - - - - - -  -->

	<!-- The most specific water body: bay -->
	<FeatureDef>
		<defName>Bay</defName>
		<workerClass>FeatureWorker_Bay</workerClass>
		<order>100</order>
		<minSize>30</minSize>
		<maxSize>1500</maxSize>
		<canTouchWorldEdge>false</canTouchWorldEdge> <!-- if it does then it's an ocean -->
		<nameMaker>NamerBay</nameMaker>
	</FeatureDef>

	<FeatureDef>
		<defName>Lake</defName>
		<workerClass>FeatureWorker_Biome</workerClass>
		<order>110</order>
		<minSize>3</minSize>
		<rootBiomes>
			<li>Lake</li>
		</rootBiomes>
		<nameMaker>NamerLake</nameMaker>
	</FeatureDef>

	<FeatureDef>
		<defName>Sea</defName>
		<workerClass>FeatureWorker_Biome</workerClass>
		<order>120</order>
		<minSize>15</minSize>
		<maxSize>1500</maxSize>
		<rootBiomes>
			<li>Ocean</li>
		</rootBiomes>
		<canTouchWorldEdge>false</canTouchWorldEdge> <!-- if it does then it's an ocean -->
		<nameMaker>NamerSea</nameMaker>
	</FeatureDef>

	<!-- This handles oceans reachable from other oceans. -->
	<!-- its purpose is to handle worlds with 2 or more huge water bodies with only a narrow passage between them, normally this would be 1 huge ocean (because they're too big to be normal bays) -->
	<FeatureDef>
		<defName>OceanBay</defName>
		<workerClass>FeatureWorker_Bay</workerClass>
		<order>130</order>
		<minSize>8000</minSize>
		<maxPctOfWholeArea>0.5</maxPctOfWholeArea>
		<maxPassageWidth>12</maxPassageWidth>
		<rootBiomes>
			<li>Ocean</li>
		</rootBiomes>
		<nameMaker>NamerOcean</nameMaker>
	</FeatureDef>

	<FeatureDef>
		<defName>Ocean</defName>
		<workerClass>FeatureWorker_Biome</workerClass>
		<order>140</order>
		<minSize>1500</minSize>
		<rootBiomes>
			<li>Ocean</li>
		</rootBiomes>
		<nameMaker>NamerOcean</nameMaker>
	</FeatureDef>

	<!-- Since some parts of the planet are ungenerated, we assume that all unassigned water tiles reachable from the world edge are the same huge ocean. --> 
	<FeatureDef>
		<defName>OuterOcean</defName>
		<workerClass>FeatureWorker_OuterOcean</workerClass>
		<order>150</order>
		<minSize>15</minSize>
		<nameMaker>NamerOcean</nameMaker>
	</FeatureDef>

	<!-- - - - - - - - - - - - - -  -->
	<!-- Important on-land features -->
	<!-- - - - - - - - - - - - - -  -->

	<FeatureDef>
		<defName>MountainRange</defName>
		<workerClass>FeatureWorker_MountainRange</workerClass>
		<order>200</order>
		<minRootGroupSize>3</minRootGroupSize>
		<minRootGroupsInCluster>1</minRootGroupsInCluster>
		<maxSpaceBetweenRootGroups>1</maxSpaceBetweenRootGroups>
		<minSize>150</minSize>
		<nameMaker>NamerMountainRange</nameMaker>
	</FeatureDef>

	<!-- - - - - - - - - - -  -->
	<!-- High-priority biomes -->
	<!-- - - - - - - - - - -  -->

	<FeatureDef>
		<defName>Desert</defName>
		<workerClass>FeatureWorker_Biome</workerClass>
		<order>300</order>
		<rootBiomes>
			<li>Desert</li>
			<li>ExtremeDesert</li>
		</rootBiomes>
		<acceptableBiomes>
			<li>AridShrubland</li>
		</acceptableBiomes>
		<nameMaker>NamerDesert</nameMaker>
	</FeatureDef>

	<!-- Swamps before forests, because forests can also contain small or medium swamps, so we want to assign names to big swamps first. -->
	<FeatureDef>
		<defName>TemperateSwamp</defName>
		<workerClass>FeatureWorker_Biome</workerClass>
		<order>310</order>
		<rootBiomes>
			<li>TemperateSwamp</li>
		</rootBiomes>
		<acceptableBiomes>
			<li>TropicalSwamp</li>
			<li>ColdBog</li>
		</acceptableBiomes>
		<nameMaker>NamerSwamp</nameMaker>
	</FeatureDef>

	<FeatureDef>
		<defName>TropicalSwamp</defName>
		<workerClass>FeatureWorker_Biome</workerClass>
		<order>320</order>
		<rootBiomes>
			<li>TropicalSwamp</li>
		</rootBiomes>
		<acceptableBiomes>
			<li>TemperateSwamp</li>
			<li>ColdBog</li>
		</acceptableBiomes>
		<nameMaker>NamerSwamp</nameMaker>
	</FeatureDef>

	<FeatureDef>
		<defName>ColdBog</defName>
		<workerClass>FeatureWorker_Biome</workerClass>
		<order>330</order>
		<rootBiomes>
			<li>ColdBog</li>
		</rootBiomes>
		<acceptableBiomes>
			<li>TemperateSwamp</li>
			<li>TropicalSwamp</li>
		</acceptableBiomes>
		<nameMaker>NamerSwamp</nameMaker>
	</FeatureDef>

	<!-- - - - - - - - - - - -->
	<!-- Low-priority biomes -->
	<!-- - - - - - - - - - - -->

	<FeatureDef>
		<defName>TemperateForest</defName>
		<workerClass>FeatureWorker_Biome</workerClass>
		<order>400</order>
		<rootBiomes>
			<li>TemperateForest</li>
			<li>TemperateSwamp</li>
		</rootBiomes>
		<acceptableBiomes>
			<li>BorealForest</li>
			<li>TropicalRainforest</li>
			<li>TropicalSwamp</li>
		</acceptableBiomes>
		<nameMaker>NamerForest</nameMaker>
	</FeatureDef>

	<FeatureDef>
		<defName>TropicalRainforest</defName>
		<workerClass>FeatureWorker_Biome</workerClass>
		<order>410</order>
		<rootBiomes>
			<li>TropicalRainforest</li>
			<li>TropicalSwamp</li>
		</rootBiomes>
		<acceptableBiomes>
			<li>TemperateForest</li>
			<li>TemperateSwamp</li>
		</acceptableBiomes>
		<nameMaker>NamerTropicalRainforest</nameMaker>
	</FeatureDef>

	<FeatureDef>
		<defName>BorealForest</defName>
		<workerClass>FeatureWorker_Biome</workerClass>
		<order>420</order>
		<rootBiomes>
			<li>BorealForest</li>
		</rootBiomes>
		<acceptableBiomes>
			<li>TemperateForest</li>
			<li>TemperateSwamp</li>
		</acceptableBiomes>
		<nameMaker>NamerBorealForest</nameMaker>
	</FeatureDef>

	<FeatureDef>
		<defName>AridShrubland</defName>
		<workerClass>FeatureWorker_Biome</workerClass>
		<order>430</order>
		<rootBiomes>
			<li>AridShrubland</li>
		</rootBiomes>
		<acceptableBiomes>
			<li>Tundra</li>
			<li>Desert</li>
			<li>ExtremeDesert</li>
		</acceptableBiomes>
		<nameMaker>NamerAridShrubland</nameMaker>
	</FeatureDef>

	<FeatureDef>
		<defName>IceSheet</defName>
		<workerClass>FeatureWorker_Biome</workerClass>
		<order>440</order>
		<rootBiomes>
			<li>IceSheet</li>
			<li>SeaIce</li>
		</rootBiomes>
		<acceptableBiomes>
			<li>Tundra</li>
		</acceptableBiomes>
		<nameMaker>NamerIceSheet</nameMaker>
	</FeatureDef>

	<FeatureDef>
		<defName>Tundra</defName>
		<workerClass>FeatureWorker_Biome</workerClass>
		<order>450</order>
		<rootBiomes>
			<li>Tundra</li>
		</rootBiomes>
		<acceptableBiomes>
			<li>AridShrubland</li>
			<li>IceSheet</li>
			<li>SeaIce</li>
		</acceptableBiomes>
		<nameMaker>NamerTundra</nameMaker>
	</FeatureDef>

</Defs>