﻿<?xml version="1.0" encoding="utf-8" ?>
<Defs>
  <ImplementOwnerTypeDef>
    <defName>Weapon</defName>
    <implementOwnerRuleName>WEAPON</implementOwnerRuleName>
    <implementOwnerTypeValue>weapon</implementOwnerTypeValue>
  </ImplementOwnerTypeDef>

  <ImplementOwnerTypeDef>
    <defName>Bodypart</defName>
    <implementOwnerTypeValue>bodypart</implementOwnerTypeValue>
  </ImplementOwnerTypeDef>

  <ImplementOwnerTypeDef>
    <defName>Hediff</defName>
    <implementOwnerRuleName>WEAPON</implementOwnerRuleName>
    <implementOwnerTypeValue>hediff</implementOwnerTypeValue>
  </ImplementOwnerTypeDef>

  <ImplementOwnerTypeDef>
    <defName>Terrain</defName>
    <implementOwnerRuleName>WEAPON</implementOwnerRuleName>
    <implementOwnerTypeValue>terrain</implementOwnerTypeValue>
  </ImplementOwnerTypeDef>
</Defs>
