﻿<?xml version="1.0" encoding="utf-8" ?>
<RecipeDefs>

  <!-- natural -->

  <RecipeDef ParentName="SurgeryFlesh">
    <defName>InstallNaturalHeart</defName>
    <label>install heart</label>
    <description>Installs heart.</description>
    <workerClass>Recipe_InstallNaturalBodyPart</workerClass>
    <jobString>Installing heart.</jobString>
    <workAmount>2000</workAmount>
    <ingredients>
			<li>
				<filter>
					<categories>
						<li>Medicine</li>
					</categories>
				</filter>
				<count>1</count>
			</li>
			<li>
				<filter>
					<thingDefs>
						<li>Heart</li>
					</thingDefs>
				</filter>
				<count>1</count>
			</li>
		</ingredients>
		<fixedIngredientFilter>
      <categories>
        <li>Medicine</li>
      </categories>
			<thingDefs>
				<li>Heart</li>
			</thingDefs>
		</fixedIngredientFilter>
		<appliedOnFixedBodyParts>
			<li>Heart</li>
		</appliedOnFixedBodyParts>
	</RecipeDef>
	
	<RecipeDef ParentName="SurgeryFlesh">
		<defName>InstallNaturalLiver</defName>
		<label>install liver</label>
		<description>Installs liver.</description>
		<workerClass>Recipe_InstallNaturalBodyPart</workerClass>
		<jobString>Installing liver.</jobString>
		<workAmount>2000</workAmount>
		<ingredients>
			<li>
				<filter>
          <categories>
						<li>Medicine</li>
					</categories>
				</filter>
				<count>1</count>
			</li>
			<li>
				<filter>
					<thingDefs>
						<li>Liver</li>
					</thingDefs>
				</filter>
				<count>1</count>
			</li>
		</ingredients>
		<fixedIngredientFilter>
      <categories>
        <li>Medicine</li>
      </categories>
			<thingDefs>
				<li>Liver</li>
			</thingDefs>
		</fixedIngredientFilter>
		<appliedOnFixedBodyParts>
			<li>Liver</li>
		</appliedOnFixedBodyParts>
	</RecipeDef>
	
	<RecipeDef ParentName="SurgeryFlesh">
		<defName>InstallNaturalKidney</defName>
		<label>install kidney</label>
		<description>Installs kidney.</description>
		<workerClass>Recipe_InstallNaturalBodyPart</workerClass>
		<jobString>Installing kidney.</jobString>
		<workAmount>2000</workAmount>
		<ingredients>
			<li>
				<filter>
          <categories>
						<li>Medicine</li>
					</categories>
				</filter>
				<count>1</count>
			</li>
			<li>
				<filter>
					<thingDefs>
						<li>Kidney</li>
					</thingDefs>
				</filter>
				<count>1</count>
			</li>
		</ingredients>
		<fixedIngredientFilter>
      <categories>
        <li>Medicine</li>
      </categories>
      <thingDefs>
				<li>Kidney</li>
			</thingDefs>
		</fixedIngredientFilter>
		<appliedOnFixedBodyParts>
			<li>LeftKidney</li>
			<li>RightKidney</li>
		</appliedOnFixedBodyParts>
	</RecipeDef>

  <RecipeDef ParentName="SurgeryFlesh">
		<defName>InstallNaturalLung</defName>
		<label>install lung</label>
		<description>Installs lung.</description>
		<workerClass>Recipe_InstallNaturalBodyPart</workerClass>
		<jobString>Installing lung.</jobString>
		<workAmount>2000</workAmount>
		<ingredients>
			<li>
				<filter>
          <categories>
						<li>Medicine</li>
					</categories>
				</filter>
				<count>1</count>
			</li>
			<li>
				<filter>
					<thingDefs>
						<li>Lung</li>
					</thingDefs>
				</filter>
				<count>1</count>
			</li>
		</ingredients>
		<fixedIngredientFilter>
      <categories>
        <li>Medicine</li>
      </categories>
      <thingDefs>
				<li>Lung</li>
			</thingDefs>
		</fixedIngredientFilter>
		<appliedOnFixedBodyParts>
			<li>LeftLung</li>
			<li>RightLung</li>
		</appliedOnFixedBodyParts>
	</RecipeDef>

	<!-- artificial -->

  <RecipeDef ParentName="SurgeryFlesh">
		<defName>InstallPegLeg</defName>
		<label>install peg leg</label>
		<description>Installs peg leg.</description>
		<workerClass>Recipe_InstallArtificialBodyPart</workerClass>
		<jobString>Installing peg leg.</jobString>
		<workAmount>2000</workAmount>
		<ingredients>
			<li>
				<filter>
          <categories>
						<li>Medicine</li>
					</categories>
				</filter>
				<count>1</count>
			</li>
			<li>
				<filter>
					<thingDefs>
						<li>WoodLog</li>
					</thingDefs>
				</filter>
				<count>1</count>
			</li>
		</ingredients>
		<fixedIngredientFilter>
      <categories>
        <li>Medicine</li>
      </categories>
      <thingDefs>
				<li>WoodLog</li>
			</thingDefs>
		</fixedIngredientFilter>
		<appliedOnFixedBodyParts>
			<li>LeftLeg</li>
			<li>RightLeg</li>
		</appliedOnFixedBodyParts>
		<addsHediff>PegLeg</addsHediff>
	</RecipeDef>

  <RecipeDef ParentName="SurgeryFlesh">
		<defName>InstallBionicEye</defName>
		<label>install bionic eye</label>
		<description>Installs bionic eye.</description>
		<workerClass>Recipe_InstallArtificialBodyPart</workerClass>
		<jobString>Installing bionic eye.</jobString>
		<workAmount>2000</workAmount>
		<ingredients>
			<li>
				<filter>
          <categories>
            <li>Medicine</li>
          </categories>
				</filter>
				<count>1</count>
			</li>
			<li>
				<filter>
					<thingDefs>
						<li>BionicEye</li>
					</thingDefs>
				</filter>
				<count>1</count>
			</li>
		</ingredients>
		<fixedIngredientFilter>
      <categories>
        <li>Medicine</li>
      </categories>
      <thingDefs>
				<li>BionicEye</li>
			</thingDefs>
		</fixedIngredientFilter>
		<appliedOnFixedBodyParts>
			<li>LeftEye</li>
			<li>RightEye</li>
		</appliedOnFixedBodyParts>
		<addsHediff>BionicEye</addsHediff>
	</RecipeDef>

  <RecipeDef ParentName="SurgeryFlesh">
		<defName>InstallBionicArm</defName>
		<label>install bionic arm</label>
		<description>Installs bionic arm.</description>
		<workerClass>Recipe_InstallArtificialBodyPart</workerClass>
		<jobString>Installing bionic arm.</jobString>
		<workAmount>2000</workAmount>
		<ingredients>
			<li>
				<filter>
          <categories>
            <li>Medicine</li>
          </categories>
				</filter>
				<count>1</count>
			</li>
			<li>
				<filter>
					<thingDefs>
						<li>BionicArm</li>
					</thingDefs>
				</filter>
				<count>1</count>
			</li>
		</ingredients>
		<fixedIngredientFilter>
      <categories>
        <li>Medicine</li>
      </categories>
			<thingDefs>
				<li>BionicArm</li>
			</thingDefs>
		</fixedIngredientFilter>
		<appliedOnFixedBodyParts>
			<li>LeftShoulder</li>
			<li>RightShoulder</li>
		</appliedOnFixedBodyParts>
		<addsHediff>BionicArm</addsHediff>
	</RecipeDef>

  <RecipeDef ParentName="SurgeryFlesh">
		<defName>InstallBionicLeg</defName>
		<label>install bionic leg</label>
		<description>Installs bionic leg.</description>
		<workerClass>Recipe_InstallArtificialBodyPart</workerClass>
		<jobString>Installing bionic leg.</jobString>
		<workAmount>2000</workAmount>
		<ingredients>
			<li>
				<filter>
          <categories>
						<li>Medicine</li>
					</categories>
				</filter>
				<count>1</count>
			</li>
			<li>
				<filter>
					<thingDefs>
						<li>BionicLeg</li>
					</thingDefs>
				</filter>
				<count>1</count>
			</li>
		</ingredients>
		<fixedIngredientFilter>
      <categories>
        <li>Medicine</li>
      </categories>
      <thingDefs>
				<li>BionicLeg</li>
			</thingDefs>
		</fixedIngredientFilter>
		<appliedOnFixedBodyParts>
			<li>LeftLeg</li>
			<li>RightLeg</li>
		</appliedOnFixedBodyParts>
		<addsHediff>BionicLeg</addsHediff>
	</RecipeDef>

  <RecipeDef ParentName="SurgeryFlesh">
		<defName>InstallSimpleProstheticLeg</defName>
		<label>install simple prosthetic leg</label>
		<description>Installs simple prosthetic leg.</description>
		<workerClass>Recipe_InstallArtificialBodyPart</workerClass>
		<jobString>Installing simple prostethic leg.</jobString>
		<workAmount>2000</workAmount>
		<ingredients>
			<li>
				<filter>
          <categories>
						<li>Medicine</li>
					</categories>
				</filter>
				<count>1</count>
			</li>
			<li>
				<filter>
					<thingDefs>
						<li>SimpleProstheticLeg</li>
					</thingDefs>
				</filter>
				<count>1</count>
			</li>
		</ingredients>
		<fixedIngredientFilter>
      <categories>
        <li>Medicine</li>
      </categories>
			<thingDefs>
				<li>SimpleProstheticLeg</li>
			</thingDefs>
		</fixedIngredientFilter>
		<appliedOnFixedBodyParts>
			<li>LeftLeg</li>
			<li>RightLeg</li>
		</appliedOnFixedBodyParts>
		<addsHediff>SimpleProstheticLeg</addsHediff>
	</RecipeDef>

  <RecipeDef ParentName="SurgeryFlesh">
		<defName>InstallSimpleProstheticArm</defName>
		<label>install simple prosthetic arm</label>
		<description>Installs simple prosthetic arm.</description>
		<workerClass>Recipe_InstallArtificialBodyPart</workerClass>
		<jobString>Installing simple prostethic arm.</jobString>
		<workAmount>2000</workAmount>
		<ingredients>
			<li>
				<filter>
          <categories>
						<li>Medicine</li>
					</categories>
				</filter>
				<count>1</count>
			</li>
			<li>
				<filter>
					<thingDefs>
						<li>SimpleProstheticArm</li>
					</thingDefs>
				</filter>
				<count>1</count>
			</li>
		</ingredients>
		<fixedIngredientFilter>
      <categories>
        <li>Medicine</li>
      </categories>
      <thingDefs>
				<li>SimpleProstheticArm</li>
			</thingDefs>
		</fixedIngredientFilter>
		<appliedOnFixedBodyParts>
			<li>LeftShoulder</li>
			<li>RightShoulder</li>
		</appliedOnFixedBodyParts>
		<addsHediff>SimpleProstheticArm</addsHediff>
	</RecipeDef>

  <RecipeDef ParentName="SurgeryFlesh">
		<defName>InstallDenture</defName>
		<label>install denture</label>
		<description>Installs denture.</description>
		<workerClass>Recipe_InstallArtificialBodyPart</workerClass>
		<jobString>Installing denture.</jobString>
		<workAmount>2000</workAmount>
		<ingredients>
			<li>
				<filter>
          <categories>
            <li>Medicine</li>
          </categories>
				</filter>
				<count>1</count>
			</li>
		</ingredients>
		<fixedIngredientFilter>
      <categories>
        <li>Medicine</li>
      </categories>
		</fixedIngredientFilter>
		<appliedOnFixedBodyParts>
			<li>Jaw</li>
		</appliedOnFixedBodyParts>
		<addsHediff>Denture</addsHediff>
	</RecipeDef>

  <RecipeDef ParentName="SurgeryFlesh">
		<defName>InstallPowerClaw</defName>
		<label>install power claw</label>
		<description>Installs power claw.</description>
		<workerClass>Recipe_InstallArtificialBodyPart</workerClass>
		<jobString>Installing power claw.</jobString>
		<workAmount>2000</workAmount>
		<ingredients>
			<li>
				<filter>
          <categories>
            <li>Medicine</li>
          </categories>
				</filter>
				<count>1</count>
			</li>
			<li>
				<filter>
					<thingDefs>
						<li>PowerClaw</li>
					</thingDefs>
				</filter>
				<count>1</count>
			</li>
		</ingredients>
		<fixedIngredientFilter>
      <categories>
        <li>Medicine</li>
      </categories>
			<thingDefs>
				<li>PowerClaw</li>
			</thingDefs>
		</fixedIngredientFilter>
		<appliedOnFixedBodyParts>
			<li>LeftHand</li>
			<li>RightHand</li>
		</appliedOnFixedBodyParts>
		<addsHediff>PowerClaw</addsHediff>
	</RecipeDef>

  <RecipeDef ParentName="SurgeryFlesh">
		<defName>InstallScytherBlade</defName>
		<label>install scyther blade</label>
		<description>Installs scyther blade.</description>
		<workerClass>Recipe_InstallArtificialBodyPart</workerClass>
		<jobString>Installing scyther blade.</jobString>
		<workAmount>2000</workAmount>
		<ingredients>
			<li>
				<filter>
          <categories>
						<li>Medicine</li>
					</categories>
				</filter>
				<count>1</count>
			</li>
			<li>
				<filter>
					<thingDefs>
						<li>ScytherBlade</li>
					</thingDefs>
				</filter>
				<count>1</count>
			</li>
		</ingredients>
		<fixedIngredientFilter>
      <categories>
        <li>Medicine</li>
      </categories>
      <thingDefs>
				<li>ScytherBlade</li>
			</thingDefs>
		</fixedIngredientFilter>
		<appliedOnFixedBodyParts>
			<li>LeftHand</li>
			<li>RightHand</li>
		</appliedOnFixedBodyParts>
		<addsHediff>ScytherBlade</addsHediff>
	</RecipeDef>
  
</RecipeDefs>