﻿<?xml version="1.0" encoding="utf-8" ?>
<RecipeDefs>

  <RecipeDef ParentName="SurgeryFlesh">
		<defName>InstallJoywire</defName>
		<label>install joywire</label>
		<description>Installs joywire.</description>
		<workerClass>Recipe_InstallImplant</workerClass>
		<jobString>Installing joywire.</jobString>
		<workAmount>2000</workAmount>
		<ingredients>
			<li>
				<filter>
          <categories>
						<li>Medicine</li>
					</categories>
				</filter>
				<count>1</count>
			</li>
			<li>
				<filter>
					<thingDefs>
						<li>Joywire</li>
					</thingDefs>
				</filter>
				<count>1</count>
			</li>
		</ingredients>
		<fixedIngredientFilter>
      <categories>
        <li>Medicine</li>
      </categories>
      <thingDefs>
				<li>Joywire</li>
			</thingDefs>
		</fixedIngredientFilter>
		<appliedOnFixedBodyParts>
			<li>Brain</li>
		</appliedOnFixedBodyParts>
		<addsHediff>Joywire</addsHediff>
	</RecipeDef>
  
  <RecipeDef ParentName="SurgeryFlesh">
		<defName>InstallPainstopper</defName>
		<label>install painstopper</label>
		<description>Installs painstopper.</description>
		<workerClass>Recipe_InstallImplant</workerClass>
		<jobString>Installing painstopper.</jobString>
		<workAmount>2000</workAmount>
		<ingredients>
			<li>
				<filter>
          <categories>
						<li>Medicine</li>
					</categories>
				</filter>
				<count>1</count>
			</li>
			<li>
				<filter>
					<thingDefs>
						<li>Painstopper</li>
					</thingDefs>
				</filter>
				<count>1</count>
			</li>
		</ingredients>
		<fixedIngredientFilter>
      <categories>
        <li>Medicine</li>
      </categories>
      <thingDefs>
				<li>Painstopper</li>
			</thingDefs>
		</fixedIngredientFilter>
		<appliedOnFixedBodyParts>
			<li>Brain</li>
		</appliedOnFixedBodyParts>
		<addsHediff>Painstopper</addsHediff>
	</RecipeDef>
  
</RecipeDefs>