﻿<?xml version="1.0" encoding="utf-8" ?>
<Defs>

  <RecipeDef>
    <defName>MakeKibble</defName>
    <label>make kibble</label>
    <description>Make animal kibble by combining raw meat and plants.</description>
    <jobString>Making kibble.</jobString>
    <workAmount>300</workAmount>
    <workSpeedStat>CookSpeed</workSpeedStat>
    <effectWorking>Cook</effectWorking>
    <soundWorking>Recipe_CookMeal</soundWorking>
    <allowMixingIngredients>true</allowMixingIngredients>
    <ingredientValueGetterClass>IngredientValueGetter_Nutrition</ingredientValueGetterClass>
    <ingredients>
      <li>
        <filter>
          <categories>
            <li>MeatRaw</li>
            <li>AnimalProductRaw</li>
          </categories>
        </filter>
        <count>1</count>
      </li>
      <li>
        <filter>
          <categories>
            <li>PlantFoodRaw</li>
          </categories>
          <thingDefs>
            <li>Hay</li>
          </thingDefs>
        </filter>
        <count>1</count>
      </li>
    </ingredients>
    <products>
      <Kibble>50</Kibble>
    </products>
    <fixedIngredientFilter>
      <categories>
        <li>FoodRaw</li>
      </categories>
      <thingDefs>
        <li>Hay</li>
      </thingDefs>
    </fixedIngredientFilter>
    <defaultIngredientFilter>
      <categories>
        <li>Foods</li>
      </categories>
      <exceptedCategories>
        <li>EggsFertilized</li>
      </exceptedCategories>
      <exceptedThingDefs>
        <li>InsectJelly</li>
      </exceptedThingDefs>
    </defaultIngredientFilter>
    <workSkill>Cooking</workSkill>
  </RecipeDef>

  <RecipeDef Name="MakePemmican">
    <defName>MakePemmican</defName>
    <label>make pemmican</label>
    <description>Make pemmican, a preserved combination of meat and plant food. It doesn't taste amazing, but lasts a year without refrigeration.</description>
    <jobString>Making pemmican.</jobString>
    <workAmount>600</workAmount>
    <workSpeedStat>CookSpeed</workSpeedStat>
    <requiredGiverWorkType>Cooking</requiredGiverWorkType>
    <effectWorking>Cook</effectWorking>
    <soundWorking>Recipe_CookMeal</soundWorking>
    <allowMixingIngredients>true</allowMixingIngredients>
    <ingredientValueGetterClass>IngredientValueGetter_Nutrition</ingredientValueGetterClass>
    <ingredients>
      <li>
        <filter>
          <categories>
            <li>MeatRaw</li>
          </categories>
        </filter>
        <count>0.25</count>
      </li>
      <li>
        <filter>
          <categories>
            <li>PlantFoodRaw</li>
          </categories>
        </filter>
        <count>0.25</count>
      </li>
    </ingredients>
    <products>
      <Pemmican>16</Pemmican>
    </products>
    <fixedIngredientFilter>
      <categories>
        <li>FoodRaw</li>
      </categories>
      <exceptedCategories>
        <li>AnimalProductRaw</li>
      </exceptedCategories>
      <disallowedSpecialFilters>
        <li>AllowPlantFood</li>
      </disallowedSpecialFilters>
    </fixedIngredientFilter>
    <defaultIngredientFilter>
      <categories>
        <li>FoodRaw</li>
      </categories>
      <exceptedThingDefs>
        <li>Human_Meat</li>
        <li>Megaspider_Meat</li>
      </exceptedThingDefs>
    </defaultIngredientFilter>
    <workSkill>Cooking</workSkill>
    <researchPrerequisite>Pemmican</researchPrerequisite>
  </RecipeDef>

  <RecipeDef ParentName="MakePemmican">
    <defName>MakePemmicanCampfire</defName>
    <workAmount>1400</workAmount>
    <!-- other meals use WorkToMake stat -->
  </RecipeDef>


</Defs>