﻿<?xml version="1.0" encoding="utf-8" ?>
<RecipeDefs>

	<RecipeDef Name="MakeStoneBlocksBase" Abstract="True">
		<jobString>Cutting stone blocks from chunk.</jobString>
		<workAmount>1600</workAmount>
		<workSpeedStat>StonecuttingSpeed</workSpeedStat>
		<workSkill>Construction</workSkill>
		<workSkillLearnFactor>0.3</workSkillLearnFactor>
		<effectWorking>CutStone</effectWorking>
		<soundWorking>Recipe_MakeStoneBlocks</soundWorking>
		<targetCountAdjustment>20</targetCountAdjustment>
		<recipeUsers>
			<li>TableStonecutter</li>
		</recipeUsers>
	</RecipeDef>

	<RecipeDef ParentName="MakeStoneBlocksBase">
		<defName>MakeStoneBlocksAny</defName>
		<label>make any stone blocks</label>
		<description>Cuts rock chunks into usable stone blocks.</description>
		<workerCounterClass>RecipeWorkerCounter_MakeStoneBlocks</workerCounterClass>
		<ingredients>
			<li>
				<filter>
					<categories>
						<li>StoneChunks</li>
					</categories>
				</filter>
				<count>1</count>
			</li>
		</ingredients>
		<fixedIngredientFilter>
			<categories>
				<li>StoneChunks</li>
			</categories>
		</fixedIngredientFilter>
		<specialProducts>
			<li>Butchery</li>
		</specialProducts>
	</RecipeDef>

  <RecipeDef>
    <defName>ExtractMetalFromSlag</defName>
    <label>smelt metal from slag</label>
    <description>Use heat and strong electromagnets to separate useful metal from slag chunks.</description>
    <jobString>Smelting metal from slag.</jobString>
    <workAmount>1600</workAmount>
    <workSpeedStat>SmeltingSpeed</workSpeedStat>
    <effectWorking>Smelt</effectWorking>
    <soundWorking>Recipe_Smelt</soundWorking>
    <ingredients>
      <li>
        <filter>
          <thingDefs>
            <li>ChunkSlagSteel</li>
          </thingDefs>
        </filter>
        <count>1</count>
      </li>
    </ingredients>
    <!-- Switched to standard products so we can do "do until you have X"
    <specialProducts>
      <li>Smelted</li>
    </specialProducts>-->
    <products>
      <Steel>10</Steel>
    </products>
    <fixedIngredientFilter>
      <thingDefs>
        <li>ChunkSlagSteel</li>
      </thingDefs>
    </fixedIngredientFilter>
  </RecipeDef>

  <RecipeDef>
    <defName>SmeltWeapon</defName>
    <label>smelt weapon</label>
    <description>Use heat and strong electromagnets to break down weapons into useful resources.</description>
    <jobString>Smelting weapon.</jobString>
    <workAmount>1600</workAmount>
    <workSpeedStat>SmeltingSpeed</workSpeedStat>
    <effectWorking>Smelt</effectWorking>
    <soundWorking>Recipe_Smelt</soundWorking>
		<specialProducts>
			<li>Smelted</li>
		</specialProducts>
		<ingredients>
      <li>
        <filter>
          <categories>
            <li>Weapons</li>
          </categories>
        </filter>
        <count>1</count>
      </li>
    </ingredients>
    <fixedIngredientFilter>
      <categories>
        <li>Weapons</li>
      </categories>
      <specialFiltersToDisallow>
        <li>AllowNonSmeltableWeapons</li>
      </specialFiltersToDisallow>
    </fixedIngredientFilter>
		<forceHiddenSpecialFilters>
			<li>AllowSmeltable</li>
		</forceHiddenSpecialFilters>
  </RecipeDef>

	<RecipeDef>
		<defName>DestroyWeapon</defName>
		<label>destroy weapon</label>
		<description>Use heat to destroy unwanted weapons. Faster than smelting, and works on non-smeltable items, but yields no resources.</description>
		<jobString>Destroying weapon.</jobString>
		<workAmount>400</workAmount>
		<workSpeedStat>SmeltingSpeed</workSpeedStat>
		<effectWorking>Smelt</effectWorking>
		<soundWorking>Recipe_Smelt</soundWorking>
		<ingredients>
			<li>
				<filter>
					<categories>
						<li>Weapons</li>
					</categories>
				</filter>
				<count>1</count>
			</li>
		</ingredients>
		<fixedIngredientFilter>
			<categories>
				<li>Weapons</li>
			</categories>
		</fixedIngredientFilter>
	</RecipeDef>
	
  <RecipeDef>
    <defName>MakeMortarShell</defName>
    <label>make mortar shell</label>
    <description>Craft a mortar shell.</description>
    <jobString>Making mortar shell.</jobString>
    <workSpeedStat>SmithingSpeed</workSpeedStat>
    <effectWorking>Cook</effectWorking>
    <soundWorking>Recipe_Machining</soundWorking>
    <allowMixingIngredients>true</allowMixingIngredients>
    <workAmount>800</workAmount>
    <targetCountAdjustment>5</targetCountAdjustment>
    <ingredients>
      <li>
        <filter>
          <thingDefs>
            <li>Steel</li>
          </thingDefs>
        </filter>
        <count>5</count>
      </li>
			<li>
				<filter>
          <thingDefs>
            <li>Chemfuel</li>
          </thingDefs>
        </filter>
        <count>10</count>
			</li>
    </ingredients>
    <fixedIngredientFilter>
      <thingDefs>
        <li>Steel</li>
				<li>Chemfuel</li>
      </thingDefs>
    </fixedIngredientFilter>
    <products>
      <MortarShell>1</MortarShell>
    </products>
    <workSkill>Crafting</workSkill>
  </RecipeDef>

	<RecipeDef>
		<defName>MakeChemfuelFromWood</defName>
		<label>make chemfuel from wood</label>
		<description>Make a batch of chemfuel by gasifying wood logs.</description>
		<jobString>Refining chemfuel from wood.</jobString>
		<effectWorking>Cremate</effectWorking>
		<soundWorking>Recipe_Cremate</soundWorking>
		<workAmount>2500</workAmount>
		<workSkill>Intellectual</workSkill>
		<ingredients>
			<li>
				<filter>
					<thingDefs>
						<li>WoodLog</li>
					</thingDefs>
				</filter>
				<count>70</count>
			</li>
		</ingredients>
		<fixedIngredientFilter>
			<thingDefs>
				<li>WoodLog</li>
			</thingDefs>
		</fixedIngredientFilter>
		<products>
			<Chemfuel>35</Chemfuel>
		</products>
	</RecipeDef>

	<RecipeDef>
		<defName>MakeChemfuelFromOrganics</defName>
		<label>make chemfuel from organics</label>
		<description>Make a batch of chemfuel by extracting biofuel from organic feedstocks.</description>
		<jobString>Refining chemfuel from organics.</jobString>
		<effectWorking>Cremate</effectWorking>
		<soundWorking>Recipe_Cremate</soundWorking>
		<workAmount>2500</workAmount>
		<workSkill>Intellectual</workSkill>
		<allowMixingIngredients>true</allowMixingIngredients>
		<ingredientValueGetterClass>IngredientValueGetter_Nutrition</ingredientValueGetterClass>
		<ingredients>
			<li>
				<filter>
					<categories>
						<li>Foods</li>
						<li>PlantMatter</li>
					</categories>
					<exceptedThingDefs>
						<li>Hay</li>
					</exceptedThingDefs>
				</filter>
				<count>3.5</count>
			</li>
		</ingredients>
		<fixedIngredientFilter>
			<categories>
				<li>Foods</li>
				<li>PlantMatter</li>
			</categories>
			<exceptedThingDefs>
				<li>Hay</li>
			</exceptedThingDefs>
		</fixedIngredientFilter>
		<defaultIngredientFilter>
			<categories>
				<li>FoodRaw</li>
			</categories>
			<exceptedCategories>
				<li>MeatRaw</li>
				<li>AnimalProductRaw</li>
			</exceptedCategories>
		</defaultIngredientFilter>
		<products>
			<Chemfuel>35</Chemfuel>
		</products>
	</RecipeDef>
	
	<RecipeDef>
    <defName>MakeComponent</defName>
    <label>make component</label>
    <description>Make a component.</description>
    <jobString>Making component.</jobString>
    <workSpeedStat>SmithingSpeed</workSpeedStat>
    <effectWorking>Cook</effectWorking>
    <soundWorking>Recipe_Machining</soundWorking>
    <workAmount>9000</workAmount>
    <unfinishedThingDef>UnfinishedComponent</unfinishedThingDef>
    <ingredients>
      <li>
        <filter>
          <thingDefs>
            <li>Steel</li>
          </thingDefs>
        </filter>
        <count>25</count>
      </li>
    </ingredients>
    <fixedIngredientFilter>
      <thingDefs>
        <li>Steel</li>
      </thingDefs>
    </fixedIngredientFilter>
    <products>
      <Component>1</Component>
    </products>
		<skillRequirements>
			<li>
				<skill>Crafting</skill>
				<minLevel>10</minLevel>
			</li>
		</skillRequirements>
    <workSkill>Crafting</workSkill>
  </RecipeDef>

</RecipeDefs>