﻿<?xml version="1.0" encoding="utf-8"?><Defs>

  <SoundDef>
    <defName>Door_OpenPowered</defName>  
    <context>MapOnly</context> 
    <eventNames />  
    <maxSimultaneous>1</maxSimultaneous>  
    <subSounds>
      <li>
        <name>False</name>      
        <grains>
          <li Class="AudioGrain_Clip">
            <clipPath>Misc/Door/DoorOpen</clipPath>
          </li>
        </grains>      
        <volumeRange>
          <min>3</min>        
          <max>4</max>
        </volumeRange>      
        <pitchRange>
          <min>0.862353</min>        
          <max>1.183529</max>
        </pitchRange>
      </li>
    </subSounds>
  </SoundDef>

  <SoundDef>
    <defName>Door_ClosePowered</defName>  
    <context>MapOnly</context> 
    <eventNames />  
    <maxSimultaneous>1</maxSimultaneous>  
    <subSounds>
      <li>
        <name>False</name>      
        <grains>
          <li Class="AudioGrain_Clip">
            <clipPath>Misc/Door/DoorClose</clipPath>
          </li>
        </grains>      
        <volumeRange>
          <min>2</min>        
          <max>2</max>
        </volumeRange>      
        <pitchRange>
          <min>0.936413</min>        
          <max>1.095094</max>
        </pitchRange>
      </li>
    </subSounds>
  </SoundDef>

  <SoundDef>
    <defName>Door_OpenManual</defName>  
    <context>MapOnly</context> 
    <eventNames />  
    <maxSimultaneous>1</maxSimultaneous>  
    <subSounds>
      <li>
        <name>False</name>      
        <grains>
          <li Class="AudioGrain_Clip">
            <clipPath>Misc/Door/DoorOpenManual</clipPath>
          </li>
        </grains>      
        <volumeRange>
          <min>3</min>        
          <max>4</max>
        </volumeRange>      
        <pitchRange>
          <min>0.8852941</min>        
          <max>1.114706</max>
        </pitchRange>
      </li>
    </subSounds>
  </SoundDef>

  <SoundDef>
    <defName>Door_CloseManual</defName>  
    <context>MapOnly</context> 
    <eventNames />  
    <maxSimultaneous>1</maxSimultaneous>  
    <subSounds>
      <li>
        <name>False</name>      
        <grains>
          <li Class="AudioGrain_Clip">
            <clipPath>Misc/Door/DoorCloseManual</clipPath>
          </li>
        </grains>      
        <volumeRange>
          <min>3</min>        
          <max>4</max>
        </volumeRange>      
        <pitchRange>
          <min>0.862353</min>        
          <max>1.137647</max>
        </pitchRange>
      </li>
    </subSounds>
  </SoundDef>

</Defs>
