﻿<?xml version="1.0" encoding="utf-8" ?>

<KeyBindingDefs>

  <!-- In-game camera -->
  
  <KeyBindingDef Name="GameMapKeyBinding" Abstract="true">
    <category>GameMapCamera</category>
  </KeyBindingDef>

  <KeyBindingDef ParentName="GameMapKeyBinding">
    <defName>MapDollyUp</defName>
    <label>dolly up</label>
    <defaultKeyCodeA>W</defaultKeyCodeA>
    <defaultKeyCodeB>UpArrow</defaultKeyCodeB>
  </KeyBindingDef>

  <KeyBindingDef ParentName="GameMapKeyBinding">
    <defName>MapDollyDown</defName>
    <label>dolly down</label>
    <defaultKeyCodeA>S</defaultKeyCodeA>
    <defaultKeyCodeB>DownArrow</defaultKeyCodeB>
  </KeyBindingDef>

  <KeyBindingDef ParentName="GameMapKeyBinding">
    <defName>MapDollyLeft</defName>
    <label>dolly left</label>
    <defaultKeyCodeA>A</defaultKeyCodeA>
    <defaultKeyCodeB>LeftArrow</defaultKeyCodeB>
  </KeyBindingDef>

  <KeyBindingDef ParentName="GameMapKeyBinding">
    <defName>MapDollyRight</defName>
    <label>dolly right</label>
    <defaultKeyCodeA>D</defaultKeyCodeA>
    <defaultKeyCodeB>RightArrow</defaultKeyCodeB>
  </KeyBindingDef>

  <KeyBindingDef ParentName="GameMapKeyBinding">
    <defName>MapZoomIn</defName>
    <label>zoom in</label>
    <defaultKeyCodeA>PageDown</defaultKeyCodeA>
  </KeyBindingDef>
  
  <KeyBindingDef ParentName="GameMapKeyBinding">
    <defName>MapZoomOut</defName>
    <label>zoom out</label>
    <defaultKeyCodeA>PageUp</defaultKeyCodeA>
  </KeyBindingDef>

 <!-- Map play -->

  <KeyBindingDef Name="GameKeyBinding" Abstract="true">
    <category>Game</category>
  </KeyBindingDef>
  
  <KeyBindingDef ParentName="GameKeyBinding">
    <defName>TakeScreenshot</defName>
    <label>take screenshot</label>
    <defaultKeyCodeA>F10</defaultKeyCodeA>
  </KeyBindingDef>

  <KeyBindingDef ParentName="GameKeyBinding">
    <defName>ToggleScreenshotMode</defName>
    <label>toggle screenshot mode</label>
    <defaultKeyCodeA>F11</defaultKeyCodeA>
  </KeyBindingDef>

  <KeyBindingDef ParentName="GameKeyBinding">
    <defName>SelectNextInCell</defName>
    <label>select next in cell</label>
    <defaultKeyCodeA>KeypadMultiply</defaultKeyCodeA>
  </KeyBindingDef>

  <KeyBindingDef ParentName="GameKeyBinding">
    <defName>TogglePause</defName>
    <label>pause/resume game</label>
    <defaultKeyCodeA>Space</defaultKeyCodeA>
  </KeyBindingDef>

  <KeyBindingDef ParentName="GameKeyBinding">
    <defName>TimeSpeedNormal</defName>
    <label>game speed: normal</label>
    <defaultKeyCodeA>Alpha1</defaultKeyCodeA>
  </KeyBindingDef>

  <KeyBindingDef ParentName="GameKeyBinding">
    <defName>TimeSpeedFast</defName>
    <label>game speed: fast</label>
    <defaultKeyCodeA>Alpha2</defaultKeyCodeA>
  </KeyBindingDef>

  <KeyBindingDef ParentName="GameKeyBinding">
    <defName>TimeSpeedSuperfast</defName>
    <label>game speed: super fast</label>
    <defaultKeyCodeA>Alpha3</defaultKeyCodeA>
  </KeyBindingDef>

  <KeyBindingDef ParentName="GameKeyBinding">
    <defName>TimeSpeedUltrafast</defName>
    <label>game speed: ultra fast (debug)</label>
    <defaultKeyCodeA>Alpha4</defaultKeyCodeA>
    <devModeOnly>true</devModeOnly>
  </KeyBindingDef>

  <KeyBindingDef ParentName="GameKeyBinding">
    <defName>PreviousColonist</defName>
    <label>previous colonist</label>
    <defaultKeyCodeA>Comma</defaultKeyCodeA>
  </KeyBindingDef>

   <KeyBindingDef ParentName="GameKeyBinding">
    <defName>NextColonist</defName>
    <label>next colonist</label>
    <defaultKeyCodeA>Period</defaultKeyCodeA>
  </KeyBindingDef>
  
  <!-- Misc (re-used) -->

  <KeyBindingDef Name="MiscKeyBinding" Abstract="true">
    <category>SelectionMisc</category>
  </KeyBindingDef>

  <KeyBindingDef ParentName="MiscKeyBinding">
    <defName>Misc1</defName>
    <label>Misc 1</label>
    <defaultKeyCodeA>B</defaultKeyCodeA>
  </KeyBindingDef>

  <KeyBindingDef ParentName="MiscKeyBinding">
    <defName>Misc2</defName>
    <label>Misc 2</label>
    <defaultKeyCodeA>H</defaultKeyCodeA>
  </KeyBindingDef>

  <KeyBindingDef ParentName="MiscKeyBinding">
    <defName>Misc3</defName>
    <label>Misc 3</label>
    <defaultKeyCodeA>Y</defaultKeyCodeA>
  </KeyBindingDef>

  <KeyBindingDef ParentName="MiscKeyBinding">
    <defName>Misc4</defName>
    <label>Misc 4</label>
    <defaultKeyCodeA>N</defaultKeyCodeA>
  </KeyBindingDef>

  <KeyBindingDef ParentName="MiscKeyBinding">
    <defName>Misc5</defName>
    <label>Misc 5</label>
    <defaultKeyCodeA>J</defaultKeyCodeA>
  </KeyBindingDef>

  <KeyBindingDef ParentName="MiscKeyBinding">
    <defName>Misc6</defName>
    <label>Misc 6</label>
    <defaultKeyCodeA>U</defaultKeyCodeA>
  </KeyBindingDef>

  <KeyBindingDef ParentName="MiscKeyBinding">
    <defName>Misc7</defName>
    <label>Misc 7</label>
    <defaultKeyCodeA>M</defaultKeyCodeA>
  </KeyBindingDef>

  <KeyBindingDef ParentName="MiscKeyBinding">
    <defName>Misc8</defName>
    <label>Misc 8</label>
    <defaultKeyCodeA>K</defaultKeyCodeA>
  </KeyBindingDef>

  <KeyBindingDef ParentName="MiscKeyBinding">
    <defName>Misc9</defName>
    <label>Misc 9</label>
    <defaultKeyCodeA>I</defaultKeyCodeA>
  </KeyBindingDef>

  <KeyBindingDef ParentName="MiscKeyBinding">
    <defName>Misc10</defName>
    <label>Misc 10</label>
    <defaultKeyCodeA>L</defaultKeyCodeA>
  </KeyBindingDef>

  <KeyBindingDef ParentName="MiscKeyBinding">
    <defName>Misc11</defName>
    <label>Misc 11</label>
    <defaultKeyCodeA>O</defaultKeyCodeA>
  </KeyBindingDef>

  <KeyBindingDef ParentName="MiscKeyBinding">
    <defName>Misc12</defName>
    <label>Misc 12</label>
    <defaultKeyCodeA>P</defaultKeyCodeA>
  </KeyBindingDef>
  
  <!-- Selection special -->

  <KeyBindingDef Name="SelectionSpecialKeyBinding" Abstract="true">
    <category>SelectionSpecial</category>
  </KeyBindingDef>

  <KeyBindingDef ParentName="SelectionSpecialKeyBinding">
    <defName>CommandTogglePower</defName>
    <label>toggle power</label>
    <defaultKeyCodeA>V</defaultKeyCodeA>
  </KeyBindingDef>

  <KeyBindingDef ParentName="SelectionSpecialKeyBinding">
    <defName>CommandItemForbid</defName>
    <label>toggle forbidden</label>
    <defaultKeyCodeA>F</defaultKeyCodeA>
  </KeyBindingDef>

  <KeyBindingDef ParentName="SelectionSpecialKeyBinding">
    <defName>CommandColonistDraft</defName>
    <label>draft</label>
    <defaultKeyCodeA>R</defaultKeyCodeA>
  </KeyBindingDef>
  
  <KeyBindingDef ParentName="SelectionSpecialKeyBinding">
    <defName>ModifierIncrement10x</defName>
    <label>increment 10x</label>
    <defaultKeyCodeA>LeftControl</defaultKeyCodeA>
    <defaultKeyCodeB>RightControl</defaultKeyCodeB>
  </KeyBindingDef>

  <KeyBindingDef ParentName="SelectionSpecialKeyBinding">
    <defName>ModifierIncrement100x</defName>
    <label>increment 100x</label>
    <defaultKeyCodeA>LeftShift</defaultKeyCodeA>
    <defaultKeyCodeB>RightShift</defaultKeyCodeB>
  </KeyBindingDef>

  <!-- Architect: Common -->

  <KeyBindingDef Name="ArchitectBase" Abstract="true">
    <category>Architect</category>
  </KeyBindingDef>

  <KeyBindingDef ParentName="ArchitectBase">
    <defName>DesignatorCancel</defName>
    <label>cancel</label>
    <defaultKeyCodeA>C</defaultKeyCodeA>
  </KeyBindingDef>

  <KeyBindingDef ParentName="ArchitectBase">
    <defName>DesignatorDeconstruct</defName>
    <label>deconstruct</label>
    <defaultKeyCodeA>X</defaultKeyCodeA>
  </KeyBindingDef>

  <KeyBindingDef ParentName="ArchitectBase">
    <defName>DesignatorRotateLeft</defName>
    <label>rotate left</label>
    <defaultKeyCodeA>Q</defaultKeyCodeA>
  </KeyBindingDef>

  <KeyBindingDef ParentName="ArchitectBase">
    <defName>DesignatorRotateRight</defName>
    <label>rotate right</label>
    <defaultKeyCodeA>E</defaultKeyCodeA>
  </KeyBindingDef>

  <!-- Debug -->

  <KeyBindingDef Name="DevelopmentKeyBinding" Abstract="true">
    <category>Development</category>
  </KeyBindingDef>

  <KeyBindingDef ParentName="DevelopmentKeyBinding">
    <defName>TickOnce</defName>
    <label>tick once</label>
    <defaultKeyCodeA>KeypadPlus</defaultKeyCodeA>
    <devModeOnly>true</devModeOnly>
  </KeyBindingDef>

  <KeyBindingDef ParentName="DevelopmentKeyBinding">
    <defName>ToggleGodMode</defName>
    <label>toggle god mode</label>
    <defaultKeyCodeA>Semicolon</defaultKeyCodeA>
    <devModeOnly>true</devModeOnly>
  </KeyBindingDef>

  <KeyBindingDef ParentName="DevelopmentKeyBinding">
    <defName>ToggleDebugLog</defName>
    <label>toggle debug log</label>
    <defaultKeyCodeA>BackQuote</defaultKeyCodeA>
  </KeyBindingDef>

  <KeyBindingDef ParentName="DevelopmentKeyBinding">
    <defName>ToggleDebugActionsMenu</defName>
    <label>toggle debug actions menu</label>
    <defaultKeyCodeA>Slash</defaultKeyCodeA>
    <devModeOnly>true</devModeOnly>
  </KeyBindingDef>
  
  <KeyBindingDef ParentName="DevelopmentKeyBinding">
    <defName>ToggleDebugLogMenu</defName>
    <label>toggle debug log menu</label>
    <defaultKeyCodeA>Insert</defaultKeyCodeA>
    <devModeOnly>true</devModeOnly>
  </KeyBindingDef>
  
  <KeyBindingDef ParentName="DevelopmentKeyBinding">
    <defName>ToggleDebugInspector</defName>
    <label>toggle debug inspector</label>
    <defaultKeyCodeA>Quote</defaultKeyCodeA>
    <devModeOnly>true</devModeOnly>
  </KeyBindingDef>
  
  <KeyBindingDef ParentName="DevelopmentKeyBinding">
    <defName>ToggleDebugSettingsMenu</defName>
    <label>toggle debug settings menu</label>
    <defaultKeyCodeA>RightBracket</defaultKeyCodeA>
    <devModeOnly>true</devModeOnly>
  </KeyBindingDef>

</KeyBindingDefs>
