﻿<?xml version="1.0" encoding="utf-8" ?>
<Defs>

  <PawnKindDef>
    <defName>SpaceRefugee</defName>
    <label>space refugee</label>
    <race>Human</race>
    <combatPower>25</combatPower>
    <baseRecruitDifficulty>0.30</baseRecruitDifficulty>
    <backstoryCategory>Civil</backstoryCategory>
    <defaultFactionType>Spacer</defaultFactionType>
    <backstoryCryptosleepCommonality>1</backstoryCryptosleepCommonality>
    <forceNormalGearQuality>true</forceNormalGearQuality>
    <isFighter>false</isFighter>
    <chemicalAddictionChance>0.08</chemicalAddictionChance>
    <gearHealthRange>
      <min>0.4</min>
      <max>1.4</max>
    </gearHealthRange>
    <apparelMoney>
      <min>0</min>
      <max>1000</max>
    </apparelMoney>
    <apparelTags>
      <li>Spacer</li>
    </apparelTags>
    <apparelIgnoreSeasons>true</apparelIgnoreSeasons>
    <apparelAllowHeadwearChance>0.5</apparelAllowHeadwearChance>
  </PawnKindDef>

  <PawnKindDef>
    <defName>SpaceSoldier</defName>
    <label>space soldier</label>
    <race>Human</race>
    <combatPower>100</combatPower>
    <baseRecruitDifficulty>0.30</baseRecruitDifficulty>
    <backstoryCategory>Civil</backstoryCategory>
    <defaultFactionType>SpacerHostile</defaultFactionType>
    <backstoryCryptosleepCommonality>1</backstoryCryptosleepCommonality>
    <maxGenerationAge>58</maxGenerationAge>
    <itemQuality>Good</itemQuality>
    <chemicalAddictionChance>0.08</chemicalAddictionChance>
    <apparelMoney>
      <min>0</min>
      <max>3200</max>
    </apparelMoney>
    <apparelTags>
      <li>Spacer</li>
      <li>BeltDefensePop</li>
    </apparelTags>
    <apparelIgnoreSeasons>true</apparelIgnoreSeasons>
    <apparelAllowHeadwearChance>0.5</apparelAllowHeadwearChance>
    <weaponMoney>
      <min>300</min>
      <max>900</max>
    </weaponMoney>
    <weaponTags>
      <li>Gun</li>
    </weaponTags>
    <techHediffsMoney>
      <min>1000</min>
      <max>5000</max>
    </techHediffsMoney>
    <combatEnhancingDrugsCount>
      <min>0</min>
      <max>2</max>
    </combatEnhancingDrugsCount>
    <techHediffsTags>
      <li>Advanced</li>
    </techHediffsTags>
    <techHediffsChance>0.3</techHediffsChance>
  </PawnKindDef>

</Defs>
