﻿<?xml version="1.0" encoding="utf-8" ?>
<Defs>

  <PawnKindDef Name="OutlanderBase" Abstract="True">
    <defaultFactionType>Outlander</defaultFactionType>
    <chemicalAddictionChance>0.045</chemicalAddictionChance>
    <baseRecruitDifficulty>0.60</baseRecruitDifficulty>
    <backstoryCryptosleepCommonality>0.04</backstoryCryptosleepCommonality>
    <backstoryCategory>Civil</backstoryCategory>
    <apparelTags>
      <li>Outlander</li>
    </apparelTags>
  </PawnKindDef>

  <PawnKindDef Name="Villager" ParentName="OutlanderBase">
    <defName>Villager</defName>
    <label>villager</label>
    <race>Human</race>
    <combatPower>30</combatPower>
    <itemQuality>Poor</itemQuality>
    <isFighter>false</isFighter>
    <gearHealthRange>
      <min>0.2</min>
      <max>2.0</max>
    </gearHealthRange>
    <apparelMoney>
      <min>300</min>
      <max>900</max>
    </apparelMoney>
    <apparelAllowHeadwearChance>0.4</apparelAllowHeadwearChance>
    <weaponMoney>
      <min>0</min>
      <max>250</max>
    </weaponMoney>
    <weaponTags>
      <li>Gun</li>
      <li>NonNeolithicOnlyMelee</li>
    </weaponTags>
    <techHediffsMoney>
      <min>200</min>
      <max>300</max>
    </techHediffsMoney>
    <techHediffsTags>
      <li>Simple</li>
    </techHediffsTags>
    <techHediffsChance>0.001</techHediffsChance>
    <invNutrition>2.55</invNutrition>
    <inventoryOptions>
      <skipChance>0.75</skipChance>
      <subOptionsChooseOne>
        <li>
          <choiceChance>90</choiceChance>
          <thingDef>Silver</thingDef>
          <countRange>
            <min>25</min>
            <max>70</max>
          </countRange>
        </li>
        <li>
          <choiceChance>10</choiceChance>
          <thingDef>Silver</thingDef>
          <countRange>
            <min>700</min>
            <max>1000</max>
          </countRange>
        </li>
      </subOptionsChooseOne>
    </inventoryOptions>
  </PawnKindDef>

  <PawnKindDef ParentName="Villager">
    <defName>TownCouncilman</defName>
    <label>town councilman</label>
    <labelPlural>town councilmen</labelPlural>
    <apparelTags>
      <li>Outlander</li>
      <li>BeltDefensePop</li>
    </apparelTags>
    <factionLeader>true</factionLeader>
    <minGenerationAge>40</minGenerationAge>
    <maxGenerationAge>100</maxGenerationAge>
  </PawnKindDef>
  
  <PawnKindDef ParentName="Villager">
    <defName>TownTrader</defName>
    <label>town trader</label>
    <trader>true</trader>
  </PawnKindDef>
  
  <PawnKindDef ParentName="OutlanderBase">
    <defName>TownGuard</defName>
    <label>town guard</label>
    <race>Human</race>
    <combatPower>53</combatPower>
    <maxGenerationAge>65</maxGenerationAge>
    <gearHealthRange>
      <min>0.5</min>
      <max>1.8</max>
    </gearHealthRange>
    <apparelMoney>
      <min>300</min>
      <max>900</max>
    </apparelMoney>
    <apparelAllowHeadwearChance>0.4</apparelAllowHeadwearChance>
    <weaponMoney>
      <min>200</min>
      <max>600</max>
    </weaponMoney>
    <weaponTags>
      <li>Gun</li>
    </weaponTags>
    <techHediffsMoney>
      <min>200</min>
      <max>300</max>
    </techHediffsMoney>
    <techHediffsTags>
      <li>Simple</li>
    </techHediffsTags>
    <techHediffsChance>0.001</techHediffsChance>
    <invNutrition>2.55</invNutrition>
    <inventoryOptions>
      <skipChance>0.95</skipChance>
      <thingDef>Silver</thingDef>
      <countRange>
        <min>30</min>
        <max>100</max>
      </countRange>
    </inventoryOptions>
  </PawnKindDef>

</Defs>
