﻿<?xml version="1.0" encoding="utf-8" ?>
<Defs>

  <PawnKindDef>
    <defName>Slave</defName>
    <label>slave</label>
    <combatPower>30</combatPower>
    <race>Human</race>
    <baseRecruitDifficulty>0.60</baseRecruitDifficulty>
    <backstoryCategory>Slave</backstoryCategory>
    <defaultFactionType>Outlander</defaultFactionType>
    <itemQuality>Shoddy</itemQuality>
    <backstoryCryptosleepCommonality>0.2</backstoryCryptosleepCommonality>
    <isFighter>false</isFighter>
    <chemicalAddictionChance>0.05</chemicalAddictionChance>
    <gearHealthRange>
      <min>0.2</min>
      <max>0.8</max>
    </gearHealthRange>
    <apparelTags>
      <li>Outlander</li>
    </apparelTags>
    <apparelMoney>
      <min>150</min>
      <max>300</max>
    </apparelMoney>
    <apparelAllowHeadwearChance>0</apparelAllowHeadwearChance>
    <techHediffsMoney>
      <min>0</min>
      <max>35</max>
    </techHediffsMoney>
    <techHediffsTags>
      <li>Poor</li>
    </techHediffsTags>
    <techHediffsChance>0.01</techHediffsChance>
    <apparelIgnoreSeasons>true</apparelIgnoreSeasons>
    <invNutrition>1</invNutrition>
    <invFoodDef>Pemmican</invFoodDef>
  </PawnKindDef>

  <PawnKindDef>
    <defName>WildMan</defName>
    <label>wild man</label>
    <labelPlural>wild men</labelPlural>
    <labelFemale>wild woman</labelFemale>
    <labelFemalePlural>wild women</labelFemalePlural>
    <combatPower>70</combatPower>
    <race>Human</race>
    <backstoryCategory>Tribal</backstoryCategory>
    <defaultFactionType>Tribe</defaultFactionType>
    <itemQuality>Shoddy</itemQuality>
    <chemicalAddictionChance>0.03</chemicalAddictionChance>
    <techHediffsChance>0</techHediffsChance>
    <apparelIgnoreSeasons>true</apparelIgnoreSeasons>
  </PawnKindDef>

</Defs>
