﻿<?xml version="1.0" encoding="utf-8" ?>

<Defs>

  <ToolCapacityDef>
    <defName>Stab</defName>
    <label>piercing</label>
  </ToolCapacityDef>
  
  <ToolCapacityDef>
    <defName>Cut</defName>
    <label>cutting</label>
  </ToolCapacityDef>

  <ToolCapacityDef>
    <defName>Blunt</defName>
    <label>smashing</label>
  </ToolCapacityDef>

  <ToolCapacityDef>
    <defName>Scratch</defName>
    <label>clawing</label>
  </ToolCapacityDef>

  <ToolCapacityDef>
    <defName>Poke</defName>
    <label>jabbing</label>
  </ToolCapacityDef>

  <ToolCapacityDef>
    <defName>Bite</defName>
    <label>biting</label>
  </ToolCapacityDef>

  <ToolCapacityDef>
    <defName>ToxicBite</defName>
    <label>toxic biting</label>
  </ToolCapacityDef>

</Defs>
