﻿<?xml version="1.0" encoding="utf-8" ?>
<SongDefs>



  <!-- Day -->
	<SongDef>
		<clipPath>Songs/Relax/Noodles_Planetfall/Noodle_Planetfall_a</clipPath>
    <volume>0.65</volume>
    <allowedTimeOfDay>Day</allowedTimeOfDay>
  </SongDef>

	<SongDef>
		<clipPath>Songs/Relax/Noodles_Planetfall/Noodle_Planetfall_b</clipPath>
    <volume>0.65</volume>
    <allowedTimeOfDay>Day</allowedTimeOfDay>
  </SongDef>

	<SongDef>
		<clipPath>Songs/Relax/Noodles_Planetfall/Noodle_Planetfall_c</clipPath>
    <volume>0.65</volume>
		<allowedTimeOfDay>Day</allowedTimeOfDay>
  </SongDef>

	<SongDef>
		<clipPath>Songs/Relax/Noodles_Planetfall/Noodle_Planetfall_d</clipPath>
    <volume>0.65</volume>
    <allowedTimeOfDay>Day</allowedTimeOfDay>
  </SongDef>

	<SongDef>
		<clipPath>Songs/Relax/Noodles_Planetfall/Noodle_Planetfall_e</clipPath>
    <volume>0.65</volume>
    <allowedTimeOfDay>Day</allowedTimeOfDay>
  </SongDef>

  <SongDef>
    <clipPath>Songs/Relax/A_New_Day</clipPath>
    <volume>0.7</volume>
    <allowedTimeOfDay>Day</allowedTimeOfDay>
  </SongDef>


  <!-- Night -->
  <SongDef>
    <clipPath>Songs/Relax/Noodles_Starscape/Noodle_Starscape_a</clipPath>
    <allowedTimeOfDay>Night</allowedTimeOfDay>
  </SongDef>

  <SongDef>
    <clipPath>Songs/Relax/Noodles_Starscape/Noodle_Starscape_b</clipPath>
    <allowedTimeOfDay>Night</allowedTimeOfDay>
  </SongDef>

  <SongDef>
    <clipPath>Songs/Relax/Noodles_Starscape/Noodle_Starscape_c</clipPath>
    <allowedTimeOfDay>Night</allowedTimeOfDay>
  </SongDef>

  <SongDef>
    <clipPath>Songs/Relax/Noodles_Starscape/Noodle_Starscape_d</clipPath>
    <allowedTimeOfDay>Night</allowedTimeOfDay>
  </SongDef>

  <SongDef>
    <clipPath>Songs/Relax/Noodles_Starscape/Noodle_Starscape_e</clipPath>
    <allowedTimeOfDay>Night</allowedTimeOfDay>
  </SongDef>

  <SongDef>
    <clipPath>Songs/Relax/Noodles_Starscape/Noodle_Starscape_f</clipPath>
    <allowedTimeOfDay>Night</allowedTimeOfDay>
  </SongDef>

  <!-- Any time of day -->

  <SongDef>
		<clipPath>Songs/Relax/Noodles_Mirage/Noodle_Mirage_b</clipPath>
  </SongDef>

	<SongDef>
    <clipPath>Songs/Relax/Noodles_Mirage/Noodle_Mirage_c</clipPath>
  </SongDef>

	<SongDef>
		<clipPath>Songs/Relax/Noodles_Mirage/Noodle_Mirage_d</clipPath>
  </SongDef>

	<SongDef>
		<clipPath>Songs/Relax/Noodles_Mirage/Noodle_Mirage_e</clipPath>
  </SongDef>

  <SongDef>
    <clipPath>Songs/Relax/I_Like_It_Here</clipPath>
    <volume>1.03</volume>
  </SongDef>

  <SongDef>
    <clipPath>Songs/Relax/Cruel_Sunrise</clipPath>
    <volume>0.98</volume>
  </SongDef>

  <SongDef>
    <clipPath>Songs/Relax/Terraformer</clipPath>
    <volume>0.70</volume>
  </SongDef>

  <SongDef>
    <clipPath>Songs/Relax/Moving_On</clipPath>
    <volume>1.0</volume>
  </SongDef>

  <SongDef>
    <clipPath>Songs/Relax/Night_And_Day</clipPath>
    <volume>0.97</volume>
  </SongDef>

  <SongDef>
    <clipPath>Songs/Relax/Tribal_Assembly</clipPath>
    <volume>0.95</volume>
  </SongDef>

  <SongDef>
    <clipPath>Songs/Relax/Ice_Shaman</clipPath>
    <volume>0.97</volume>
    <commonality>2.0</commonality>
    <allowedSeasons>
      <li>Winter</li>
    </allowedSeasons>
  </SongDef>

  <SongDef>
    <clipPath>Songs/Relax/Barnstar</clipPath>
    <volume>0.99</volume>
  </SongDef>

	<SongDef>
		<clipPath>Songs/Relax/Ceta</clipPath>
		<volume>1.05</volume>
	</SongDef>

  <SongDef>
    <clipPath>Songs/Relax/Alpaca</clipPath>
    <volume>0.98</volume>
  </SongDef>

  <SongDef>
    <clipPath>Songs/Relax/Jovian_Cycle</clipPath>
    <volume>1.02</volume>
  </SongDef>

  <SongDef>
    <clipPath>Songs/Relax/Rough_Trail</clipPath>
    <volume>1.00</volume>
  </SongDef>

  <SongDef>
    <clipPath>Songs/Relax/Moon_Harvest</clipPath>
    <volume>1.04</volume>
  </SongDef>
  
  <SongDef>
    <clipPath>Songs/Relax/Space_Junk</clipPath>
    <volume>0.99</volume>
  </SongDef>

  <SongDef>
    <clipPath>Songs/Relax/These_Lands</clipPath>
    <volume>1.00</volume>
  </SongDef>

  <SongDef>
    <clipPath>Songs/Relax/Gathering_In</clipPath>
    <volume>1.00</volume>
  </SongDef>

  <SongDef>
    <clipPath>Songs/Relax/Seasons_Turn</clipPath>
    <volume>1.00</volume>
  </SongDef>

  <SongDef>
    <clipPath>Songs/Relax/What_Gravity</clipPath>
    <volume>1.00</volume>
  </SongDef>

  <SongDef>
    <clipPath>Songs/Relax/Traces</clipPath>
    <volume>1.00</volume>
  </SongDef>
  
</SongDefs>