﻿<?xml version="1.0" encoding="utf-8" ?>
<Defs>

  <SongDef>
    <clipPath>Songs/Tension/Here_It_Comes</clipPath>
    <volume>1.0</volume>
    <tense>true</tense>
  </SongDef>

  <SongDef>
    <clipPath>Songs/Tension/Close_The_Gates</clipPath>
    <volume>1.0</volume>
    <tense>true</tense>
  </SongDef>

  <SongDef>
    <clipPath>Songs/Tension/Riding_Out</clipPath>
    <volume>0.7</volume>
    <tense>true</tense>
  </SongDef>

  <SongDef>
    <clipPath>Songs/Tension/Dont_Freeze_Up</clipPath>
    <volume>1.0</volume>
    <tense>true</tense>
  </SongDef>

  <SongDef>
    <clipPath>Songs/Tension/Chaos_Bringer</clipPath>
    <volume>1.0</volume>
    <tense>true</tense>
  </SongDef>

</Defs>