﻿<?xml version="1.0" encoding="utf-8" ?>
<Defs>

  <ManeuverDef>
    <defName>Slash</defName>
    <requiredCapacity>Cut</requiredCapacity>
    <verb>
      <verbClass>Verb_MeleeAttack</verbClass>
      <meleeDamageDef>Cut</meleeDamageDef>
    </verb>
    <combatLogRules>Maneuver_Slash</combatLogRules>
  </ManeuverDef>

  <ManeuverDef>
    <defName>Stab</defName>
    <requiredCapacity>Stab</requiredCapacity>
    <verb>
      <verbClass>Verb_MeleeAttack</verbClass>
      <meleeDamageDef>Stab</meleeDamageDef>
    </verb>
    <combatLogRules>Maneuver_Stab</combatLogRules>
  </ManeuverDef>

  <ManeuverDef>
    <defName>Smash</defName>
    <requiredCapacity>Blunt</requiredCapacity>
    <verb>
      <verbClass>Verb_MeleeAttack</verbClass>
      <meleeDamageDef>Blunt</meleeDamageDef>
    </verb>
    <combatLogRules>Maneuver_Smash</combatLogRules>
  </ManeuverDef>

  <ManeuverDef>
    <defName>Scratch</defName>
    <requiredCapacity>Scratch</requiredCapacity>
    <verb>
      <verbClass>Verb_MeleeAttack</verbClass>
      <meleeDamageDef>Scratch</meleeDamageDef>
    </verb>
    <combatLogRules>Maneuver_Scratch</combatLogRules>
  </ManeuverDef>

  <ManeuverDef>
    <defName>Poke</defName>
    <requiredCapacity>Poke</requiredCapacity>
    <verb>
      <verbClass>Verb_MeleeAttack</verbClass>
      <meleeDamageDef>Poke</meleeDamageDef>
    </verb>
    <combatLogRules>Poke</combatLogRules>
  </ManeuverDef>

  <ManeuverDef>
    <defName>Bite</defName>
    <requiredCapacity>Bite</requiredCapacity>
    <verb>
      <verbClass>Verb_MeleeAttack</verbClass>
      <meleeDamageDef>Bite</meleeDamageDef>
    </verb>
    <combatLogRules>Bite</combatLogRules>
  </ManeuverDef>

  <ManeuverDef>
    <defName>ToxicBite</defName>
    <requiredCapacity>ToxicBite</requiredCapacity>
    <verb>
      <verbClass>Verb_MeleeAttack</verbClass>
      <meleeDamageDef>ToxicBite</meleeDamageDef>
    </verb>
    <combatLogRules>Bite</combatLogRules>
  </ManeuverDef>
  
</Defs>
