<?xml version="1.0" encoding="utf-8" ?>
<TraitDefs>

  <TraitDef>
    <defName>Nudist</defName>
    <commonality>0.2</commonality>
    <degreeDatas>
      <li>
        <label>nudist</label>
        <description>NAME enjoys the feeling of freedom that comes from being nude. HECAP can handle clothing, but will be happier without it.</description>
      </li>
    </degreeDatas>
  </TraitDef>

  <TraitDef>
    <defName>Bloodlust</defName>
    <commonality>0.17</commonality>
    <degreeDatas>
      <li>
        <label>bloodlust</label>
        <description>NAME gets a rush from hurting people, and never minds the sight of blood or death. HECAP is twice as likely to start a social fight.</description>
        <socialFightChanceFactor>2</socialFightChanceFactor>
      </li>
    </degreeDatas>
    <requiredWorkTags>
      <li>Violent</li>
    </requiredWorkTags>
  </TraitDef>

  <TraitDef>
    <defName>Kind</defName>
    <commonality>0.2</commonality>
    <degreeDatas>
      <li>
        <label>kind</label>
        <description>NAME is a nice person. HECAP has a tendency to brighten everyone else's day and never insults others.</description>
      </li>
    </degreeDatas>
    <conflictingTraits>
      <li>Abrasive</li>
    </conflictingTraits>
  </TraitDef>

  <TraitDef>
    <defName>Psychopath</defName>
    <commonality>0.2</commonality>
    <degreeDatas>
      <li>
        <label>psychopath</label>
        <description>NAME has no empathy. The suffering of others doesn't bother HIM at all. HECAP doesn't mind if others are butchered, left unburied, imprisoned, or sold to slavery - unless it affects HIM. HECAP also feels no mood boost from socializing.</description>
      </li>
    </degreeDatas>
  </TraitDef>

  <TraitDef>
    <defName>Cannibal</defName>
    <commonality>0.08</commonality>
    <degreeDatas>
      <li>
        <label>cannibal</label>
        <description>NAME was taught that eating human meat is wrong and horrible. But one time, long ago, HE tried it... and HE liked it.</description>
      </li>
    </degreeDatas>
  </TraitDef>

  <TraitDef>
    <defName>Abrasive</defName>
    <commonality>0.5</commonality>
    <degreeDatas>
      <li>
        <label>abrasive</label>
        <description>NAME always says exactly what's on HIS mind, especially if it's bugging HIM. That tends to rub people the wrong way.</description>
      </li>
    </degreeDatas>
    <requiredWorkTags>
      <li>Social</li>
    </requiredWorkTags>
  </TraitDef>

  <TraitDef>
    <defName>TooSmart</defName>
    <commonality>0.5</commonality>
    <degreeDatas>
      <li>
        <label>too smart</label>
        <description>NAME is too smart for HIS own good. HECAP learns everything much faster than everyone, but can be quite eccentric.</description>
        <statOffsets>
          <GlobalLearningFactor>0.8</GlobalLearningFactor>
          <MentalBreakThreshold>0.12</MentalBreakThreshold>
        </statOffsets>
      </li>
    </degreeDatas>
    <conflictingTraits>
      <li>Nerves</li>
    </conflictingTraits>
    <requiredWorkTags>
      <li>Intellectual</li>
    </requiredWorkTags>
  </TraitDef>

  <TraitDef>
    <defName>Brawler</defName>
    <commonality>0.5</commonality>
    <degreeDatas>
      <li>
        <label>brawler</label>
        <description>NAME likes to fight up close and personal. HISCAP accuracy is greatly increased in melee combat, but HE'll be very unhappy if asked to carry a ranged weapon.</description>
        <statFactors>
          <MeleeHitChance>1.30</MeleeHitChance>
        </statFactors>
        <skillGains>
          <li>
            <key>Melee</key>
            <value>4</value>
          </li>
          <li>
            <key>Shooting</key>
            <value>-4</value>
          </li>
        </skillGains>
      </li>
    </degreeDatas>
    <conflictingTraits>
      <li>ShootingAccuracy</li>
			<li>Wimp</li>
    </conflictingTraits>
    <requiredWorkTags>
      <li>Violent</li>
    </requiredWorkTags>
  </TraitDef>

  <TraitDef>
    <defName>Masochist</defName>
    <commonality>0.2</commonality>
    <degreeDatas>
      <li>
        <label>masochist</label>
        <description>For NAME, there's something exciting about getting hurt. HECAP doesn't know why, HE's just wired differently.</description>
      </li>
    </degreeDatas>
  </TraitDef>

  <TraitDef>
    <defName>Prosthophile</defName>
    <commonality>0.3</commonality>
    <degreeDatas>
      <li>
        <label>prosthophile</label>
        <description>NAME feels limited in HIS feeble human body. HECAP often dreams of going bionic.</description>
      </li>
    </degreeDatas>
    <conflictingTraits>
      <li>Prosthophobe</li>
    </conflictingTraits>
  </TraitDef>

  <TraitDef>
    <defName>Prosthophobe</defName>
    <commonality>0.3</commonality>
    <degreeDatas>
      <li>
        <label>prosthophobe</label>
        <description>NAME believes the human body is limited for a reason. To HIM, bionic body parts are unethical.</description>
      </li>
    </degreeDatas>
    <conflictingTraits>
      <li>Prosthophile</li>
    </conflictingTraits>
  </TraitDef>

  <TraitDef>
    <defName>GreenThumb</defName>
    <commonality>0.5</commonality>
    <degreeDatas>
      <li>
        <label>green thumb</label>
        <description>NAME has a passion for gardening. HECAP gets a mood bonus for every plant HE sows.</description>
        <skillGains>
          <li>
            <key>Growing</key>
            <value>2</value>
          </li>
        </skillGains>
      </li>
    </degreeDatas>
    <requiredWorkTypes>
      <li>Growing</li>
      <li>PlantCutting</li>
    </requiredWorkTypes>
  </TraitDef>
  
  <TraitDef>
    <defName>NightOwl</defName>
    <commonality>0.35</commonality>
    <degreeDatas>
      <li>
        <label>night owl</label>
        <description>NAME likes to be up during the night, and sleep during the day.\n\nHECAP gets a mood bonus if awake at night (23h-6h) and mood loss if awake during the day (11h-18h).</description>
      </li>
    </degreeDatas>
  </TraitDef>
  
  <TraitDef>
    <defName>Greedy</defName>
    <commonality>0.2</commonality>
    <degreeDatas>
      <li>
        <label>greedy</label>
        <description>NAME needs a really impressive bedroom. HECAP gets a mood loss if HE doesn't get what HE wants.</description>
      </li>
    </degreeDatas>
    <conflictingTraits>
      <li>Ascetic</li>
    </conflictingTraits>
  </TraitDef>
  
  <TraitDef>
    <defName>Jealous</defName>
    <commonality>0.2</commonality>
    <degreeDatas>
      <li>
        <label>jealous</label>
        <description>For NAME, it's degrading to have a less impressive bedroom than someone else. HECAP gets a mood loss if any colonist has a more impressive bedroom.</description>
      </li>
    </degreeDatas>
    <conflictingTraits>
      <li>Ascetic</li>
    </conflictingTraits>
  </TraitDef>
  
  <TraitDef>
    <defName>Ascetic</defName>
    <commonality>0.2</commonality>
    <degreeDatas>
      <li>
        <label>ascetic</label>
        <description>NAME prefers to live in asceticism. HECAP will be put in a poor mood if HE has a bedroom that's too impressive. HECAP also dislikes fancy food and prefers to eat raw - and raw food won't bother HIM a bit.</description>
      </li>
    </degreeDatas>
    <conflictingTraits>
      <li>Greedy</li>
      <li>Jealous</li>
    </conflictingTraits>
  </TraitDef>
  
  <TraitDef>
    <defName>Gay</defName>
    <commonality>0.2</commonality>
    <degreeDatas>
      <li>
        <label>gay</label>
        <description>NAME is romantically attracted to people of HIS own gender.</description>
      </li>
    </degreeDatas>
  </TraitDef>
  
  <TraitDef>
    <defName>DislikesMen</defName>
    <commonality>0.02</commonality>
    <commonalityFemale>0.2</commonalityFemale>
    <degreeDatas>
      <li>
        <label>misandrist</label>
        <description>NAME really dislikes and distrusts men.</description>
      </li>
    </degreeDatas>
  </TraitDef>
  
  <TraitDef>
    <defName>DislikesWomen</defName>
    <commonality>0.2</commonality>
    <commonalityFemale>0.02</commonalityFemale>
    <degreeDatas>
      <li>
        <label>misogynist</label>
        <description>NAME really dislikes and distrusts women.</description>
      </li>
    </degreeDatas>
  </TraitDef>

  <TraitDef>
    <defName>AnnoyingVoice</defName>
    <commonality>0.1</commonality>
    <degreeDatas>
      <li>
        <label>annoying voice</label>
        <description>NAME's voice has a particularly grating, nasal quality to it, and HE tends to talk in barked, garbled phrases. This predisposes others to dislike HIM.</description>
      </li>
    </degreeDatas>
  </TraitDef>

  <TraitDef>
    <defName>CreepyBreathing</defName>
    <commonality>0.05</commonality>
    <degreeDatas>
      <li>
        <label>creepy breathing</label>
        <description>NAME breathes heavily all the time, and sweats constantly. People find it creepy.</description>
      </li>
    </degreeDatas>
  </TraitDef>
  
  <TraitDef>
    <defName>Pyromaniac</defName>
    <commonality>0.3</commonality>
    <disabledWorkTags>Firefighting</disabledWorkTags>
    <degreeDatas>
      <li>
        <label>pyromaniac</label>
        <description>NAME loves fire. HECAP will occasionaly start fires and will never extinguish them.</description>
        <allowedMentalBreaks>
          <li>FireStartingSpree</li>
        </allowedMentalBreaks>
        <randomMentalState>FireStartingSpree</randomMentalState>
        <randomMentalStateMtbDaysMoodCurve>
          <points>
            <li>(0, 15)</li>
            <li>(50, 50)</li>
            <li>(100, 100)</li>
          </points>
        </randomMentalStateMtbDaysMoodCurve>
      </li>
    </degreeDatas>
  </TraitDef>
    
  <TraitDef>
    <defName>Wimp</defName>
    <commonality>0.15</commonality>
		<allowOnHostileSpawn>false</allowOnHostileSpawn>
    <degreeDatas>
      <li>
        <label>wimp</label>
        <description>NAME is weak and cowardly. Even a little pain will immobilize HIM.</description>
        <painShockThreshold>0.15</painShockThreshold>
      </li>
    </degreeDatas>
		<conflictingTraits>
			<li>Brawler</li>
		</conflictingTraits>
  </TraitDef>
  
</TraitDefs>
