﻿<?xml version="1.0" encoding="utf-8" ?>
<TraitDefs>

  <TraitDef>
    <defName>SpeedOffset</defName>
    <commonality>1</commonality>
    <degreeDatas>
      <li>
        <label>slowpoke</label>
        <description>NAME is always falling behind the group whenever HE goes anywhere.</description>
        <degree>-1</degree>
        <statOffsets>
          <MoveSpeed>-0.20</MoveSpeed>
        </statOffsets>
      </li>
      <li>
        <label>fast walker</label>
        <description>NAME likes to be where HE's going. HECAP walks quicker than most people.</description>
        <degree>1</degree>
        <statOffsets>
          <MoveSpeed>0.20</MoveSpeed>
        </statOffsets>
      </li>
      <li>
        <label>jogger</label>
        <description>NAME always moves with a sense of urgency - so much so that others often fail to keep up.</description>
        <degree>2</degree>
        <statOffsets>
          <MoveSpeed>0.40</MoveSpeed>
        </statOffsets>
      </li>      
    </degreeDatas>
  </TraitDef>

  <TraitDef>
    <defName>DrugDesire</defName>
    <commonality>1</commonality>
    <degreeDatas>
      <li>
        <label>chemical fascination</label>
        <description>NAME has an intense fascination with chemical sources of enjoyment. HECAP will consume much more of them, and will sometimes go on hard drug binges. HECAP will ignore directives to not use pleasurable drugs.</description>
        <degree>2</degree>
        <randomMentalState>BingingDrugExtreme</randomMentalState>
        <randomMentalStateMtbDaysMoodCurve>
          <points>
            <li>(0, 7.5)</li>
            <li>(50, 25)</li>
            <li>(100, 50)</li>
          </points>
        </randomMentalStateMtbDaysMoodCurve>
      </li>    
      <li>
        <label>chemical interest</label>
        <description>NAME has an unusual interest in chemical sources of enjoyment. HECAP will consume more of them, and will sometimes go on social drug binges. HECAP will ignore directives to not use pleasurable drugs.</description>
        <degree>1</degree>
        <randomMentalState>BingingDrugMajor</randomMentalState>
        <randomMentalStateMtbDaysMoodCurve>
          <points>
            <li>(0, 15)</li>
            <li>(50, 50)</li>
            <li>(100, 100)</li>
          </points>
        </randomMentalStateMtbDaysMoodCurve>
      </li>
      <li>
        <label>teetotaler</label>
        <description>NAME abhors the idea of gaining pleasure from chemicals, and avoids alcohol and pleasurable drugs.</description>
        <degree>-1</degree>
        <disallowedMentalStates>
          <li>BingingDrugExtreme</li>
          <li>BingingDrugMajor</li>
        </disallowedMentalStates>
      </li>
    </degreeDatas>
  </TraitDef>
  
  <TraitDef>
    <defName>NaturalMood</defName>
    <commonality>1</commonality>
    <degreeDatas>
      <li>
        <label>sanguine</label>
        <description>NAME is just naturally upbeat about HIS situation, pretty much all the time, no matter what it is.</description>
        <degree>2</degree>
      </li>
      <li>
        <label>optimist</label>
        <description>NAME is naturally optimistic about life. It's hard to get HIM down.</description>
        <degree>1</degree>
      </li>
      <li>
        <label>pessimist</label>
        <description>NAME tends to look on the bad side of life.</description>
        <degree>-1</degree>
      </li> 
           <li>
        <label>depressive</label>
        <description>NAME is perenially unhappy. HECAP has trouble sustaining a good mood even when everything is fine.</description>
        <degree>-2</degree>
      </li>
    </degreeDatas>
  </TraitDef>

  <TraitDef>
    <defName>Nerves</defName>
    <commonality>1</commonality>
    <degreeDatas>
      <li>
        <label>iron-willed</label>
        <description>NAME's will is an iron shield. HECAP keeps going through thick and thin, when others broke down long before.</description>
        <degree>2</degree>
        <statOffsets>
          <MentalBreakThreshold>-0.18</MentalBreakThreshold>
        </statOffsets>
      </li>
      <li>
        <label>steadfast</label>
        <description>NAME is mentally tough and won't break down under stresses that would crack most people.</description>
        <degree>1</degree>
        <statOffsets>
          <MentalBreakThreshold>-0.09</MentalBreakThreshold>
        </statOffsets>
      </li>
      <li>
        <label>nervous</label>
        <description>NAME tends to crack under pressure.</description>
        <degree>-1</degree>
        <statOffsets>
          <MentalBreakThreshold>0.08</MentalBreakThreshold>
        </statOffsets>
      </li>
      <li>
        <label>volatile</label>
        <description>NAME is on a hair-trigger all the time. HECAP is the first to break in any tough situation.</description>
        <degree>-2</degree>
        <statOffsets>
          <MentalBreakThreshold>0.15</MentalBreakThreshold>
        </statOffsets>
      </li>
    </degreeDatas>
  </TraitDef>

  <TraitDef>
    <defName>Neurotic</defName>
    <commonality>0.5</commonality>
    <degreeDatas>
      <li>
        <label>neurotic</label>
        <description>NAME likes to have things squared away. HECAP will work harder than most to attain this state of affairs, but HIS nerves can get the better of HIM.</description>
        <degree>1</degree>
        <statOffsets>
          <WorkSpeedGlobal>0.20</WorkSpeedGlobal>
          <MentalBreakThreshold>0.08</MentalBreakThreshold>
        </statOffsets>
      </li>
      <li>
        <label>very neurotic</label>
        <description>NAME feels constantly nervous about everything that has to get done. HECAP will work extremely hard to attain this state of affairs, but HIS nerves can easily get the better of HIM.</description>
        <degree>2</degree>
        <statOffsets>
          <WorkSpeedGlobal>0.40</WorkSpeedGlobal>
          <MentalBreakThreshold>0.14</MentalBreakThreshold>
        </statOffsets>
      </li>
    </degreeDatas>
  </TraitDef>
  
  <TraitDef>
    <defName>Industriousness</defName>
    <commonality>1</commonality>
    <degreeDatas>
      <li>
        <label>industrious</label>
        <description>NAME has an easy time staying on-task and focused, and gets things done much faster than the average person.</description>
        <degree>2</degree>
        <statOffsets>
          <WorkSpeedGlobal>0.35</WorkSpeedGlobal>
        </statOffsets>
      </li>
      <li>
        <label>hard worker</label>
        <description>NAME is a natural hard worker and will finish tasks faster than most.</description>
        <degree>1</degree>
        <statOffsets>
          <WorkSpeedGlobal>0.20</WorkSpeedGlobal>
        </statOffsets>
      </li>
      <li>
        <label>lazy</label>
        <description>NAME is a little bit lazy.</description>
        <degree>-1</degree>
        <statOffsets>
          <WorkSpeedGlobal>-0.20</WorkSpeedGlobal>
        </statOffsets>
      </li>
      <li>
        <label>slothful</label>
        <description>NAME loves idleness and hates anything productive. HECAP moves slowly and rarely stays focused on a task.</description>
        <degree>-2</degree>
        <statOffsets>
          <WorkSpeedGlobal>-0.35</WorkSpeedGlobal>
        </statOffsets>
      </li>
    </degreeDatas>
  </TraitDef>

  <TraitDef>
    <defName>PsychicSensitivity</defName>
    <commonality>1.2</commonality>
    <degreeDatas>
      <li>
        <label>psychically hypersensitive</label>
        <description>NAME's mind is like a psychic tuning fork. HECAP is extremely sensitive to psychic phenomena.</description>
        <degree>2</degree>
        <statOffsets>
          <PsychicSensitivity>0.8</PsychicSensitivity>
        </statOffsets>
      </li>
      <li>
        <label>psychically sensitive</label>
        <description>NAME's mind is unusually sensitive to psychic phenomena.</description>
        <degree>1</degree>
        <statOffsets>
          <PsychicSensitivity>0.4</PsychicSensitivity>
        </statOffsets>
      </li>
      <li>
        <label>psychically dull</label>
        <description>NAME's mind is psychically out of tune with others. HECAP isn't as affected by psychic phenomena.</description>
        <degree>-1</degree>
        <statOffsets>
          <PsychicSensitivity>-0.5</PsychicSensitivity>
        </statOffsets>
      </li>
      <li>
        <label>psychically deaf</label>
        <description>NAME's mind works on a psychic frequency different from everyone else. HECAP just isn't affected by psychic phenomena.</description>
        <degree>-2</degree>
        <statOffsets>
          <PsychicSensitivity>-1</PsychicSensitivity>
        </statOffsets>
      </li>
    </degreeDatas>
  </TraitDef>

  <TraitDef>
    <defName>ShootingAccuracy</defName>
    <commonality>0.9</commonality>
    <degreeDatas>
      <li>
        <label>careful shooter</label>
        <description>NAME takes more time to aim when shooting. HECAP shoots less often than others, but with more accuracy.</description>
        <commonality>0.4</commonality>
        <degree>1</degree>
        <statOffsets>
          <AimingDelayFactor>0.25</AimingDelayFactor>
          <ShootingAccuracy>0.25</ShootingAccuracy>
        </statOffsets>
      </li>
      <li>
        <label>trigger-happy</label>
        <description>Pew! Pew! Pew! NAME just likes pulling the trigger. HECAP shoots faster than others, but less accurately.</description>
        <commonality>0.5</commonality>
        <degree>-1</degree>
        <statOffsets>
          <AimingDelayFactor>-0.5</AimingDelayFactor>
          <ShootingAccuracy>-0.25</ShootingAccuracy>
        </statOffsets>
      </li>
    </degreeDatas>
    <conflictingTraits>
      <li>Brawler</li>
    </conflictingTraits>
    <requiredWorkTags>
      <li>Violent</li>
    </requiredWorkTags>
  </TraitDef>
  
  <TraitDef>
    <defName>Beauty</defName>
    <commonality>0.5</commonality>
    <degreeDatas>
      <li>
        <label>beautiful</label>
        <description>NAME is exceptionally beautiful, with an exotic-yet-familiar facial structure and an arresting gaze. People are attracted to HIM before HE even opens HIS mouth.</description>
        <degree>2</degree>
      </li>
      <li>
        <label>pretty</label>
        <description>NAME has a pretty face, which predisposes people to like HIM.</description>
        <degree>1</degree>
      </li>
      <li>
        <label>ugly</label>
        <description>NAME is somewhat ugly. This subtly repels others during social interactions.</description>
        <degree>-1</degree>
      </li>
      <li>
        <label>staggeringly ugly</label>
        <description>NAME is staggeringly ugly. HISCAP face looks like a cross between a drawing by an untalented child, a malformed fetus in a jar of formaldehyde, and a piece of modern art. Others must exert conscious effort to look at HIM while conversing.</description>
        <degree>-2</degree>
      </li>      
    </degreeDatas>
  </TraitDef>

</TraitDefs>