﻿<?xml version="1.0" encoding="utf-8" ?>
<Defs>

	<!-- ================================== Shooting =======================================-->

	<StatDef>
		<defName>MeleeDPS</defName>
		<workerClass>StatWorker_MeleeDPS</workerClass>
		<label>melee DPS</label>
		<description>Average damage per second in melee combat. This stat ignores target defenses like dodging and armor.</description>
		<category>PawnCombat</category>
		<displayPriorityInCategory>100</displayPriorityInCategory>
		<defaultBaseValue>0</defaultBaseValue>
		<minValue>0</minValue>
		<toStringStyle>FloatTwo</toStringStyle>
	</StatDef>

	<StatDef>
		<defName>MeleeHitChance</defName>
		<label>melee hit chance</label>
		<description>Chance to hit a target in melee. The target can still dodge even if we would've hit.</description>
		<category>PawnCombat</category>
    <neverDisabled>true</neverDisabled>
		<defaultBaseValue>0</defaultBaseValue>
		<showOnPawns>false</showOnPawns>
		<toStringStyle>PercentZero</toStringStyle>
		<toStringStyleUnfinalized>FloatOne</toStringStyleUnfinalized>
		<noSkillOffset>4</noSkillOffset>
		<skillNeedOffsets>
			<li Class="SkillNeed_BaseBonus">
				<skill>Melee</skill>
				<baseValue>0</baseValue>
				<bonusPerLevel>1</bonusPerLevel>
			</li>
		</skillNeedOffsets>
		<capacityOffsets>
			<li>
				<capacity>Manipulation</capacity>
				<scale>12</scale>
				<max>1.5</max>
			</li>
			<li>
				<capacity>Sight</capacity>
				<scale>12</scale>
				<max>1.5</max>
			</li>
		</capacityOffsets>
		<postProcessCurve>
			<points>
				<li>(-20, 0.05)</li>
				<li>(-10, 0.10)</li>
				<li>(0.0, 0.50)</li>
				<li>(10, 0.80)</li>
				<li>(20, 0.90)</li>
				<li>(40, 0.96)</li>
				<li>(60, 0.98)</li>
			</points>
		</postProcessCurve>
	</StatDef>

	<StatDef>
		<defName>MeleeDodgeChance</defName>
		<label>melee dodge chance</label>
		<description>Chance to dodge a melee attack that would've otherwise hit. Characters will not dodge while aiming or firing a ranged weapon.</description>
		<category>PawnCombat</category>
		<displayPriorityInCategory>99</displayPriorityInCategory>
		<neverDisabled>true</neverDisabled>
		<defaultBaseValue>0</defaultBaseValue>
		<toStringStyle>PercentZero</toStringStyle>
		<toStringStyleUnfinalized>FloatOne</toStringStyleUnfinalized>
		<noSkillOffset>0</noSkillOffset>
		<skillNeedOffsets>
			<li Class="SkillNeed_BaseBonus">
				<skill>Melee</skill>
				<baseValue>0</baseValue>
				<bonusPerLevel>1</bonusPerLevel>
			</li>
		</skillNeedOffsets>
		<capacityOffsets>
			<li>
				<capacity>Moving</capacity>
				<scale>18</scale>
			</li>
			<li>
				<capacity>Sight</capacity>
				<scale>8</scale>
				<max>1.4</max>
			</li>
		</capacityOffsets>
		<postProcessCurve>
			<points>
				<li>(5, 0)</li>
				<li>(20, 0.30)</li>
				<li>(60, 0.50)</li>
			</points>
		</postProcessCurve>

	</StatDef>


	<!-- ================================== Shooting =======================================-->

	<StatDef>
    <defName>ShootingAccuracy</defName>
    <label>shooting accuracy</label>
    <description>Base chance to not miss per cell of shot distance. Chance to hit is also affected by many other factors. A hit chance explanation for any shot can be seen by selecting a shooter and mousing over a target.</description>
    <category>PawnCombat</category>
		<workerClass>StatWorker_ShootingAccuracy</workerClass>
    <displayPriorityInCategory>50</displayPriorityInCategory>
    <showOnAnimals>false</showOnAnimals>
    <defaultBaseValue>0</defaultBaseValue>
    <toStringStyle>PercentTwo</toStringStyle>
		<toStringStyleUnfinalized>FloatOne</toStringStyleUnfinalized>
		<noSkillOffset>8</noSkillOffset>
		<skillNeedOffsets>
			<li Class="SkillNeed_BaseBonus">
				<skill>Shooting</skill>
				<baseValue>0</baseValue>
				<bonusPerLevel>1</bonusPerLevel>
			</li>
    </skillNeedOffsets>
    <capacityOffsets>
      <li>
        <capacity>Sight</capacity>
        <scale>12</scale>
				<max>2</max>
      </li>
      <li>
        <capacity>Manipulation</capacity>
				<scale>8</scale>
				<max>1</max>
			</li>
    </capacityOffsets>
    <postProcessCurve>
      <points>
				<li>(-20, 0.70)</li>
				<li>(-10, 0.80)</li>
				<li>(-6, 0.83)</li>
				<li>(-4, 0.85)</li>
				<li>(-2, 0.87)</li>
				<li>(0, 0.89)</li>
        <li>(2, 0.93)</li>
        <li>(4, 0.94)</li>
        <li>(6, 0.95)</li>
        <li>(8, 0.96)</li>
        <li>(10, 0.97)</li>
        <li>(12, 0.975)</li>
        <li>(14, 0.98)</li>
        <li>(16, 0.98333)</li>
				<li>(18, 0.98666)</li>
				<li>(20, 0.99)</li>
				<li>(22, 0.9925)</li>
				<li>(26, 0.995)</li>
				<li>(30, 0.9965)</li>
				<li>(40, 0.998)</li>
				<li>(60, 0.999)</li>
			</points>
    </postProcessCurve>
	</StatDef>

  <StatDef>
    <defName>AimingDelayFactor</defName>
    <label>aiming time</label>
    <description>How long it takes to shoot after choosing a target.</description>
    <category>PawnCombat</category>
    <displayPriorityInCategory>10</displayPriorityInCategory>
    <defaultBaseValue>1</defaultBaseValue>
    <minValue>0.01</minValue>
    <toStringStyle>PercentZero</toStringStyle>
    <showOnAnimals>false</showOnAnimals>
  </StatDef>

</Defs>
