﻿<?xml version="1.0" encoding="utf-8" ?>
<Defs>

	<StatDef>
		<defName>MedicalTendSpeed</defName>
		<label>medical tend speed</label>
		<description>Speed at which the character tends to wounds and illnesses as a doctor.</description>
		<category>PawnWork</category>
		<defaultBaseValue>1</defaultBaseValue>
		<toStringStyle>PercentZero</toStringStyle>
		<skillNeedFactors>
			<li Class="SkillNeed_BaseBonus">
				<skill>Medicine</skill>
				<baseValue>0.4</baseValue>
				<bonusPerLevel>0.06</bonusPerLevel>
			</li>
		</skillNeedFactors>
		<capacityFactors>
			<li>
				<capacity>Sight</capacity>
				<weight>0.8</weight>
				<max>1.3</max>
			</li>
			<li>
				<capacity>Manipulation</capacity>
				<weight>1</weight>
			</li>
		</capacityFactors>
		<scenarioRandomizable>true</scenarioRandomizable>
	</StatDef>

	<StatDef>
		<defName>MedicalTendQuality</defName>
		<label>medical tend quality</label>
		<description>Quality of tending given to patients when acting as a doctor.</description>
		<category>PawnWork</category>
		<defaultBaseValue>1</defaultBaseValue>
		<toStringStyle>PercentZero</toStringStyle>
		<skillNeedFactors>
			<li Class="SkillNeed_BaseBonus">
				<skill>Medicine</skill>
				<baseValue>0.20</baseValue>
				<bonusPerLevel>0.10</bonusPerLevel>
			</li>
		</skillNeedFactors>
		<capacityFactors>
			<li>
				<capacity>Sight</capacity>
				<weight>0.7</weight>
				<max>1.4</max>
			</li>
			<li>
				<capacity>Manipulation</capacity>
				<weight>1</weight>
				<max>1.4</max>
			</li>
		</capacityFactors>
		<postProcessCurve>
			<points>
				<li>(0, 0)</li>
				<li>(1.0, 1.0)</li>
				<li>(2.0, 1.5)</li>
				<li>(4.0, 2.0)</li>
			</points>
		</postProcessCurve>
	</StatDef>

	<StatDef>
    <defName>MedicalOperationSpeed</defName>
    <label>medical operation speed</label>
    <description>Speed at which the character performs medical operations.</description>
    <category>PawnWork</category>
    <defaultBaseValue>1</defaultBaseValue>
    <toStringStyle>PercentZero</toStringStyle>
    <skillNeedFactors>
      <li Class="SkillNeed_BaseBonus">
        <skill>Medicine</skill>
        <baseValue>0.4</baseValue>
        <bonusPerLevel>0.06</bonusPerLevel>
      </li>
    </skillNeedFactors>
    <capacityFactors>
      <li>
        <capacity>Sight</capacity>
        <weight>0.7</weight>
				<max>1</max>
			</li>
      <li>
        <capacity>Manipulation</capacity>
        <weight>1</weight>
      </li>
    </capacityFactors>
  </StatDef>

  <StatDef>
    <defName>MedicalSurgerySuccessChance</defName>
    <label>medical surgery success chance</label>
    <description>The chance that a character will perform surgery successfully. The success chance is also affected by the bed and area of the operation, medicine used, and the difficulty of the surgery.</description>
    <category>PawnWork</category>
    <defaultBaseValue>1.00</defaultBaseValue>
    <toStringStyle>PercentZero</toStringStyle>
    <skillNeedFactors>
      <li Class="SkillNeed_Direct">
        <skill>Medicine</skill>
        <valuesPerLevel>
          <li>0.10</li>
          <li>0.25</li>
          <li>0.40</li>
          <li>0.50</li>
          <li>0.60</li>
          <li>0.70</li>
          <li>0.80</li>
          <li>0.90</li>
          <li>1.00</li>
          <li>1.05</li>
          <li>1.10</li>
          <li>1.14</li>
          <li>1.18</li>
          <li>1.22</li>
          <li>1.25</li>
          <li>1.28</li>
          <li>1.31</li>
          <li>1.33</li>
          <li>1.35</li>
          <li>1.37</li>
          <li>1.39</li>
        </valuesPerLevel>
      </li>
    </skillNeedFactors>
    <capacityFactors>
      <li>
        <capacity>Sight</capacity>
        <weight>0.4</weight>
				<max>1</max>
			</li>
      <li>
        <capacity>Manipulation</capacity>
        <weight>1</weight>
      </li>
    </capacityFactors>
		<scenarioRandomizable>true</scenarioRandomizable>
	</StatDef>

</Defs>
