﻿<?xml version="1.0" encoding="utf-8" ?>
<Defs>

  <StatDef>
    <defName>DoorOpenSpeed</defName>
    <label>door opening speed</label>
    <description>The speed at which the door opens. Slow doors will slow down everyone who uses them.</description>
    <category>Building</category>
    <defaultBaseValue>1</defaultBaseValue>
    <minValue>0.2</minValue>
    <toStringStyle>PercentZero</toStringStyle>
  </StatDef>

  <StatDef>
    <defName>BedRestEffectiveness</defName>
    <label>rest effectiveness</label>
    <description>How fast people sleeping on this gain rest.</description>
    <category>Building</category>
    <defaultBaseValue>0.0</defaultBaseValue>
    <minValue>0.4</minValue>
    <toStringStyle>PercentZero</toStringStyle>
    <showIfUndefined>false</showIfUndefined>
    <parts>
      <li Class="StatPart_Quality">
        <factorAwful>0.86</factorAwful>
        <factorPoor>0.92</factorPoor>
        <factorNormal>1</factorNormal>
        <factorGood>1.08</factorGood>
        <factorExcellent>1.14</factorExcellent>
        <factorMasterwork>1.25</factorMasterwork>
        <factorLegendary>1.6</factorLegendary>
      </li>
    </parts>
  </StatDef>

  <StatDef>
    <defName>TrapMeleeDamage</defName>
    <workerClass>StatWorker_MeleeDamageAmountTrap</workerClass>
    <label>trap melee damage</label>
    <description>How much damage this trap does on average. The actual damage in any instance will vary randomly.</description>
    <category>Building</category>
    <defaultBaseValue>1</defaultBaseValue>
    <minValue>1</minValue>
    <toStringStyle>Integer</toStringStyle>
    <showIfUndefined>false</showIfUndefined>
  </StatDef>
  
  <StatDef>
    <defName>TrapSpringChance</defName>
    <label>trap spring chance</label>
    <description>The likelihood that the trap will spring when an unaware creature passes over it.</description>
    <category>Building</category>
    <defaultBaseValue>1</defaultBaseValue>
    <toStringStyle>PercentZero</toStringStyle>
    <showIfUndefined>false</showIfUndefined>
  </StatDef>
  
  <StatDef>
    <defName>ResearchSpeedFactor</defName>
    <label>research speed factor</label>
    <description>The speed at which people do research is multiplied by this value.</description>
    <category>Building</category>
    <defaultBaseValue>1</defaultBaseValue>
    <minValue>0.25</minValue>
    <toStringStyle>PercentZero</toStringStyle>
    <showIfUndefined>false</showIfUndefined>
    <parts>
      <li Class="StatPart_Outdoors">
        <factorIndoors>1.00</factorIndoors>
        <factorOutdoors>0.75</factorOutdoors>
      </li>
      <li Class="StatPart_RoomStat">
        <roomStat>ResearchSpeedFactor</roomStat>
        <customLabel>Room cleanliness</customLabel>
      </li>
    </parts>
  </StatDef>
  
  <StatDef>
    <defName>MedicalTendQualityOffset</defName>
    <label>medical tend quality offset</label>
    <description>Medical tend quality is offset by this value.</description>
    <category>Building</category>
    <defaultBaseValue>0</defaultBaseValue>
    <minValue>0</minValue>
    <toStringStyle>PercentZero</toStringStyle>
    <hideAtValue>0</hideAtValue>
  </StatDef>
  
  <StatDef>
    <defName>ImmunityGainSpeedFactor</defName>
    <label>immunity gain speed factor</label>
    <description>Immunity gain speed is multiplied by this value.</description>
    <category>Building</category>
    <defaultBaseValue>1</defaultBaseValue>
    <minValue>0.5</minValue>
    <toStringStyle>PercentZero</toStringStyle>
    <hideAtValue>1</hideAtValue>
  </StatDef>

  <StatDef>
    <defName>WorkTableWorkSpeedFactor</defName>
    <label>work speed factor</label>
    <description>Work speed is multiplied by this value.</description>
    <category>Building</category>
    <defaultBaseValue>1</defaultBaseValue>
    <minValue>0.5</minValue>
    <toStringStyle>PercentZero</toStringStyle>
    <showOnNonWorkTables>false</showOnNonWorkTables>
    <parts>
      <li Class="StatPart_WorkTableUnpowered" />
			<li Class="StatPart_WorkTableTemperature" />
			<li Class="StatPart_WorkTableOutdoors" />
		</parts>
  </StatDef>

  <StatDef>
    <defName>WorkTableEfficiencyFactor</defName>
    <label>work efficiency factor</label>
    <description>Work efficiency is multiplied by this value.</description>
    <category>Building</category>
    <defaultBaseValue>1</defaultBaseValue>
    <minValue>0.1</minValue>
    <toStringStyle>PercentZero</toStringStyle>
    <showOnNonWorkTables>false</showOnNonWorkTables>
    <hideAtValue>1</hideAtValue>
  </StatDef>

  <StatDef>
    <defName>JoyGainFactor</defName>
    <label>recreation power</label>
    <description>How effectively this item entertains people and fulfills the need for recreation.</description>
    <category>Building</category>
    <defaultBaseValue>1</defaultBaseValue>
    <minValue>0.3</minValue>
    <toStringStyle>PercentZero</toStringStyle>
    <showIfUndefined>false</showIfUndefined>
    <parts>
      <li Class="StatPart_Quality">
        <factorAwful>0.76</factorAwful>
        <factorPoor>0.88</factorPoor>
        <factorNormal>1</factorNormal>
        <factorGood>1.12</factorGood>
        <factorExcellent>1.24</factorExcellent>
        <factorMasterwork>1.4</factorMasterwork>
        <factorLegendary>1.8</factorLegendary>
      </li>
    </parts>
  </StatDef>
  
  <StatDef>
    <defName>SurgerySuccessChanceFactor</defName>
    <label>surgery success chance factor</label>
    <description>A multiplier to the chance that a surgery will succeed when performed here. Surgery success chances are also affected by many other factors, including the surgeon's ability and medicine used.</description>
    <workerClass>StatWorker_SurgerySuccessChanceFactor</workerClass>
    <category>Building</category>
    <defaultBaseValue>1.00</defaultBaseValue>
    <toStringStyle>PercentZero</toStringStyle>
    <parts>
      <li Class="StatPart_RoomStat">
        <roomStat>SurgerySuccessChanceCleanlinessFactor</roomStat>
        <customLabel>Room cleanliness</customLabel>
      </li>
      <li Class="StatPart_Glow">
        <factorFromGlowCurve>
          <points>
            <li>(0,0.75)</li>
            <li>(0.50,1.00)</li>
          </points>
        </factorFromGlowCurve>
      </li>
			<li Class="StatPart_Outdoors">
				<factorIndoors>1</factorIndoors>
				<factorOutdoors>0.85</factorOutdoors>
			</li>
			<li Class="StatPart_Quality">
				<factorAwful>0.90</factorAwful>
				<factorPoor>0.95</factorPoor>
				<factorNormal>1</factorNormal>
				<factorGood>1.1</factorGood>
				<factorExcellent>1.2</factorExcellent>
				<factorMasterwork>1.35</factorMasterwork>
				<factorLegendary>1.6</factorLegendary>
			</li>
    </parts>
  </StatDef>
  
</Defs>
