﻿<?xml version="1.0" encoding="utf-8" ?>
<Defs>

  <!-- Artistic recipes - speed not affected by skill because skill affects output quality-->

  <StatDef>
    <defName>SculptingSpeed</defName>
    <label>sculpting speed</label>
    <description>Speed at which this person sculpts. Note: Skill affects the quality of the sculptures created, but not the sculpting speed.</description>
    <category>PawnWork</category>
    <defaultBaseValue>1</defaultBaseValue>
    <toStringStyle>PercentZero</toStringStyle>
    <statFactors>
      <li>WorkSpeedGlobal</li>
    </statFactors>
    <capacityFactors>
      <li>
        <capacity>Manipulation</capacity>
        <weight>1</weight>
      </li>
      <li>
        <capacity>Sight</capacity>
        <weight>0.25</weight>
				<max>1</max>
			</li>
    </capacityFactors>
  </StatDef>

  <StatDef>
    <defName>TailoringSpeed</defName>
    <label>tailoring speed</label>
    <description>Speed at which this person makes clothes. Note: Skill affects the quality of the apparel created, but not the tailoring speed.</description>
    <category>PawnWork</category>
    <defaultBaseValue>1</defaultBaseValue>
    <toStringStyle>PercentZero</toStringStyle>
    <statFactors>
      <li>WorkSpeedGlobal</li>
    </statFactors>
    <capacityFactors>
      <li>
        <capacity>Sight</capacity>
        <weight>0.6</weight>
				<max>1</max>
			</li>
      <li>
        <capacity>Manipulation</capacity>
        <weight>1</weight>
      </li>
    </capacityFactors>
  </StatDef>

  <StatDef>
    <defName>SmithingSpeed</defName>
    <label>smithing speed</label>
    <description>Speed at which this person smiths or crafts weapons, machines, ammunition, and tools. Note: Skill affects the quality of the items created, but not the smithing speed.</description>
    <category>PawnWork</category>
    <defaultBaseValue>1</defaultBaseValue>
    <toStringStyle>PercentZero</toStringStyle>
    <statFactors>
      <li>WorkSpeedGlobal</li>
    </statFactors>
    <capacityFactors>
      <li>
        <capacity>Sight</capacity>
        <weight>0.6</weight>
				<max>1</max>
			</li>
      <li>
        <capacity>Manipulation</capacity>
        <weight>1</weight>
      </li>
    </capacityFactors>
  </StatDef>

	<!-- Production recipes - speed affected by skill because there is no output quality -->

	<StatDef>
    <defName>DrugProductionSpeed</defName>
    <label>drug production speed</label>
    <description>How fast this character produces drugs.</description>
    <category>PawnWork</category>
    <defaultBaseValue>1</defaultBaseValue>
    <toStringStyle>PercentZero</toStringStyle>
    <statFactors>
      <li>WorkSpeedGlobal</li>
    </statFactors>
		<skillNeedFactors>
			<li Class="SkillNeed_BaseBonus">
				<skill>Intellectual</skill>
				<baseValue>0.3</baseValue>
				<bonusPerLevel>0.0875</bonusPerLevel>
			</li>
		</skillNeedFactors>
    <capacityFactors>
      <li>
        <capacity>Sight</capacity>
        <weight>0.6</weight>
				<max>1</max>
			</li>
      <li>
        <capacity>Manipulation</capacity>
        <weight>1</weight>
      </li>
    </capacityFactors>
  </StatDef>

  <StatDef>
    <defName>CookSpeed</defName>
    <label>cooking speed</label>
    <description>Speed at which this person cooks meals.</description>
    <category>PawnWork</category>
    <defaultBaseValue>1</defaultBaseValue>
    <toStringStyle>PercentZero</toStringStyle>
    <statFactors>
      <li>WorkSpeedGlobal</li>
    </statFactors>
    <skillNeedFactors>
      <li Class="SkillNeed_BaseBonus">
        <skill>Cooking</skill>
        <baseValue>0.4</baseValue>
        <bonusPerLevel>0.06</bonusPerLevel>
      </li>
    </skillNeedFactors>
    <capacityFactors>
      <li>
        <capacity>Sight</capacity>
        <weight>0.3</weight>
				<max>1</max>
			</li>
      <li>
        <capacity>Manipulation</capacity>
        <weight>1</weight>
      </li>
    </capacityFactors>
  </StatDef>

    <StatDef>
    <defName>FoodPoisonChance</defName>
    <label>food poison chance</label>
    <description>The probability that this character will inadvertently poison a meal they cook.</description>
    <category>PawnWork</category>
    <defaultBaseValue>1</defaultBaseValue>
    <toStringStyle>PercentTwo</toStringStyle>
    <skillNeedFactors>
      <li Class="SkillNeed_Direct">
        <skill>Cooking</skill>
        <valuesPerLevel>
          <li>0.200</li>
          <li>0.100</li>
          <li>0.060</li>
          <li>0.040</li>
          <li>0.025</li>
          <li>0.018</li>
          <li>0.010</li>
          <li>0.005</li>
          <li>0.003</li>
          <li>0.002</li>
          <li>0.001</li>
          <li>0.0008</li>
          <li>0.0007</li>
          <li>0.0006</li>
          <li>0.0005</li>
          <li>0.0004</li>
          <li>0.0003</li>
          <li>0.0002</li>
          <li>0.0001</li>
          <li>0.0001</li>
          <li>0.0001</li>
        </valuesPerLevel>
      </li>
    </skillNeedFactors>
  </StatDef>

  <StatDef>
    <defName>BrewingSpeed</defName>
    <label>brewing speed</label>
    <description>Speed at which this person brews beer.</description>
    <category>PawnWork</category>
    <defaultBaseValue>1</defaultBaseValue>
    <toStringStyle>PercentZero</toStringStyle>
    <statFactors>
      <li>WorkSpeedGlobal</li>
    </statFactors>
    <skillNeedFactors>
      <li Class="SkillNeed_BaseBonus">
        <skill>Cooking</skill>
        <baseValue>0.4</baseValue>
        <bonusPerLevel>0.06</bonusPerLevel>
      </li>
    </skillNeedFactors>
    <capacityFactors>
      <li>
        <capacity>Sight</capacity>
        <weight>0.3</weight>
				<max>1</max>
			</li>
      <li>
        <capacity>Manipulation</capacity>
        <weight>1</weight>
      </li>
    </capacityFactors>
  </StatDef>

	<StatDef Abstract="True" Name="ButcherySpeedBase">
		<category>PawnWork</category>
		<defaultBaseValue>1</defaultBaseValue>
		<toStringStyle>PercentZero</toStringStyle>
		<statFactors>
			<li>WorkSpeedGlobal</li>
		</statFactors>
		<capacityFactors>
			<li>
				<capacity>Sight</capacity>
				<weight>0.4</weight>
				<max>1</max>
			</li>
			<li>
				<capacity>Manipulation</capacity>
				<weight>1</weight>
			</li>
		</capacityFactors>
	</StatDef>

	<StatDef ParentName="ButcherySpeedBase">
		<defName>ButcheryFleshSpeed</defName>
		<label>butchery speed</label>
		<description>Speed at which this person butchers flesh creatures.</description>
    <skillNeedFactors>
      <li Class="SkillNeed_BaseBonus">
        <skill>Cooking</skill>
        <baseValue>0.4</baseValue>
        <bonusPerLevel>0.06</bonusPerLevel>
      </li>
    </skillNeedFactors>
  </StatDef>
	
  <StatDef ParentName="ButcherySpeedBase">
    <defName>ButcheryMechanoidSpeed</defName>
    <label>mechanoid disassembly speed</label>
    <description>Speed at which this person can disassemble a mechanoid.</description>
    <skillNeedFactors>
      <li Class="SkillNeed_BaseBonus">
        <skill>Crafting</skill>
        <baseValue>0.4</baseValue>
        <bonusPerLevel>0.06</bonusPerLevel>
      </li>
    </skillNeedFactors>
  </StatDef>

  <StatDef>
    <defName>MechanoidOperationSuccessChance</defName>
    <label>mechanoid operation success chance</label>
    <description>The chance that a character will perform an operation on a mechanoid successfully. Failures can result loss of harvested parts and damage to the subject.</description>
    <category>PawnWork</category>
    <defaultBaseValue>1.00</defaultBaseValue>
    <toStringStyle>PercentZero</toStringStyle>
    <skillNeedFactors>
      <li Class="SkillNeed_Direct">
        <skill>Crafting</skill>
        <valuesPerLevel>
					<li>0.10</li>
					<li>0.25</li>
					<li>0.40</li>
					<li>0.50</li>
					<li>0.60</li>
					<li>0.70</li>
					<li>0.80</li>
					<li>0.90</li>
					<li>1.00</li>
					<li>1.05</li>
					<li>1.10</li>
					<li>1.14</li>
					<li>1.18</li>
					<li>1.22</li>
					<li>1.25</li>
					<li>1.28</li>
					<li>1.31</li>
					<li>1.33</li>
					<li>1.35</li>
					<li>1.37</li>
					<li>1.39</li>
        </valuesPerLevel>
      </li>
    </skillNeedFactors>
    <capacityFactors>
      <li>
        <capacity>Sight</capacity>
        <weight>0.4</weight>
        <max>1</max>
      </li>
      <li>
        <capacity>Manipulation</capacity>
        <weight>1</weight>
      </li>
    </capacityFactors>
  </StatDef>
  
	<StatDef Abstract="True" Name="ButcheryEfficiencyBase" >
		<category>PawnWork</category>
		<defaultBaseValue>1</defaultBaseValue>
		<toStringStyle>PercentZero</toStringStyle>
		<capacityFactors>
			<li>
				<capacity>Sight</capacity>
				<weight>0.4</weight>
				<max>1</max>
			</li>
			<li>
				<capacity>Manipulation</capacity>
				<weight>0.9</weight>
			</li>
		</capacityFactors>
	</StatDef>

	<StatDef ParentName="ButcheryEfficiencyBase">
		<defName>ButcheryFleshEfficiency</defName>
		<label>butchery efficiency</label>
		<description>Multiplier on the amount of meat produced when butchering flesh creatures.</description>
		<maxValue>1</maxValue>
		<skillNeedFactors>
			<li Class="SkillNeed_BaseBonus">
				<skill>Cooking</skill>
				<baseValue>0.75</baseValue>
				<bonusPerLevel>0.025</bonusPerLevel>
			</li>
		</skillNeedFactors>
	</StatDef>

	<StatDef ParentName="ButcheryEfficiencyBase">
    <defName>ButcheryMechanoidEfficiency</defName>
    <label>mechanoid disassembly efficiency</label>
    <description>Multiplier on the amount of materials yielded when this person disassembles a dead mechanoid.</description>
		<maxValue>1</maxValue>
		<skillNeedFactors>
      <li Class="SkillNeed_BaseBonus">
        <skill>Crafting</skill>
        <baseValue>0.75</baseValue>
        <bonusPerLevel>0.025</bonusPerLevel>
      </li>
    </skillNeedFactors>
  </StatDef>
	
	<!-- Dumb recipes - not affected by skill because there's no skill component -->

	<StatDef>
		<defName>SmeltingSpeed</defName>
		<label>smelting speed</label>
		<description>Speed at which this person smelts things. Note: Since this is dumb labor, its speed is not affected by any skill.</description>
		<category>PawnWork</category>
		<defaultBaseValue>1</defaultBaseValue>
		<toStringStyle>PercentZero</toStringStyle>
		<statFactors>
			<li>WorkSpeedGlobal</li>
		</statFactors>
		<capacityFactors>
			<li>
				<capacity>Sight</capacity>
				<weight>0.3</weight>
				<max>1</max>
			</li>
			<li>
				<capacity>Manipulation</capacity>
				<weight>1</weight>
			</li>
		</capacityFactors>
	</StatDef>

</Defs>
