﻿<?xml version="1.0" encoding="utf-8" ?>
<Defs>

  <StatDef>
    <defName>RecruitPrisonerChance</defName>
    <label>recruit prisoner chance</label>
    <description>Base chance this person will recruit a prisoner.</description>
    <category>PawnSocial</category>
    <defaultBaseValue>1</defaultBaseValue>
    <minValue>0.01</minValue>
    <toStringStyle>PercentTwo</toStringStyle>
    <skillNeedFactors>
      <li Class="SkillNeed_BaseBonus">
        <skill>Social</skill>
        <baseValue>0.02</baseValue>
        <bonusPerLevel>0.04</bonusPerLevel>
      </li>
    </skillNeedFactors>
    <capacityFactors>
      <li>
        <capacity>Talking</capacity>
        <weight>0.9</weight>
      </li>
    </capacityFactors>
		<scenarioRandomizable>true</scenarioRandomizable>
	</StatDef>

  <StatDef>
    <defName>TameAnimalChance</defName>
    <label>tame animal chance</label>
    <description>Base chance this person will tame an animal.</description>
    <category>PawnSocial</category>
    <defaultBaseValue>1</defaultBaseValue>
    <minValue>0.01</minValue>
    <toStringStyle>PercentTwo</toStringStyle>
    <skillNeedFactors>
      <li Class="SkillNeed_BaseBonus">
        <skill>Animals</skill>
        <baseValue>0.02</baseValue>
        <bonusPerLevel>0.01</bonusPerLevel>
      </li>
    </skillNeedFactors>
    <capacityFactors>
      <li>
        <capacity>Talking</capacity>
        <weight>0.9</weight>
      </li>
      <li>
        <capacity>Manipulation</capacity>
        <weight>0.5</weight>
      </li>
    </capacityFactors>
		<scenarioRandomizable>true</scenarioRandomizable>
	</StatDef>

  <StatDef>
    <defName>TrainAnimalChance</defName>
    <label>train animal chance</label>
    <description>Base chance this person will make progress training an animal on a given attempt. The actual chance for a given attempt will also depend on the animal's wildness, whether it is bonded with the trainer, and so on.</description>
    <category>PawnSocial</category>
    <defaultBaseValue>1.0</defaultBaseValue>
    <minValue>0.01</minValue>
    <toStringStyle>PercentTwo</toStringStyle>
    <skillNeedFactors>
      <li Class="SkillNeed_BaseBonus">
        <skill>Animals</skill>
        <baseValue>0.04</baseValue>
        <bonusPerLevel>0.04</bonusPerLevel>
      </li>
    </skillNeedFactors>
    <capacityFactors>
      <li>
        <capacity>Talking</capacity>
        <weight>0.7</weight>
      </li>
    </capacityFactors>
		<scenarioRandomizable>true</scenarioRandomizable>
	</StatDef>

  <StatDef>
    <defName>SocialImpact</defName>
    <label>social chat impact</label>
    <description>When this person interacts socially, this is how much the other person is affected.</description>
    <category>PawnSocial</category>
    <defaultBaseValue>1</defaultBaseValue>
    <minValue>0.2</minValue>
    <toStringStyle>PercentTwo</toStringStyle>
    <skillNeedFactors>
      <li Class="SkillNeed_BaseBonus">
        <skill>Social</skill>
        <baseValue>0.82</baseValue>
        <bonusPerLevel>0.0275</bonusPerLevel>
      </li>
    </skillNeedFactors>
    <neverDisabled>true</neverDisabled>
    <capacityFactors>
      <li>
        <capacity>Talking</capacity>
        <weight>0.9</weight>
      </li>
    </capacityFactors>
  </StatDef>

  <StatDef>
    <defName>DiplomacyPower</defName>
    <label>diplomacy power</label>
    <description>How effective this person is as a negotiator. Affects the impact on faction relations when this person gives gifts to another faction. It also affects the outcome of peace talks with other factions.</description>
    <category>PawnSocial</category>
    <defaultBaseValue>1</defaultBaseValue>
    <minValue>0.4</minValue>
    <toStringStyle>PercentTwo</toStringStyle>
    <skillNeedFactors>
      <li Class="SkillNeed_BaseBonus">
        <skill>Social</skill>
        <baseValue>0.5</baseValue>
        <bonusPerLevel>0.05</bonusPerLevel>
      </li>
    </skillNeedFactors>
    <capacityFactors>
      <li>
        <capacity>Talking</capacity>
        <weight>0.9</weight>
      </li>
    </capacityFactors>
  </StatDef>

  <StatDef>
    <defName>TradePriceImprovement</defName>
    <label>trade price improvement</label>
    <description>When this person negotiates prices, buy and sell prices are improved by this percentage.</description>
    <category>PawnSocial</category>
    <defaultBaseValue>1</defaultBaseValue>
    <toStringStyle>PercentTwo</toStringStyle>
    <skillNeedFactors>
      <li Class="SkillNeed_BaseBonus">
        <skill>Social</skill>
        <baseValue>0</baseValue>
        <bonusPerLevel>0.015</bonusPerLevel>
      </li>
    </skillNeedFactors>
    <capacityFactors>
      <li>
        <capacity>Talking</capacity>
        <weight>0.3</weight>
        <allowedDefect>0.05</allowedDefect>
      </li>
      <li>
        <capacity>Hearing</capacity>
        <weight>0.3</weight>
        <allowedDefect>0.05</allowedDefect>
      </li>
    </capacityFactors>
  </StatDef>

</Defs>
