﻿<?xml version="1.0" encoding="utf-8" ?>
<Defs>

  <StatDef>
    <defName>MedicalPotency</defName>
    <label>medical potency</label>
    <description>How effective this is when used to tend wounds and diseases, or do surgery. Higher medical potency improves the quality of tending, and acts as a multiplier on the chance of success during surgery. Surgery success chance is also affected by the surgeon and the surgery bed.</description>
    <category>BasicsNonPawn</category>
    <defaultBaseValue>0.0</defaultBaseValue>
    <minValue>0.2</minValue>
    <toStringStyle>PercentZero</toStringStyle>
    <showIfUndefined>false</showIfUndefined>
  </StatDef>

</Defs>
