﻿<?xml version="1.0" encoding="utf-8" ?>
<Defs>

  <StatDef>
    <defName>MeleeWeapon_AverageDPS</defName>
    <workerClass>StatWorker_MeleeAverageDPS</workerClass>
    <label>melee damage per second</label>
    <description>Damage done per second in melee combat, if all attacks hit.</description>
    <category>Weapon</category>
    <defaultBaseValue>1</defaultBaseValue>
    <toStringStyle>FloatTwo</toStringStyle>
	</StatDef>

  <StatDef>
    <defName>MeleeWeapon_DamageMultiplier</defName>
    <label>melee damage multiplier</label>
    <description>Damage multiplier applied to melee combat.</description>
    <category>Weapon</category>
    <defaultBaseValue>1</defaultBaseValue>
    <toStringStyle>PercentZero</toStringStyle>
    <showIfUndefined>false</showIfUndefined>
    <displayPriorityInCategory>1000</displayPriorityInCategory>
    <parts>
      <li Class="StatPart_Quality">
        <factorAwful>0.8</factorAwful>
        <factorShoddy>0.85</factorShoddy>
        <factorPoor>0.9</factorPoor>
        <factorNormal>1</factorNormal>
        <factorGood>1.1</factorGood>
        <factorSuperior>1.2</factorSuperior>
        <factorExcellent>1.35</factorExcellent>
        <factorMasterwork>1.45</factorMasterwork>
        <factorLegendary>1.55</factorLegendary>
      </li>
      <li Class="StatPart_Health">
        <curve>
          <points>
            <li>(0,0.8)</li>
            <li>(1,1)</li>
          </points>
        </curve>
      </li>
    </parts>
    <scenarioRandomizable>true</scenarioRandomizable>
  </StatDef>

  

  <!-- Damage multipliers should be stats on stuffs only-->
  
  <StatDef>
    <defName>MeleeWeapon_CooldownMultiplier</defName>
    <label>melee cooldown</label>
    <description>Multiplier on attack delay for items made of this material.</description>
    <category>StuffStatFactors</category>
    <defaultBaseValue>1</defaultBaseValue>
    <minValue>0.05</minValue>
    <toStringStyle>PercentZero</toStringStyle>
    <showIfUndefined>false</showIfUndefined>
  </StatDef>

  <StatDef>
    <defName>SharpDamageMultiplier</defName>
    <label>sharp damage</label>
    <description>Multiplier on damage with sharp attacks like cutting or stabbing for items made of this material.</description>
    <category>StuffStatFactors</category>
    <defaultBaseValue>1</defaultBaseValue>
    <minValue>0.05</minValue>
    <toStringStyle>PercentZero</toStringStyle>
    <showIfUndefined>false</showIfUndefined>
  </StatDef>

  <StatDef>
    <defName>BluntDamageMultiplier</defName>
    <label>blunt damage</label>
    <description>Multiplier on damage with blunt attacks for items made of this material.</description>
    <category>StuffStatFactors</category>
    <defaultBaseValue>1</defaultBaseValue>
    <minValue>0.05</minValue>
    <toStringStyle>PercentZero</toStringStyle>
    <showIfUndefined>false</showIfUndefined>
  </StatDef>

</Defs>
