﻿<?xml version="1.0" encoding="utf-8" ?>
<Defs>

  <StatDef>
    <defName>Weapon_Bulk</defName>
    <label>weapon melee bulk</label>
    <description>How difficult to wield a weapon is in close combat. Lighter ranged weapons will fire more often in melee.</description>
    <category>Weapon</category>
    <defaultBaseValue>1</defaultBaseValue>
    <toStringStyle>PercentZero</toStringStyle>
    <showIfUndefined>false</showIfUndefined>
    <displayPriorityInCategory>600</displayPriorityInCategory>
  </StatDef>

</Defs>
