﻿<?xml version="1.0" encoding="utf-8" ?>
<Defs>

  <StatDef>
    <defName>MoveSpeed</defName>
    <label>move speed</label>
    <description>Speed of movement in cells per second.</description>
    <category>BasicsPawn</category>
    <defaultBaseValue>3.0</defaultBaseValue>
    <toStringStyle>FloatTwo</toStringStyle>
    <formatString>{0} c/s</formatString>
    <displayPriorityInCategory>90</displayPriorityInCategory>
    <capacityFactors>
      <li>
        <capacity>Moving</capacity>
        <weight>1</weight>
      </li>
    </capacityFactors>
		<parts>
			<li Class="StatPart_Glow">
				<humanlikeOnly>true</humanlikeOnly>
				<factorFromGlowCurve>
					<points>
						<li>(0,0.80)</li>
						<li>(0.30,1.00)</li>
					</points>
				</factorFromGlowCurve>
			</li>
		</parts>
		<scenarioRandomizable>true</scenarioRandomizable>
	</StatDef>

  <StatDef>
    <defName>MentalBreakThreshold</defName>
    <label>mental break threshold</label>
    <description>As long as someone's mood is below this level, they are in danger of having a mental break. The severity of the mental break will depend on how far below the threshold they are.</description>
    <category>BasicsPawn</category>
    <defaultBaseValue>0.05</defaultBaseValue>
    <minValue>0.01</minValue>
    <maxValue>0.50</maxValue>
    <toStringStyle>PercentZero</toStringStyle>
    <showOnAnimals>false</showOnAnimals>
    <displayPriorityInCategory>80</displayPriorityInCategory>
		<scenarioRandomizable>true</scenarioRandomizable>
	</StatDef>

  <StatDef>
    <defName>PsychicSensitivity</defName>
    <label>psychic sensitivity</label>
    <description>Multiplier on the impact of psychic phenomena affecting this person. More sensitive people both suffer more from negative psychic effects, and benefit more from positive ones.</description>
    <category>BasicsPawn</category>
    <defaultBaseValue>1</defaultBaseValue>
    <toStringStyle>PercentZero</toStringStyle>
    <showOnAnimals>false</showOnAnimals>
    <hideAtValue>1</hideAtValue>
    <displayPriorityInCategory>75</displayPriorityInCategory>
		<scenarioRandomizable>true</scenarioRandomizable>
	</StatDef>

  <StatDef>
    <defName>ToxicSensitivity</defName>
    <label>toxic sensitivity</label>
    <description>Multiplier on the impact of toxic buildup on this creature.</description>
    <category>BasicsPawn</category>
    <defaultBaseValue>1.0</defaultBaseValue>
    <hideAtValue>1.0</hideAtValue>
    <toStringStyle>PercentZero</toStringStyle>
    <displayPriorityInCategory>75</displayPriorityInCategory>
  </StatDef>
  
  <StatDef>
    <defName>GlobalLearningFactor</defName>
    <label>global learning factor</label>
    <description>A multiplier on the learning rate for all skills.</description>
    <category>BasicsPawn</category>
    <defaultBaseValue>1.0</defaultBaseValue>
    <toStringStyle>PercentZero</toStringStyle>
    <showOnAnimals>false</showOnAnimals>
    <hideAtValue>1</hideAtValue>
    <displayPriorityInCategory>75</displayPriorityInCategory>
		<scenarioRandomizable>true</scenarioRandomizable>
	</StatDef>

  <StatDef>
    <defName>HungerRateMultiplier</defName>
    <label>hunger rate multiplier</label>
    <description>A multiplier on how quickly a creature becomes hungry.</description>
    <category>BasicsPawn</category>
    <defaultBaseValue>1.0</defaultBaseValue>
    <toStringStyle>PercentZero</toStringStyle>
    <showOnAnimals>false</showOnAnimals>
    <hideAtValue>1</hideAtValue>
    <displayPriorityInCategory>75</displayPriorityInCategory>
    <scenarioRandomizable>true</scenarioRandomizable>
  </StatDef>

  <StatDef>
    <defName>RestRateMultiplier</defName>
    <label>rest rate multiplier</label>
    <description>A multiplier on how quickly a creature rests while sleeping.</description>
    <category>BasicsPawn</category>
    <defaultBaseValue>1.0</defaultBaseValue>
    <toStringStyle>PercentZero</toStringStyle>
    <showOnAnimals>false</showOnAnimals>
    <hideAtValue>1</hideAtValue>
    <displayPriorityInCategory>75</displayPriorityInCategory>
    <scenarioRandomizable>true</scenarioRandomizable>
  </StatDef>

  <StatDef>
    <defName>EatingSpeed</defName>
    <label>eating speed</label>
    <description>A multiplier on eating speed.</description>
    <category>BasicsPawn</category>
    <defaultBaseValue>1</defaultBaseValue>
    <toStringStyle>PercentZero</toStringStyle>
    <hideAtValue>1</hideAtValue>
    <minValue>0.15</minValue>
    <showOnMechanoids>false</showOnMechanoids>
    <capacityFactors>
      <li>
        <capacity>Eating</capacity>
        <weight>0.95</weight>
      </li>
      <li>
        <capacity>Manipulation</capacity>
        <weight>0.3</weight>
      </li>
    </capacityFactors>
  </StatDef>

  <StatDef>
    <defName>ComfyTemperatureMin</defName>
    <label>Minimum comfortable temperature</label>
    <description>Below this temperature, characters will be unhappy. Significantly below this temperature, they will develop hypothermia and frostbite and eventually die.</description>
    <category>BasicsPawn</category>
    <defaultBaseValue>0</defaultBaseValue>
    <toStringStyle>Temperature</toStringStyle>
    <minValue>-2000</minValue>
    <maxValue>2000</maxValue>
    <displayPriorityInCategory>50</displayPriorityInCategory>
    <parts>
      <li Class="StatPart_ApparelStatOffset">
        <apparelStat>Insulation_Cold</apparelStat>
        <subtract>true</subtract>
      </li>
    </parts>
		<scenarioRandomizable>true</scenarioRandomizable>
  </StatDef>

  <StatDef>
    <defName>ComfyTemperatureMax</defName>
    <label>Maximum comfortable temperature</label>
    <description>Above this temperature, characters will be unhappy. Significantly above this temperature, they will develop heatstroke and eventually die.</description>
    <category>BasicsPawn</category>
    <defaultBaseValue>40</defaultBaseValue>
    <toStringStyle>Temperature</toStringStyle>
    <minValue>-2000</minValue>
    <maxValue>2000</maxValue>
    <displayPriorityInCategory>50</displayPriorityInCategory>
    <parts>
      <li Class="StatPart_ApparelStatOffset">
        <apparelStat>Insulation_Heat</apparelStat>
      </li>
    </parts>
		<scenarioRandomizable>true</scenarioRandomizable>
	</StatDef>

  <StatDef>
    <defName>ImmunityGainSpeed</defName>
    <label>immunity gain speed</label>
    <description>The speed at which this character gains immunity to diseases. If this is too slow, the character will die from a disease before developing immunity.</description>
    <category>BasicsPawn</category>
    <defaultBaseValue>1</defaultBaseValue>
    <toStringStyle>PercentZero</toStringStyle>
    <displayPriorityInCategory>40</displayPriorityInCategory>
    <capacityFactors>
      <li>
        <capacity>BloodFiltration</capacity>
        <weight>1</weight>
      </li>
    </capacityFactors>
    <parts>
      <li Class="StatPart_Food">
        <factorUrgentlyHungry>0.9</factorUrgentlyHungry>
        <factorStarving>0.7</factorStarving>
      </li>
      <li Class="StatPart_Rest">
        <factorTired>0.96</factorTired>
        <factorVeryTired>0.92</factorVeryTired>
        <factorExhausted>0.8</factorExhausted>
      </li>
      <li Class="StatPart_BedStat">
        <stat>ImmunityGainSpeedFactor</stat>
      </li>
      <li Class="StatPart_Resting">
        <factor>1.2</factor>
      </li>
      <li Class="StatPart_Age">
        <curve>
          <points>
						<li>(0.65,1)</li>
						<li>(0.8,0.95)</li>
            <li>(1.2,0.8)</li>
						<li>(1.5,0.5)</li>
					</points>
        </curve>
      </li>
    </parts>
		<scenarioRandomizable>true</scenarioRandomizable>
	</StatDef>

  <StatDef>
    <defName>CarryingCapacity</defName>
    <label>carrying capacity</label>
    <description>The amount of stuff this creature can carry in its hands, mouth, or other manipulators. This is separate from the ability to carry cargo on long cross-world trips.</description>
    <category>BasicsPawn</category>
    <defaultBaseValue>75</defaultBaseValue>
    <toStringStyle>Integer</toStringStyle>
    <parts>
      <li Class="StatPart_BodySize" />
    </parts>
    <capacityFactors>
      <li>
        <capacity>Manipulation</capacity>
        <weight>1.0</weight>
      </li>
    </capacityFactors>
  </StatDef>
  
  <StatDef>
    <defName>MeatAmount</defName>
    <label>meat amount</label>
    <description>The amount of meat yielded when butchering this creature.</description>
    <category>BasicsPawn</category>
    <defaultBaseValue>90</defaultBaseValue>
    <showOnMechanoids>false</showOnMechanoids>
    <toStringStyle>Integer</toStringStyle>
    <parts>
      <li Class="StatPart_BodySize" />
      <li Class="StatPart_NaturalNotMissingBodyPartsCoverage" />
    </parts>
    <postProcessCurve>
      <points>
        <li>(0,0)</li>
        <li>(5,14)</li>
        <li>(40,40)</li>
        <li>(100000,100000)</li>
      </points>
    </postProcessCurve>
  </StatDef>
  
  <StatDef>
    <defName>LeatherAmount</defName>
    <label>leather amount</label>
    <description>The amount of leather yielded when butchering this creature.</description>
    <category>BasicsPawn</category>
    <defaultBaseValue>0</defaultBaseValue>
    <toStringStyle>Integer</toStringStyle>
    <hideAtValue>0</hideAtValue>
    <parts>
      <li Class="StatPart_BodySize" />
      <li Class="StatPart_NaturalNotMissingBodyPartsCoverage" />
    </parts>
    <postProcessCurve>
      <points>
        <li>(0,0)</li>
        <li>(5,14)</li>
        <li>(40,40)</li>
        <li>(100000,100000)</li>
      </points>
    </postProcessCurve>
  </StatDef>

  <StatDef>
    <defName>MinimumHandlingSkill</defName>
    <workerClass>StatWorker_MinimumHandlingSkill</workerClass>
    <label>minimum handling skill</label>
    <description>This creature cannot be tamed, trained, or commanded by anyone with less than this skill in animals.</description>
    <category>BasicsPawn</category>
    <defaultBaseValue>0</defaultBaseValue>
    <toStringStyle>Integer</toStringStyle>
    <showOnNonWildManHumanlikes>false</showOnNonWildManHumanlikes>
    <parts>
      <li Class="StatPart_WildManOffset">
        <offset>6</offset>
      </li>
    </parts>
  </StatDef>

  <StatDef>
    <defName>PainShockThreshold</defName>
    <label>pain shock threshold</label>
    <description>The pain level at which this creature is downed from pain.</description>
    <category>BasicsPawn</category>
    <minValue>0.01</minValue>
    <maxValue>0.99</maxValue>
    <defaultBaseValue>0.8</defaultBaseValue>
    <toStringStyle>PercentZero</toStringStyle>
  </StatDef>
  
  <StatDef>
    <defName>ForagedNutritionPerDay</defName>
    <label>foraged food amount</label>
    <description>The amount of nutrition this person will automatically forage per day while traveling by caravan.</description>
    <category>BasicsPawn</category>
    <minValue>0</minValue>
    <defaultBaseValue>0</defaultBaseValue>
    <toStringStyle>FloatMaxTwo</toStringStyle>
    <showOnAnimals>false</showOnAnimals>
    <showOnMechanoids>false</showOnMechanoids>
    <skillNeedOffsets>
      <li Class="SkillNeed_BaseBonus">
        <skill>Growing</skill>
        <baseValue>0</baseValue>
        <bonusPerLevel>0.09</bonusPerLevel>
      </li>
    </skillNeedOffsets>
    <capacityFactors>
      <li>
        <capacity>Manipulation</capacity>
        <weight>0.5</weight>
        <max>1</max>
      </li>
      <li>
        <capacity>Sight</capacity>
        <weight>0.9</weight>
      </li>
    </capacityFactors>
  </StatDef>
  
</Defs>
