﻿<?xml version="1.0" encoding="utf-8" ?>
<Defs>

  <StatDef>
    <defName>MaxHitPoints</defName>
    <label>max hit points</label>
    <description>The maximum hit points of an object. This represents how much damage it can take before being destroyed.</description>
    <category>BasicsNonPawn</category>
    <defaultBaseValue>100</defaultBaseValue>
    <minValue>1</minValue>
    <roundValue>true</roundValue>
    <toStringStyle>Integer</toStringStyle>
    <roundToFiveOver>200</roundToFiveOver>
		<showNonAbstract>false</showNonAbstract>
		<scenarioRandomizable>true</scenarioRandomizable>
	</StatDef>
  
  <StatDef>
    <defName>Mass</defName>
    <label>mass</label>
    <description>The physical mass of an object.</description>
    <category>Basics</category>
    <defaultBaseValue>1</defaultBaseValue>
    <minValue>0</minValue>
    <toStringStyle>FloatTwo</toStringStyle>
    <formatString>{0} kg</formatString>
    <minifiedThingInherits>true</minifiedThingInherits>
    <parts>
      <li Class="StatPart_BodySize" />
      <li Class="StatPart_NaturalNotMissingBodyPartsCoverage" />
      <li Class="StatPart_GearAndInventoryMass" />
      <li Class="StatPart_UnfinishedThingIngredientsMass" />
      <li Class="StatPart_AddedBodyPartsMass" />
    </parts>
  </StatDef>

  <StatDef>
    <defName>MarketValue</defName>
    <workerClass>StatWorker_MarketValue</workerClass>
    <label>market value</label>
    <description>The market value of an object. The actual trade price will be further modified by negotiation skill, relationship status, and other contextual factors.</description>
    <category>BasicsNonPawn</category>
    <toStringStyle>FloatTwo</toStringStyle>
    <roundToFiveOver>200</roundToFiveOver>
    <formatString>${0}</formatString>
    <minifiedThingInherits>true</minifiedThingInherits>
    <parts>
      <li Class="StatPart_Quality">
        <factorAwful>0.4</factorAwful>
        <factorShoddy>0.6</factorShoddy>
        <factorPoor>0.8</factorPoor>
        <factorNormal>1</factorNormal>
        <factorGood>1.2</factorGood>
        <factorSuperior>1.5</factorSuperior>
        <factorExcellent>2.0</factorExcellent>
        <factorMasterwork>3.0</factorMasterwork>
        <factorLegendary>6</factorLegendary>
      </li>
      <li Class="StatPart_Health">
        <curve>
          <points>
            <li>(0,0)</li>
            <li>(0.3,0.04)</li>
            <li>(0.9,1)</li>
          </points>
        </curve>
      </li>
			<li Class="StatPart_WornByCorpse"/>
    </parts>
		<scenarioRandomizable>true</scenarioRandomizable>
	</StatDef>

  <StatDef>
    <defName>SellPriceFactor</defName>
    <label>sell price multiplier</label>
    <description>A multiplier on the price at which you can sell items.</description>
    <category>BasicsNonPawn</category>
    <showIfUndefined>false</showIfUndefined>
    <defaultBaseValue>1</defaultBaseValue>
    <toStringStyle>PercentZero</toStringStyle>
  </StatDef>
  
  <StatDef>
    <defName>Flammability</defName>
    <label>flammability</label>
    <description>How easily an object catches fire and how strongly it burns.</description>
    <category>BasicsNonPawn</category>
    <defaultBaseValue>0</defaultBaseValue>
    <minValue>0</minValue>
    <maxValue>5</maxValue>
    <toStringStyle>PercentZero</toStringStyle>
		<scenarioRandomizable>true</scenarioRandomizable>
	</StatDef>

  <StatDef>
    <defName>WorkToMake</defName>
    <label>work to make</label>
    <description>The base amount of work it takes to make this, once all materials and tools are gathered.</description>
    <category>BasicsNonPawn</category>
    <defaultBaseValue>1</defaultBaseValue>
    <minValue>0</minValue>
    <toStringStyle>WorkAmount</toStringStyle>
    <roundToFiveOver>300</roundToFiveOver>
    <showIfUndefined>false</showIfUndefined>
		<scenarioRandomizable>true</scenarioRandomizable>
	</StatDef>

	<StatDef>
		<defName>WorkToBuild</defName>
		<label>work to build</label>
		<description>The base amount of work it takes to build a structure, once all materials and tools are gathered.</description>
		<category>BasicsNonPawn</category>
		<defaultBaseValue>1</defaultBaseValue>
		<minValue>0</minValue>
		<toStringStyle>WorkAmount</toStringStyle>
		<roundToFiveOver>300</roundToFiveOver>
		<showIfUndefined>false</showIfUndefined>
		<scenarioRandomizable>true</scenarioRandomizable>
	</StatDef>

  <StatDef>
    <defName>DeteriorationRate</defName>
    <label>deterioration rate</label>
    <description>The rate at which this item deteriorates when left outside, in average hit points of damage per day. Things deteriorate faster than normal in some weather, like rain.</description>
    <category>BasicsNonPawn</category>
    <showIfUndefined>false</showIfUndefined>
    <defaultBaseValue>0</defaultBaseValue>
    <minValue>0</minValue>
    <toStringStyle>FloatTwo</toStringStyle>
    <formatString>{0} / day</formatString>
		<parts>
			<li Class="StatPart_Quality">
				<factorAwful>2</factorAwful>
				<factorShoddy>1.5</factorShoddy>
				<factorPoor>1.25</factorPoor>
				<factorNormal>1</factorNormal>
				<factorGood>0.85</factorGood>
				<factorSuperior>0.75</factorSuperior>
				<factorExcellent>0.63</factorExcellent>
				<factorMasterwork>0.51</factorMasterwork>
				<factorLegendary>0.4</factorLegendary>
			</li>
		</parts>
		<scenarioRandomizable>true</scenarioRandomizable>
	</StatDef>

  <StatDef>
    <defName>Beauty</defName>
    <label>beauty</label>
    <description>How enjoyable an object is to be around and look at.</description>
    <category>BasicsNonPawn</category>
    <defaultBaseValue>0</defaultBaseValue>
    <minValue>-999999</minValue>
    <hideAtValue>0</hideAtValue>
    <roundValue>true</roundValue>
    <toStringStyle>Integer</toStringStyle>
    <roundToFiveOver>100</roundToFiveOver>
    <applyFactorsIfNegative>false</applyFactorsIfNegative>
    <parts>
      <li Class="StatPart_Quality">
        <factorAwful>-0.1</factorAwful>
        <factorShoddy>0.1</factorShoddy>
        <factorPoor>0.5</factorPoor>
        <factorNormal>1</factorNormal>
        <factorGood>1.5</factorGood>
        <factorSuperior>2.0</factorSuperior>
        <factorExcellent>3.5</factorExcellent>
        <factorMasterwork>5.0</factorMasterwork>
        <factorLegendary>10</factorLegendary>
      </li>
    </parts>
  </StatDef>
  
  <StatDef>
    <defName>Cleanliness</defName>
    <label>cleanliness</label>
    <description>How clean an object is.</description>
    <category>BasicsNonPawn</category>
    <defaultBaseValue>0</defaultBaseValue>
    <maxValue>1000</maxValue>
    <minValue>-1000</minValue>
    <hideAtValue>0</hideAtValue>
    <toStringStyle>FloatOne</toStringStyle>
    <applyFactorsIfNegative>false</applyFactorsIfNegative>
  </StatDef>

  <StatDef>
    <defName>Comfort</defName>
    <label>comfort</label>
    <description>How comfortable an object is to sit or lay on.</description>
    <category>BasicsNonPawn</category>
    <showIfUndefined>false</showIfUndefined>
    <defaultBaseValue>0</defaultBaseValue>
    <maxValue>1000</maxValue>
    <minValue>-1000</minValue>
    <toStringStyle>FloatTwo</toStringStyle>
    <applyFactorsIfNegative>false</applyFactorsIfNegative>
    <parts>
      <li Class="StatPart_Quality">
        <factorAwful>0.4</factorAwful>
        <factorShoddy>0.7</factorShoddy>
        <factorPoor>0.85</factorPoor>
        <factorNormal>1</factorNormal>
        <factorGood>1.1</factorGood>
        <factorSuperior>1.2</factorSuperior>
        <factorExcellent>1.3</factorExcellent>
        <factorMasterwork>1.4</factorMasterwork>
        <factorLegendary>1.5</factorLegendary>
      </li>
    </parts>
  </StatDef>
  
</Defs>
