﻿<?xml version="1.0" encoding="utf-8" ?>
<Defs>

    <InspirationDef>
        <defName>WorkFrenzy</defName>
        <label>work frenzy</label>
        <baseDurationDays>1</baseDurationDays>
        <beginLetterLabel>Inspiration: work frenzy</beginLetterLabel>
        <beginLetter>{0} has just been inspired. HECAP will work 2.5 times faster for the next 24 hours.</beginLetter>
        <beginLetterDef>PositiveEvent</beginLetterDef>
        <endMessage>{0} is no longer inspired (work frenzy).</endMessage>
        <baseInspectLine>Inspired: Work frenzy</baseInspectLine>
        <statFactors>
            <WorkSpeedGlobal>2.5</WorkSpeedGlobal>
        </statFactors>
    </InspirationDef>

    <InspirationDef>
        <defName>GoFrenzy</defName>
        <label>go frenzy</label>
        <baseDurationDays>1</baseDurationDays>
        <beginLetterLabel>Inspiration: go frenzy</beginLetterLabel>
        <beginLetter>{0} has just been inspired. HECAP will walk 1.5 times faster for the next 24 hours.</beginLetter>
        <beginLetterDef>PositiveEvent</beginLetterDef>
        <endMessage>{0} is no longer inspired (go frenzy).</endMessage>
        <baseInspectLine>Inspired: Go frenzy</baseInspectLine>
        <statFactors>
            <MoveSpeed>1.5</MoveSpeed>
        </statFactors>
        <requiredCapacities>
            <li>Moving</li>
        </requiredCapacities>
    </InspirationDef>

    <InspirationDef>
        <defName>ShootFrenzy</defName>
        <label>shoot frenzy</label>
        <baseDurationDays>3</baseDurationDays>
        <beginLetterLabel>Inspiration: shoot frenzy</beginLetterLabel>
        <beginLetter>{0} has just been inspired. HISCAP shooting accuracy will be improved for the next 3 days.</beginLetter>
        <beginLetterDef>PositiveEvent</beginLetterDef>
        <endMessage>{0} is no longer inspired (shoot frenzy).</endMessage>
        <baseInspectLine>Inspired: Shoot frenzy</baseInspectLine>
        <requiredNonDisabledStats>
            <li>ShootingAccuracy</li>
        </requiredNonDisabledStats>
        <statOffsets>
            <ShootingAccuracy>10</ShootingAccuracy>
        </statOffsets>
    </InspirationDef>

    <InspirationDef>
        <defName>InspiredTrade</defName>
        <label>inspired trade</label>
        <baseDurationDays>8</baseDurationDays>
        <beginLetterLabel>Inspiration: inspired trade</beginLetterLabel>
        <beginLetter>{0} has just been inspired. HECAP will get a significant trade price bonus for HIS next trade deal.\n\nThe inspiration will end after 8 days or when the deal is done.</beginLetter>
        <beginLetterDef>PositiveEvent</beginLetterDef>
        <endMessage>{0} is no longer inspired (inspired trade).</endMessage>
        <baseInspectLine>Inspired: Inspired trade</baseInspectLine>
        <requiredNonDisabledStats>
            <li>TradePriceImprovement</li>
        </requiredNonDisabledStats>
        <requiredSkills>
            <Social>6</Social>
        </requiredSkills>
        <statOffsets>
            <TradePriceImprovement>0.18</TradePriceImprovement>
        </statOffsets>
    </InspirationDef>

    <InspirationDef>
        <defName>InspiredRecruitment</defName>
        <label>inspired recruitment</label>
        <baseDurationDays>8</baseDurationDays>
        <beginLetterLabel>Inspiration: inspired recruitment</beginLetterLabel>
        <beginLetter>{0} has just been inspired. HECAP will successfully recruit the next prisoner regardless of difficulty.\n\nThe inspiration will end after 8 days or when the prisoner is recruited.</beginLetter>
        <beginLetterDef>PositiveEvent</beginLetterDef>
        <endMessage>{0} is no longer inspired (inspired recruitment).</endMessage>
        <baseInspectLine>Inspired: Inspired recruitment</baseInspectLine>
        <requiredNonDisabledStats>
            <li>RecruitPrisonerChance</li>
        </requiredNonDisabledStats>
        <requiredNonDisabledWorkTypes>
            <li>Warden</li>
        </requiredNonDisabledWorkTypes>
        <requiredSkills>
            <Social>6</Social>
        </requiredSkills>
        <requiredCapacities>
            <li>Talking</li>
        </requiredCapacities>
    </InspirationDef>

    <InspirationDef>
        <defName>InspiredSurgery</defName>
        <label>inspired surgery</label>
        <baseDurationDays>8</baseDurationDays>
        <beginLetterLabel>Inspiration: inspired surgery</beginLetterLabel>
        <beginLetter>{0} has just been inspired. The surgery failure chance for the next surgery performed by HIM will be 10 times smaller.\n\nThe inspiration will end after 8 days or when the surgery is performed.</beginLetter>
        <beginLetterDef>PositiveEvent</beginLetterDef>
        <endMessage>{0} is no longer inspired (inspired surgery).</endMessage>
        <baseInspectLine>Inspired: Inspired surgery</baseInspectLine>
        <requiredNonDisabledStats>
            <li>MedicalSurgerySuccessChance</li>
        </requiredNonDisabledStats>
        <requiredNonDisabledWorkTypes>
            <li>Doctor</li>
        </requiredNonDisabledWorkTypes>
        <requiredSkills>
            <Medicine>6</Medicine>
        </requiredSkills>
        <requiredCapacities>
            <li>Manipulation</li>
        </requiredCapacities>
    </InspirationDef>

    <InspirationDef>
        <defName>InspiredArt</defName>
        <label>inspired art</label>
        <baseDurationDays>8</baseDurationDays>
        <beginLetterLabel>Inspiration: inspired art</beginLetterLabel>
        <beginLetter>{0} has just been inspired. Any piece of art completed will be 3 quality levels higher than it would otherwise be.\n\nThe inspiration will end after 8 days or when the piece of art is completed.</beginLetter>
        <beginLetterDef>PositiveEvent</beginLetterDef>
        <endMessage>{0} is no longer inspired (inspired art).</endMessage>
        <baseInspectLine>Inspired: Inspired art</baseInspectLine>
        <requiredNonDisabledWorkTypes>
            <li>Art</li>
        </requiredNonDisabledWorkTypes>
        <requiredSkills>
            <Artistic>6</Artistic>
        </requiredSkills>
        <requiredCapacities>
            <li>Manipulation</li>
        </requiredCapacities>
    </InspirationDef>

</Defs>
