﻿<?xml version="1.0" encoding="utf-8" ?>
<Defs>

    <InspirationDef>
        <defName>Frenzy_Work</defName>
        <label>work frenzy</label>
        <baseDurationDays>1</baseDurationDays>
        <beginLetterLabel>Inspiration: Work frenzy</beginLetterLabel>
        <beginLetter>{0} has just been inspired. [PAWN_pronoun] will work 2.5 times faster for the next 24 hours.</beginLetter>
        <beginLetterDef>PositiveEvent</beginLetterDef>
        <endMessage>{0} is no longer inspired (work frenzy).</endMessage>
        <baseInspectLine>Inspired: Work frenzy</baseInspectLine>
        <statFactors>
            <WorkSpeedGlobal>2.5</WorkSpeedGlobal>
        </statFactors>
    </InspirationDef>

    <InspirationDef>
        <defName>Frenzy_Go</defName>
        <label>go frenzy</label>
        <baseDurationDays>2</baseDurationDays>
        <beginLetterLabel>Inspiration: Go frenzy</beginLetterLabel>
        <beginLetter>{0} has just been inspired. [PAWN_pronoun] will walk 1.5 times faster for the next 2 days.</beginLetter>
        <beginLetterDef>PositiveEvent</beginLetterDef>
        <endMessage>{0} is no longer inspired (go frenzy).</endMessage>
        <baseInspectLine>Inspired: Go frenzy</baseInspectLine>
        <statFactors>
            <MoveSpeed>1.5</MoveSpeed>
        </statFactors>
        <requiredCapacities>
            <li>Moving</li>
        </requiredCapacities>
    </InspirationDef>

    <InspirationDef>
        <defName>Frenzy_Shoot</defName>
        <label>shoot frenzy</label>
        <baseDurationDays>3</baseDurationDays>
        <beginLetterLabel>Inspiration: Shoot frenzy</beginLetterLabel>
        <beginLetter>{0} has just been inspired. [PAWN_possessive] shooting accuracy will be improved for the next 3 days.</beginLetter>
        <beginLetterDef>PositiveEvent</beginLetterDef>
        <endMessage>{0} is no longer inspired (shoot frenzy).</endMessage>
        <baseInspectLine>Inspired: Shoot frenzy</baseInspectLine>
        <requiredNonDisabledStats>
            <li>ShootingAccuracy</li>
        </requiredNonDisabledStats>
        <statOffsets>
            <ShootingAccuracy>10</ShootingAccuracy>
        </statOffsets>
    </InspirationDef>

    <InspirationDef>
        <defName>Inspired_Trade</defName>
        <label>inspired trade</label>
        <baseDurationDays>8</baseDurationDays>
        <beginLetterLabel>Inspiration: Inspired trade</beginLetterLabel>
        <beginLetter>{0} has just been inspired. [PAWN_pronoun] will get a significant trade price bonus for [PAWN_possessive] next trade deal.\n\nThe inspiration will end after 8 days or when the deal is done.</beginLetter>
        <beginLetterDef>PositiveEvent</beginLetterDef>
        <endMessage>{0} is no longer inspired (inspired trade).</endMessage>
        <baseInspectLine>Inspired: Inspired trade</baseInspectLine>
        <requiredNonDisabledStats>
            <li>TradePriceImprovement</li>
        </requiredNonDisabledStats>
        <requiredSkills>
            <Social>6</Social>
        </requiredSkills>
        <statOffsets>
            <TradePriceImprovement>0.18</TradePriceImprovement>
        </statOffsets>
    </InspirationDef>

    <InspirationDef>
        <defName>Inspired_Recruitment</defName>
        <label>inspired recruitment</label>
        <baseDurationDays>8</baseDurationDays>
        <beginLetterLabel>Inspiration: Inspired recruitment</beginLetterLabel>
        <beginLetter>{0} has just been inspired. [PAWN_pronoun] will successfully recruit the next prisoner regardless of difficulty.\n\nThe inspiration will end after 8 days or when the prisoner is recruited.</beginLetter>
        <beginLetterDef>PositiveEvent</beginLetterDef>
        <endMessage>{0} is no longer inspired (inspired recruitment).</endMessage>
        <baseInspectLine>Inspired: Inspired recruitment</baseInspectLine>
        <requiredNonDisabledStats>
            <li>RecruitPrisonerChance</li>
        </requiredNonDisabledStats>
        <requiredNonDisabledWorkTypes>
            <li>Warden</li>
        </requiredNonDisabledWorkTypes>
        <requiredSkills>
            <Social>6</Social>
        </requiredSkills>
        <requiredCapacities>
            <li>Talking</li>
        </requiredCapacities>
    </InspirationDef>

    <InspirationDef>
        <defName>Inspired_Surgery</defName>
        <label>inspired surgery</label>
        <baseDurationDays>8</baseDurationDays>
        <beginLetterLabel>Inspiration: Inspired surgery</beginLetterLabel>
        <beginLetter>{0} has just been inspired. The surgery failure chance for the next surgery performed by [PAWN_objective] will be 10 times smaller.\n\nThe inspiration will end after 8 days or when the surgery is performed.</beginLetter>
        <beginLetterDef>PositiveEvent</beginLetterDef>
        <endMessage>{0} is no longer inspired (inspired surgery).</endMessage>
        <baseInspectLine>Inspired: Inspired surgery</baseInspectLine>
        <requiredNonDisabledStats>
            <li>MedicalSurgerySuccessChance</li>
        </requiredNonDisabledStats>
        <requiredNonDisabledWorkTypes>
            <li>Doctor</li>
        </requiredNonDisabledWorkTypes>
        <requiredSkills>
            <Medicine>6</Medicine>
        </requiredSkills>
        <requiredCapacities>
            <li>Manipulation</li>
        </requiredCapacities>
    </InspirationDef>

    <InspirationDef>
        <defName>Inspired_Creativity</defName>
        <label>inspired creativity</label>
        <baseDurationDays>8</baseDurationDays>
        <beginLetterLabel>Inspiration: Inspired creativity</beginLetterLabel>
        <beginLetter>{0} has just been inspired. Any item crafted or piece of furniture or art completed will be 2 quality levels higher than it would otherwise be.\n\nThe inspiration will end after 8 days or when the item, furniture or art is completed.</beginLetter>
        <beginLetterDef>PositiveEvent</beginLetterDef>
        <endMessage>{0} is no longer inspired (inspired creativity).</endMessage>
        <baseInspectLine>Inspired: Inspired creativity</baseInspectLine>
        <requiredAnyNonDisabledWorkType>
            <li>Art</li>
            <li>Smithing</li>
            <li>Construction</li>
            <li>Tailoring</li>
        </requiredAnyNonDisabledWorkType>
        <requiredAnySkill>
            <Construction>6</Construction>
            <Artistic>6</Artistic>
            <Crafting>6</Crafting>
        </requiredAnySkill>
        <requiredCapacities>
            <li>Manipulation</li>
        </requiredCapacities>
    </InspirationDef>

</Defs>
