﻿<?xml version="1.0" encoding="utf-8" ?>
<Defs>

  <ThingDef Abstract="True" ParentName="AnimalThingBase" Name="BaseBear">
    <statBases>
      <MoveSpeed>4.3</MoveSpeed>
      <ComfyTemperatureMin>-40</ComfyTemperatureMin>
      <MarketValue>700</MarketValue>
    </statBases>
    <verbs>
      <li>
        <verbClass>Verb_MeleeAttack</verbClass>
        <defaultCooldownTime>2.0</defaultCooldownTime>
        <meleeDamageBaseAmount>17</meleeDamageBaseAmount>
        <meleeDamageDef>Scratch</meleeDamageDef>
        <linkedBodyPartsGroup>FrontLeftPaw</linkedBodyPartsGroup>
        <surpriseAttack>
          <extraMeleeDamages>
            <li>
              <def>Stun</def>
              <amount>21</amount>
            </li>
          </extraMeleeDamages>
        </surpriseAttack>
      </li>
      <li>
        <verbClass>Verb_MeleeAttack</verbClass>
        <defaultCooldownTime>2.0</defaultCooldownTime>
        <meleeDamageBaseAmount>17</meleeDamageBaseAmount>
        <meleeDamageDef>Scratch</meleeDamageDef>
        <linkedBodyPartsGroup>FrontRightPaw</linkedBodyPartsGroup>
        <surpriseAttack>
          <extraMeleeDamages>
            <li>
              <def>Stun</def>
              <amount>21</amount>
            </li>
          </extraMeleeDamages>
        </surpriseAttack>
      </li>
      <li>
        <verbClass>Verb_MeleeAttack</verbClass>
        <defaultCooldownTime>1.65</defaultCooldownTime>
        <meleeDamageBaseAmount>15</meleeDamageBaseAmount>
        <meleeDamageDef>Bite</meleeDamageDef>
        <linkedBodyPartsGroup>Teeth</linkedBodyPartsGroup>
        <surpriseAttack>
          <extraMeleeDamages>
            <li>
              <def>Stun</def>
              <amount>21</amount>
            </li>
          </extraMeleeDamages>
        </surpriseAttack>
      </li>
      <li>
        <verbClass>Verb_MeleeAttack</verbClass>
        <defaultCooldownTime>1.65</defaultCooldownTime>
        <meleeDamageBaseAmount>6</meleeDamageBaseAmount>
        <meleeDamageDef>Blunt</meleeDamageDef>
        <commonality>0.01</commonality>
        <linkedBodyPartsGroup>HeadAttackTool</linkedBodyPartsGroup>
      </li>
    </verbs>
    <race>
      <herdAnimal>false</herdAnimal>
      <predator>true</predator>
      <body>QuadrupedAnimalWithPaws</body>
      <baseHungerRate>0.35</baseHungerRate>
      <baseBodySize>2.15</baseBodySize>
      <baseHealthScale>2.5</baseHealthScale>
      <foodType>OmnivoreAnimal, OvivoreAnimal</foodType>
      <gestationPeriodDays>30</gestationPeriodDays>
      <wildness>0.80</wildness>
      <lifeExpectancy>22</lifeExpectancy>
      <trainableIntelligence>Advanced</trainableIntelligence>
      <manhunterOnTameFailChance>0.018</manhunterOnTameFailChance>
      <manhunterOnDamageChance>1</manhunterOnDamageChance>
      <lifeStageAges>
        <li>
          <def>AnimalBaby</def>
          <minAge>0</minAge>
        </li>
        <li>
          <def>AnimalJuvenile</def>
          <minAge>0.4</minAge>
        </li>
        <li>
          <def>AnimalAdult</def>
          <minAge>0.8</minAge>
          <soundWounded>Pawn_Bear_Injured</soundWounded>
          <soundDeath>Pawn_Bear_Death</soundDeath>
          <soundCall>Pawn_Bear_Call</soundCall>
          <soundAngry>Pawn_Bear_Angry</soundAngry>
        </li>
      </lifeStageAges>
      <soundMeleeHitPawn>Pawn_Melee_BigBash_HitPawn</soundMeleeHitPawn>
      <soundMeleeHitBuilding>Pawn_Melee_BigBash_HitBuilding</soundMeleeHitBuilding>
      <soundMeleeMiss>Pawn_Melee_BigBash_Miss</soundMeleeMiss>
    </race>
    <tradeTags>
      <li>StandardAnimal</li>
      <li>BadassAnimal</li>
    </tradeTags>
  </ThingDef>
  
  <PawnKindDef Abstract="True" ParentName="AnimalKindBase" Name="BearBase">
    <combatPower>240</combatPower>
    <wildSpawn_spawnWild>true</wildSpawn_spawnWild>
    <wildSpawn_EcoSystemWeight>0.3</wildSpawn_EcoSystemWeight>
  </PawnKindDef>




  <ThingDef ParentName="BaseBear">
    <defName>GrizzlyBear</defName>
    <label>grizzly bear</label>
    <description>Huge omnivorous mammals adapted for cold climates. Their thick blubber and fur keep them warm in winter.\n\nWhile their usual diet consists of fish, berries, honey, and scavenged meat, the grizzly is capable of using its massive strength and deadly claws to kill live prey. They are startlingly quick for such lumbering creatures.</description>
    <race>
      <wildness>0.80</wildness>
      <leatherColor>(112,82,65)</leatherColor>
      <leatherInsulation>1.0</leatherInsulation>
      <leatherLabel>bearskin</leatherLabel>
      <meatLabel>bear meat</meatLabel>
    </race>
  </ThingDef>

  <PawnKindDef ParentName="BearBase">
    <defName>GrizzlyBear</defName>
    <label>grizzly bear</label>
    <race>GrizzlyBear</race>
    <lifeStages>
      <li>
        <bodyGraphicData>
          <texPath>Things/Pawn/Animal/Bear/Bear</texPath>
          <drawSize>1.4</drawSize>
          <color>(112,82,65)</color>
          <shadowData>
            <volume>(0.4, 0.3, 0.3)</volume>
            <offset>(0,0,-0.2)</offset>
          </shadowData>
        </bodyGraphicData>
        <dessicatedBodyGraphicData>
          <texPath>Things/Pawn/Animal/Muffalo/MuffaloDessicated</texPath>
          <drawSize>1.4</drawSize>
        </dessicatedBodyGraphicData>
      </li>
      <li>
        <bodyGraphicData>
          <texPath>Things/Pawn/Animal/Bear/Bear</texPath>
          <drawSize>2</drawSize>
          <color>(112,82,65)</color>
          <shadowData>
            <volume>(0.6, 0.45, 0.45)</volume>
            <offset>(0,0,-0.25)</offset>
          </shadowData>
        </bodyGraphicData>
        <dessicatedBodyGraphicData>
          <texPath>Things/Pawn/Animal/Muffalo/MuffaloDessicated</texPath>
          <drawSize>2</drawSize>
        </dessicatedBodyGraphicData>
      </li>
      <li>
        <bodyGraphicData>
          <texPath>Things/Pawn/Animal/Bear/Bear</texPath>
          <drawSize>2.7</drawSize>
          <color>(112,82,65)</color>
          <shadowData>
            <volume>(0.8, 0.6, 0.6)</volume>
            <offset>(0,0,-0.3)</offset>
          </shadowData>
        </bodyGraphicData>
        <dessicatedBodyGraphicData>
          <texPath>Things/Pawn/Animal/Muffalo/MuffaloDessicated</texPath>
          <drawSize>2.7</drawSize>
        </dessicatedBodyGraphicData>
      </li>
    </lifeStages>
  </PawnKindDef>
  
  
  
  
  <ThingDef ParentName="BaseBear">
    <defName>PolarBear</defName>
    <label>polar bear</label>
    <description>A great white bear that lives in the far north. Their thick blubber and fur keep them warm in winter.\n\nWhile their usual diet consists of fish and scavenged meat, the polar bear is more than capable of using its massive strength and deadly claws to kill live prey. They are startlingly quick for such lumbering creatures.</description>
    <statBases>
      <ComfyTemperatureMin>-80</ComfyTemperatureMin>
    </statBases>
    <race>
      <wildness>0.85</wildness>
      <leatherColor>(180,180,180)</leatherColor>
      <leatherInsulation>1.0</leatherInsulation>
      <leatherLabel>polarbearskin</leatherLabel>
      <useMeatFrom>GrizzlyBear</useMeatFrom>
    </race>
  </ThingDef>

  <PawnKindDef ParentName="BearBase">
    <defName>PolarBear</defName>
    <label>polar bear</label>
    <race>PolarBear</race>
    <lifeStages>
      <li>
        <bodyGraphicData>
          <texPath>Things/Pawn/Animal/Bear/Bear</texPath>
          <drawSize>1.4</drawSize>
          <color>(180,180,180)</color>
          <shadowData>
            <volume>(0.4, 0.3, 0.3)</volume>
            <offset>(0,0,-0.2)</offset>
          </shadowData>
        </bodyGraphicData>
        <dessicatedBodyGraphicData>
          <texPath>Things/Pawn/Animal/Muffalo/MuffaloDessicated</texPath>
          <drawSize>1.4</drawSize>
        </dessicatedBodyGraphicData>
      </li>
      <li>
        <bodyGraphicData>
          <texPath>Things/Pawn/Animal/Bear/Bear</texPath>
          <drawSize>2</drawSize>
          <color>(180,180,180)</color>
          <shadowData>
            <volume>(0.6, 0.45, 0.45)</volume>
            <offset>(0,0,-0.25)</offset>
          </shadowData>
        </bodyGraphicData>
        <dessicatedBodyGraphicData>
          <texPath>Things/Pawn/Animal/Muffalo/MuffaloDessicated</texPath>
          <drawSize>2</drawSize>
        </dessicatedBodyGraphicData>
      </li>
      <li>
        <bodyGraphicData>
          <texPath>Things/Pawn/Animal/Bear/Bear</texPath>
          <drawSize>2.7</drawSize>
          <color>(180,180,180)</color>
          <shadowData>
            <volume>(0.8, 0.6, 0.6)</volume>
            <offset>(0,0,-0.3)</offset>
          </shadowData>
        </bodyGraphicData>
        <dessicatedBodyGraphicData>
          <texPath>Things/Pawn/Animal/Muffalo/MuffaloDessicated</texPath>
          <drawSize>2.7</drawSize>
        </dessicatedBodyGraphicData>
      </li>
    </lifeStages>
  </PawnKindDef>
  
  
</Defs>