﻿<?xml version="1.0" encoding="utf-8" ?>
<Defs>

  <ThingDef ParentName="AnimalThingBase">
    <defName>Chicken</defName>
    <label>chicken</label>
    <description>The most traditional farm bird, the chicken is raised for its eggs and meat.</description>
    <statBases>
      <MoveSpeed>2.1</MoveSpeed>
      <ComfyTemperatureMin>0</ComfyTemperatureMin>
      <MarketValue>75</MarketValue>
      <LeatherAmount>0</LeatherAmount>
    </statBases>
    <verbs>
      <li>
        <verbClass>Verb_MeleeAttack</verbClass>
        <defaultCooldownTime>1.65</defaultCooldownTime>
        <meleeDamageBaseAmount>3</meleeDamageBaseAmount>
        <meleeDamageDef>Bite</meleeDamageDef>
        <linkedBodyPartsGroup>Beak</linkedBodyPartsGroup>
      </li>
      <li>
        <verbClass>Verb_MeleeAttack</verbClass>
        <defaultCooldownTime>1.65</defaultCooldownTime>
        <meleeDamageBaseAmount>1</meleeDamageBaseAmount>
        <meleeDamageDef>Blunt</meleeDamageDef>
        <commonality>0.01</commonality>
        <linkedBodyPartsGroup>HeadAttackTool</linkedBodyPartsGroup>
      </li>
    </verbs>
    <comps>
      <li Class="CompProperties_EggLayer">
        <eggUnfertilizedDef>EggChickenUnfertilized</eggUnfertilizedDef>
        <eggFertilizedDef>EggChickenFertilized</eggFertilizedDef>
        <eggFertilizationCountMax>1</eggFertilizationCountMax>
        <eggLayIntervalDays>1.7</eggLayIntervalDays>
        <eggCountRange>1</eggCountRange>
      </li>
    </comps>
    <race>
      <body>Bird</body>
      <baseHungerRate>0.35</baseHungerRate>
      <baseBodySize>0.18</baseBodySize>
      <baseHealthScale>0.35</baseHealthScale>
      <foodType>VegetarianRoughAnimal</foodType>
      <trainableIntelligence>None</trainableIntelligence>
      <wildness>0</wildness>
      <gestationPeriodDays>7</gestationPeriodDays>
      <mateMtbHours>8</mateMtbHours>
      <litterSizeCurve>
        <points>
          <li>(0.99, 0)</li>
          <li>(1, 1)</li>
          <li>(1.01, 0)</li>
        </points>
      </litterSizeCurve>
      <lifeExpectancy>6</lifeExpectancy>
      <lifeStageAges>
        <li>
          <def>AnimalBabyTiny</def>
          <minAge>0</minAge>
					<soundWounded>Pawn_Chick_Call</soundWounded>
					<soundDeath>Pawn_Chick_Call</soundDeath>
					<soundCall>Pawn_Chick_Call</soundCall>
					<soundAngry>Pawn_Chick_Call</soundAngry>
        </li>
        <li>
          <def>AnimalJuvenile</def>
          <minAge>0.12</minAge>
        </li>
        <li>
          <def>AnimalAdult</def>
          <minAge>0.3</minAge>
          <soundWounded>Pawn_Chicken_Wounded</soundWounded>
          <soundDeath>Pawn_Chicken_Death</soundDeath>
          <soundCall>Pawn_Chicken_Call</soundCall>
          <soundAngry>Pawn_Chicken_Angry</soundAngry>
        </li>
      </lifeStageAges>
      <soundMeleeHitPawn>Pawn_Melee_SmallScratch_HitPawn</soundMeleeHitPawn>
      <soundMeleeHitBuilding>Pawn_Melee_SmallScratch_HitBuilding</soundMeleeHitBuilding>
      <soundMeleeMiss>Pawn_Melee_SmallScratch_Miss</soundMeleeMiss>
    </race>
    <tradeTags>
      <li>StandardAnimal</li>
    </tradeTags>
  </ThingDef>

  <PawnKindDef ParentName="AnimalKindBase">
    <defName>Chicken</defName>
    <label>chicken</label>
    <race>Chicken</race>
    <combatPower>22</combatPower>
    <wildSpawn_EcoSystemWeight>0.20</wildSpawn_EcoSystemWeight>
    <labelMale>rooster</labelMale>
    <labelFemale>hen</labelFemale>
    <lifeStages>
      <li>
        <label>chick</label>
        <bodyGraphicData>
          <texPath>Things/Pawn/Animal/Chicken/Chicken</texPath>
          <drawSize>0.45</drawSize>
          <color>(223,219,108)</color>
        </bodyGraphicData>
        <dessicatedBodyGraphicData>
          <texPath>Things/Pawn/Animal/Dessicated/CritterDessicatedSmall</texPath>
          <drawSize>0.45</drawSize>
        </dessicatedBodyGraphicData>
      </li>
      <li>
        <labelMale>cockerel</labelMale>
        <bodyGraphicData>
          <texPath>Things/Pawn/Animal/Chicken/Chicken</texPath>
          <drawSize>0.75</drawSize>
          <color>(200,150,85)</color>
        </bodyGraphicData>
        <femaleGraphicData>
          <texPath>Things/Pawn/Animal/Chicken/Chicken</texPath>
          <drawSize>0.73</drawSize>
        </femaleGraphicData>
        <dessicatedBodyGraphicData>
          <texPath>Things/Pawn/Animal/Dessicated/CritterDessicatedSmall</texPath>
          <drawSize>0.7</drawSize>
        </dessicatedBodyGraphicData>
      </li>
      <li>
        <bodyGraphicData>
          <texPath>Things/Pawn/Animal/Chicken/Chicken</texPath>
          <drawSize>0.87</drawSize>
          <color>(200,150,85)</color>
          <shadowData>
            <volume>(0.3, 0.4, 0.3)</volume>
            <offset>(0,0,-0.05)</offset>
          </shadowData>
        </bodyGraphicData>
        <femaleGraphicData>
          <texPath>Things/Pawn/Animal/Chicken/Chicken</texPath>
          <drawSize>0.85</drawSize>
        </femaleGraphicData>
        <dessicatedBodyGraphicData>
          <texPath>Things/Pawn/Animal/Dessicated/CritterDessicatedSmall</texPath>
          <drawSize>0.85</drawSize>
        </dessicatedBodyGraphicData>
      </li>
    </lifeStages>
  </PawnKindDef>
  
  <!-- ============================================================ -->

  <ThingDef ParentName="AnimalThingBase">
    <defName>Pig</defName>
    <label>pig</label>
    <description>The pig was one of the first animals domesticated by humans. It is commonly raised for meat and leather, and is easy to feed because of its omnivorous diet.</description>
    <statBases>
      <MoveSpeed>3.6</MoveSpeed>
      <ComfyTemperatureMin>-5</ComfyTemperatureMin>
      <MarketValue>280</MarketValue>
    </statBases>
    <verbs>
      <li>
        <verbClass>Verb_MeleeAttack</verbClass>
        <defaultCooldownTime>1.65</defaultCooldownTime>
        <meleeDamageBaseAmount>7</meleeDamageBaseAmount>
        <meleeDamageDef>Bite</meleeDamageDef>
        <linkedBodyPartsGroup>Teeth</linkedBodyPartsGroup>
      </li>
      <li>
        <verbClass>Verb_MeleeAttack</verbClass>
        <defaultCooldownTime>1.65</defaultCooldownTime>
        <meleeDamageBaseAmount>3</meleeDamageBaseAmount>
        <meleeDamageDef>Blunt</meleeDamageDef>
        <commonality>0.01</commonality>
        <linkedBodyPartsGroup>HeadAttackTool</linkedBodyPartsGroup>
      </li>
    </verbs>
    <race>
      <body>QuadrupedAnimalWithHooves</body>
      <baseBodySize>0.8</baseBodySize>
      <baseHealthScale>0.7</baseHealthScale>
			<baseHungerRate>0.45</baseHungerRate>
			<foodType>OmnivoreRoughAnimal</foodType>
      <leatherColor>(174,150,126)</leatherColor>
      <leatherLabel>pigskin</leatherLabel>
      <leatherStatFactors>
        <MarketValue>1.45</MarketValue>
        <ArmorRating_Heat>3.85</ArmorRating_Heat>
      </leatherStatFactors>
      <wildness>0.07</wildness>
      <trainableIntelligence>Advanced</trainableIntelligence>
      <meatLabel>pork</meatLabel>
      <gestationPeriodDays>13</gestationPeriodDays>
      <litterSizeCurve>
        <points>
          <li>(0.5, 0)</li>
          <li>(1, 1)</li>
          <li>(3, 1)</li>
          <li>(3.5, 0)</li>
        </points>
      </litterSizeCurve>
      <lifeExpectancy>12</lifeExpectancy>
      <lifeStageAges>
        <li>
          <def>AnimalBaby</def>
          <minAge>0</minAge>
        </li>
        <li>
          <def>AnimalJuvenile</def>
          <minAge>0.1</minAge>
        </li>
        <li>
          <def>AnimalAdult</def>
          <minAge>0.35</minAge>
          <soundWounded>Pawn_Wildboar_Wounded</soundWounded>
          <soundDeath>Pawn_Wildboar_Death</soundDeath>
          <soundCall>Pawn_Wildboar_Call</soundCall>
          <soundAngry>Pawn_Wildboar_Angry</soundAngry>
        </li>
      </lifeStageAges>
      <soundMeleeHitPawn>Pawn_Melee_SmallScratch_HitPawn</soundMeleeHitPawn>
      <soundMeleeHitBuilding>Pawn_Melee_SmallScratch_HitBuilding</soundMeleeHitBuilding>
      <soundMeleeMiss>Pawn_Melee_SmallScratch_Miss</soundMeleeMiss>
    </race>
    <tradeTags>
      <li>StandardAnimal</li>
    </tradeTags>
  </ThingDef>

  <PawnKindDef ParentName="AnimalKindBase">
    <defName>Pig</defName>
    <label>pig</label>
    <race>Pig</race>
    <combatPower>45</combatPower>
    <wildSpawn_EcoSystemWeight>0.5</wildSpawn_EcoSystemWeight>
    <wildSpawn_spawnWild>false</wildSpawn_spawnWild>
    <labelFemale>sow</labelFemale>
    <lifeStages>
      <li>
        <label>piglet</label>
        <bodyGraphicData>
          <texPath>Things/Pawn/Animal/Pig/Pig</texPath>
          <drawSize>0.6</drawSize>
          <color>(211,190,174)</color>
          <shaderType>CutoutSkin</shaderType>
          <shadowData>
            <volume>(0.25, 0.25, 0.25)</volume>
            <offset>(0,0,-0.2)</offset>
          </shadowData>
        </bodyGraphicData>
        <dessicatedBodyGraphicData>
          <texPath>Things/Pawn/Animal/Dessicated/CritterDessicatedMedium</texPath>
          <drawSize>1.5</drawSize>
        </dessicatedBodyGraphicData>
      </li>
      <li>
        <bodyGraphicData>
          <texPath>Things/Pawn/Animal/Pig/Pig</texPath>
          <drawSize>1.15</drawSize>
          <color>(211,190,174)</color>
          <shaderType>CutoutSkin</shaderType>
          <shadowData>
            <volume>(0.375, 0.375, 0.375)</volume>
            <offset>(0,0,0)</offset>
          </shadowData>
        </bodyGraphicData>
        <femaleGraphicData>
          <texPath>Things/Pawn/Animal/Pig/Pig</texPath>
          <drawSize>1.1</drawSize>
          <color>(211,190,174)</color>
          <shaderType>CutoutSkin</shaderType>
          <shadowData>
            <volume>(0.375, 0.375, 0.375)</volume>
            <offset>(0,0,0)</offset>
          </shadowData>
        </femaleGraphicData>
        <dessicatedBodyGraphicData>
          <texPath>Things/Pawn/Animal/Dessicated/CritterDessicatedMedium</texPath>
          <drawSize>1.7</drawSize>
        </dessicatedBodyGraphicData>
      </li>
      <li>
        <bodyGraphicData>
          <texPath>Things/Pawn/Animal/Pig/Pig</texPath>
          <drawSize>1.42</drawSize>
          <color>(211,190,174)</color>
          <shaderType>CutoutSkin</shaderType>
          <shadowData>
            <volume>(0.5, 0.5, 0.5)</volume>
            <offset>(0,0,-0.3)</offset>
          </shadowData>
        </bodyGraphicData>
        <femaleGraphicData>
          <texPath>Things/Pawn/Animal/Pig/Pig</texPath>
          <drawSize>1.30</drawSize>
          <color>(211,190,174)</color>
          <shaderType>CutoutSkin</shaderType>
          <shadowData>
            <volume>(0.5, 0.5, 0.4)</volume>
            <offset>(0,0,-0.05)</offset>
          </shadowData>
        </femaleGraphicData>
        <dessicatedBodyGraphicData>
          <texPath>Things/Pawn/Animal/Dessicated/CritterDessicatedMedium</texPath>
          <drawSize>2</drawSize>
        </dessicatedBodyGraphicData>
      </li>
    </lifeStages>
  </PawnKindDef>

  <!-- ============================================================ -->

  <ThingDef ParentName="AnimalThingBase">
    <defName>Cow</defName>
    <label>cow</label>
    <description>A very common domestic animal. It can produce large amounts of milk, or be slaughtered for delicious food.</description>
    <statBases>
      <MoveSpeed>3.15</MoveSpeed>
      <ComfyTemperatureMin>-14</ComfyTemperatureMin>
      <MarketValue>350</MarketValue>
    </statBases>
    <comps>
      <li Class="CompProperties_Milkable">
        <milkDef>Milk</milkDef>
        <milkIntervalDays>1</milkIntervalDays>
        <milkAmount>15</milkAmount>
      </li>
    </comps>
    <verbs>
      <li>
        <verbClass>Verb_MeleeAttack</verbClass>
        <defaultCooldownTime>1.65</defaultCooldownTime>
        <meleeDamageBaseAmount>6</meleeDamageBaseAmount>
        <meleeDamageDef>Bite</meleeDamageDef>
        <linkedBodyPartsGroup>Teeth</linkedBodyPartsGroup>
      </li>
      <li>
        <verbClass>Verb_MeleeAttack</verbClass>
        <defaultCooldownTime>1.65</defaultCooldownTime>
        <meleeDamageBaseAmount>5</meleeDamageBaseAmount>
        <meleeDamageDef>Blunt</meleeDamageDef>
        <commonality>0.01</commonality>
        <linkedBodyPartsGroup>HeadAttackTool</linkedBodyPartsGroup>
      </li>
    </verbs>
    <race>
      <body>QuadrupedAnimalWithHooves</body>
      <baseBodySize>2.0</baseBodySize>
      <baseHungerRate>0.85</baseHungerRate>
      <baseHealthScale>1.5</baseHealthScale>
      <foodType>VegetarianRoughAnimal</foodType>
      <leatherColor>(201,201,201)</leatherColor>
      <leatherLabel>cowskin</leatherLabel>
      <leatherInsulation>0.8</leatherInsulation>
      <gestationPeriodDays>20</gestationPeriodDays>
      <leatherStatFactors>
        <MarketValue>1.1</MarketValue>
        <ArmorRating_Heat>2.9</ArmorRating_Heat>
      </leatherStatFactors>
      <wildness>0.05</wildness>
      <trainableIntelligence>Intermediate</trainableIntelligence>
      <meatLabel>beef</meatLabel>
      <litterSizeCurve>
        <points>
          <li>(0.5, 0)</li>
          <li>(1, 1)</li>
          <li>(3, 1)</li>
          <li>(3.5, 0)</li>
        </points>
      </litterSizeCurve>
      <lifeExpectancy>22</lifeExpectancy>
      <lifeStageAges>
        <li>
          <def>AnimalBaby</def>
          <minAge>0</minAge>
        </li>
        <li>
          <def>AnimalJuvenile</def>
          <minAge>0.2</minAge>
        </li>
        <li>
          <def>AnimalAdult</def>
          <minAge>0.45</minAge>
          <soundWounded>Pawn_Muffalo_Wounded</soundWounded>
          <soundDeath>Pawn_Muffalo_Death</soundDeath>
          <soundCall>Pawn_Muffalo_Call</soundCall>
          <soundAngry>Pawn_Muffalo_Angry</soundAngry>
        </li>
      </lifeStageAges>
      <soundMeleeHitPawn>Pawn_Melee_BigBash_HitPawn</soundMeleeHitPawn>
      <soundMeleeHitBuilding>Pawn_Melee_BigBash_HitBuilding</soundMeleeHitBuilding>
      <soundMeleeMiss>Pawn_Melee_BigBash_Miss</soundMeleeMiss>
    </race>
    <tradeTags>
      <li>StandardAnimal</li>
    </tradeTags>
  </ThingDef>

  <PawnKindDef ParentName="AnimalKindBase">
    <defName>Cow</defName>
    <label>cow</label>
    <race>Cow</race>
    <combatPower>55</combatPower>
    <wildSpawn_EcoSystemWeight>0.5</wildSpawn_EcoSystemWeight>
    <wildSpawn_spawnWild>false</wildSpawn_spawnWild>
    <labelMale>bull</labelMale>
    <labelFemale>cow</labelFemale>
    <lifeStages>
      <li>
        <label>calf</label>
        <labelPlural>calves</labelPlural>
        <bodyGraphicData>
          <texPath>Things/Pawn/Animal/Cow/Bull</texPath>
          <drawSize>1.3</drawSize>
          <color>(170,170,170)</color>
          <shadowData>
            <volume>(0.4, 0.3, 0.3)</volume>
            <offset>(0,0,-0.2)</offset>
          </shadowData>
        </bodyGraphicData>
        <femaleGraphicData>
          <texPath>Things/Pawn/Animal/Cow/Cow</texPath>
          <drawSize>1.25</drawSize>
          <color>(200,200,200)</color>
          <shadowData>
            <volume>(0.4, 0.3, 0.3)</volume>
            <offset>(0,0,-0.2)</offset>
          </shadowData>
        </femaleGraphicData>
        <dessicatedBodyGraphicData>
          <texPath>Things/Pawn/Animal/Dessicated/CritterDessicatedMedium</texPath>
          <drawSize>1.3</drawSize>
        </dessicatedBodyGraphicData>
      </li>
      <li>
        <bodyGraphicData>
          <texPath>Things/Pawn/Animal/Cow/Bull</texPath>
          <drawSize>2.15</drawSize>
          <color>(170,170,170)</color>
          <shadowData>
            <volume>(0.6, 0.45, 0.45)</volume>
            <offset>(0,0,-0.25)</offset>
          </shadowData>
        </bodyGraphicData>
        <femaleGraphicData>
          <texPath>Things/Pawn/Animal/Cow/Cow</texPath>
          <drawSize>2.0</drawSize>
          <color>(200,200,200)</color>
          <shadowData>
            <volume>(0.6, 0.45, 0.45)</volume>
            <offset>(0,0,-0.25)</offset>
          </shadowData>
        </femaleGraphicData>
        <dessicatedBodyGraphicData>
          <texPath>Things/Pawn/Animal/Dessicated/CritterDessicatedMedium</texPath>
          <drawSize>2.15</drawSize>
        </dessicatedBodyGraphicData>
      </li>
      <li>
        <bodyGraphicData>
          <texPath>Things/Pawn/Animal/Cow/Bull</texPath>
          <drawSize>2.7</drawSize>
          <color>(170,170,170)</color>
          <shadowData>
            <volume>(0.8, 0.6, 0.6)</volume>
            <offset>(0,0,-0.3)</offset>
          </shadowData>
        </bodyGraphicData>
        <femaleGraphicData>
          <texPath>Things/Pawn/Animal/Cow/Cow</texPath>
          <drawSize>2.6</drawSize>
          <color>(200,200,200)</color>
          <shadowData>
            <volume>(0.8, 0.6, 0.6)</volume>
            <offset>(0,0,-0.3)</offset>
          </shadowData>
        </femaleGraphicData>
        <dessicatedBodyGraphicData>
          <texPath>Things/Pawn/Animal/Dessicated/CritterDessicatedMedium</texPath>
          <drawSize>2.7</drawSize>
        </dessicatedBodyGraphicData>
      </li>
    </lifeStages>
  </PawnKindDef>
  
  <!-- ============================================================ -->

  <ThingDef ParentName="AnimalThingBase">
    <defName>Alpaca</defName>
    <label>alpaca</label>
    <description>A medium-sized ungulate closely related to the llama, the alpaca is often farmed for its remarkably soft wool.</description>
    <statBases>
      <MoveSpeed>3.8</MoveSpeed>
      <ComfyTemperatureMin>-18</ComfyTemperatureMin>
      <MarketValue>400</MarketValue>
    </statBases>
    <verbs>
      <li>
        <verbClass>Verb_MeleeAttack</verbClass>
        <defaultCooldownTime>1.65</defaultCooldownTime>
        <meleeDamageBaseAmount>7</meleeDamageBaseAmount>
        <meleeDamageDef>Blunt</meleeDamageDef>
        <linkedBodyPartsGroup>FrontLeftLeg</linkedBodyPartsGroup>
      </li>
      <li>
        <verbClass>Verb_MeleeAttack</verbClass>
        <defaultCooldownTime>1.65</defaultCooldownTime>
        <meleeDamageBaseAmount>7</meleeDamageBaseAmount>
        <meleeDamageDef>Blunt</meleeDamageDef>
        <linkedBodyPartsGroup>FrontRightLeg</linkedBodyPartsGroup>
      </li>
      <li>
        <verbClass>Verb_MeleeAttack</verbClass>
        <defaultCooldownTime>1.65</defaultCooldownTime>
        <meleeDamageBaseAmount>3</meleeDamageBaseAmount>
        <meleeDamageDef>Blunt</meleeDamageDef>
        <commonality>0.01</commonality>
        <linkedBodyPartsGroup>HeadAttackTool</linkedBodyPartsGroup>
      </li>
    </verbs>
    <comps>
      <li Class="CompProperties_Shearable">
        <woolDef>WoolAlpaca</woolDef>
        <shearIntervalDays>15</shearIntervalDays>
        <woolAmount>100</woolAmount>
      </li>
    </comps>
    <race>
      <body>QuadrupedAnimalWithHooves</body>
      <herdAnimal>true</herdAnimal>
      <packAnimal>true</packAnimal>
      <baseBodySize>1.0</baseBodySize>
			<baseHealthScale>1.0</baseHealthScale>
			<baseHungerRate>0.45</baseHungerRate>
			<foodType>VegetarianRoughAnimal</foodType>
      <leatherColor>(237,216,174)</leatherColor>
      <leatherLabel>alpacahide</leatherLabel>
      <leatherInsulation>1.1</leatherInsulation>
      <wildness>0</wildness>
      <nuzzleMtbHours>120</nuzzleMtbHours>
      <gestationPeriodDays>25</gestationPeriodDays>
      <lifeExpectancy>15</lifeExpectancy>
      <lifeStageAges>
        <li>
          <def>AnimalBaby</def>
          <minAge>0</minAge>
        </li>
        <li>
          <def>AnimalJuvenile</def>
          <minAge>0.2</minAge>
        </li>
        <li>
          <def>AnimalAdult</def>
          <minAge>0.45</minAge>
          <soundWounded>Pawn_Elk_Wounded</soundWounded>
          <soundDeath>Pawn_Elk_Death</soundDeath>
          <soundCall>Pawn_Elk_Call</soundCall>
          <soundAngry>Pawn_Elk_Angry</soundAngry>
        </li>
      </lifeStageAges>
      <soundMeleeHitPawn>Pawn_Melee_BigBash_HitPawn</soundMeleeHitPawn>
      <soundMeleeHitBuilding>Pawn_Melee_BigBash_HitBuilding</soundMeleeHitBuilding>
      <soundMeleeMiss>Pawn_Melee_BigBash_Miss</soundMeleeMiss>
    </race>
    <tradeTags>
      <li>StandardAnimal</li>
    </tradeTags>
  </ThingDef>

  <PawnKindDef ParentName="AnimalKindBase">
    <defName>Alpaca</defName>
    <label>alpaca</label>
    <race>Alpaca</race>
    <combatPower>65</combatPower>
    <wildSpawn_spawnWild>false</wildSpawn_spawnWild>
    <lifeStages>
      <li>
        <bodyGraphicData>
          <texPath>Things/Pawn/Animal/Alpaca/Alpaca</texPath>
          <drawSize>1.3</drawSize>
          <color>(180,148,109)</color>
        </bodyGraphicData>
        <dessicatedBodyGraphicData>
          <texPath>Things/Pawn/Animal/Dessicated/CritterDessicatedMedium</texPath>
          <drawSize>1.5</drawSize>
        </dessicatedBodyGraphicData>
      </li>
      <li>
        <bodyGraphicData>
          <texPath>Things/Pawn/Animal/Alpaca/Alpaca</texPath>
          <drawSize>1.9</drawSize>
          <color>(180,148,109)</color>
          <shadowData>
            <volume>(0.3, 0.3, 0.3)</volume>
            <offset>(0,0,-0.3)</offset>
          </shadowData>
        </bodyGraphicData>
        <dessicatedBodyGraphicData>
          <texPath>Things/Pawn/Animal/Dessicated/CritterDessicatedMedium</texPath>
          <drawSize>2.25</drawSize>
        </dessicatedBodyGraphicData>
      </li>
      <li>
        <bodyGraphicData>
          <texPath>Things/Pawn/Animal/Alpaca/Alpaca</texPath>
          <drawSize>2.2</drawSize>
          <color>(180,148,109)</color>
          <shadowData>
            <volume>(0.4, 0.4, 0.4)</volume>
            <offset>(0,0,-0.2)</offset>
          </shadowData>
        </bodyGraphicData>
        <dessicatedBodyGraphicData>
          <texPath>Things/Pawn/Animal/Dessicated/CritterDessicatedMedium</texPath>
          <drawSize>3</drawSize>
        </dessicatedBodyGraphicData>
      </li>
    </lifeStages>
  </PawnKindDef>
  
</Defs>