﻿<?xml version="1.0" encoding="utf-8" ?>
<Defs>

  <ThingDef ParentName="AnimalThingBase">
    <defName>Muffalo</defName>
    <label>muffalo</label>
    <description>A large herding herbivore descended from buffalo and adapted for some exotic environment. Peaceful unless disturbed.</description>
    <statBases>
      <MoveSpeed>3.6</MoveSpeed>
      <ComfyTemperatureMin>-60</ComfyTemperatureMin>
      <MarketValue>500</MarketValue>
    </statBases>
    <verbs>
      <li>
        <verbClass>Verb_MeleeAttack</verbClass>
        <defaultCooldownTime>1.65</defaultCooldownTime>
        <meleeDamageBaseAmount>10</meleeDamageBaseAmount>
        <meleeDamageDef>Blunt</meleeDamageDef>
        <linkedBodyPartsGroup>HeadAttackTool</linkedBodyPartsGroup>
      </li>
    </verbs>
    <comps>
      <li Class="CompProperties_Milkable">
        <milkDef>Milk</milkDef>
        <milkIntervalDays>2</milkIntervalDays>
        <milkAmount>12</milkAmount>
      </li>
      <li Class="CompProperties_Shearable">
        <woolDef>WoolMuffalo</woolDef>
        <shearIntervalDays>25</shearIntervalDays>
        <woolAmount>100</woolAmount>
      </li>
    </comps>
    <race>
      <herdAnimal>true</herdAnimal>
      <body>QuadrupedAnimalWithHooves</body>
      <baseBodySize>2.1</baseBodySize>
      <baseHealthScale>1.75</baseHealthScale>
			<baseHungerRate>0.85</baseHungerRate>
      <foodType>VegetarianRoughAnimal</foodType>
      <leatherColor>(152,170,174)</leatherColor>
      <leatherInsulation>1.0</leatherInsulation>
      <gestationPeriodDays>25</gestationPeriodDays>
      <wildness>0.5</wildness>
      <nuzzleMtbHours>120</nuzzleMtbHours>
			<packAnimal>true</packAnimal>
      <lifeExpectancy>15</lifeExpectancy>
      <lifeStageAges>
        <li>
          <def>AnimalBaby</def>
          <minAge>0</minAge>
        </li>
        <li>
          <def>AnimalJuvenile</def>
          <minAge>0.25</minAge>
        </li>
        <li>
          <def>AnimalAdult</def>
          <minAge>0.5</minAge>
          <soundWounded>Pawn_Muffalo_Wounded</soundWounded>
          <soundDeath>Pawn_Muffalo_Death</soundDeath>
          <soundCall>Pawn_Muffalo_Call</soundCall>
          <soundAngry>Pawn_Muffalo_Angry</soundAngry>
        </li>
      </lifeStageAges>
      <soundMeleeHitPawn>Pawn_Melee_BigBash_HitPawn</soundMeleeHitPawn>
      <soundMeleeHitBuilding>Pawn_Melee_BigBash_HitBuilding</soundMeleeHitBuilding>
      <soundMeleeMiss>Pawn_Melee_BigBash_Miss</soundMeleeMiss>
    </race>
    <tradeTags>
      <li>StandardAnimal</li>
    </tradeTags>
  </ThingDef>
  <PawnKindDef Name="Muffalo" ParentName="AnimalKindBase">
    <defName>Muffalo</defName>
    <label>muffalo</label>
    <race>Muffalo</race>
    <combatPower>90</combatPower>
    <wildSpawn_spawnWild>true</wildSpawn_spawnWild>
    <wildSpawn_EcoSystemWeight>1</wildSpawn_EcoSystemWeight>
    <wildSpawn_GroupSizeRange>
      <min>3</min>
      <max>9</max>
    </wildSpawn_GroupSizeRange>
    <lifeStages>
      <li>
        <label>muffalo calf</label>
        <labelPlural>muffalo calves</labelPlural>
        <bodyGraphicData>
          <texPath>Things/Pawn/Animal/Muffalo/Muffalo</texPath>
          <drawSize>1.5</drawSize>
          <shadowData>
            <volume>(0.4, 0.3, 0.3)</volume>
            <offset>(0,0,-0.2)</offset>
          </shadowData>
        </bodyGraphicData>
        <dessicatedBodyGraphicData>
          <texPath>Things/Pawn/Animal/Muffalo/MuffaloDessicated</texPath>
          <drawSize>1.5</drawSize>
        </dessicatedBodyGraphicData>
      </li>
      <li>
        <bodyGraphicData>
          <texPath>Things/Pawn/Animal/Muffalo/Muffalo</texPath>
          <drawSize>2.25</drawSize>
          <shadowData>
            <volume>(0.6, 0.45, 0.45)</volume>
            <offset>(0,0,-0.25)</offset>
          </shadowData>
        </bodyGraphicData>
        <dessicatedBodyGraphicData>
          <texPath>Things/Pawn/Animal/Muffalo/MuffaloDessicated</texPath>
          <drawSize>2.25</drawSize>
        </dessicatedBodyGraphicData>
      </li>
      <li>
        <bodyGraphicData>
          <texPath>Things/Pawn/Animal/Muffalo/Muffalo</texPath>
          <drawSize>3</drawSize>
          <shadowData>
            <volume>(0.8, 0.6, 0.6)</volume>
            <offset>(0,0,-0.3)</offset>
          </shadowData>
        </bodyGraphicData>
        <dessicatedBodyGraphicData>
          <texPath>Things/Pawn/Animal/Muffalo/MuffaloDessicated</texPath>
          <drawSize>3</drawSize>
        </dessicatedBodyGraphicData>
      </li>
    </lifeStages>
  </PawnKindDef>

  <!-- ====================================================== -->

  <ThingDef ParentName="AnimalThingBase">
    <defName>Gazelle</defName>
    <label>gazelle</label>
    <description>A small, extremely quick antelope known for its amazingly long leap.</description>
    <statBases>
      <MoveSpeed>6.2</MoveSpeed>
      <ComfyTemperatureMin>-10</ComfyTemperatureMin>
      <MarketValue>120</MarketValue>
    </statBases>
    <verbs>
      <li>
        <verbClass>Verb_MeleeAttack</verbClass>
        <defaultCooldownTime>1.65</defaultCooldownTime>
        <meleeDamageBaseAmount>6</meleeDamageBaseAmount>
        <meleeDamageDef>Blunt</meleeDamageDef>
        <linkedBodyPartsGroup>FrontLeftLeg</linkedBodyPartsGroup>
      </li>
      <li>
        <verbClass>Verb_MeleeAttack</verbClass>
        <defaultCooldownTime>1.65</defaultCooldownTime>
        <meleeDamageBaseAmount>6</meleeDamageBaseAmount>
        <meleeDamageDef>Blunt</meleeDamageDef>
        <linkedBodyPartsGroup>FrontRightLeg</linkedBodyPartsGroup>
      </li>
      <li>
        <verbClass>Verb_MeleeAttack</verbClass>
        <defaultCooldownTime>1.65</defaultCooldownTime>
        <meleeDamageBaseAmount>2</meleeDamageBaseAmount>
        <meleeDamageDef>Blunt</meleeDamageDef>
        <commonality>0.01</commonality>
        <linkedBodyPartsGroup>HeadAttackTool</linkedBodyPartsGroup>
      </li>
    </verbs>
    <race>
      <body>QuadrupedAnimalWithHooves</body>
      <herdAnimal>true</herdAnimal>
      <baseBodySize>0.7</baseBodySize>
      <baseHungerRate>0.35</baseHungerRate>
      <baseHealthScale>0.7</baseHealthScale>
      <foodType>VegetarianRoughAnimal</foodType>
      <leatherColor>(214,134,59)</leatherColor>
      <leatherInsulation>0.75</leatherInsulation>
      <wildness>0.75</wildness>
      <gestationPeriodDays>20</gestationPeriodDays>
      <lifeExpectancy>12</lifeExpectancy>
      <lifeStageAges>
        <li>
          <def>AnimalBaby</def>
          <minAge>0</minAge>
        </li>
        <li>
          <def>AnimalJuvenile</def>
          <minAge>0.20</minAge>
        </li>
        <li>
          <def>AnimalAdult</def>
          <minAge>0.4</minAge>
          <soundWounded>Pawn_Deer_Wounded</soundWounded>
          <soundDeath>Pawn_Deer_Death</soundDeath>
          <soundCall>Pawn_Deer_Call</soundCall>
          <soundAngry>Pawn_Deer_Angry</soundAngry>
        </li>
      </lifeStageAges>
      <soundMeleeHitPawn>Pawn_Melee_BigBash_HitPawn</soundMeleeHitPawn>
      <soundMeleeHitBuilding>Pawn_Melee_BigBash_HitBuilding</soundMeleeHitBuilding>
      <soundMeleeMiss>Pawn_Melee_BigBash_Miss</soundMeleeMiss>
    </race>
    <tradeTags>
      <li>StandardAnimal</li>
    </tradeTags>
  </ThingDef>

  <PawnKindDef ParentName="AnimalKindBase">
    <defName>Gazelle</defName>
    <label>gazelle</label>
    <race>Gazelle</race>
    <combatPower>40</combatPower>
    <wildSpawn_spawnWild>true</wildSpawn_spawnWild>
    <wildSpawn_EcoSystemWeight>0.55</wildSpawn_EcoSystemWeight>
    <wildSpawn_GroupSizeRange>
      <min>4</min>
      <max>13</max>
    </wildSpawn_GroupSizeRange>
    <lifeStages>
      <li>
        <bodyGraphicData>
          <texPath>Things/Pawn/Animal/Gazelle/Gazelle</texPath>
          <drawSize>1.0</drawSize>
        </bodyGraphicData>
        <dessicatedBodyGraphicData>
          <texPath>Things/Pawn/Animal/Dessicated/CritterDessicatedMedium</texPath>
          <drawSize>0.9</drawSize>
        </dessicatedBodyGraphicData>
      </li>
      <li>
        <bodyGraphicData>
          <texPath>Things/Pawn/Animal/Gazelle/Gazelle</texPath>
          <drawSize>1.3</drawSize>
          <shadowData>
            <volume>(0.3, 0.3, 0.3)</volume>
            <offset>(0,0,-0.3)</offset>
          </shadowData>
        </bodyGraphicData>
        <dessicatedBodyGraphicData>
          <texPath>Things/Pawn/Animal/Dessicated/CritterDessicatedMedium</texPath>
          <drawSize>1.2</drawSize>
        </dessicatedBodyGraphicData>
      </li>
      <li>
        <bodyGraphicData>
          <texPath>Things/Pawn/Animal/Gazelle/Gazelle</texPath>
          <drawSize>1.65</drawSize>
          <shadowData>
            <volume>(0.4, 0.4, 0.4)</volume>
            <offset>(0,0,-0.2)</offset>
          </shadowData>
        </bodyGraphicData>
        <dessicatedBodyGraphicData>
          <texPath>Things/Pawn/Animal/Dessicated/CritterDessicatedMedium</texPath>
          <drawSize>1.65</drawSize>
        </dessicatedBodyGraphicData>
      </li>
    </lifeStages>
  </PawnKindDef>

  <!-- ============================================================ -->

  <ThingDef ParentName="AnimalThingBase">
    <defName>Iguana</defName>
    <label>iguana</label>
    <description>These large lizards normally feed on plant matter. However, when angered, their tough hide and sharp claws make them quite dangerous.</description>
    <statBases>
      <MoveSpeed>3.23</MoveSpeed>
      <ComfyTemperatureMin>0</ComfyTemperatureMin>
      <MarketValue>100</MarketValue>
    </statBases>
    <verbs>
      <li>
        <verbClass>Verb_MeleeAttack</verbClass>
        <defaultCooldownTime>1.65</defaultCooldownTime>
        <meleeDamageBaseAmount>8</meleeDamageBaseAmount>
        <meleeDamageDef>Scratch</meleeDamageDef>
        <linkedBodyPartsGroup>FrontLeftClaws</linkedBodyPartsGroup>
      </li>
      <li>
        <verbClass>Verb_MeleeAttack</verbClass>
        <defaultCooldownTime>1.65</defaultCooldownTime>
        <meleeDamageBaseAmount>8</meleeDamageBaseAmount>
        <meleeDamageDef>Scratch</meleeDamageDef>
        <linkedBodyPartsGroup>FrontRightClaws</linkedBodyPartsGroup>
      </li>
      <li>
        <verbClass>Verb_MeleeAttack</verbClass>
        <defaultCooldownTime>1.65</defaultCooldownTime>
        <meleeDamageBaseAmount>6</meleeDamageBaseAmount>
        <meleeDamageDef>Bite</meleeDamageDef>
        <linkedBodyPartsGroup>Teeth</linkedBodyPartsGroup>
      </li>
      <li>
        <verbClass>Verb_MeleeAttack</verbClass>
        <defaultCooldownTime>1.65</defaultCooldownTime>
        <meleeDamageBaseAmount>1</meleeDamageBaseAmount>
        <meleeDamageDef>Blunt</meleeDamageDef>
        <commonality>0.01</commonality>
        <linkedBodyPartsGroup>HeadAttackTool</linkedBodyPartsGroup>
      </li>
    </verbs>
    <comps>
      <li Class="CompProperties_EggLayer">
        <eggFertilizedDef>EggIguanaFertilized</eggFertilizedDef>
        <eggFertilizationCountMax>1</eggFertilizationCountMax>
        <eggLayIntervalDays>10</eggLayIntervalDays>
        <eggProgressUnfertilizedMax>0.5</eggProgressUnfertilizedMax>
        <eggCountRange>
          <min>1</min>
          <max>2</max>
        </eggCountRange>
      </li>
    </comps>
    <race>
			<body>QuadrupedAnimalWithClawsTailAndJowl</body>
			<baseBodySize>0.20</baseBodySize>
      <baseHealthScale>0.5</baseHealthScale>
			<baseHungerRate>0.28</baseHungerRate>
			<foodType>OmnivoreRoughAnimal</foodType>
      <leatherColor>(101,116,58)</leatherColor>
      <leatherLabel>iguana skin</leatherLabel>
      <leatherInsulation>0.50</leatherInsulation>
      <wildness>0.5</wildness>
      <gestationPeriodDays>14</gestationPeriodDays>
      <litterSizeCurve>
        <points>
          <li>(0.5, 0)</li>
          <li>(1, 1)</li>
          <li>(3, 1)</li>
          <li>(3.5, 0)</li>
        </points>
      </litterSizeCurve>
      <lifeExpectancy>12</lifeExpectancy>
      <lifeStageAges>
        <li>
          <def>AnimalBaby</def>
          <minAge>0</minAge>
        </li>
        <li>
          <def>AnimalJuvenile</def>
          <minAge>0.09</minAge>
        </li>
        <li>
          <def>AnimalAdult</def>
          <minAge>0.25</minAge>
          <soundWounded>Pawn_Iguana_Wounded</soundWounded>
          <soundDeath>Pawn_Iguana_Death</soundDeath>
          <soundCall>Pawn_Iguana_Call</soundCall>
          <soundAngry>Pawn_Iguana_Angry</soundAngry>
        </li>
      </lifeStageAges>
      <soundMeleeHitPawn>Pawn_Melee_SmallScratch_HitPawn</soundMeleeHitPawn>
      <soundMeleeHitBuilding>Pawn_Melee_SmallScratch_HitBuilding</soundMeleeHitBuilding>
      <soundMeleeMiss>Pawn_Melee_SmallScratch_Miss</soundMeleeMiss>
    </race>
    <tradeTags>
      <li>StandardAnimal</li>
    </tradeTags>
  </ThingDef>
  <PawnKindDef ParentName="AnimalKindBase">
    <defName>Iguana</defName>
    <label>iguana</label>
    <race>Iguana</race>
    <combatPower>40</combatPower>
    <wildSpawn_EcoSystemWeight>0.33</wildSpawn_EcoSystemWeight>
    <wildSpawn_spawnWild>true</wildSpawn_spawnWild>
    <lifeStages>
      <li>
        <bodyGraphicData>
          <texPath>Things/Pawn/Animal/Iguana/Iguana</texPath>
          <drawSize>1</drawSize>
        </bodyGraphicData>
        <dessicatedBodyGraphicData>
          <texPath>Things/Pawn/Animal/Dessicated/CritterDessicatedSmall</texPath>
          <drawSize>1</drawSize>
        </dessicatedBodyGraphicData>
      </li>
      <li>
        <bodyGraphicData>
          <texPath>Things/Pawn/Animal/Iguana/Iguana</texPath>
          <drawSize>1.25</drawSize>
        </bodyGraphicData>
        <dessicatedBodyGraphicData>
          <texPath>Things/Pawn/Animal/Dessicated/CritterDessicatedSmall</texPath>
          <drawSize>1.25</drawSize>
        </dessicatedBodyGraphicData>
      </li>
      <li>
        <bodyGraphicData>
          <texPath>Things/Pawn/Animal/Iguana/Iguana</texPath>
          <drawSize>1.5</drawSize>
          <shadowData>
            <volume>(0.25, 0.3, 0.25)</volume>
            <offset>(0,0,0)</offset>
          </shadowData>
        </bodyGraphicData>
        <dessicatedBodyGraphicData>
          <texPath>Things/Pawn/Animal/Dessicated/CritterDessicatedSmall</texPath>
          <drawSize>1.4</drawSize>
        </dessicatedBodyGraphicData>
      </li>
    </lifeStages>
  </PawnKindDef>

  <!-- ============================================================ -->

  <ThingDef ParentName="AnimalThingBase">
    <defName>Rhinoceros</defName>
    <label>rhinoceros</label>
    <description>This large land mammal is typically quite peaceful, but it will not hesitate to charge with its horn to fend off trespassers.</description>
    <statBases>
      <MoveSpeed>3.8</MoveSpeed>
      <ComfyTemperatureMin>-8</ComfyTemperatureMin>
      <MarketValue>1000</MarketValue>
    </statBases>
    <verbs>
      <li>
        <verbClass>Verb_MeleeAttack</verbClass>
        <defaultCooldownTime>1.65</defaultCooldownTime>
        <meleeDamageBaseAmount>15</meleeDamageBaseAmount>
        <meleeDamageDef>Scratch</meleeDamageDef>
        <linkedBodyPartsGroup>HornAttackTool</linkedBodyPartsGroup>
      </li>
      <li>
        <verbClass>Verb_MeleeAttack</verbClass>
        <defaultCooldownTime>1.65</defaultCooldownTime>
        <meleeDamageBaseAmount>17</meleeDamageBaseAmount>
        <meleeDamageDef>Blunt</meleeDamageDef>
        <linkedBodyPartsGroup>HornAttackTool</linkedBodyPartsGroup>
      </li>
      <li>
        <verbClass>Verb_MeleeAttack</verbClass>
        <defaultCooldownTime>1.65</defaultCooldownTime>
        <meleeDamageBaseAmount>9</meleeDamageBaseAmount>
        <meleeDamageDef>Blunt</meleeDamageDef>
        <commonality>0.01</commonality>
        <linkedBodyPartsGroup>HeadAttackTool</linkedBodyPartsGroup>
      </li>
    </verbs>
    <race>
      <body>QuadrupedAnimalWithHoovesAndHorn</body>
      <baseHungerRate>1.5</baseHungerRate>
      <baseBodySize>3.0</baseBodySize>
      <baseHealthScale>3.5</baseHealthScale>
      <foodType>VegetarianRoughAnimal</foodType>
      <leatherColor>(150,150,150)</leatherColor>
      <leatherLabel>rhinohide</leatherLabel>
      <leatherInsulation>0.65</leatherInsulation>
      <leatherMarketValueFactor>2</leatherMarketValueFactor>
      <leatherStatFactors>
        <ArmorRating_Blunt>2.0</ArmorRating_Blunt>
        <ArmorRating_Sharp>2.5</ArmorRating_Sharp>
      </leatherStatFactors>
      <wildness>0.90</wildness>
      <manhunterOnTameFailChance>0.018</manhunterOnTameFailChance>
      <manhunterOnDamageChance>1</manhunterOnDamageChance>
      <gestationPeriodDays>45</gestationPeriodDays>
      <nameOnTameChance>1</nameOnTameChance>
      <lifeExpectancy>45</lifeExpectancy>
      <lifeStageAges>
        <li>
          <def>AnimalBaby</def>
          <minAge>0</minAge>
        </li>
        <li>
          <def>AnimalJuvenile</def>
          <minAge>0.3</minAge>
        </li>
        <li>
          <def>AnimalAdult</def>
          <minAge>1.0</minAge>
          <soundWounded>Pawn_Rhinoceros_Wounded</soundWounded>
          <soundDeath>Pawn_Rhinoceros_Death</soundDeath>
          <soundCall>Pawn_Rhinoceros_Call</soundCall>
          <soundAngry>Pawn_Rhinoceros_Angry</soundAngry>
        </li>
      </lifeStageAges>
      <soundMeleeHitPawn>Pawn_Melee_BigBash_HitPawn</soundMeleeHitPawn>
      <soundMeleeHitBuilding>Pawn_Melee_BigBash_HitBuilding</soundMeleeHitBuilding>
      <soundMeleeMiss>Pawn_Melee_BigBash_Miss</soundMeleeMiss>
    </race>
    <tradeTags>
      <li>StandardAnimal</li>
    </tradeTags>
  </ThingDef>
  <PawnKindDef ParentName="AnimalKindBase">
    <defName>Rhinoceros</defName>
    <label>rhinoceros</label>
    <labelPlural>rhinoceroses</labelPlural>
    <race>Rhinoceros</race>
    <combatPower>290</combatPower>
    <wildSpawn_EcoSystemWeight>0.2</wildSpawn_EcoSystemWeight>
    <wildSpawn_spawnWild>true</wildSpawn_spawnWild>
    <wildSpawn_GroupSizeRange>
      <min>1</min>
      <max>3</max>
    </wildSpawn_GroupSizeRange>
    <lifeStages>
      <li>
        <bodyGraphicData>
          <texPath>Things/Pawn/Animal/Rhino/Rhino</texPath>
          <drawSize>1.5</drawSize>
          <shadowData>
            <volume>(0.475, 0.2, 0.3)</volume>
            <offset>(0,0,-0.2)</offset>
          </shadowData>
        </bodyGraphicData>
        <dessicatedBodyGraphicData>
          <texPath>Things/Pawn/Animal/Dessicated/CritterDessicatedMedium</texPath>
          <drawSize>1.5</drawSize>
        </dessicatedBodyGraphicData>
      </li>
      <li>
        <bodyGraphicData>
          <texPath>Things/Pawn/Animal/Rhino/Rhino</texPath>
          <drawSize>2.25</drawSize>
          <shadowData>
            <volume>(0.72, 0.3, 0.45)</volume>
            <offset>(0,0,-0.25)</offset>
          </shadowData>
        </bodyGraphicData>
        <dessicatedBodyGraphicData>
          <texPath>Things/Pawn/Animal/Dessicated/CritterDessicatedMedium</texPath>
          <drawSize>2.25</drawSize>
        </dessicatedBodyGraphicData>
      </li>
      <li>
        <bodyGraphicData>
          <texPath>Things/Pawn/Animal/Rhino/Rhino</texPath>
          <drawSize>3</drawSize>
          <shadowData>
            <volume>(0.95, 0.4, 0.6)</volume>
            <offset>(0,0,-0.3)</offset>
          </shadowData>
        </bodyGraphicData>
        <dessicatedBodyGraphicData>
          <texPath>Things/Pawn/Animal/Dessicated/CritterDessicatedMedium</texPath>
          <drawSize>3</drawSize>
        </dessicatedBodyGraphicData>
      </li>
    </lifeStages>
  </PawnKindDef>

  <!-- ============================================================ -->

  <ThingDef ParentName="AnimalThingBase">
    <defName>Dromedary</defName>
    <label>dromedary</label>
    <description>Adapted to survival in arid environments, this distant cousin of the horse can go weeks without water.</description>
    <statBases>
      <MoveSpeed>3.4</MoveSpeed>
      <ComfyTemperatureMin>-15</ComfyTemperatureMin>
      <MarketValue>450</MarketValue>
    </statBases>
    <comps>
      <li Class="CompProperties_Milkable">
        <milkDef>Milk</milkDef>
        <milkIntervalDays>2</milkIntervalDays>
        <milkAmount>10</milkAmount>
      </li>
      <li Class="CompProperties_Shearable">
        <woolDef>WoolCamel</woolDef>
        <shearIntervalDays>25</shearIntervalDays>
        <woolAmount>100</woolAmount>
      </li>
    </comps>
    <verbs>
      <li>
        <verbClass>Verb_MeleeAttack</verbClass>
        <defaultCooldownTime>1.65</defaultCooldownTime>
        <meleeDamageBaseAmount>11</meleeDamageBaseAmount>
        <meleeDamageDef>Blunt</meleeDamageDef>
        <linkedBodyPartsGroup>FrontLeftLeg</linkedBodyPartsGroup>
      </li>
      <li>
        <verbClass>Verb_MeleeAttack</verbClass>
        <defaultCooldownTime>1.65</defaultCooldownTime>
        <meleeDamageBaseAmount>11</meleeDamageBaseAmount>
        <meleeDamageDef>Blunt</meleeDamageDef>
        <linkedBodyPartsGroup>FrontRightLeg</linkedBodyPartsGroup>
      </li>
      <li>
        <verbClass>Verb_MeleeAttack</verbClass>
        <defaultCooldownTime>1.65</defaultCooldownTime>
        <meleeDamageBaseAmount>6</meleeDamageBaseAmount>
        <meleeDamageDef>Blunt</meleeDamageDef>
        <commonality>0.01</commonality>
        <linkedBodyPartsGroup>HeadAttackTool</linkedBodyPartsGroup>
      </li>
    </verbs>
    <race>
      <body>QuadrupedAnimalWithHoovesAndHump</body>
      <herdAnimal>true</herdAnimal>
      <baseBodySize>2.0</baseBodySize>
      <baseHealthScale>1.6</baseHealthScale>
			<baseHungerRate>0.80</baseHungerRate>
			<foodType>VegetarianRoughAnimal</foodType>
      <leatherColor>(204,180,150)</leatherColor>
      <leatherInsulation>1.0</leatherInsulation>
      <wildness>0.25</wildness>
			<packAnimal>true</packAnimal>
      <gestationPeriodDays>30</gestationPeriodDays>
      <lifeExpectancy>45</lifeExpectancy>
      <lifeStageAges>
        <li>
          <def>AnimalBaby</def>
          <minAge>0</minAge>
        </li>
        <li>
          <def>AnimalJuvenile</def>
          <minAge>0.25</minAge>
        </li>
        <li>
          <def>AnimalAdult</def>
          <minAge>0.5</minAge>
          <soundWounded>Pawn_Dromedary_Wounded</soundWounded>
          <soundDeath>Pawn_Dromedary_Death</soundDeath>
          <soundCall>Pawn_Dromedary_Call</soundCall>
          <soundAngry>Pawn_Dromedary_Angry</soundAngry>
        </li>
      </lifeStageAges>
      <soundMeleeHitPawn>Pawn_Melee_BigBash_HitPawn</soundMeleeHitPawn>
      <soundMeleeHitBuilding>Pawn_Melee_BigBash_HitBuilding</soundMeleeHitBuilding>
      <soundMeleeMiss>Pawn_Melee_BigBash_Miss</soundMeleeMiss>
    </race>
    <tradeTags>
      <li>StandardAnimal</li>
    </tradeTags>
  </ThingDef>
  <PawnKindDef ParentName="AnimalKindBase" Name="Dromedary">
    <defName>Dromedary</defName>
    <label>dromedary</label>
    <labelPlural>dromedaries</labelPlural>
    <race>Dromedary</race>
    <combatPower>75</combatPower>
    <wildSpawn_EcoSystemWeight>0.2</wildSpawn_EcoSystemWeight>
    <wildSpawn_spawnWild>true</wildSpawn_spawnWild>
    <wildSpawn_GroupSizeRange>
      <min>1</min>
      <max>3</max>
    </wildSpawn_GroupSizeRange>
    <lifeStages>
      <li>
        <label>dromedary calf</label>
        <labelPlural>dromedary calves</labelPlural>
        <bodyGraphicData>
          <texPath>Things/Pawn/Animal/Dromedary/Dromedary</texPath>
          <drawSize>1.5</drawSize>
          <shadowData>
            <volume>(0.25, 0.25, 0.25)</volume>
            <offset>(0,0,-0.2)</offset>
          </shadowData>
        </bodyGraphicData>
        <dessicatedBodyGraphicData>
          <texPath>Things/Pawn/Animal/Dessicated/CritterDessicatedMedium</texPath>
          <drawSize>1</drawSize>
        </dessicatedBodyGraphicData>
      </li>
      <li>
        <bodyGraphicData>
          <texPath>Things/Pawn/Animal/Dromedary/Dromedary</texPath>
          <drawSize>2.25</drawSize>
          <shadowData>
            <volume>(0.375, 0.375, 0.375)</volume>
            <offset>(0,0,-0.25)</offset>
          </shadowData>
        </bodyGraphicData>
        <dessicatedBodyGraphicData>
          <texPath>Things/Pawn/Animal/Dessicated/CritterDessicatedMedium</texPath>
          <drawSize>2.25</drawSize>
        </dessicatedBodyGraphicData>
      </li>
      <li>
        <bodyGraphicData>
          <texPath>Things/Pawn/Animal/Dromedary/Dromedary</texPath>
          <drawSize>3</drawSize>
          <shadowData>
            <volume>(0.5, 0.5, 0.5)</volume>
            <offset>(0,0,-0.3)</offset>
          </shadowData>
        </bodyGraphicData>
        <dessicatedBodyGraphicData>
          <texPath>Things/Pawn/Animal/Dessicated/CritterDessicatedMedium</texPath>
          <drawSize>3</drawSize>
        </dessicatedBodyGraphicData>
      </li>
    </lifeStages>
  </PawnKindDef>
  
</Defs>