﻿<?xml version="1.0" encoding="utf-8" ?>
<Defs>

  <ThingDef Abstract="True" ParentName="AnimalThingBase" Name="BaseHare">
    <statBases>
      <MoveSpeed>5.5</MoveSpeed>
      <ComfyTemperatureMin>-30</ComfyTemperatureMin>
      <MarketValue>40</MarketValue>
    </statBases>
    <verbs>
      <li>
        <verbClass>Verb_MeleeAttack</verbClass>
        <defaultCooldownTime>1.65</defaultCooldownTime>
        <meleeDamageBaseAmount>3</meleeDamageBaseAmount>
        <meleeDamageDef>Bite</meleeDamageDef>
        <linkedBodyPartsGroup>Teeth</linkedBodyPartsGroup>
      </li>
      <li>
        <verbClass>Verb_MeleeAttack</verbClass>
        <defaultCooldownTime>1.65</defaultCooldownTime>
        <meleeDamageBaseAmount>1</meleeDamageBaseAmount>
        <meleeDamageDef>Blunt</meleeDamageDef>
        <commonality>0.01</commonality>
        <linkedBodyPartsGroup>HeadAttackTool</linkedBodyPartsGroup>
      </li>
    </verbs>
    <race>
      <body>QuadrupedAnimalWithPawsAndTail</body>
      <baseBodySize>0.2</baseBodySize>
      <baseHungerRate>0.23</baseHungerRate>
      <baseHealthScale>0.4</baseHealthScale>
      <foodType>VegetarianRoughAnimal</foodType>
      <wildness>0.75</wildness>
      <mateMtbHours>8</mateMtbHours>
      <nuzzleMtbHours>120</nuzzleMtbHours>
      <gestationPeriodDays>8.5</gestationPeriodDays>
      <litterSizeCurve>
        <points>
          <li>(2.5, 0)</li>
          <li>(3, 1)</li>
          <li>(4, 1)</li>
          <li>(4.5, 0)</li>
        </points>
      </litterSizeCurve>
      <lifeExpectancy>8</lifeExpectancy>
      <lifeStageAges>
        <li>
          <def>AnimalBaby</def>
          <minAge>0</minAge>
        </li>
        <li>
          <def>AnimalJuvenile</def>
          <minAge>0.1</minAge>
        </li>
        <li>
          <def>AnimalAdult</def>
          <minAge>0.3</minAge>
          <soundWounded>Pawn_Hare_Wounded</soundWounded>
          <soundDeath>Pawn_Hare_Death</soundDeath>
          <soundCall>Pawn_Hare_Call</soundCall>
          <soundAngry>Pawn_Hare_Angry</soundAngry>
        </li>
      </lifeStageAges>
      <soundMeleeHitPawn>Pawn_Melee_SmallScratch_HitPawn</soundMeleeHitPawn>
      <soundMeleeHitBuilding>Pawn_Melee_SmallScratch_HitBuilding</soundMeleeHitBuilding>
      <soundMeleeMiss>Pawn_Melee_SmallScratch_Miss</soundMeleeMiss>
    </race>
    <tradeTags>
      <li>StandardAnimal</li>
    </tradeTags>
  </ThingDef>

  <PawnKindDef Abstract="True" ParentName="AnimalKindBase" Name="HareBase">
    <combatPower>25</combatPower>
    <wildSpawn_EcoSystemWeight>0.25</wildSpawn_EcoSystemWeight>
    <wildSpawn_spawnWild>true</wildSpawn_spawnWild>
  </PawnKindDef>

<!--================================================ -->

  <ThingDef ParentName="BaseHare">
    <defName>Hare</defName>
    <label>hare</label>
    <description>This small, solitary herbivore can swiftly hop away from danger.</description>
    <race>
      <leatherColor>(131,128,108)</leatherColor>
      <leatherInsulation>0.95</leatherInsulation>
    </race>
  </ThingDef>

  <PawnKindDef ParentName="HareBase">
    <defName>Hare</defName>
    <label>hare</label>
    <race>Hare</race>
    <lifeStages>
      <li>
        <bodyGraphicData>
          <texPath>Things/Pawn/Animal/Hare/Hare</texPath>
          <drawSize>1</drawSize>
          <color>(130,127,106)</color>
        </bodyGraphicData>
        <dessicatedBodyGraphicData>
          <texPath>Things/Pawn/Animal/Dessicated/CritterDessicatedSmall</texPath>
          <drawSize>1</drawSize>
        </dessicatedBodyGraphicData>
      </li>
      <li>
        <bodyGraphicData>
          <texPath>Things/Pawn/Animal/Hare/Hare</texPath>
          <drawSize>1.25</drawSize>
          <color>(130,127,106)</color>
        </bodyGraphicData>
        <dessicatedBodyGraphicData>
          <texPath>Things/Pawn/Animal/Dessicated/CritterDessicatedSmall</texPath>
          <drawSize>1.25</drawSize>
        </dessicatedBodyGraphicData>
      </li>
      <li>
        <bodyGraphicData>
          <texPath>Things/Pawn/Animal/Hare/Hare</texPath>
          <drawSize>1.5</drawSize>
          <color>(130,127,106)</color>
          <shadowData>
            <volume>(0.32, 0.35, 0.32)</volume>
            <offset>(0,0,0)</offset>
          </shadowData>
        </bodyGraphicData>
        <dessicatedBodyGraphicData>
          <texPath>Things/Pawn/Animal/Dessicated/CritterDessicatedSmall</texPath>
          <drawSize>1.15</drawSize>
        </dessicatedBodyGraphicData>
      </li>
    </lifeStages>
  </PawnKindDef>

  <!--================================================ -->

  <ThingDef ParentName="BaseHare">
    <defName>Snowhare</defName>
    <label>snowhare</label>
    <description>This hardy animal survives the brutal winters of the north by burrowing through snow and finding prey underneath, or hibernating the worst days away.</description>
    <statBases>
      <ComfyTemperatureMin>-70</ComfyTemperatureMin>
    </statBases>
    <race>
      <useMeatFrom>Hare</useMeatFrom>
      <leatherColor>(180,180,180)</leatherColor>
      <leatherInsulation>1.1</leatherInsulation>
    </race>
  </ThingDef>

  <PawnKindDef ParentName="HareBase">
    <defName>Snowhare</defName>
    <label>snowhare</label>
    <race>Snowhare</race>
    <lifeStages>
      <li>
        <bodyGraphicData>
          <texPath>Things/Pawn/Animal/Hare/Hare</texPath>
          <drawSize>1</drawSize>
          <color>(180,180,180)</color>
        </bodyGraphicData>
        <dessicatedBodyGraphicData>
          <texPath>Things/Pawn/Animal/Dessicated/CritterDessicatedSmall</texPath>
          <drawSize>1</drawSize>
        </dessicatedBodyGraphicData>
      </li>
      <li>
        <bodyGraphicData>
          <texPath>Things/Pawn/Animal/Hare/Hare</texPath>
          <drawSize>1.25</drawSize>
          <color>(180,180,180)</color>
        </bodyGraphicData>
        <dessicatedBodyGraphicData>
          <texPath>Things/Pawn/Animal/Dessicated/CritterDessicatedSmall</texPath>
          <drawSize>1.25</drawSize>
        </dessicatedBodyGraphicData>
      </li>
      <li>
        <bodyGraphicData>
          <texPath>Things/Pawn/Animal/Hare/Hare</texPath>
          <drawSize>1.5</drawSize>
          <color>(180,180,180)</color>
          <shadowData>
            <volume>(0.32, 0.35, 0.32)</volume>
            <offset>(0,0,0)</offset>
          </shadowData>
        </bodyGraphicData>
        <dessicatedBodyGraphicData>
          <texPath>Things/Pawn/Animal/Dessicated/CritterDessicatedSmall</texPath>
          <drawSize>1.35</drawSize>
        </dessicatedBodyGraphicData>
      </li>
    </lifeStages>
  </PawnKindDef>
  
</Defs>