﻿<?xml version="1.0" encoding="utf-8" ?>
<Defs>

  <ThingDef Abstract="True" ParentName="AnimalThingBase" Name="BaseInsect">
    <statBases>
      <ToxicSensitivity>0</ToxicSensitivity>
    </statBases>
    <race>
      <fleshType>Insectoid</fleshType>
      <bloodDef>FilthBloodInsect</bloodDef>
      <meatColor>(160,150,140)</meatColor>
      <foodType>OmnivoreAnimal, AnimalProduct</foodType>
      <manhunterOnDamageChance>1</manhunterOnDamageChance>
      <manhunterOnTameFailChance>0.018</manhunterOnTameFailChance>
    </race>
  </ThingDef>

  <!-- ====================================================== -->

  <ThingDef ParentName="BaseInsect">
    <defName>Megascarab</defName>
    <label>megascarab</label>
    <description>A large, genetically-engineered beetle. Once the worker caste of an artifical ecosystem of insectoids designed to fight mechanoid invasions, it is now usually seen without its deadlier insectoid cousins. Still, its size and hard shell make it dangerous when it attacks. A eusocial creature, it cannot reproduce individually.</description>
    <statBases>
      <MoveSpeed>4.7</MoveSpeed>
      <ArmorRating_Blunt>0.1</ArmorRating_Blunt>
      <ArmorRating_Sharp>0.4</ArmorRating_Sharp>
      <ComfyTemperatureMin>0</ComfyTemperatureMin>
      <MarketValue>100</MarketValue>
      <LeatherAmount>0</LeatherAmount>
    </statBases>
    <verbs>
      <li>
        <verbClass>Verb_MeleeAttack</verbClass>
        <defaultCooldownTime>1.85</defaultCooldownTime>
        <meleeDamageBaseAmount>7</meleeDamageBaseAmount>
        <meleeDamageDef>Bite</meleeDamageDef>
        <linkedBodyPartsGroup>Mouth</linkedBodyPartsGroup>
      </li>
      <li>
        <verbClass>Verb_MeleeAttack</verbClass>
        <defaultCooldownTime>1.65</defaultCooldownTime>
        <meleeDamageBaseAmount>1</meleeDamageBaseAmount>
        <meleeDamageDef>Blunt</meleeDamageDef>
        <commonality>0.01</commonality>
        <linkedBodyPartsGroup>HeadAttackTool</linkedBodyPartsGroup>
      </li>
    </verbs>
    <race>
      <body>BeetleLike</body>
      <baseBodySize>0.2</baseBodySize>
      <baseHungerRate>0.10</baseHungerRate>
      <baseHealthScale>0.4</baseHealthScale>
      <useMeatFrom>Megaspider</useMeatFrom>
      <wildness>0.95</wildness>
      <lifeExpectancy>10</lifeExpectancy>
      <lifeStageAges>
        <li>
          <def>EusocialInsectLarva</def>
          <minAge>0</minAge>
        </li>
        <li>
          <def>EusocialInsectJuvenile</def>
          <minAge>0.03</minAge>
        </li>
        <li>
          <def>EusocialInsectAdult</def>
          <minAge>0.4</minAge>
          <soundWounded>Pawn_Megascarab_Wounded</soundWounded>
          <soundDeath>Pawn_Megascarab_Death</soundDeath>
          <soundCall>Pawn_Megascarab_Call</soundCall>
          <soundAngry>Pawn_Megascarab_Angry</soundAngry>
        </li>
      </lifeStageAges>
      <soundMeleeHitPawn>Pawn_Melee_SmallScratch_HitPawn</soundMeleeHitPawn>
      <soundMeleeHitBuilding>Pawn_Melee_SmallScratch_HitBuilding</soundMeleeHitBuilding>
      <soundMeleeMiss>Pawn_Melee_SmallScratch_Miss</soundMeleeMiss>
    </race>
    <tradeTags>
      <li>Insectoid</li>
    </tradeTags>
  </ThingDef>
  
  <PawnKindDef ParentName="AnimalKindBase">
    <defName>Megascarab</defName>
    <label>megascarab</label>
    <race>Megascarab</race>
    <combatPower>30</combatPower>
		<canArriveManhunter>false</canArriveManhunter>
		<wildSpawn_EcoSystemWeight>0.25</wildSpawn_EcoSystemWeight>
    <wildSpawn_spawnWild>true</wildSpawn_spawnWild>
    <lifeStages>
      <li>
        <bodyGraphicData>
          <texPath>Things/Pawn/Animal/Megascarab/Megascarab</texPath>
          <drawSize>1</drawSize>
          <color>(114,107,84)</color>
        </bodyGraphicData>
        <dessicatedBodyGraphicData>
          <texPath>Things/Pawn/Animal/Dessicated/CritterDessicatedSmall</texPath>
          <drawSize>0.8</drawSize>
        </dessicatedBodyGraphicData>
      </li>
      <li>
        <bodyGraphicData>
          <texPath>Things/Pawn/Animal/Megascarab/Megascarab</texPath>
          <drawSize>1.25</drawSize>
          <color>(114,107,84)</color>
        </bodyGraphicData>
        <dessicatedBodyGraphicData>
          <texPath>Things/Pawn/Animal/Dessicated/CritterDessicatedSmall</texPath>
          <drawSize>0.9</drawSize>
        </dessicatedBodyGraphicData>
      </li>
      <li>
        <bodyGraphicData>
          <texPath>Things/Pawn/Animal/Megascarab/Megascarab</texPath>
          <drawSize>1.5</drawSize>
          <color>(114,107,84)</color>
          <shadowData>
            <volume>(0.2, 0.3, 0.2)</volume>
            <offset>(0,0,0)</offset>
          </shadowData>
        </bodyGraphicData>
        <dessicatedBodyGraphicData>
          <texPath>Things/Pawn/Animal/Dessicated/CritterDessicatedSmall</texPath>
          <drawSize>1.0</drawSize>
        </dessicatedBodyGraphicData>
      </li>
    </lifeStages>
  </PawnKindDef>
  
  <!-- ====================================================== -->

  <ThingDef ParentName="BaseInsect">
    <defName>Spelopede</defName>
    <label>spelopede</label>
    <description>A medium-sized bioengineered bug the size of a sheep. The spelopede is the middle caste of a hive, taking care of most work tasks as well as fighting with its claws.</description>
    <statBases>
      <MoveSpeed>4.3</MoveSpeed>
      <ComfyTemperatureMin>-25</ComfyTemperatureMin>
      <MarketValue>450</MarketValue>
      <LeatherAmount>0</LeatherAmount>
      <ArmorRating_Blunt>0.1</ArmorRating_Blunt>
      <ArmorRating_Sharp>0.1</ArmorRating_Sharp>
    </statBases>
    <verbs>
      <li>
        <verbClass>Verb_MeleeAttack</verbClass>
        <defaultCooldownTime>1.9</defaultCooldownTime>
        <meleeDamageBaseAmount>9</meleeDamageBaseAmount>
        <meleeDamageDef>Cut</meleeDamageDef>
        <linkedBodyPartsGroup>HeadClaw</linkedBodyPartsGroup>
      </li>
      <li>
        <verbClass>Verb_MeleeAttack</verbClass>
        <defaultCooldownTime>1.65</defaultCooldownTime>
        <meleeDamageBaseAmount>3</meleeDamageBaseAmount>
        <meleeDamageDef>Blunt</meleeDamageDef>
        <commonality>0.01</commonality>
        <linkedBodyPartsGroup>HeadAttackTool</linkedBodyPartsGroup>
      </li>
    </verbs>
    <race>
      <body>BeetleLikeWithClaw</body>
      <baseHungerRate>0.25</baseHungerRate>
      <baseBodySize>0.8</baseBodySize>
      <baseHealthScale>1.7</baseHealthScale>
      <gestationPeriodDays>10</gestationPeriodDays>
      <useMeatFrom>Megaspider</useMeatFrom>
      <wildness>0.95</wildness>
      <lifeExpectancy>6</lifeExpectancy>
      <lifeStageAges>
        <li>
          <def>EusocialInsectLarva</def>
          <minAge>0</minAge>
        </li>
        <li>
          <def>EusocialInsectJuvenile</def>
          <minAge>0.03</minAge>
        </li>
        <li>
          <def>EusocialInsectAdult</def>
          <minAge>0.2</minAge>
          <soundWounded>Pawn_Spelopede_Pain</soundWounded>
          <soundDeath>Pawn_Spelopede_Death</soundDeath>
          <soundCall>Pawn_Spelopede_Call</soundCall>
          <soundAngry>Pawn_Spelopede_Angry</soundAngry>
        </li>
      </lifeStageAges>
      <soundMeleeHitPawn>Pawn_Melee_SmallScratch_HitPawn</soundMeleeHitPawn>
      <soundMeleeHitBuilding>Pawn_Melee_SmallScratch_HitBuilding</soundMeleeHitBuilding>
      <soundMeleeMiss>Pawn_Melee_SmallScratch_Miss</soundMeleeMiss>
    </race>
    <tradeTags>
      <li>Insectoid</li>
    </tradeTags>
  </ThingDef>

  <PawnKindDef ParentName="AnimalKindBase">
    <defName>Spelopede</defName>
    <label>spelopede</label>
    <race>Spelopede</race>
    <combatPower>65</combatPower>
		<canArriveManhunter>false</canArriveManhunter>
		<wildSpawn_EcoSystemWeight>0.2</wildSpawn_EcoSystemWeight>
    <wildSpawn_spawnWild>true</wildSpawn_spawnWild>
    <lifeStages>
      <li>
        <bodyGraphicData>
          <texPath>Things/Pawn/Animal/Spelopede/Spelopede</texPath>
          <drawSize>1</drawSize>
          <color>(156,148,125)</color>
        </bodyGraphicData>
        <dessicatedBodyGraphicData>
          <texPath>Things/Pawn/Animal/Dessicated/CritterDessicatedSmall</texPath>
          <drawSize>1</drawSize>
        </dessicatedBodyGraphicData>
      </li>
      <li>
        <bodyGraphicData>
          <texPath>Things/Pawn/Animal/Spelopede/Spelopede</texPath>
          <drawSize>1.25</drawSize>
          <color>(156,148,125)</color>
        </bodyGraphicData>
        <dessicatedBodyGraphicData>
          <texPath>Things/Pawn/Animal/Dessicated/CritterDessicatedSmall</texPath>
          <drawSize>1.25</drawSize>
        </dessicatedBodyGraphicData>
      </li>
      <li>
        <bodyGraphicData>
          <texPath>Things/Pawn/Animal/Spelopede/Spelopede</texPath>
          <drawSize>1.65</drawSize>
          <color>(156,148,125)</color>
          <shadowData>
            <volume>(0.4, 0.5, 0.37)</volume>
            <offset>(0,0,-0.15)</offset>
          </shadowData>
        </bodyGraphicData>
        <dessicatedBodyGraphicData>
          <texPath>Things/Pawn/Animal/Dessicated/CritterDessicatedSmall</texPath>
          <drawSize>1.65</drawSize>
        </dessicatedBodyGraphicData>
      </li>
    </lifeStages>
  </PawnKindDef>
  
  <!-- ====================================================== -->

  <ThingDef ParentName="BaseInsect">
    <defName>Megaspider</defName>
    <label>megaspider</label>
    <description>Not actually a spider, the megaspider is a genetically-engineered giant insectoid the size of a bear. Designed for heavy work and combat, its thick chitinous armor makes it hard to kill, while its long deadly ripper-blades make it deadly.</description>
    <statBases>
      <MoveSpeed>4.5</MoveSpeed>
      <ComfyTemperatureMin>-40</ComfyTemperatureMin>
      <MarketValue>700</MarketValue>
      <LeatherAmount>0</LeatherAmount>
      <ArmorRating_Blunt>0.1</ArmorRating_Blunt>
      <ArmorRating_Sharp>0.15</ArmorRating_Sharp>
    </statBases>
    <verbs>
      <li>
        <verbClass>Verb_MeleeAttack</verbClass>
        <defaultCooldownTime>1.9</defaultCooldownTime>
        <meleeDamageBaseAmount>13</meleeDamageBaseAmount>
        <meleeDamageDef>Cut</meleeDamageDef>
        <linkedBodyPartsGroup>HeadClaw</linkedBodyPartsGroup>
      </li>
      <li>
        <verbClass>Verb_MeleeAttack</verbClass>
        <defaultCooldownTime>1.65</defaultCooldownTime>
        <meleeDamageBaseAmount>4</meleeDamageBaseAmount>
        <meleeDamageDef>Blunt</meleeDamageDef>
        <commonality>0.01</commonality>
        <linkedBodyPartsGroup>HeadAttackTool</linkedBodyPartsGroup>
      </li>
    </verbs>
    <race>
      <body>BeetleLikeWithClaw</body>
      <baseHungerRate>0.35</baseHungerRate>
      <baseBodySize>1.2</baseBodySize>
      <baseHealthScale>2.5</baseHealthScale>
      <gestationPeriodDays>10</gestationPeriodDays>
      <meatLabel>insect meat</meatLabel>
      <wildness>0.95</wildness>
      <lifeExpectancy>6</lifeExpectancy>
      <lifeStageAges>
        <li>
          <def>EusocialInsectLarva</def>
          <minAge>0</minAge>
        </li>
        <li>
          <def>EusocialInsectJuvenile</def>
          <minAge>0.03</minAge>
        </li>
        <li>
          <def>EusocialInsectAdult</def>
          <minAge>0.2</minAge>
          <soundWounded>Pawn_BigInsect_Pain</soundWounded>
          <soundDeath>Pawn_BigInsect_Death</soundDeath>
          <soundCall>Pawn_BigInsect_Call</soundCall>
          <soundAngry>Pawn_BigInsect_Angry</soundAngry>
        </li>
      </lifeStageAges>
      <soundMeleeHitPawn>Pawn_Melee_BigBash_HitPawn</soundMeleeHitPawn>
      <soundMeleeHitBuilding>Pawn_Melee_BigBash_HitBuilding</soundMeleeHitBuilding>
      <soundMeleeMiss>Pawn_Melee_BigBash_Miss</soundMeleeMiss>
    </race>
    <tradeTags>
      <li>Insectoid</li>
    </tradeTags>
  </ThingDef>

  <PawnKindDef ParentName="AnimalKindBase">
    <defName>Megaspider</defName>
    <label>megaspider</label>
    <race>Megaspider</race>
    <combatPower>150</combatPower>
		<canArriveManhunter>false</canArriveManhunter>
		<wildSpawn_EcoSystemWeight>0.2</wildSpawn_EcoSystemWeight>
    <wildSpawn_spawnWild>true</wildSpawn_spawnWild>
    <lifeStages>
      <li>
        <bodyGraphicData>
          <texPath>Things/Pawn/Animal/Megaspider/Megaspider</texPath>
          <drawSize>1.2</drawSize>
          <color>(154,125,94)</color>
        </bodyGraphicData>
        <dessicatedBodyGraphicData>
          <texPath>Things/Pawn/Animal/Dessicated/CritterDessicatedMedium</texPath>
          <drawSize>1.2</drawSize>
        </dessicatedBodyGraphicData>
      </li>
      <li>
        <bodyGraphicData>
          <texPath>Things/Pawn/Animal/Megaspider/Megaspider</texPath>
          <drawSize>1.6</drawSize>
          <color>(154,125,94)</color>
        </bodyGraphicData>
        <dessicatedBodyGraphicData>
          <texPath>Things/Pawn/Animal/Dessicated/CritterDessicatedMedium</texPath>
          <drawSize>1.6</drawSize>
        </dessicatedBodyGraphicData>
      </li>
      <li>
        <bodyGraphicData>
          <texPath>Things/Pawn/Animal/Megaspider/Megaspider</texPath>
          <drawSize>2.5</drawSize>
          <color>(154,125,94)</color>
          <shadowData>
            <volume>(0.5, 0.7, 0.43)</volume>
            <offset>(0,0,-0.1)</offset>
          </shadowData>
        </bodyGraphicData>
        <dessicatedBodyGraphicData>
          <texPath>Things/Pawn/Animal/Dessicated/CritterDessicatedMedium</texPath>
          <drawSize>2.5</drawSize>
        </dessicatedBodyGraphicData>
      </li>
    </lifeStages>
  </PawnKindDef>


</Defs>