﻿<?xml version="1.0" encoding="utf-8" ?>
<Defs>

  <ThingDef ParentName="AnimalThingBase">
    <defName>Chicken</defName>
    <label>chicken</label>
    <description>The most traditional farm bird, the chicken is raised for its eggs and meat. It grows very quickly and lays eggs very often.</description>
    <statBases>
      <MoveSpeed>2.1</MoveSpeed>
      <MarketValue>50</MarketValue>
      <LeatherAmount>0</LeatherAmount>
      <ComfyTemperatureMin>-10</ComfyTemperatureMin>
    </statBases>
    <tools>
      <li>
        <label>claws</label>
        <capacities>
          <li>Scratch</li>
        </capacities>
        <power>2</power>
        <cooldownTime>1.5</cooldownTime>
        <linkedBodyPartsGroup>Feet</linkedBodyPartsGroup>
      </li>
      <li>
        <label>beak</label>
        <capacities>
          <li>Bite</li>
        </capacities>
        <power>3</power>
        <cooldownTime>2</cooldownTime>
        <linkedBodyPartsGroup>Beak</linkedBodyPartsGroup>
      </li>
      <li>
        <label>head</label>
        <capacities>
          <li>Blunt</li>
        </capacities>
        <power>1</power>
        <cooldownTime>1.5</cooldownTime>
        <linkedBodyPartsGroup>HeadAttackTool</linkedBodyPartsGroup>
        <ensureLinkedBodyPartsGroupAlwaysUsable>true</ensureLinkedBodyPartsGroupAlwaysUsable>
        <commonality>0.2</commonality>
      </li>
    </tools>
    <comps>
      <li Class="CompProperties_EggLayer">
        <eggUnfertilizedDef>EggChickenUnfertilized</eggUnfertilizedDef>
        <eggFertilizedDef>EggChickenFertilized</eggFertilizedDef>
        <eggFertilizationCountMax>1</eggFertilizationCountMax>
        <eggLayIntervalDays>2</eggLayIntervalDays>
        <eggCountRange>1</eggCountRange>
      </li>
    </comps>
    <race>
      <body>Bird</body>
      <baseHungerRate>0.35</baseHungerRate>
      <baseBodySize>0.18</baseBodySize>
      <baseHealthScale>0.35</baseHealthScale>
      <foodType>VegetarianRoughAnimal</foodType>
      <trainability>None</trainability>
      <wildness>0</wildness>
      <mateMtbHours>8</mateMtbHours>
      <lifeExpectancy>6</lifeExpectancy>
      <lifeStageAges>
        <li>
          <def>AnimalBabyTiny</def>
          <minAge>0</minAge>
					<soundWounded>Pawn_Chick_Call</soundWounded>
					<soundDeath>Pawn_Chick_Call</soundDeath>
					<soundCall>Pawn_Chick_Call</soundCall>
					<soundAngry>Pawn_Chick_Call</soundAngry>
        </li>
        <li>
          <def>AnimalJuvenile</def>
          <minAge>0.12</minAge>
        </li>
        <li>
          <def>AnimalAdult</def>
          <minAge>0.3</minAge>
          <soundWounded>Pawn_Chicken_Wounded</soundWounded>
          <soundDeath>Pawn_Chicken_Death</soundDeath>
          <soundCall>Pawn_Chicken_Call</soundCall>
          <soundAngry>Pawn_Chicken_Angry</soundAngry>
        </li>
      </lifeStageAges>
      <soundMeleeHitPawn>Pawn_Melee_SmallScratch_HitPawn</soundMeleeHitPawn>
      <soundMeleeHitBuilding>Pawn_Melee_SmallScratch_HitBuilding</soundMeleeHitBuilding>
      <soundMeleeMiss>Pawn_Melee_SmallScratch_Miss</soundMeleeMiss>
    </race>
    <tradeTags>
      <li>AnimalCommon</li>
      <li>AnimalFarm</li>
    </tradeTags>
  </ThingDef>

  <PawnKindDef ParentName="AnimalKindBase">
    <defName>Chicken</defName>
    <label>chicken</label>
    <race>Chicken</race>
    <combatPower>30</combatPower>
    <ecoSystemWeight>0.30</ecoSystemWeight>
    <labelMale>rooster</labelMale>
    <labelFemale>hen</labelFemale>
    <lifeStages>
      <li>
        <label>chick</label>
        <bodyGraphicData>
          <texPath>Things/Pawn/Animal/Chicken/Chicken</texPath>
          <drawSize>0.45</drawSize>
          <color>(223,219,108)</color>
        </bodyGraphicData>
        <dessicatedBodyGraphicData>
          <texPath>Things/Pawn/Animal/Dessicated/CritterDessicatedSmall</texPath>
          <drawSize>0.45</drawSize>
        </dessicatedBodyGraphicData>
      </li>
      <li>
        <labelMale>cockerel</labelMale>
        <bodyGraphicData>
          <texPath>Things/Pawn/Animal/Chicken/Chicken</texPath>
          <drawSize>0.75</drawSize>
          <color>(200,150,85)</color>
        </bodyGraphicData>
        <femaleGraphicData>
          <texPath>Things/Pawn/Animal/Chicken/Chicken</texPath>
          <drawSize>0.73</drawSize>
        </femaleGraphicData>
        <dessicatedBodyGraphicData>
          <texPath>Things/Pawn/Animal/Dessicated/CritterDessicatedSmall</texPath>
          <drawSize>0.7</drawSize>
        </dessicatedBodyGraphicData>
      </li>
      <li>
        <bodyGraphicData>
          <texPath>Things/Pawn/Animal/Chicken/Chicken</texPath>
          <drawSize>0.87</drawSize>
          <color>(200,150,85)</color>
          <shadowData>
            <volume>(0.3, 0.4, 0.3)</volume>
            <offset>(0,0,-0.05)</offset>
          </shadowData>
        </bodyGraphicData>
        <femaleGraphicData>
          <texPath>Things/Pawn/Animal/Chicken/Chicken</texPath>
          <drawSize>0.85</drawSize>
        </femaleGraphicData>
        <dessicatedBodyGraphicData>
          <texPath>Things/Pawn/Animal/Dessicated/CritterDessicatedSmall</texPath>
          <drawSize>0.85</drawSize>
        </dessicatedBodyGraphicData>
      </li>
    </lifeStages>
  </PawnKindDef>
  
  <!-- ============================================================ -->

  <ThingDef ParentName="AnimalThingBase">
    <defName>Pig</defName>
    <label>pig</label>
    <description>The pig was one of the first animals domesticated by humans. It is commonly raised for meat, and is easy to feed because of its omnivorous diet. Though pigs are self-serving by disposition, they can be trained in complex tasks.</description>
    <statBases>
      <MoveSpeed>3.5</MoveSpeed>
      <ComfyTemperatureMin>-5</ComfyTemperatureMin>
      <MarketValue>200</MarketValue>
    </statBases>
    <tools>
      <li>
        <capacities>
          <li>Bite</li>
        </capacities>
        <power>7.3</power>
        <cooldownTime>2</cooldownTime>
        <linkedBodyPartsGroup>Teeth</linkedBodyPartsGroup>
      </li>
      <li>
        <label>head</label>
        <capacities>
          <li>Blunt</li>
        </capacities>
        <power>6</power>
        <cooldownTime>2</cooldownTime>
        <linkedBodyPartsGroup>HeadAttackTool</linkedBodyPartsGroup>
        <ensureLinkedBodyPartsGroupAlwaysUsable>true</ensureLinkedBodyPartsGroupAlwaysUsable>
        <commonality>0.2</commonality>
      </li>
    </tools>
    <race>
      <body>QuadrupedAnimalWithHooves</body>
      <baseBodySize>0.75</baseBodySize>
      <baseHealthScale>0.7</baseHealthScale>
			<baseHungerRate>0.45</baseHungerRate>
			<foodType>OmnivoreRoughAnimal</foodType>
      <leatherDef>Leather_Pig</leatherDef>
      <wildness>0.07</wildness>
      <trainability>Advanced</trainability>
      <meatLabel>pork</meatLabel>
      <gestationPeriodDays>17</gestationPeriodDays>
      <litterSizeCurve>
        <points>
          <li>(0.5, 0)</li>
          <li>(1, 1)</li>
          <li>(1.7, 1)</li>
          <li>(2.0, 0)</li>
        </points>
      </litterSizeCurve>
      <lifeExpectancy>12</lifeExpectancy>
      <lifeStageAges>
        <li>
          <def>AnimalBaby</def>
          <minAge>0</minAge>
        </li>
        <li>
          <def>AnimalJuvenile</def>
          <minAge>0.1</minAge>
        </li>
        <li>
          <def>AnimalAdult</def>
          <minAge>0.4</minAge>
          <soundWounded>Pawn_Wildboar_Wounded</soundWounded>
          <soundDeath>Pawn_Wildboar_Death</soundDeath>
          <soundCall>Pawn_Wildboar_Call</soundCall>
          <soundAngry>Pawn_Wildboar_Angry</soundAngry>
        </li>
      </lifeStageAges>
      <soundMeleeHitPawn>Pawn_Melee_SmallScratch_HitPawn</soundMeleeHitPawn>
      <soundMeleeHitBuilding>Pawn_Melee_SmallScratch_HitBuilding</soundMeleeHitBuilding>
      <soundMeleeMiss>Pawn_Melee_SmallScratch_Miss</soundMeleeMiss>
    </race>
    <tradeTags>
      <li>AnimalCommon</li>
      <li>AnimalFarm</li>
    </tradeTags>
  </ThingDef>

  <PawnKindDef ParentName="AnimalKindBase">
    <defName>Pig</defName>
    <label>pig</label>
    <race>Pig</race>
    <combatPower>45</combatPower>
    <ecoSystemWeight>0.5</ecoSystemWeight>
    <labelFemale>sow</labelFemale>
    <lifeStages>
      <li>
        <label>piglet</label>
        <bodyGraphicData>
          <texPath>Things/Pawn/Animal/Pig/Pig</texPath>
          <drawSize>0.6</drawSize>
          <color>(211,190,174)</color>
          <shaderType>CutoutSkin</shaderType>
          <shadowData>
            <volume>(0.25, 0.25, 0.25)</volume>
            <offset>(0,0,-0.2)</offset>
          </shadowData>
        </bodyGraphicData>
        <dessicatedBodyGraphicData>
          <texPath>Things/Pawn/Animal/Dessicated/CritterDessicatedMedium</texPath>
          <drawSize>1.5</drawSize>
        </dessicatedBodyGraphicData>
      </li>
      <li>
        <bodyGraphicData>
          <texPath>Things/Pawn/Animal/Pig/Pig</texPath>
          <drawSize>1.15</drawSize>
          <color>(211,190,174)</color>
          <shaderType>CutoutSkin</shaderType>
          <shadowData>
            <volume>(0.375, 0.375, 0.375)</volume>
            <offset>(0,0,0)</offset>
          </shadowData>
        </bodyGraphicData>
        <femaleGraphicData>
          <texPath>Things/Pawn/Animal/Pig/Pig</texPath>
          <drawSize>1.1</drawSize>
          <color>(211,190,174)</color>
          <shaderType>CutoutSkin</shaderType>
          <shadowData>
            <volume>(0.375, 0.375, 0.375)</volume>
            <offset>(0,0,0)</offset>
          </shadowData>
        </femaleGraphicData>
        <dessicatedBodyGraphicData>
          <texPath>Things/Pawn/Animal/Dessicated/CritterDessicatedMedium</texPath>
          <drawSize>1.7</drawSize>
        </dessicatedBodyGraphicData>
      </li>
      <li>
        <bodyGraphicData>
          <texPath>Things/Pawn/Animal/Pig/Pig</texPath>
          <drawSize>1.42</drawSize>
          <color>(211,190,174)</color>
          <shaderType>CutoutSkin</shaderType>
          <shadowData>
            <volume>(0.5, 0.5, 0.5)</volume>
            <offset>(0,0,-0.3)</offset>
          </shadowData>
        </bodyGraphicData>
        <femaleGraphicData>
          <texPath>Things/Pawn/Animal/Pig/Pig</texPath>
          <drawSize>1.30</drawSize>
          <color>(211,190,174)</color>
          <shaderType>CutoutSkin</shaderType>
          <shadowData>
            <volume>(0.5, 0.5, 0.4)</volume>
            <offset>(0,0,-0.05)</offset>
          </shadowData>
        </femaleGraphicData>
        <dessicatedBodyGraphicData>
          <texPath>Things/Pawn/Animal/Dessicated/CritterDessicatedMedium</texPath>
          <drawSize>2</drawSize>
        </dessicatedBodyGraphicData>
      </li>
    </lifeStages>
  </PawnKindDef>

  <!-- ============================================================ -->

  <ThingDef ParentName="AnimalThingBase">
    <defName>Cow</defName>
    <label>cow</label>
    <description>A large domesticated ungulate, cows have been bred for millennia to produce huge amounts of milk, meat, and leather. They are exceptionally gentle creatures and will never seek revenge, no matter how many times they are harmed. Most of them are so adapted to farm life that they cannot survive in the wild.</description>
    <statBases>
      <MoveSpeed>3.0</MoveSpeed>
      <ComfyTemperatureMin>-10</ComfyTemperatureMin>
      <MarketValue>300</MarketValue>
    </statBases>
    <comps>
      <li Class="CompProperties_Milkable">
        <milkDef>Milk</milkDef>
        <milkIntervalDays>1</milkIntervalDays>
        <milkAmount>15</milkAmount>
      </li>
    </comps>
    <tools>
      <li>
        <capacities>
          <li>Bite</li>
        </capacities>
        <power>8.8</power>
        <cooldownTime>2.6</cooldownTime>
        <linkedBodyPartsGroup>Teeth</linkedBodyPartsGroup>
      </li>
      <li>
        <label>head</label>
        <capacities>
          <li>Blunt</li>
        </capacities>
        <power>7</power>
        <cooldownTime>2</cooldownTime>
        <linkedBodyPartsGroup>HeadAttackTool</linkedBodyPartsGroup>
        <ensureLinkedBodyPartsGroupAlwaysUsable>true</ensureLinkedBodyPartsGroupAlwaysUsable>
        <commonality>0.2</commonality>
      </li>
    </tools>
    <race>
      <body>QuadrupedAnimalWithHooves</body>
      <herdAnimal>true</herdAnimal>
      <baseBodySize>2.0</baseBodySize>
      <baseHungerRate>0.85</baseHungerRate>
      <baseHealthScale>1.5</baseHealthScale>
      <foodType>VegetarianRoughAnimal</foodType>
      <leatherDef>Leather_Plain</leatherDef>
      <wildness>0.05</wildness>
      <trainability>Simple</trainability>
      <meatLabel>beef</meatLabel>
      <gestationPeriodDays>20</gestationPeriodDays>
      <lifeExpectancy>22</lifeExpectancy>
      <manhunterOnDamageChance>0</manhunterOnDamageChance>
      <manhunterOnTameFailChance>0</manhunterOnTameFailChance>
      <lifeStageAges>
        <li>
          <def>AnimalBaby</def>
          <minAge>0</minAge>
        </li>
        <li>
          <def>AnimalJuvenile</def>
          <minAge>0.2</minAge>
        </li>
        <li>
          <def>AnimalAdult</def>
          <minAge>0.45</minAge>
          <soundWounded>Pawn_Muffalo_Wounded</soundWounded>
          <soundDeath>Pawn_Muffalo_Death</soundDeath>
          <soundCall>Pawn_Muffalo_Call</soundCall>
          <soundAngry>Pawn_Muffalo_Angry</soundAngry>
        </li>
      </lifeStageAges>
      <soundMeleeHitPawn>Pawn_Melee_BigBash_HitPawn</soundMeleeHitPawn>
      <soundMeleeHitBuilding>Pawn_Melee_BigBash_HitBuilding</soundMeleeHitBuilding>
      <soundMeleeMiss>Pawn_Melee_BigBash_Miss</soundMeleeMiss>
    </race>
    <tradeTags>
      <li>AnimalCommon</li>
      <li>AnimalFarm</li>
    </tradeTags>
  </ThingDef>

  <PawnKindDef ParentName="AnimalKindBase">
    <defName>Cow</defName>
    <label>cow</label>
    <race>Cow</race>
    <combatPower>55</combatPower>
    <ecoSystemWeight>1.1</ecoSystemWeight>
    <labelMale>bull</labelMale>
    <labelFemale>cow</labelFemale>
    <wildGroupSize>
      <min>3</min>
      <max>7</max>
    </wildGroupSize>
    <lifeStages>
      <li>
        <label>calf</label>
        <labelPlural>calves</labelPlural>
        <bodyGraphicData>
          <texPath>Things/Pawn/Animal/Cow/Bull</texPath>
          <drawSize>1.3</drawSize>
          <color>(170,170,170)</color>
          <shadowData>
            <volume>(0.4, 0.3, 0.3)</volume>
            <offset>(0,0,-0.2)</offset>
          </shadowData>
        </bodyGraphicData>
        <femaleGraphicData>
          <texPath>Things/Pawn/Animal/Cow/Cow</texPath>
          <drawSize>1.25</drawSize>
          <color>(200,200,200)</color>
          <shadowData>
            <volume>(0.4, 0.3, 0.3)</volume>
            <offset>(0,0,-0.2)</offset>
          </shadowData>
        </femaleGraphicData>
        <dessicatedBodyGraphicData>
          <texPath>Things/Pawn/Animal/Dessicated/CritterDessicatedMedium</texPath>
          <drawSize>1.3</drawSize>
        </dessicatedBodyGraphicData>
      </li>
      <li>
        <bodyGraphicData>
          <texPath>Things/Pawn/Animal/Cow/Bull</texPath>
          <drawSize>2.15</drawSize>
          <color>(170,170,170)</color>
          <shadowData>
            <volume>(0.6, 0.45, 0.45)</volume>
            <offset>(0,0,-0.25)</offset>
          </shadowData>
        </bodyGraphicData>
        <femaleGraphicData>
          <texPath>Things/Pawn/Animal/Cow/Cow</texPath>
          <drawSize>2.0</drawSize>
          <color>(200,200,200)</color>
          <shadowData>
            <volume>(0.6, 0.45, 0.45)</volume>
            <offset>(0,0,-0.25)</offset>
          </shadowData>
        </femaleGraphicData>
        <dessicatedBodyGraphicData>
          <texPath>Things/Pawn/Animal/Dessicated/CritterDessicatedMedium</texPath>
          <drawSize>2.15</drawSize>
        </dessicatedBodyGraphicData>
      </li>
      <li>
        <bodyGraphicData>
          <texPath>Things/Pawn/Animal/Cow/Bull</texPath>
          <drawSize>2.7</drawSize>
          <color>(170,170,170)</color>
          <shadowData>
            <volume>(0.8, 0.6, 0.6)</volume>
            <offset>(0,0,-0.3)</offset>
          </shadowData>
        </bodyGraphicData>
        <femaleGraphicData>
          <texPath>Things/Pawn/Animal/Cow/Cow</texPath>
          <drawSize>2.6</drawSize>
          <color>(200,200,200)</color>
          <shadowData>
            <volume>(0.8, 0.6, 0.6)</volume>
            <offset>(0,0,-0.3)</offset>
          </shadowData>
        </femaleGraphicData>
        <dessicatedBodyGraphicData>
          <texPath>Things/Pawn/Animal/Dessicated/CritterDessicatedMedium</texPath>
          <drawSize>2.7</drawSize>
        </dessicatedBodyGraphicData>
      </li>
    </lifeStages>
  </PawnKindDef>
  
  <!-- ============================================================ -->

  <ThingDef ParentName="AnimalThingBase">
    <defName>Alpaca</defName>
    <label>alpaca</label>
    <description>A medium-sized ungulate closely related to the llama, the alpaca is usually raised for its remarkably soft and insulating wool. Alpacas have also been used as pack animals since they hauled cargo on the rugged mountain trails of ancient South America</description>
    <statBases>
      <MoveSpeed>3.5</MoveSpeed>
      <ComfyTemperatureMin>-18</ComfyTemperatureMin>
      <MarketValue>350</MarketValue>
      <ComfyTemperatureMax>45</ComfyTemperatureMax>
    </statBases>
    <tools>
      <li>
        <label>left hoof</label>
        <capacities>
          <li>Blunt</li>
          <li>Poke</li>
        </capacities>
        <power>7.3</power>
        <cooldownTime>2</cooldownTime>
        <linkedBodyPartsGroup>FrontLeftLeg</linkedBodyPartsGroup>
      </li>
      <li>
        <label>right hoof</label>
        <capacities>
          <li>Blunt</li>
          <li>Poke</li>
        </capacities>
        <power>7.3</power>
        <cooldownTime>2</cooldownTime>
        <linkedBodyPartsGroup>FrontRightLeg</linkedBodyPartsGroup>
      </li>
      <li>
        <capacities>
          <li>Bite</li>
        </capacities>
        <power>8</power>
        <cooldownTime>2</cooldownTime>
        <linkedBodyPartsGroup>Teeth</linkedBodyPartsGroup>
      </li>
      <li>
        <label>head</label>
        <capacities>
          <li>Blunt</li>
        </capacities>
        <power>7</power>
        <cooldownTime>2</cooldownTime>
        <linkedBodyPartsGroup>HeadAttackTool</linkedBodyPartsGroup>
        <ensureLinkedBodyPartsGroupAlwaysUsable>true</ensureLinkedBodyPartsGroupAlwaysUsable>
        <commonality>0.2</commonality>
      </li>
    </tools>
    <comps>
      <li Class="CompProperties_Shearable">
        <woolDef>WoolAlpaca</woolDef>
        <shearIntervalDays>15</shearIntervalDays>
        <woolAmount>100</woolAmount>
      </li>
    </comps>
    <race>
      <body>QuadrupedAnimalWithHooves</body>
      <herdAnimal>true</herdAnimal>
      <packAnimal>true</packAnimal>
      <baseBodySize>1.0</baseBodySize>
			<baseHealthScale>1.0</baseHealthScale>
			<baseHungerRate>0.45</baseHungerRate>
			<foodType>VegetarianRoughAnimal</foodType>
      <leatherDef>Leather_Camel</leatherDef>
      <wildness>0.25</wildness>
      <gestationPeriodDays>25</gestationPeriodDays>
      <lifeExpectancy>15</lifeExpectancy>
      <lifeStageAges>
        <li>
          <def>AnimalBaby</def>
          <minAge>0</minAge>
        </li>
        <li>
          <def>AnimalJuvenile</def>
          <minAge>0.2</minAge>
        </li>
        <li>
          <def>AnimalAdult</def>
          <minAge>0.45</minAge>
          <soundWounded>Pawn_Elk_Wounded</soundWounded>
          <soundDeath>Pawn_Elk_Death</soundDeath>
          <soundCall>Pawn_Elk_Call</soundCall>
          <soundAngry>Pawn_Elk_Angry</soundAngry>
        </li>
      </lifeStageAges>
      <soundMeleeHitPawn>Pawn_Melee_BigBash_HitPawn</soundMeleeHitPawn>
      <soundMeleeHitBuilding>Pawn_Melee_BigBash_HitBuilding</soundMeleeHitBuilding>
      <soundMeleeMiss>Pawn_Melee_BigBash_Miss</soundMeleeMiss>
    </race>
    <tradeTags>
      <li>AnimalCommon</li>
      <li>AnimalFarm</li>
    </tradeTags>
  </ThingDef>

  <PawnKindDef ParentName="AnimalKindBase">
    <defName>Alpaca</defName>
    <label>alpaca</label>
    <race>Alpaca</race>
    <combatPower>65</combatPower>
    <ecoSystemWeight>0.55</ecoSystemWeight>
    <wildGroupSize>
      <min>2</min>
      <max>5</max>
    </wildGroupSize>
    <lifeStages>
      <li>
        <bodyGraphicData>
          <texPath>Things/Pawn/Animal/Alpaca/Alpaca</texPath>
          <drawSize>1.3</drawSize>
          <color>(180,148,109)</color>
        </bodyGraphicData>
        <dessicatedBodyGraphicData>
          <texPath>Things/Pawn/Animal/Dessicated/CritterDessicatedMedium</texPath>
          <drawSize>1.3</drawSize>
        </dessicatedBodyGraphicData>
      </li>
      <li>
        <bodyGraphicData>
          <texPath>Things/Pawn/Animal/Alpaca/Alpaca</texPath>
          <drawSize>1.9</drawSize>
          <color>(180,148,109)</color>
          <shadowData>
            <volume>(0.3, 0.3, 0.3)</volume>
            <offset>(0,0,-0.3)</offset>
          </shadowData>
        </bodyGraphicData>
        <dessicatedBodyGraphicData>
          <texPath>Things/Pawn/Animal/Dessicated/CritterDessicatedMedium</texPath>
          <drawSize>1.9</drawSize>
        </dessicatedBodyGraphicData>
      </li>
      <li>
        <bodyGraphicData>
          <texPath>Things/Pawn/Animal/Alpaca/Alpaca</texPath>
          <drawSize>2.2</drawSize>
          <color>(180,148,109)</color>
          <shadowData>
            <volume>(0.4, 0.4, 0.4)</volume>
            <offset>(0,0,-0.2)</offset>
          </shadowData>
        </bodyGraphicData>
        <dessicatedBodyGraphicData>
          <texPath>Things/Pawn/Animal/Dessicated/CritterDessicatedMedium</texPath>
          <drawSize>2.2</drawSize>
        </dessicatedBodyGraphicData>
      </li>
    </lifeStages>
  </PawnKindDef>
  
</Defs>
