﻿<?xml version="1.0" encoding="utf-8" ?>
<Defs>

  <!-- ========================== Warg ================================= -->

  <ThingDef ParentName="AnimalThingBase">
    <defName>Warg</defName>
    <label>warg</label>
    <description>Heavily-muscled wolf-like creatures with vicious unnatural claws and an absurdly powerful bite. They will only eat meat or corpses. If disturbed in the wild, they are very likely to attack.\n\nScientists say wargs are the descendants of weaponized military animals created for population suppression. The superstitious see them as the tools of an angry god.</description>
    <statBases>
      <MoveSpeed>5.00</MoveSpeed>
      <MarketValue>450</MarketValue>
      <ComfyTemperatureMin>-40</ComfyTemperatureMin>
    </statBases>
    <tools>
      <li>
        <label>left claw</label>
        <capacities>
          <li>Scratch</li>
        </capacities>
        <power>13</power>
        <cooldownTime>1.5</cooldownTime>
        <linkedBodyPartsGroup>FrontLeftPaw</linkedBodyPartsGroup>
        <surpriseAttack>
          <extraMeleeDamages>
            <li>
              <def>Stun</def>
              <amount>14</amount>
            </li>
          </extraMeleeDamages>
        </surpriseAttack>
      </li>
      <li>
        <label>right claw</label>
        <capacities>
          <li>Scratch</li>
        </capacities>
        <power>13</power>
        <cooldownTime>1.5</cooldownTime>
        <linkedBodyPartsGroup>FrontRightPaw</linkedBodyPartsGroup>
        <surpriseAttack>
          <extraMeleeDamages>
            <li>
              <def>Stun</def>
              <amount>14</amount>
            </li>
          </extraMeleeDamages>
        </surpriseAttack>
      </li>
      <li>
        <label>razorfangs</label>
        <capacities>
          <li>Bite</li>
        </capacities>
        <power>15</power>
        <cooldownTime>2</cooldownTime>
        <linkedBodyPartsGroup>Teeth</linkedBodyPartsGroup>
        <surpriseAttack>
          <extraMeleeDamages>
            <li>
              <def>Stun</def>
              <amount>14</amount>
            </li>
          </extraMeleeDamages>
        </surpriseAttack>
      </li>
      <li>
        <label>head</label>
        <capacities>
          <li>Blunt</li>
        </capacities>
        <power>5</power>
        <cooldownTime>2</cooldownTime>
        <linkedBodyPartsGroup>HeadAttackTool</linkedBodyPartsGroup>
        <ensureLinkedBodyPartsGroupAlwaysUsable>true</ensureLinkedBodyPartsGroupAlwaysUsable>
        <commonality>0.2</commonality>
      </li>
    </tools>
    <race>
      <body>QuadrupedAnimalWithPawsAndTail</body>
      <predator>true</predator>
      <maxPreyBodySize>2.3</maxPreyBodySize>
      <petness>0.5</petness>
      <baseBodySize>1.0</baseBodySize>
      <baseHungerRate>0.25</baseHungerRate>
      <baseHealthScale>1.15</baseHealthScale>
      <foodType>CarnivoreAnimalStrict</foodType>
      <leatherDef>Leather_Wolf</leatherDef>
      <gestationPeriodDays>26</gestationPeriodDays>
      <nameOnTameChance>1</nameOnTameChance>
      <trainability>Advanced</trainability>
      <wildness>0.35</wildness>
      <manhunterOnDamageChance>0.35</manhunterOnDamageChance>
      <manhunterOnTameFailChance>0.5</manhunterOnTameFailChance>
      <litterSizeCurve>
        <points>
          <li>(0.5, 0)</li>
          <li>(1, 1)</li>
          <li>(2, 1.7)</li>
          <li>(2.5, 0.7)</li>
          <li>(3, 0)</li>
        </points>
      </litterSizeCurve>
      <lifeExpectancy>15</lifeExpectancy>
      <lifeStageAges>
        <li>
          <def>AnimalBaby</def>
          <minAge>0</minAge>
        </li>
        <li>
          <def>AnimalJuvenile</def>
          <minAge>0.2</minAge>
        </li>
        <li>
          <def>AnimalAdult</def>
          <minAge>0.45</minAge>
          <soundWounded>Pawn_Warg_Wounded</soundWounded>
          <soundDeath>Pawn_Warg_Death</soundDeath>
          <soundCall>Pawn_Warg_Call</soundCall>
          <soundAngry>Pawn_Warg_Angry</soundAngry>
        </li>
      </lifeStageAges>
      <soundMeleeHitPawn>Pawn_Melee_SmallScratch_HitPawn</soundMeleeHitPawn>
      <soundMeleeHitBuilding>Pawn_Melee_SmallScratch_HitBuilding</soundMeleeHitBuilding>
      <soundMeleeMiss>Pawn_Melee_SmallScratch_Miss</soundMeleeMiss>
    </race>
    <tradeTags>
      <li>AnimalUncommon</li>
      <li>AnimalFighter</li>
    </tradeTags>
  </ThingDef>
  
  <PawnKindDef ParentName="AnimalKindBase">
    <defName>Warg</defName>
    <label>warg</label>
    <race>Warg</race>
    <combatPower>90</combatPower>
    <ecoSystemWeight>0.5</ecoSystemWeight>
    <lifeStages>
      <li>
        <label>warg puppy</label>
        <labelPlural>warg puppies</labelPlural>
        <bodyGraphicData>
          <texPath>Things/Pawn/Animal/Warg/Warg</texPath>
          <drawSize>1.05</drawSize>
          <color>(123,104,89)</color>
        </bodyGraphicData>
        <dessicatedBodyGraphicData>
          <texPath>Things/Pawn/Animal/Dessicated/CritterDessicatedMedium</texPath>
          <drawSize>1</drawSize>
        </dessicatedBodyGraphicData>
      </li>
      <li>
        <bodyGraphicData>
          <texPath>Things/Pawn/Animal/Warg/Warg</texPath>
          <drawSize>1.7</drawSize>
          <color>(123,104,89)</color>
          <shadowData>
            <volume>(0.25, 0.3, 0.25)</volume>
            <offset>(0,0,-0.15)</offset>
          </shadowData>
        </bodyGraphicData>
        <dessicatedBodyGraphicData>
          <texPath>Things/Pawn/Animal/Dessicated/CritterDessicatedMedium</texPath>
          <drawSize>1.4</drawSize>
        </dessicatedBodyGraphicData>
      </li>
      <li>
        <bodyGraphicData>
          <texPath>Things/Pawn/Animal/Warg/Warg</texPath>
          <drawSize>2.05</drawSize>
          <color>(123,104,89)</color>
          <shadowData>
            <volume>(0.3, 0.4, 0.3)</volume>
            <offset>(0,0,-0.15)</offset>
          </shadowData>
        </bodyGraphicData>
        <dessicatedBodyGraphicData>
          <texPath>Things/Pawn/Animal/Dessicated/CritterDessicatedMedium</texPath>
          <drawSize>1.7</drawSize>
        </dessicatedBodyGraphicData>
      </li>
    </lifeStages>
  </PawnKindDef>


  <!-- ========================== Wolves ================================= -->

  <ThingDef Name="ThingBaseWolf" ParentName="AnimalThingBase" Abstract="True">
    <statBases>
      <MoveSpeed>5.0</MoveSpeed>
      <MarketValue>350</MarketValue>
      <ComfyTemperatureMin>-40</ComfyTemperatureMin>
    </statBases>
    <tools>
      <li>
        <label>left claw</label>
        <capacities>
          <li>Scratch</li>
        </capacities>
        <power>10.9</power>
        <cooldownTime>2</cooldownTime>
        <linkedBodyPartsGroup>FrontLeftPaw</linkedBodyPartsGroup>
        <surpriseAttack>
          <extraMeleeDamages>
            <li>
              <def>Stun</def>
              <amount>14</amount>
            </li>
          </extraMeleeDamages>
        </surpriseAttack>
        <commonality>0.5</commonality>
      </li>
      <li>
        <label>right claw</label>
        <capacities>
          <li>Scratch</li>
        </capacities>
        <power>10.9</power>
        <cooldownTime>2</cooldownTime>
        <linkedBodyPartsGroup>FrontRightPaw</linkedBodyPartsGroup>
        <surpriseAttack>
          <extraMeleeDamages>
            <li>
              <def>Stun</def>
              <amount>14</amount>
            </li>
          </extraMeleeDamages>
        </surpriseAttack>
        <commonality>0.5</commonality>
      </li>
      <li>
        <capacities>
          <li>Bite</li>
        </capacities>
        <power>12</power>
        <cooldownTime>2</cooldownTime>
        <linkedBodyPartsGroup>Teeth</linkedBodyPartsGroup>
        <surpriseAttack>
          <extraMeleeDamages>
            <li>
              <def>Stun</def>
              <amount>14</amount>
            </li>
          </extraMeleeDamages>
        </surpriseAttack>
      </li>
      <li>
        <label>head</label>
        <capacities>
          <li>Blunt</li>
        </capacities>
        <power>6</power>
        <cooldownTime>2</cooldownTime>
        <linkedBodyPartsGroup>HeadAttackTool</linkedBodyPartsGroup>
        <ensureLinkedBodyPartsGroupAlwaysUsable>true</ensureLinkedBodyPartsGroupAlwaysUsable>
        <commonality>0.2</commonality>
      </li>
    </tools>
    <race>
      <body>QuadrupedAnimalWithPawsAndTail</body>
      <predator>true</predator>
      <maxPreyBodySize>2.3</maxPreyBodySize>
      <petness>0.1</petness>
      <baseBodySize>0.85</baseBodySize>
      <baseHungerRate>0.18</baseHungerRate>
      <baseHealthScale>0.99</baseHealthScale>
      <foodType>CarnivoreAnimal</foodType>
      <leatherDef>Leather_Wolf</leatherDef>
      <nameOnTameChance>1</nameOnTameChance>
      <trainability>Advanced</trainability>
      <wildness>0.85</wildness>
      <nuzzleMtbHours>240</nuzzleMtbHours>
      <manhunterOnDamageChance>0.06</manhunterOnDamageChance>
      <manhunterOnTameFailChance>0.08</manhunterOnTameFailChance>
      <gestationPeriodDays>26</gestationPeriodDays>
      <litterSizeCurve>
        <points>
          <li>(0.5, 0)</li>
          <li>(1, 1)</li>
          <li>(2, 1.7)</li>
          <li>(2.5, 0.7)</li>
          <li>(3, 0)</li>
        </points>
      </litterSizeCurve>
      <lifeExpectancy>12</lifeExpectancy>
      <lifeStageAges>
        <li>
          <def>AnimalBaby</def>
          <minAge>0</minAge>
        </li>
        <li>
          <def>AnimalJuvenile</def>
          <minAge>0.2</minAge>
        </li>
        <li>
          <def>AnimalAdult</def>
          <minAge>0.45</minAge>
          <soundWounded>Pawn_Dog_Injured</soundWounded>
          <soundDeath>Pawn_Dog_Death</soundDeath>
          <soundCall>Pawn_Dog_Call</soundCall>
          <soundAngry>Pawn_Dog_Angry</soundAngry>
        </li>
      </lifeStageAges>
      <soundMeleeHitPawn>Pawn_Melee_SmallScratch_HitPawn</soundMeleeHitPawn>
      <soundMeleeHitBuilding>Pawn_Melee_SmallScratch_HitBuilding</soundMeleeHitBuilding>
      <soundMeleeMiss>Pawn_Melee_SmallScratch_Miss</soundMeleeMiss>
    </race>
    <tradeTags>
      <li>AnimalUncommon</li>
      <li>AnimalFighter</li>
    </tradeTags>
  </ThingDef>

  <PawnKindDef ParentName="AnimalKindBase" Name="AnimalKindBaseWolf" Abstract="True">
    <combatPower>75</combatPower>
    <ecoSystemWeight>0.5</ecoSystemWeight>
  </PawnKindDef>



  <ThingDef ParentName="ThingBaseWolf">
    <defName>Wolf_Timber</defName>
    <label>timber wolf</label>
    <description>A rugged predator long feared by many ancient Earth cultures. As pack hunters, wolves have complex social lives and are fiercely intelligent.</description>
    <race>
      <meatLabel>wolfmeat</meatLabel>
    </race>
  </ThingDef>

  <PawnKindDef ParentName="AnimalKindBaseWolf">
    <defName>Wolf_Timber</defName>
    <label>timber wolf</label>
    <labelPlural>timber wolves</labelPlural>
    <race>Wolf_Timber</race>
    <lifeStages>
      <li>
        <label>timber wolf puppy</label>
        <labelPlural>timber wolf puppies</labelPlural>
        <bodyGraphicData>
          <texPath>Things/Pawn/Animal/Wolf_Timber/Wolf_Timber</texPath>
          <drawSize>1.05</drawSize>
        </bodyGraphicData>
        <dessicatedBodyGraphicData>
          <texPath>Things/Pawn/Animal/Dessicated/CritterDessicatedMedium</texPath>
          <drawSize>1</drawSize>
        </dessicatedBodyGraphicData>
      </li>
      <li>
        <bodyGraphicData>
          <texPath>Things/Pawn/Animal/Wolf_Timber/Wolf_Timber</texPath>
          <drawSize>1.5</drawSize>
          <shadowData>
            <volume>(0.25, 0.3, 0.25)</volume>
            <offset>(0,0,-0.15)</offset>
          </shadowData>
        </bodyGraphicData>
        <dessicatedBodyGraphicData>
          <texPath>Things/Pawn/Animal/Dessicated/CritterDessicatedMedium</texPath>
          <drawSize>1.5</drawSize>
        </dessicatedBodyGraphicData>
      </li>
      <li>
        <bodyGraphicData>
          <texPath>Things/Pawn/Animal/Wolf_Timber/Wolf_Timber</texPath>
          <drawSize>1.95</drawSize>
          <shadowData>
            <volume>(0.3, 0.4, 0.3)</volume>
            <offset>(0,0,-0.15)</offset>
          </shadowData>
        </bodyGraphicData>
        <dessicatedBodyGraphicData>
          <texPath>Things/Pawn/Animal/Dessicated/CritterDessicatedMedium</texPath>
          <drawSize>1.95</drawSize>
        </dessicatedBodyGraphicData>
      </li>
    </lifeStages>
  </PawnKindDef>



  <ThingDef ParentName="ThingBaseWolf">
    <defName>Wolf_Arctic</defName>
    <label>arctic wolf</label>
    <description>An arctic variant of the old Earth wolf. As pack hunters, wolves have a complex social life and are fiercely intelligent.</description>
    <race>
      <useMeatFrom>Wolf_Timber</useMeatFrom>
    </race>
    <statBases>
      <ComfyTemperatureMin>-55</ComfyTemperatureMin>
    </statBases>
  </ThingDef>

  <PawnKindDef ParentName="AnimalKindBaseWolf">
    <defName>Wolf_Arctic</defName>
    <label>arctic wolf</label>
    <labelPlural>arctic wolves</labelPlural>
    <race>Wolf_Arctic</race>
    <lifeStages>
      <li>
        <label>arctic wolf puppy</label>
        <labelPlural>arctic wolf puppies</labelPlural>
        <bodyGraphicData>
          <texPath>Things/Pawn/Animal/Wolf_Arctic/Wolf_Arctic</texPath>
          <drawSize>1.05</drawSize>
        </bodyGraphicData>
        <dessicatedBodyGraphicData>
          <texPath>Things/Pawn/Animal/Dessicated/CritterDessicatedMedium</texPath>
          <drawSize>1.05</drawSize>
        </dessicatedBodyGraphicData>
      </li>
      <li>
        <bodyGraphicData>
          <texPath>Things/Pawn/Animal/Wolf_Arctic/Wolf_Arctic</texPath>
          <drawSize>1.5</drawSize>
          <shadowData>
            <volume>(0.25, 0.3, 0.25)</volume>
            <offset>(0,0,-0.15)</offset>
          </shadowData>
        </bodyGraphicData>
        <dessicatedBodyGraphicData>
          <texPath>Things/Pawn/Animal/Dessicated/CritterDessicatedMedium</texPath>
          <drawSize>1.5</drawSize>
        </dessicatedBodyGraphicData>
      </li>
      <li>
        <bodyGraphicData>
          <texPath>Things/Pawn/Animal/Wolf_Arctic/Wolf_Arctic</texPath>
          <drawSize>1.95</drawSize>
          <shadowData>
            <volume>(0.3, 0.4, 0.3)</volume>
            <offset>(0,0,-0.15)</offset>
          </shadowData>
        </bodyGraphicData>
        <dessicatedBodyGraphicData>
          <texPath>Things/Pawn/Animal/Dessicated/CritterDessicatedMedium</texPath>
          <drawSize>1.95</drawSize>
        </dessicatedBodyGraphicData>
      </li>
    </lifeStages>
  </PawnKindDef>
  
  <!--========================== Fox base ========================-->

  <ThingDef Name="ThingBaseFox" ParentName="AnimalThingBase" Abstract="True">
    <statBases>
      <MoveSpeed>5.00</MoveSpeed>
      <ComfyTemperatureMin>-35</ComfyTemperatureMin>
      <MarketValue>200</MarketValue>
    </statBases>
    <tools>
      <li>
        <label>left claw</label>
        <capacities>
          <li>Scratch</li>
        </capacities>
        <power>8</power>
        <cooldownTime>2</cooldownTime>
        <linkedBodyPartsGroup>FrontLeftPaw</linkedBodyPartsGroup>
        <surpriseAttack>
          <extraMeleeDamages>
            <li>
              <def>Stun</def>
              <amount>14</amount>
            </li>
          </extraMeleeDamages>
        </surpriseAttack>
      </li>
      <li>
        <label>right claw</label>
        <capacities>
          <li>Scratch</li>
        </capacities>
        <power>8</power>
        <cooldownTime>2</cooldownTime>
        <linkedBodyPartsGroup>FrontRightPaw</linkedBodyPartsGroup>
        <surpriseAttack>
          <extraMeleeDamages>
            <li>
              <def>Stun</def>
              <amount>14</amount>
            </li>
          </extraMeleeDamages>
        </surpriseAttack>
      </li>
      <li>
        <capacities>
          <li>Bite</li>
        </capacities>
        <power>9</power>
        <cooldownTime>2</cooldownTime>
        <linkedBodyPartsGroup>Teeth</linkedBodyPartsGroup>
        <surpriseAttack>
          <extraMeleeDamages>
            <li>
              <def>Stun</def>
              <amount>14</amount>
            </li>
          </extraMeleeDamages>
        </surpriseAttack>
      </li>
      <li>
        <label>head</label>
        <capacities>
          <li>Blunt</li>
        </capacities>
        <power>4</power>
        <cooldownTime>2</cooldownTime>
        <linkedBodyPartsGroup>HeadAttackTool</linkedBodyPartsGroup>
        <ensureLinkedBodyPartsGroupAlwaysUsable>true</ensureLinkedBodyPartsGroupAlwaysUsable>
        <commonality>0.2</commonality>
      </li>
    </tools>
    <race>
      <body>QuadrupedAnimalWithPawsAndTail</body>
      <predator>true</predator>
      <maxPreyBodySize>0.80</maxPreyBodySize>
      <petness>0.1</petness>
      <baseBodySize>0.55</baseBodySize>
      <baseHungerRate>0.12</baseHungerRate>
      <baseHealthScale>0.70</baseHealthScale>
      <foodType>CarnivoreAnimal</foodType>
      <leatherDef>Leather_Fox</leatherDef>
      <nameOnTameChance>1</nameOnTameChance>
      <trainability>Advanced</trainability>
      <wildness>0.75</wildness>
      <nuzzleMtbHours>120</nuzzleMtbHours>
      <gestationPeriodDays>21</gestationPeriodDays>
      <litterSizeCurve>
        <points>
          <li>(0.5, 0)</li>
          <li>(1, 1)</li>
          <li>(2, 1.7)</li>
          <li>(2.5, 0.7)</li>
          <li>(3, 0)</li>
        </points>
      </litterSizeCurve>
      <lifeExpectancy>9</lifeExpectancy>
      <lifeStageAges>
        <li>
          <def>AnimalBaby</def>
          <minAge>0</minAge>
        </li>
        <li>
          <def>AnimalJuvenile</def>
          <minAge>0.15</minAge>
        </li>
        <li>
          <def>AnimalAdult</def>
          <minAge>0.35</minAge>
          <!-- no sounds -->
        </li>
      </lifeStageAges>
      <soundMeleeHitPawn>Pawn_Melee_SmallScratch_HitPawn</soundMeleeHitPawn>
      <soundMeleeHitBuilding>Pawn_Melee_SmallScratch_HitBuilding</soundMeleeHitBuilding>
      <soundMeleeMiss>Pawn_Melee_SmallScratch_Miss</soundMeleeMiss>
    </race>
    <tradeTags>
      <li>AnimalCommon</li>
    </tradeTags>
  </ThingDef>

  <PawnKindDef ParentName="AnimalKindBase" Name="AnimalKindBaseFox" Abstract="True">
    <combatPower>45</combatPower>
    <ecoSystemWeight>0.25</ecoSystemWeight>
  </PawnKindDef>

  <!--========================== Fox fennec ========================-->

  <ThingDef ParentName="ThingBaseFox">
    <defName>Fox_Fennec</defName>
    <label>fennec fox</label>
    <description>A small fox originally from the northern part of Earth's Africa continent. It hunts small creatures and has very large ears for cooling itself in the heat.</description>
    <race>
      <meatLabel>foxmeat</meatLabel>
    </race>
    <statBases>
      <ComfyTemperatureMin>-30</ComfyTemperatureMin>
    </statBases>
  </ThingDef>

  <PawnKindDef ParentName="AnimalKindBaseFox">
    <defName>Fox_Fennec</defName>
    <label>fennec fox</label>
    <labelPlural>fennec foxes</labelPlural>
    <race>Fox_Fennec</race>
    <lifeStages>
      <li>
        <label>fennec fox puppy</label>
        <labelPlural>fennec fox puppies</labelPlural>
        <bodyGraphicData>
          <texPath>Things/Pawn/Animal/Fox_Fennec/Fox_Fennec</texPath>
          <drawSize>0.9</drawSize>
        </bodyGraphicData>
        <dessicatedBodyGraphicData>
          <texPath>Things/Pawn/Animal/Dessicated/CritterDessicatedMedium</texPath>
          <drawSize>1</drawSize>
        </dessicatedBodyGraphicData>
      </li>
      <li>
        <bodyGraphicData>
          <texPath>Things/Pawn/Animal/Fox_Fennec/Fox_Fennec</texPath>
          <drawSize>1.2</drawSize>
          <shadowData>
            <volume>(0.25, 0.3, 0.25)</volume>
            <offset>(0,0,-0.15)</offset>
          </shadowData>
        </bodyGraphicData>
        <dessicatedBodyGraphicData>
          <texPath>Things/Pawn/Animal/Dessicated/CritterDessicatedMedium</texPath>
          <drawSize>1.2</drawSize>
        </dessicatedBodyGraphicData>
      </li>
      <li>
        <bodyGraphicData>
          <texPath>Things/Pawn/Animal/Fox_Fennec/Fox_Fennec</texPath>
          <drawSize>1.45</drawSize>
        </bodyGraphicData>
        <dessicatedBodyGraphicData>
          <texPath>Things/Pawn/Animal/Dessicated/CritterDessicatedMedium</texPath>
          <drawSize>1.75</drawSize>
        </dessicatedBodyGraphicData>
      </li>
    </lifeStages>
  </PawnKindDef>

  <!--========================== Fox red ========================-->

  <ThingDef ParentName="ThingBaseFox">
    <defName>Fox_Red</defName>
    <label>red fox</label>
    <description>A small solitary canine evolved for hunting small prey in temperate climates. Chicken farmers hate foxes because of their ability to destroy a whole coop in minutes.</description>
    <race>
      <useMeatFrom>Fox_Fennec</useMeatFrom>
    </race>
  </ThingDef>

  <PawnKindDef ParentName="AnimalKindBaseFox">
    <defName>Fox_Red</defName>
    <label>red fox</label>
    <labelPlural>red foxes</labelPlural>
    <race>Fox_Red</race>
    <lifeStages>
      <li>
        <label>red fox puppy</label>
        <labelPlural>red fox puppies</labelPlural>
        <bodyGraphicData>
          <texPath>Things/Pawn/Animal/Fox_Red/Fox_Red</texPath>
          <drawSize>1.0</drawSize>
        </bodyGraphicData>
        <dessicatedBodyGraphicData>
          <texPath>Things/Pawn/Animal/Dessicated/CritterDessicatedMedium</texPath>
          <drawSize>1</drawSize>
        </dessicatedBodyGraphicData>
      </li>
      <li>
        <bodyGraphicData>
          <texPath>Things/Pawn/Animal/Fox_Red/Fox_Red</texPath>
          <drawSize>1.2</drawSize>
          <shadowData>
            <volume>(0.25, 0.3, 0.25)</volume>
            <offset>(0,0,-0.15)</offset>
          </shadowData>
        </bodyGraphicData>
        <dessicatedBodyGraphicData>
          <texPath>Things/Pawn/Animal/Dessicated/CritterDessicatedMedium</texPath>
          <drawSize>1.2</drawSize>
        </dessicatedBodyGraphicData>
      </li>
      <li>
        <bodyGraphicData>
          <texPath>Things/Pawn/Animal/Fox_Red/Fox_Red</texPath>
          <drawSize>1.68</drawSize>
        </bodyGraphicData>
        <dessicatedBodyGraphicData>
          <texPath>Things/Pawn/Animal/Dessicated/CritterDessicatedMedium</texPath>
          <drawSize>1.68</drawSize>
        </dessicatedBodyGraphicData>
      </li>
    </lifeStages>
  </PawnKindDef>

  <!--========================== Fox arctic ========================-->
  
  <ThingDef ParentName="ThingBaseFox">
    <defName>Fox_Arctic</defName>
    <label>arctic fox</label>
    <description>A small predator adapted for cold climates. It usually hunts small game like mice and voles, sometimes burrowing through a meter of snow to reach its prey.</description>
    <race>
      <useMeatFrom>Fox_Fennec</useMeatFrom>
    </race>
    <statBases>
      <ComfyTemperatureMin>-50</ComfyTemperatureMin>
    </statBases>
  </ThingDef>

  <PawnKindDef ParentName="AnimalKindBaseFox">
    <defName>Fox_Arctic</defName>
    <label>arctic fox</label>
    <labelPlural>arctic foxes</labelPlural>
    <race>Fox_Arctic</race>
    <lifeStages>
      <li>
        <label>arctic fox puppy</label>
        <labelPlural>arctic fox puppies</labelPlural>
        <bodyGraphicData>
          <texPath>Things/Pawn/Animal/Fox_Arctic/Fox_Arctic</texPath>
          <drawSize>1.0</drawSize>
        </bodyGraphicData>
        <dessicatedBodyGraphicData>
          <texPath>Things/Pawn/Animal/Dessicated/CritterDessicatedMedium</texPath>
          <drawSize>1</drawSize>
        </dessicatedBodyGraphicData>
      </li>
      <li>
        <bodyGraphicData>
          <texPath>Things/Pawn/Animal/Fox_Arctic/Fox_Arctic</texPath>
          <drawSize>1.2</drawSize>
          <shadowData>
            <volume>(0.25, 0.3, 0.25)</volume>
            <offset>(0,0,-0.15)</offset>
          </shadowData>
        </bodyGraphicData>
        <dessicatedBodyGraphicData>
          <texPath>Things/Pawn/Animal/Dessicated/CritterDessicatedMedium</texPath>
          <drawSize>1.2</drawSize>
        </dessicatedBodyGraphicData>
      </li>
      <li>
        <bodyGraphicData>
          <texPath>Things/Pawn/Animal/Fox_Arctic/Fox_Arctic</texPath>
          <drawSize>1.75</drawSize>
        </bodyGraphicData>
        <dessicatedBodyGraphicData>
          <texPath>Things/Pawn/Animal/Dessicated/CritterDessicatedMedium</texPath>
          <drawSize>1.75</drawSize>
        </dessicatedBodyGraphicData>
      </li>
    </lifeStages>
  </PawnKindDef>

</Defs>
