﻿<?xml version="1.0" encoding="utf-8" ?>
<Defs>

  <ThingDef ParentName="BasePawn" Name="BaseMechanoid" Abstract="True">
    <soundImpactDefault>BulletImpact_Metal</soundImpactDefault>
    <statBases>
      <PsychicSensitivity>0</PsychicSensitivity>
      <ToxicSensitivity>0</ToxicSensitivity>
      <Flammability>0</Flammability>
      <ComfyTemperatureMin>-100</ComfyTemperatureMin>
      <ComfyTemperatureMax>250</ComfyTemperatureMax>
      <MeatAmount>0</MeatAmount>
    </statBases>
    <race>
      <fleshType>Mechanoid</fleshType>
      <needsRest>false</needsRest>
      <hasGenders>false</hasGenders>
      <foodType>None</foodType>
      <lifeExpectancy>2500</lifeExpectancy>
    </race>
  </ThingDef>

  <PawnKindDef Name="BaseMechanoidKind" Abstract="True">
    <defaultFactionType>Mechanoid</defaultFactionType>
    <aiAvoidCover>true</aiAvoidCover>
    <destroyGearOnDrop>true</destroyGearOnDrop>
  </PawnKindDef>

  <!-- Centipede -->
  
  <ThingDef ParentName="BaseMechanoid">
    <defName>Mech_Centipede</defName>
    <label>centipede</label>
    <description>Heavy combat mechanoids that glide on dozens of tiny legs. Their thick carpace and firepower makes them very effective against bunched-up static defenders. They are somewhat vulnerable to mobile hit-and-run tactics.</description>
    <statBases>
      <MoveSpeed>1.8</MoveSpeed>
      <ArmorRating_Blunt>0.50</ArmorRating_Blunt>
      <ArmorRating_Sharp>0.80</ArmorRating_Sharp>
    </statBases>
    <tools>
      <li>
        <label>head</label>
        <capacities>
          <li>Blunt</li>
        </capacities>
        <power>12.5</power>
        <cooldownTime>2</cooldownTime>
        <linkedBodyPartsGroup>HeadAttackTool</linkedBodyPartsGroup>
        <ensureLinkedBodyPartsGroupAlwaysUsable>true</ensureLinkedBodyPartsGroupAlwaysUsable>
      </li>
    </tools>
    <race>
      <intelligence>ToolUser</intelligence>
      <thinkTreeMain>Mechanoid</thinkTreeMain>
      <body>MechanicalCentipede</body>
      <baseBodySize>2.0</baseBodySize>
      <baseHealthScale>4</baseHealthScale>
      <lifeStageAges>
        <li>
          <def>MechanoidFullyFormed</def>
          <minAge>0</minAge>
          <soundWounded>Pawn_Mech_Centipede_Wounded</soundWounded>
          <soundDeath>Pawn_Mech_Centipede_Death</soundDeath>
          <soundCall>Pawn_Mech_Centipede_Call</soundCall>
        </li>
      </lifeStageAges>
      <soundCallIntervalRange>
        <min>1000</min>
        <max>2000</max>
      </soundCallIntervalRange>
      <soundMeleeHitPawn>Pawn_Melee_MechanoidBash_HitPawn</soundMeleeHitPawn>
      <soundMeleeHitBuilding>Pawn_Melee_MechanoidBash_HitBuilding</soundMeleeHitBuilding>
      <soundMeleeMiss>Pawn_Melee_MechanoidBash_Miss</soundMeleeMiss>
    </race>
    <butcherProducts>
      <Steel>50</Steel>
      <Plasteel>10</Plasteel>
      <ComponentIndustrial>2</ComponentIndustrial>
    </butcherProducts>
  </ThingDef>

  <PawnKindDef ParentName="BaseMechanoidKind">
    <defName>Mech_Centipede</defName>
    <label>centipede</label>
    <race>Mech_Centipede</race>
    <combatPower>350</combatPower>
    <lifeStages>
      <li>
        <bodyGraphicData>
          <texPath>Things/Pawn/Mechanoid/Centipede</texPath>
          <graphicClass>Graphic_Multi</graphicClass>
          <drawSize>3</drawSize>
          <shadowData>
            <volume>(0.6, 0.8, 0.6)</volume>
          </shadowData>
        </bodyGraphicData>
      </li>
    </lifeStages>
    <weaponMoney>
      <min>9999</min>
      <max>9999</max>
    </weaponMoney>
    <weaponTags>
      <li>MechanoidGunHeavy</li>
    </weaponTags>
  </PawnKindDef>

  <!-- Walker (lancer/scyther) base -->

  <ThingDef ParentName="BaseMechanoid" Name="BaseMechanoidWalker" Abstract="True">
    <race>
      <intelligence>ToolUser</intelligence>
      <thinkTreeMain>Mechanoid</thinkTreeMain>
      <baseBodySize>1.0</baseBodySize>
      <lifeStageAges>
        <li>
          <def>MechanoidFullyFormed</def>
          <minAge>0</minAge>
          <soundWounded>Pawn_Mech_Scyther_Wounded</soundWounded>
          <soundDeath>Pawn_Mech_Scyther_Death</soundDeath>
          <soundCall>Pawn_Mech_Scyther_Call</soundCall>
        </li>
      </lifeStageAges>
      <soundCallIntervalRange>
        <min>1000</min>
        <max>2000</max>
      </soundCallIntervalRange>
    </race>
    <butcherProducts>
      <Steel>20</Steel>
      <Plasteel>5</Plasteel>
      <ComponentIndustrial>1</ComponentIndustrial>
    </butcherProducts>
  </ThingDef>

  <!-- Lancer - fast sniper -->
  
  <ThingDef ParentName="BaseMechanoidWalker">
    <defName>Mech_Lancer</defName>
    <label>lancer</label>
    <description>A human-sized combat mechanoid with huge optical sensors on its face for aiming weapons at long range. While effective at distance, it is weaker in melee combat. Veterans of mechanoid wars know that often, the safest thing to do against a lancer is to charge.</description>
    <statBases>
      <MoveSpeed>5.0</MoveSpeed>
      <ArmorRating_Blunt>0.18</ArmorRating_Blunt>
      <ArmorRating_Sharp>0.36</ArmorRating_Sharp>
    </statBases>
    <tools>
      <li>
        <label>left fist</label>
        <capacities>
          <li>Blunt</li>
        </capacities>
        <power>13.3</power>
        <cooldownTime>2</cooldownTime>
        <linkedBodyPartsGroup>LeftHand</linkedBodyPartsGroup>
        <alwaysTreatAsWeapon>true</alwaysTreatAsWeapon>
      </li>
      <li>
        <label>right fist</label>
        <capacities>
          <li>Blunt</li>
        </capacities>
        <power>13.3</power>
        <cooldownTime>2</cooldownTime>
        <linkedBodyPartsGroup>RightHand</linkedBodyPartsGroup>
        <alwaysTreatAsWeapon>true</alwaysTreatAsWeapon>
      </li>
      <li>
        <label>head</label>
        <capacities>
          <li>Blunt</li>
        </capacities>
        <power>8.5</power>
        <cooldownTime>2</cooldownTime>
        <linkedBodyPartsGroup>HeadAttackTool</linkedBodyPartsGroup>
        <ensureLinkedBodyPartsGroupAlwaysUsable>true</ensureLinkedBodyPartsGroupAlwaysUsable>
        <commonality>0.2</commonality>
      </li>
    </tools>
    <race>
      <body>Lancer</body>
      <baseHealthScale>0.8</baseHealthScale>
      <soundMeleeHitPawn>Pawn_Melee_Punch_HitPawn</soundMeleeHitPawn>
      <soundMeleeHitBuilding>Pawn_Melee_Punch_HitBuilding</soundMeleeHitBuilding>
      <soundMeleeMiss>Pawn_Melee_Punch_Miss</soundMeleeMiss>
    </race>
  </ThingDef>

  <PawnKindDef ParentName="BaseMechanoidKind">
    <defName>Mech_Lancer</defName>
    <label>lancer</label>
    <race>Mech_Lancer</race>
    <combatPower>160</combatPower>

    <lifeStages>
      <li>
        <bodyGraphicData>
          <texPath>Things/Pawn/Mechanoid/Lancer</texPath>
          <graphicClass>Graphic_Multi</graphicClass>
          <drawSize>1.5</drawSize>
          <shadowData>
            <volume>(0.4, 0.8, 0.4)</volume>
          </shadowData>
        </bodyGraphicData>
      </li>
    </lifeStages>
    <weaponMoney>
      <min>9999</min>
      <max>9999</max>
    </weaponMoney>
    <weaponTags>
      <li>MechanoidGunMedium</li>
    </weaponTags>
  </PawnKindDef>


  <!-- Scyther - fast melee -->

  <ThingDef ParentName="BaseMechanoidWalker">
    <defName>Mech_Scyther</defName>
    <label>scyther</label>
    <description>Fast, spindly, human-sized combat mechanoids specializing in rapid approach and close-range combat. Their bodies are covered in points and blades, but their mostly use two arm blades to lop off limbs or gut their victims alive.</description>
    <statBases>
      <MoveSpeed>4.8</MoveSpeed>
      <ArmorRating_Blunt>0.36</ArmorRating_Blunt>
      <ArmorRating_Sharp>0.72</ArmorRating_Sharp>
    </statBases>
    <tools>
      <li>
        <label>left blade</label>
        <capacities>
          <li>Cut</li>
          <li>Stab</li>
        </capacities>
        <power>20</power>
        <cooldownTime>2</cooldownTime>
        <linkedBodyPartsGroup>LeftBlade</linkedBodyPartsGroup>
        <alwaysTreatAsWeapon>true</alwaysTreatAsWeapon>
      </li>
      <li>
        <label>right blade</label>
        <capacities>
          <li>Cut</li>
          <li>Stab</li>
        </capacities>
        <power>20</power>
        <cooldownTime>2</cooldownTime>
        <linkedBodyPartsGroup>RightBlade</linkedBodyPartsGroup>
        <alwaysTreatAsWeapon>true</alwaysTreatAsWeapon>
      </li>
      <li>
        <label>head</label>
        <capacities>
          <li>Blunt</li>
        </capacities>
        <power>9</power>
        <cooldownTime>2</cooldownTime>
        <linkedBodyPartsGroup>HeadAttackTool</linkedBodyPartsGroup>
        <ensureLinkedBodyPartsGroupAlwaysUsable>true</ensureLinkedBodyPartsGroupAlwaysUsable>
        <commonality>0.2</commonality>
      </li>
    </tools>
    <race>
      <body>Scyther</body>
      <baseHealthScale>1.1</baseHealthScale>
      <soundMeleeHitPawn>Pawn_Melee_MechanoidSlash_HitPawn</soundMeleeHitPawn>
      <soundMeleeHitBuilding>Pawn_Melee_MechanoidSlash_HitBuilding</soundMeleeHitBuilding>
      <soundMeleeMiss>Pawn_Melee_MechanoidSlash_Miss</soundMeleeMiss>
    </race>
  </ThingDef>

  <PawnKindDef ParentName="BaseMechanoidKind">
    <defName>Mech_Scyther</defName>
    <label>scyther</label>
    <race>Mech_Scyther</race>
    <combatPower>160</combatPower>
    <lifeStages>
      <li>
        <bodyGraphicData>
          <texPath>Things/Pawn/Mechanoid/Scyther</texPath>
          <graphicClass>Graphic_Multi</graphicClass>
          <drawSize>1.5</drawSize>
          <shadowData>
            <volume>(0.4, 0.8, 0.4)</volume>
          </shadowData>
        </bodyGraphicData>
      </li>
    </lifeStages>
    <weaponMoney>
      <min>0</min>
      <max>0</max>
    </weaponMoney>
    <weaponTags>
    </weaponTags>
  </PawnKindDef>


</Defs>