﻿<?xml version="1.0" encoding="utf-8" ?>
<Defs>

  <ThingDef ParentName="AnimalThingBase">
    <defName>Muffalo</defName>
    <label>muffalo</label>
    <description>A large herding herbivore descended from buffalo and adapted for both cold and warm environments. While enraged muffalo are deadly, tamed muffalo are quite docile and can be used as pack animals.\n\nNobody is quite sure why they're blue - it might even be some early genetic modification test that just never got changed.</description>
    <statBases>
      <MoveSpeed>4.5</MoveSpeed>
      <MarketValue>300</MarketValue>
      <ComfyTemperatureMin>-55</ComfyTemperatureMin>
      <ComfyTemperatureMax>45</ComfyTemperatureMax>
    </statBases>
    <tools>
      <li>
        <label>head</label>
        <capacities>
          <li>Blunt</li>
        </capacities>
        <power>13</power>
        <cooldownTime>2.6</cooldownTime>
        <linkedBodyPartsGroup>HeadAttackTool</linkedBodyPartsGroup>
        <ensureLinkedBodyPartsGroupAlwaysUsable>true</ensureLinkedBodyPartsGroupAlwaysUsable>
      </li>
      <li>
        <label>left hoof</label>
        <capacities>
          <li>Blunt</li>
          <li>Poke</li>
        </capacities>
        <power>10</power>
        <cooldownTime>2</cooldownTime>
        <linkedBodyPartsGroup>FrontLeftLeg</linkedBodyPartsGroup>
      </li>
      <li>
        <label>right hoof</label>
        <capacities>
          <li>Blunt</li>
          <li>Poke</li>
        </capacities>
        <power>10</power>
        <cooldownTime>2</cooldownTime>
        <linkedBodyPartsGroup>FrontRightLeg</linkedBodyPartsGroup>
      </li>
      <li>
        <capacities>
          <li>Bite</li>
        </capacities>
        <power>10</power>
        <cooldownTime>2</cooldownTime>
        <linkedBodyPartsGroup>Teeth</linkedBodyPartsGroup>
        <chanceFactor>0.5</chanceFactor>
      </li>
    </tools>
    <comps>
      <li Class="CompProperties_Milkable">
        <milkDef>Milk</milkDef>
        <milkIntervalDays>2</milkIntervalDays>
        <milkAmount>12</milkAmount>
      </li>
      <li Class="CompProperties_Shearable">
        <woolDef>WoolMuffalo</woolDef>
        <shearIntervalDays>25</shearIntervalDays>
        <woolAmount>100</woolAmount>
      </li>
    </comps>
    <race>
      <herdAnimal>true</herdAnimal>
      <body>QuadrupedAnimalWithHooves</body>
      <baseBodySize>2.1</baseBodySize>
      <baseHealthScale>1.75</baseHealthScale>
			<baseHungerRate>0.85</baseHungerRate>
      <foodType>VegetarianRoughAnimal</foodType>
      <leatherDef>Leather_Bluefur</leatherDef>
      <gestationPeriodDays>28</gestationPeriodDays>
      <wildness>0.6</wildness>
      <trainability>Simple</trainability>
      <packAnimal>true</packAnimal>
      <lifeExpectancy>15</lifeExpectancy>
      <lifeStageAges>
        <li>
          <def>AnimalBaby</def>
          <minAge>0</minAge>
        </li>
        <li>
          <def>AnimalJuvenile</def>
          <minAge>0.25</minAge>
        </li>
        <li>
          <def>AnimalAdult</def>
          <minAge>0.5</minAge>
          <soundWounded>Pawn_Muffalo_Wounded</soundWounded>
          <soundDeath>Pawn_Muffalo_Death</soundDeath>
          <soundCall>Pawn_Muffalo_Call</soundCall>
          <soundAngry>Pawn_Muffalo_Angry</soundAngry>
        </li>
      </lifeStageAges>
      <soundMeleeHitPawn>Pawn_Melee_BigBash_HitPawn</soundMeleeHitPawn>
      <soundMeleeHitBuilding>Pawn_Melee_BigBash_HitBuilding</soundMeleeHitBuilding>
      <soundMeleeMiss>Pawn_Melee_BigBash_Miss</soundMeleeMiss>
    </race>
    <tradeTags>
      <li>AnimalCommon</li>
      <li>AnimalFarm</li>
    </tradeTags>
  </ThingDef>
  <PawnKindDef Name="Muffalo" ParentName="AnimalKindBase">
    <defName>Muffalo</defName>
    <label>muffalo</label>
    <race>Muffalo</race>
    <combatPower>100</combatPower>
    <ecoSystemWeight>1.1</ecoSystemWeight>
    <wildGroupSize>
      <min>3</min>
      <max>9</max>
    </wildGroupSize>
    <lifeStages>
      <li>
        <label>muffalo calf</label>
        <labelPlural>muffalo calves</labelPlural>
        <bodyGraphicData>
          <texPath>Things/Pawn/Animal/Muffalo/Muffalo</texPath>
          <drawSize>1.5</drawSize>
          <shadowData>
            <volume>(0.4, 0.3, 0.3)</volume>
            <offset>(0,0,-0.2)</offset>
          </shadowData>
        </bodyGraphicData>
        <dessicatedBodyGraphicData>
          <texPath>Things/Pawn/Animal/Muffalo/Dessicated_Muffalo</texPath>
          <drawSize>1.5</drawSize>
        </dessicatedBodyGraphicData>
      </li>
      <li>
        <bodyGraphicData>
          <texPath>Things/Pawn/Animal/Muffalo/Muffalo</texPath>
          <drawSize>2.25</drawSize>
          <shadowData>
            <volume>(0.6, 0.45, 0.45)</volume>
            <offset>(0,0,-0.25)</offset>
          </shadowData>
        </bodyGraphicData>
        <dessicatedBodyGraphicData>
          <texPath>Things/Pawn/Animal/Muffalo/Dessicated_Muffalo</texPath>
          <drawSize>2.25</drawSize>
        </dessicatedBodyGraphicData>
      </li>
      <li>
        <bodyGraphicData>
          <texPath>Things/Pawn/Animal/Muffalo/Muffalo</texPath>
          <drawSize>3</drawSize>
          <shadowData>
            <volume>(0.8, 0.6, 0.6)</volume>
            <offset>(0,0,-0.3)</offset>
          </shadowData>
        </bodyGraphicData>
        <dessicatedBodyGraphicData>
          <texPath>Things/Pawn/Animal/Muffalo/Dessicated_Muffalo</texPath>
          <drawSize>3</drawSize>
        </dessicatedBodyGraphicData>
      </li>
    </lifeStages>
  </PawnKindDef>

  <!-- ====================================================== -->

  <ThingDef ParentName="AnimalThingBase">
    <defName>Gazelle</defName>
    <label>gazelle</label>
    <description>A small, extremely quick antelope known for its amazingly long leap.</description>
    <statBases>
      <MoveSpeed>6.0</MoveSpeed>
      <ComfyTemperatureMin>-10</ComfyTemperatureMin>
      <MarketValue>150</MarketValue>
    </statBases>
    <tools>
      <li>
        <label>left hoof</label>
        <capacities>
          <li>Blunt</li>
          <li>Poke</li>
        </capacities>
        <power>5.5</power>
        <cooldownTime>1.5</cooldownTime>
        <linkedBodyPartsGroup>FrontLeftLeg</linkedBodyPartsGroup>
      </li>
      <li>
        <label>right hoof</label>
        <capacities>
          <li>Blunt</li>
          <li>Poke</li>
        </capacities>
        <power>5.5</power>
        <cooldownTime>1.5</cooldownTime>
        <linkedBodyPartsGroup>FrontRightLeg</linkedBodyPartsGroup>
      </li>
      <li>
        <capacities>
          <li>Bite</li>
        </capacities>
        <power>7</power>
        <cooldownTime>2</cooldownTime>
        <linkedBodyPartsGroup>Teeth</linkedBodyPartsGroup>
        <chanceFactor>0.7</chanceFactor>
      </li>
      <li>
        <label>head</label>
        <capacities>
          <li>Blunt</li>
        </capacities>
        <power>7</power>
        <cooldownTime>2</cooldownTime>
        <linkedBodyPartsGroup>HeadAttackTool</linkedBodyPartsGroup>
        <ensureLinkedBodyPartsGroupAlwaysUsable>true</ensureLinkedBodyPartsGroupAlwaysUsable>
        <chanceFactor>0.2</chanceFactor>
      </li>
    </tools>
    <race>
      <body>QuadrupedAnimalWithHooves</body>
      <herdAnimal>true</herdAnimal>
      <baseBodySize>0.7</baseBodySize>
      <baseHungerRate>0.35</baseHungerRate>
      <baseHealthScale>0.7</baseHealthScale>
      <foodType>VegetarianRoughAnimal</foodType>
      <leatherDef>Leather_Plain</leatherDef>
      <wildness>0.75</wildness>
      <gestationPeriodDays>22</gestationPeriodDays>
      <lifeExpectancy>12</lifeExpectancy>
      <manhunterOnTameFailChance>0</manhunterOnTameFailChance>
      <manhunterOnDamageChance>0</manhunterOnDamageChance>
      <lifeStageAges>
        <li>
          <def>AnimalBaby</def>
          <minAge>0</minAge>
        </li>
        <li>
          <def>AnimalJuvenile</def>
          <minAge>0.20</minAge>
        </li>
        <li>
          <def>AnimalAdult</def>
          <minAge>0.4</minAge>
          <soundWounded>Pawn_Deer_Wounded</soundWounded>
          <soundDeath>Pawn_Deer_Death</soundDeath>
          <soundCall>Pawn_Deer_Call</soundCall>
          <soundAngry>Pawn_Deer_Angry</soundAngry>
        </li>
      </lifeStageAges>
      <soundMeleeHitPawn>Pawn_Melee_BigBash_HitPawn</soundMeleeHitPawn>
      <soundMeleeHitBuilding>Pawn_Melee_BigBash_HitBuilding</soundMeleeHitBuilding>
      <soundMeleeMiss>Pawn_Melee_BigBash_Miss</soundMeleeMiss>
    </race>
    <tradeTags>
      <li>AnimalCommon</li>
    </tradeTags>
  </ThingDef>

  <PawnKindDef ParentName="AnimalKindBase">
    <defName>Gazelle</defName>
    <label>gazelle</label>
    <race>Gazelle</race>
    <combatPower>40</combatPower>
    <ecoSystemWeight>0.45</ecoSystemWeight>
    <wildGroupSize>
      <min>4</min>
      <max>13</max>
    </wildGroupSize>
    <lifeStages>
      <li>
        <bodyGraphicData>
          <texPath>Things/Pawn/Animal/Gazelle/Gazelle</texPath>
          <drawSize>1.0</drawSize>
        </bodyGraphicData>
        <dessicatedBodyGraphicData>
          <texPath>Things/Pawn/Animal/Gazelle/Dessicated_Gazelle</texPath>
          <drawSize>1.0</drawSize>
        </dessicatedBodyGraphicData>
      </li>
      <li>
        <bodyGraphicData>
          <texPath>Things/Pawn/Animal/Gazelle/Gazelle</texPath>
          <drawSize>1.3</drawSize>
          <shadowData>
            <volume>(0.3, 0.3, 0.3)</volume>
            <offset>(0,0,-0.3)</offset>
          </shadowData>
        </bodyGraphicData>
        <dessicatedBodyGraphicData>
          <texPath>Things/Pawn/Animal/Gazelle/Dessicated_Gazelle</texPath>
          <drawSize>1.3</drawSize>
        </dessicatedBodyGraphicData>
      </li>
      <li>
        <bodyGraphicData>
          <texPath>Things/Pawn/Animal/Gazelle/Gazelle</texPath>
          <drawSize>1.65</drawSize>
          <shadowData>
            <volume>(0.4, 0.4, 0.4)</volume>
            <offset>(0,0,-0.2)</offset>
          </shadowData>
        </bodyGraphicData>
        <dessicatedBodyGraphicData>
          <texPath>Things/Pawn/Animal/Gazelle/Dessicated_Gazelle</texPath>
          <drawSize>1.65</drawSize>
        </dessicatedBodyGraphicData>
      </li>
    </lifeStages>
  </PawnKindDef>

  <!-- ============================================================ -->

  <ThingDef ParentName="AnimalThingBase">
    <defName>Iguana</defName>
    <label>iguana</label>
    <description>These large lizards normally feed on plant matter. However, when angered, their tough hide and sharp claws make them quite dangerous.\n\nResting iguanas hold their heads high, giving them an amusing 'proud' look. But they're not proud; they're just trying to see predators so they don't get eaten.</description>
    <statBases>
      <MoveSpeed>3.0</MoveSpeed>
      <MarketValue>100</MarketValue>
      <ComfyTemperatureMin>0</ComfyTemperatureMin>
      <ComfyTemperatureMax>60</ComfyTemperatureMax>
    </statBases>
    <tools>
      <li>
        <label>left claw</label>
        <capacities>
          <li>Scratch</li>
        </capacities>
        <power>8</power>
        <cooldownTime>2</cooldownTime>
        <linkedBodyPartsGroup>FrontLeftClaws</linkedBodyPartsGroup>
      </li>
      <li>
        <label>right claw</label>
        <capacities>
          <li>Scratch</li>
        </capacities>
        <power>8</power>
        <cooldownTime>2</cooldownTime>
        <linkedBodyPartsGroup>FrontRightClaws</linkedBodyPartsGroup>
      </li>
      <li>
        <capacities>
          <li>Bite</li>
        </capacities>
        <power>10</power>
        <cooldownTime>2.6</cooldownTime>
        <linkedBodyPartsGroup>Teeth</linkedBodyPartsGroup>
        <chanceFactor>0.7</chanceFactor>
      </li>
      <li>
        <label>head</label>
        <capacities>
          <li>Blunt</li>
        </capacities>
        <power>5</power>
        <cooldownTime>2</cooldownTime>
        <linkedBodyPartsGroup>HeadAttackTool</linkedBodyPartsGroup>
        <ensureLinkedBodyPartsGroupAlwaysUsable>true</ensureLinkedBodyPartsGroupAlwaysUsable>
        <chanceFactor>0.2</chanceFactor>
      </li>
    </tools>
    <comps>
      <li Class="CompProperties_EggLayer">
        <eggFertilizedDef>EggIguanaFertilized</eggFertilizedDef>
        <eggFertilizationCountMax>1</eggFertilizationCountMax>
        <eggLayIntervalDays>15</eggLayIntervalDays>
        <eggProgressUnfertilizedMax>0.5</eggProgressUnfertilizedMax>
        <eggCountRange>
          <min>1</min>
          <max>2</max>
        </eggCountRange>
      </li>
    </comps>
    <race>
			<body>QuadrupedAnimalWithClawsTailAndJowl</body>
			<baseBodySize>0.20</baseBodySize>
      <baseHealthScale>0.5</baseHealthScale>
			<baseHungerRate>0.28</baseHungerRate>
			<foodType>OmnivoreRoughAnimal</foodType>
      <leatherDef>Leather_Lizard</leatherDef>
      <wildness>0.5</wildness>
      <trainability>Simple</trainability>
      <petness>0.15</petness>
      <lifeExpectancy>12</lifeExpectancy>
      <lifeStageAges>
        <li>
          <def>AnimalBaby</def>
          <minAge>0</minAge>
        </li>
        <li>
          <def>AnimalJuvenile</def>
          <minAge>0.09</minAge>
        </li>
        <li>
          <def>AnimalAdult</def>
          <minAge>0.25</minAge>
          <soundWounded>Pawn_Iguana_Wounded</soundWounded>
          <soundDeath>Pawn_Iguana_Death</soundDeath>
          <soundCall>Pawn_Iguana_Call</soundCall>
          <soundAngry>Pawn_Iguana_Angry</soundAngry>
        </li>
      </lifeStageAges>
      <soundMeleeHitPawn>Pawn_Melee_SmallScratch_HitPawn</soundMeleeHitPawn>
      <soundMeleeHitBuilding>Pawn_Melee_SmallScratch_HitBuilding</soundMeleeHitBuilding>
      <soundMeleeMiss>Pawn_Melee_SmallScratch_Miss</soundMeleeMiss>
    </race>
    <tradeTags>
      <li>AnimalUncommon</li>
    </tradeTags>
  </ThingDef>
  
  <PawnKindDef ParentName="AnimalKindBase">
    <defName>Iguana</defName>
    <label>iguana</label>
    <race>Iguana</race>
    <combatPower>40</combatPower>
    <ecoSystemWeight>0.30</ecoSystemWeight>
    <lifeStages>
      <li>
        <bodyGraphicData>
          <texPath>Things/Pawn/Animal/Iguana/Iguana</texPath>
          <drawSize>1</drawSize>
        </bodyGraphicData>
        <dessicatedBodyGraphicData>
          <texPath>Things/Pawn/Animal/Iguana/Dessicated_Iguana</texPath>
          <drawSize>1</drawSize>
        </dessicatedBodyGraphicData>
      </li>
      <li>
        <bodyGraphicData>
          <texPath>Things/Pawn/Animal/Iguana/Iguana</texPath>
          <drawSize>1.25</drawSize>
        </bodyGraphicData>
        <dessicatedBodyGraphicData>
          <texPath>Things/Pawn/Animal/Iguana/Dessicated_Iguana</texPath>
          <drawSize>1.25</drawSize>
        </dessicatedBodyGraphicData>
      </li>
      <li>
        <bodyGraphicData>
          <texPath>Things/Pawn/Animal/Iguana/Iguana</texPath>
          <drawSize>1.5</drawSize>
          <shadowData>
            <volume>(0.25, 0.3, 0.25)</volume>
            <offset>(0,0,0)</offset>
          </shadowData>
        </bodyGraphicData>
        <dessicatedBodyGraphicData>
          <texPath>Things/Pawn/Animal/Iguana/Dessicated_Iguana</texPath>
          <drawSize>1.5</drawSize>
        </dessicatedBodyGraphicData>
      </li>
    </lifeStages>
  </PawnKindDef>

  <!-- ============================================================ -->

  <ThingDef ParentName="AnimalThingBase">
    <defName>Dromedary</defName>
    <label>dromedary</label>
    <description>A large land mammal adapted to arid environments. Domesticated since ancient times, its wool and leather are both exceptionally good at insulating against the desert heat, and its milk is quite nourishing. It can be used as a pack animal, but its bouncing gait makes it too uncomfortable to ride for any distance.\n\nBy storing water in its large humps and reclaiming moisture from its breath as it exhales, it can go weeks without drinking.</description>
    <statBases>
      <MoveSpeed>4.3</MoveSpeed>
      <MarketValue>300</MarketValue>
      <ComfyTemperatureMin>-22</ComfyTemperatureMin>
      <ComfyTemperatureMax>60</ComfyTemperatureMax>
    </statBases>
    <comps>
      <li Class="CompProperties_Milkable">
        <milkDef>Milk</milkDef>
        <milkIntervalDays>2</milkIntervalDays>
        <milkAmount>10</milkAmount>
      </li>
      <li Class="CompProperties_Shearable">
        <woolDef>WoolCamel</woolDef>
        <shearIntervalDays>25</shearIntervalDays>
        <woolAmount>100</woolAmount>
      </li>
    </comps>
    <tools>
      <li>
        <label>left hoof</label>
        <capacities>
          <li>Blunt</li>
          <li>Poke</li>
        </capacities>
        <power>9</power>
        <cooldownTime>2</cooldownTime>
        <linkedBodyPartsGroup>FrontLeftLeg</linkedBodyPartsGroup>
      </li>
      <li>
        <label>right hoof</label>
        <capacities>
          <li>Blunt</li>
          <li>Poke</li>
        </capacities>
        <power>9</power>
        <cooldownTime>2</cooldownTime>
        <linkedBodyPartsGroup>FrontRightLeg</linkedBodyPartsGroup>
      </li>
      <li>
        <capacities>
          <li>Bite</li>
        </capacities>
        <power>10</power>
        <cooldownTime>2</cooldownTime>
        <linkedBodyPartsGroup>Teeth</linkedBodyPartsGroup>
        <chanceFactor>0.7</chanceFactor>
      </li>
      <li>
        <label>head</label>
        <capacities>
          <li>Blunt</li>
        </capacities>
        <power>7</power>
        <cooldownTime>2</cooldownTime>
        <linkedBodyPartsGroup>HeadAttackTool</linkedBodyPartsGroup>
        <ensureLinkedBodyPartsGroupAlwaysUsable>true</ensureLinkedBodyPartsGroupAlwaysUsable>
        <chanceFactor>0.2</chanceFactor>
      </li>
    </tools>
    <race>
      <body>QuadrupedAnimalWithHoovesAndHump</body>
      <herdAnimal>true</herdAnimal>
      <baseBodySize>2.0</baseBodySize>
      <baseHealthScale>1.6</baseHealthScale>
			<baseHungerRate>0.80</baseHungerRate>
			<foodType>VegetarianRoughAnimal</foodType>
      <leatherDef>Leather_Camel</leatherDef>
      <wildness>0.25</wildness>
      <trainability>Simple</trainability>
      <packAnimal>true</packAnimal>
      <gestationPeriodDays>28</gestationPeriodDays>
      <lifeExpectancy>45</lifeExpectancy>
      <manhunterOnTameFailChance>0</manhunterOnTameFailChance>
      <manhunterOnDamageChance>0</manhunterOnDamageChance>
      <lifeStageAges>
        <li>
          <def>AnimalBaby</def>
          <minAge>0</minAge>
        </li>
        <li>
          <def>AnimalJuvenile</def>
          <minAge>0.25</minAge>
        </li>
        <li>
          <def>AnimalAdult</def>
          <minAge>0.5</minAge>
          <soundWounded>Pawn_Dromedary_Wounded</soundWounded>
          <soundDeath>Pawn_Dromedary_Death</soundDeath>
          <soundCall>Pawn_Dromedary_Call</soundCall>
          <soundAngry>Pawn_Dromedary_Angry</soundAngry>
        </li>
      </lifeStageAges>
      <soundMeleeHitPawn>Pawn_Melee_BigBash_HitPawn</soundMeleeHitPawn>
      <soundMeleeHitBuilding>Pawn_Melee_BigBash_HitBuilding</soundMeleeHitBuilding>
      <soundMeleeMiss>Pawn_Melee_BigBash_Miss</soundMeleeMiss>
    </race>
    <tradeTags>
      <li>AnimalCommon</li>
      <li>AnimalFarm</li>
    </tradeTags>
  </ThingDef>
  <PawnKindDef ParentName="AnimalKindBase" Name="Dromedary">
    <defName>Dromedary</defName>
    <label>dromedary</label>
    <labelPlural>dromedaries</labelPlural>
    <race>Dromedary</race>
    <combatPower>90</combatPower>
    <ecoSystemWeight>1.0</ecoSystemWeight>
    <wildGroupSize>
      <min>2</min>
      <max>5</max>
    </wildGroupSize>
    <lifeStages>
      <li>
        <label>dromedary calf</label>
        <labelPlural>dromedary calves</labelPlural>
        <bodyGraphicData>
          <texPath>Things/Pawn/Animal/Dromedary/Dromedary</texPath>
          <drawSize>1.5</drawSize>
          <shadowData>
            <volume>(0.25, 0.25, 0.25)</volume>
            <offset>(0,0,-0.2)</offset>
          </shadowData>
        </bodyGraphicData>
        <dessicatedBodyGraphicData>
          <texPath>Things/Pawn/Animal/Dromedary/Dessicated_Dromedary</texPath>
          <drawSize>1.5</drawSize>
        </dessicatedBodyGraphicData>
      </li>
      <li>
        <bodyGraphicData>
          <texPath>Things/Pawn/Animal/Dromedary/Dromedary</texPath>
          <drawSize>2.25</drawSize>
          <shadowData>
            <volume>(0.375, 0.375, 0.375)</volume>
            <offset>(0,0,-0.25)</offset>
          </shadowData>
        </bodyGraphicData>
        <dessicatedBodyGraphicData>
          <texPath>Things/Pawn/Animal/Dromedary/Dessicated_Dromedary</texPath>
          <drawSize>2.25</drawSize>
        </dessicatedBodyGraphicData>
      </li>
      <li>
        <bodyGraphicData>
          <texPath>Things/Pawn/Animal/Dromedary/Dromedary</texPath>
          <drawSize>3</drawSize>
          <shadowData>
            <volume>(0.5, 0.5, 0.5)</volume>
            <offset>(0,0,-0.3)</offset>
          </shadowData>
        </bodyGraphicData>
        <dessicatedBodyGraphicData>
          <texPath>Things/Pawn/Animal/Dromedary/Dessicated_Dromedary</texPath>
          <drawSize>3</drawSize>
        </dessicatedBodyGraphicData>
      </li>
    </lifeStages>
  </PawnKindDef>
  
</Defs>