﻿<?xml version="1.0" encoding="utf-8" ?>
<Defs>

  <ThingDef ParentName="AnimalThingBase">
    <defName>Squirrel</defName>
    <label>squirrel</label>
    <description>One of the many hardy rodent species that follows humankind everywhere it spreads. Squirrels are distinguished by their bushy tails, which they use as umbrellas in bad weather.</description>
    <statBases>
      <MoveSpeed>5.1</MoveSpeed>
      <MarketValue>35</MarketValue>
      <ComfyTemperatureMin>-35</ComfyTemperatureMin>
    </statBases>
    <tools>
      <li>
        <label>left claw</label>
        <capacities>
          <li>Scratch</li>
        </capacities>
        <power>4</power>
        <cooldownTime>2</cooldownTime>
        <linkedBodyPartsGroup>FrontLeftPaw</linkedBodyPartsGroup>
      </li>
      <li>
        <label>right claw</label>
        <capacities>
          <li>Scratch</li>
        </capacities>
        <power>4</power>
        <cooldownTime>2</cooldownTime>
        <linkedBodyPartsGroup>FrontRightPaw</linkedBodyPartsGroup>
      </li>
      <li>
        <capacities>
          <li>Bite</li>
        </capacities>
        <power>5</power>
        <cooldownTime>2</cooldownTime>
        <linkedBodyPartsGroup>Teeth</linkedBodyPartsGroup>
        <chanceFactor>0.7</chanceFactor>
      </li>
      <li>
        <label>head</label>
        <capacities>
          <li>Blunt</li>
        </capacities>
        <power>2</power>
        <cooldownTime>2</cooldownTime>
        <linkedBodyPartsGroup>HeadAttackTool</linkedBodyPartsGroup>
        <ensureLinkedBodyPartsGroupAlwaysUsable>true</ensureLinkedBodyPartsGroupAlwaysUsable>
        <chanceFactor>0.2</chanceFactor>
      </li>
    </tools>
    <race>
      <body>QuadrupedAnimalWithPawsAndTail</body>
      <baseBodySize>0.15</baseBodySize>
      <baseHealthScale>0.25</baseHealthScale>
			<baseHungerRate>0.20</baseHungerRate>
			<foodType>VegetarianRoughAnimal</foodType>
      <leatherDef>Leather_Light</leatherDef>
      <wildness>0.75</wildness>
      <trainability>Simple</trainability>
      <gestationPeriodDays>13</gestationPeriodDays>
      <litterSizeCurve>
        <points>
          <li>(0.5, 0)</li>
          <li>(1, 1)</li>
          <li>(1.8, 1)</li>
          <li>(2.4, 0)</li>
        </points>
      </litterSizeCurve>
      <lifeExpectancy>8</lifeExpectancy>
      <lifeStageAges>
        <li>
          <def>AnimalBaby</def>
          <minAge>0</minAge>
        </li>
        <li>
          <def>AnimalJuvenile</def>
          <minAge>0.11</minAge>
        </li>
        <li>
          <def>AnimalAdult</def>
          <minAge>0.26</minAge>
          <soundWounded>Pawn_Rodent_Wounded</soundWounded>
          <soundDeath>Pawn_Rodent_Death</soundDeath>
          <soundCall>Pawn_Rodent_Call</soundCall>
          <soundAngry>Pawn_Rodent_Angry</soundAngry>
        </li>
      </lifeStageAges>
      <soundMeleeHitPawn>Pawn_Melee_SmallScratch_HitPawn</soundMeleeHitPawn>
      <soundMeleeHitBuilding>Pawn_Melee_SmallScratch_HitBuilding</soundMeleeHitBuilding>
      <soundMeleeMiss>Pawn_Melee_SmallScratch_Miss</soundMeleeMiss>
    </race>
    <tradeTags>
      <li>AnimalCommon</li>
    </tradeTags>
  </ThingDef>

  <PawnKindDef ParentName="AnimalKindBase">
    <defName>Squirrel</defName>
    <label>squirrel</label>
    <race>Squirrel</race>
    <combatPower>33</combatPower>
    <ecoSystemWeight>0.2</ecoSystemWeight>
    <lifeStages>
      <li>
        <bodyGraphicData>
          <texPath>Things/Pawn/Animal/Squirrel/Squirrel</texPath>
          <drawSize>1</drawSize>
          <color>(161,95,38)</color>
        </bodyGraphicData>
        <dessicatedBodyGraphicData>
          <texPath>Things/Pawn/Animal/Squirrel/Dessicated_Squirrel</texPath>
          <drawSize>1</drawSize>
        </dessicatedBodyGraphicData>
      </li>
      <li>
        <bodyGraphicData>
          <texPath>Things/Pawn/Animal/Squirrel/Squirrel</texPath>
          <drawSize>1.25</drawSize>
          <color>(161,95,38)</color>
        </bodyGraphicData>
        <dessicatedBodyGraphicData>
          <texPath>Things/Pawn/Animal/Squirrel/Dessicated_Squirrel</texPath>
          <drawSize>1.25</drawSize>
        </dessicatedBodyGraphicData>
      </li>
      <li>
        <bodyGraphicData>
          <texPath>Things/Pawn/Animal/Squirrel/Squirrel</texPath>
          <drawSize>1.5</drawSize>
          <color>(161,95,38)</color>
        </bodyGraphicData>
        <dessicatedBodyGraphicData>
          <texPath>Things/Pawn/Animal/Squirrel/Dessicated_Squirrel</texPath>
          <drawSize>1.5</drawSize>
        </dessicatedBodyGraphicData>
      </li>
    </lifeStages>
  </PawnKindDef>

  <!-- ====================================================== -->

  <ThingDef ParentName="AnimalThingBase">
    <defName>Alphabeaver</defName>
    <label>alphabeaver</label>
    <description>A large beaver-like creature genetically engineered to harvest wood with machine-like efficiency. In the absence of specialized feed, these animals will enter a manic state that compels them to eat trees whole, and are likely to attack if disturbed.</description>
    <statBases>
      <MoveSpeed>3.7</MoveSpeed>
      <MarketValue>250</MarketValue>
      <ComfyTemperatureMin>-40</ComfyTemperatureMin>
    </statBases>
    <tools>
      <li>
        <label>left claw</label>
        <capacities>
          <li>Scratch</li>
        </capacities>
        <power>7.2</power>
        <cooldownTime>2</cooldownTime>
        <linkedBodyPartsGroup>FrontLeftPaw</linkedBodyPartsGroup>
      </li>
      <li>
        <label>right claw</label>
        <capacities>
          <li>Scratch</li>
        </capacities>
        <power>7.2</power>
        <cooldownTime>2</cooldownTime>
        <linkedBodyPartsGroup>FrontRightPaw</linkedBodyPartsGroup>
      </li>
      <li>
        <capacities>
          <li>Bite</li>
        </capacities>
        <power>8.5</power>
        <cooldownTime>2</cooldownTime>
        <linkedBodyPartsGroup>Teeth</linkedBodyPartsGroup>
        <chanceFactor>0.7</chanceFactor>
      </li>
      <li>
        <label>head</label>
        <capacities>
          <li>Blunt</li>
        </capacities>
        <power>3</power>
        <cooldownTime>2</cooldownTime>
        <linkedBodyPartsGroup>HeadAttackTool</linkedBodyPartsGroup>
        <ensureLinkedBodyPartsGroupAlwaysUsable>true</ensureLinkedBodyPartsGroupAlwaysUsable>
        <chanceFactor>0.2</chanceFactor>
      </li>
    </tools>
    <race>
      <body>QuadrupedAnimalWithPawsAndTail</body>
      <herdAnimal>true</herdAnimal>
      <baseBodySize>0.45</baseBodySize>
      <baseHungerRate>3.0</baseHungerRate>
      <baseHealthScale>0.7</baseHealthScale>
      <foodType>DendrovoreAnimal</foodType>
      <leatherDef>Leather_Light</leatherDef>
      <wildness>0.75</wildness>
      <gestationPeriodDays>17</gestationPeriodDays>
      <manhunterOnTameFailChance>0.10</manhunterOnTameFailChance>
      <manhunterOnDamageChance>0.10</manhunterOnDamageChance>
      <litterSizeCurve>
        <points>
          <li>(0.5, 0)</li>
          <li>(1, 1)</li>
          <li>(3, 1)</li>
          <li>(3.5, 0)</li>
        </points>
      </litterSizeCurve>
      <lifeExpectancy>12</lifeExpectancy>
      <lifeStageAges>
        <li>
          <def>AnimalBaby</def>
          <minAge>0</minAge>
        </li>
        <li>
          <def>AnimalJuvenile</def>
          <minAge>0.15</minAge>
        </li>
        <li>
          <def>AnimalAdult</def>
          <minAge>0.35</minAge>
          <soundWounded>Pawn_Alphabeaver_Wounded</soundWounded>
          <soundDeath>Pawn_Alphabeaver_Death</soundDeath>
          <soundCall>Pawn_Alphabeaver_Call</soundCall>
          <soundAngry>Pawn_Alphabeaver_Angry</soundAngry>
        </li>
      </lifeStageAges>
      <soundMeleeHitPawn>Pawn_Melee_BigBash_HitPawn</soundMeleeHitPawn>
      <soundMeleeHitBuilding>Pawn_Melee_BigBash_HitBuilding</soundMeleeHitBuilding>
      <soundMeleeMiss>Pawn_Melee_BigBash_Miss</soundMeleeMiss>
    </race>
    <tradeTags>
      <li>AnimalUncommon</li>
    </tradeTags>
  </ThingDef>

  <PawnKindDef ParentName="AnimalKindBase">
    <defName>Alphabeaver</defName>
    <label>alphabeaver</label>
    <race>Alphabeaver</race>
    <combatPower>40</combatPower>
    <ecoSystemWeight>0.5</ecoSystemWeight>
    <wildGroupSize>
      <min>3</min>
      <max>9</max>
    </wildGroupSize>
    <lifeStages>
      <li>
        <bodyGraphicData>
          <texPath>Things/Pawn/Animal/Beaver/Beaver</texPath>
          <drawSize>1</drawSize>
        </bodyGraphicData>
        <dessicatedBodyGraphicData>
          <texPath>Things/Pawn/Animal/Beaver/Dessicated_Beaver</texPath>
          <drawSize>1</drawSize>
        </dessicatedBodyGraphicData>
      </li>
      <li>
        <bodyGraphicData>
          <texPath>Things/Pawn/Animal/Beaver/Beaver</texPath>
          <drawSize>1.25</drawSize>
        </bodyGraphicData>
        <dessicatedBodyGraphicData>
          <texPath>Things/Pawn/Animal/Beaver/Dessicated_Beaver</texPath>
          <drawSize>1.25</drawSize>
        </dessicatedBodyGraphicData>
      </li>
      <li>
        <bodyGraphicData>
          <texPath>Things/Pawn/Animal/Beaver/Beaver</texPath>
          <drawSize>1.5</drawSize>
          <shadowData>
            <volume>(0.35, 0.4, 0.3)</volume>
            <offset>(0,0,-0.08)</offset>
          </shadowData>
        </bodyGraphicData>
        <dessicatedBodyGraphicData>
          <texPath>Things/Pawn/Animal/Beaver/Dessicated_Beaver</texPath>
          <drawSize>1.5</drawSize>
        </dessicatedBodyGraphicData>
      </li>
    </lifeStages>
  </PawnKindDef>
  <!-- ====================================================== -->

  <ThingDef ParentName="AnimalThingBase">
    <defName>Capybara</defName>
    <label>capybara</label>
    <description>The largest natural rodent, the capybara is well-adapted for steaming jungle environments.</description>
    <statBases>
      <MoveSpeed>3.9</MoveSpeed>
      <MarketValue>150</MarketValue>
      <ComfyTemperatureMin>-10</ComfyTemperatureMin>
      <ComfyTemperatureMax>50</ComfyTemperatureMax>
    </statBases>
    <tools>
      <li>
        <label>left claw</label>
        <capacities>
          <li>Scratch</li>
        </capacities>
        <power>8.4</power>
        <cooldownTime>2</cooldownTime>
        <linkedBodyPartsGroup>FrontLeftPaw</linkedBodyPartsGroup>
      </li>
      <li>
        <label>right claw</label>
        <capacities>
          <li>Scratch</li>
        </capacities>
        <power>8.4</power>
        <cooldownTime>2</cooldownTime>
        <linkedBodyPartsGroup>FrontRightPaw</linkedBodyPartsGroup>
      </li>
      <li>
        <capacities>
          <li>Bite</li>
        </capacities>
        <power>8.5</power>
        <cooldownTime>2</cooldownTime>
        <linkedBodyPartsGroup>Teeth</linkedBodyPartsGroup>
        <chanceFactor>0.7</chanceFactor>
      </li>
      <li>
        <label>head</label>
        <capacities>
          <li>Blunt</li>
        </capacities>
        <power>4</power>
        <cooldownTime>2</cooldownTime>
        <linkedBodyPartsGroup>HeadAttackTool</linkedBodyPartsGroup>
        <ensureLinkedBodyPartsGroupAlwaysUsable>true</ensureLinkedBodyPartsGroupAlwaysUsable>
        <chanceFactor>0.2</chanceFactor>
      </li>
    </tools>
    <race>
      <body>QuadrupedAnimalWithPaws</body>
      <herdAnimal>true</herdAnimal>
      <baseBodySize>0.50</baseBodySize>
      <baseHungerRate>0.30</baseHungerRate>
      <baseHealthScale>0.7</baseHealthScale>
      <foodType>VegetarianRoughAnimal</foodType>
      <leatherDef>Leather_Light</leatherDef>
      <wildness>0.75</wildness>
      <petness>0.08</petness>
      <nuzzleMtbHours>120</nuzzleMtbHours>
      <gestationPeriodDays>20</gestationPeriodDays>
      <litterSizeCurve>
        <points>
          <li>(0.5, 0)</li>
          <li>(1, 1)</li>
          <li>(1.5, 1)</li>
          <li>(2, 0)</li>
        </points>
      </litterSizeCurve>
      <lifeExpectancy>12</lifeExpectancy>
      <lifeStageAges>
        <li>
          <def>AnimalBaby</def>
          <minAge>0</minAge>
        </li>
        <li>
          <def>AnimalJuvenile</def>
          <minAge>0.2</minAge>
        </li>
        <li>
          <def>AnimalAdult</def>
          <minAge>0.4</minAge>
          <soundWounded>Pawn_Alphabeaver_Wounded</soundWounded>
          <soundDeath>Pawn_Alphabeaver_Death</soundDeath>
          <soundCall>Pawn_Alphabeaver_Call</soundCall>
          <soundAngry>Pawn_Alphabeaver_Angry</soundAngry>
        </li>
      </lifeStageAges>
      <soundMeleeHitPawn>Pawn_Melee_SmallScratch_HitPawn</soundMeleeHitPawn>
      <soundMeleeHitBuilding>Pawn_Melee_SmallScratch_HitBuilding</soundMeleeHitBuilding>
      <soundMeleeMiss>Pawn_Melee_SmallScratch_Miss</soundMeleeMiss>
    </race>
    <tradeTags>
      <li>AnimalUncommon</li>
    </tradeTags>
  </ThingDef>

  <PawnKindDef ParentName="AnimalKindBase">
    <defName>Capybara</defName>
    <label>capybara</label>
    <race>Capybara</race>
    <combatPower>45</combatPower>
    <ecoSystemWeight>0.35</ecoSystemWeight>
    <wildGroupSize>
      <min>3</min>
      <max>9</max>
    </wildGroupSize>
    <lifeStages>
      <li>
        <bodyGraphicData>
          <texPath>Things/Pawn/Animal/Capybara/Capybara</texPath>
          <drawSize>1</drawSize>
          <color>(109,84,49)</color>
        </bodyGraphicData>
        <dessicatedBodyGraphicData>
          <texPath>Things/Pawn/Animal/Capybara/Dessicated_Capybara</texPath>
          <drawSize>1</drawSize>
        </dessicatedBodyGraphicData>
      </li>
      <li>
        <bodyGraphicData>
          <texPath>Things/Pawn/Animal/Capybara/Capybara</texPath>
          <drawSize>1.25</drawSize>
          <color>(109,84,49)</color>
        </bodyGraphicData>
        <dessicatedBodyGraphicData>
          <texPath>Things/Pawn/Animal/Capybara/Dessicated_Capybara</texPath>
          <drawSize>1.25</drawSize>
        </dessicatedBodyGraphicData>
      </li>
      <li>
        <bodyGraphicData>
          <texPath>Things/Pawn/Animal/Capybara/Capybara</texPath>
          <drawSize>1.5</drawSize>
          <color>(109,84,49)</color>
          <shadowData>
            <volume>(0.35, 0.4, 0.3)</volume>
            <offset>(0,0,-0.08)</offset>
          </shadowData>
        </bodyGraphicData>
        <dessicatedBodyGraphicData>
          <texPath>Things/Pawn/Animal/Capybara/Dessicated_Capybara</texPath>
          <drawSize>1.5</drawSize>
        </dessicatedBodyGraphicData>
      </li>
    </lifeStages>
  </PawnKindDef>

  <!-- ====================================================== -->

  <ThingDef ParentName="AnimalThingBase">
    <defName>Chinchilla</defName>
    <label>chinchilla</label>
    <description>A small, nimble rodent. Its fur is softer than just about anything in the universe, making it very valuable as a trade good.</description>
    <statBases>
      <MoveSpeed>5.0</MoveSpeed>
      <MarketValue>150</MarketValue>
      <ComfyTemperatureMin>-15</ComfyTemperatureMin>
      <ComfyTemperatureMax>55</ComfyTemperatureMax>
    </statBases>
    <tools>
      <li>
        <label>left claw</label>
        <capacities>
          <li>Scratch</li>
        </capacities>
        <power>3.6</power>
        <cooldownTime>1.5</cooldownTime>
        <linkedBodyPartsGroup>FrontLeftPaw</linkedBodyPartsGroup>
      </li>
      <li>
        <label>right claw</label>
        <capacities>
          <li>Scratch</li>
        </capacities>
        <power>3.6</power>
        <cooldownTime>1.5</cooldownTime>
        <linkedBodyPartsGroup>FrontRightPaw</linkedBodyPartsGroup>
      </li>
      <li>
        <capacities>
          <li>Bite</li>
        </capacities>
        <power>5.8</power>
        <cooldownTime>2</cooldownTime>
        <linkedBodyPartsGroup>Teeth</linkedBodyPartsGroup>
        <chanceFactor>0.7</chanceFactor>
      </li>
      <li>
        <label>head</label>
        <capacities>
          <li>Blunt</li>
        </capacities>
        <power>2</power>
        <cooldownTime>2</cooldownTime>
        <linkedBodyPartsGroup>HeadAttackTool</linkedBodyPartsGroup>
        <ensureLinkedBodyPartsGroupAlwaysUsable>true</ensureLinkedBodyPartsGroupAlwaysUsable>
        <chanceFactor>0.2</chanceFactor>
      </li>
    </tools>
    <race>
      <body>QuadrupedAnimalWithPawsAndTail</body>
      <baseBodySize>0.21</baseBodySize>
      <baseHealthScale>0.4</baseHealthScale>
			<baseHungerRate>0.30</baseHungerRate>
			<foodType>VegetarianRoughAnimal</foodType>
      <leatherDef>Leather_Chinchilla</leatherDef>
      <wildness>0.60</wildness>
      <trainability>Intermediate</trainability>
      <petness>0.20</petness>
      <mateMtbHours>8</mateMtbHours>
      <nuzzleMtbHours>48</nuzzleMtbHours>
      <gestationPeriodDays>14</gestationPeriodDays>
      <manhunterOnTameFailChance>0</manhunterOnTameFailChance>
      <manhunterOnDamageChance>0</manhunterOnDamageChance>
      <litterSizeCurve>
        <points>
          <li>(0.5, 0)</li>
          <li>(1, 1)</li>
          <li>(2.5, 1)</li>
          <li>(3, 0)</li>
        </points>
      </litterSizeCurve>
      <lifeExpectancy>9</lifeExpectancy>
      <lifeStageAges>
        <li>
          <def>AnimalBaby</def>
          <minAge>0</minAge>
        </li>
        <li>
          <def>AnimalJuvenile</def>
          <minAge>0.15</minAge>
        </li>
        <li>
          <def>AnimalAdult</def>
          <minAge>0.30</minAge>
          <soundWounded>Pawn_Rodent_Wounded</soundWounded>
          <soundDeath>Pawn_Rodent_Death</soundDeath>
          <soundCall>Pawn_Rodent_Call</soundCall>
          <soundAngry>Pawn_Rodent_Angry</soundAngry>
        </li>
      </lifeStageAges>
      <soundMeleeHitPawn>Pawn_Melee_SmallScratch_HitPawn</soundMeleeHitPawn>
      <soundMeleeHitBuilding>Pawn_Melee_SmallScratch_HitBuilding</soundMeleeHitBuilding>
      <soundMeleeMiss>Pawn_Melee_SmallScratch_Miss</soundMeleeMiss>
    </race>
    <tradeTags>
      <li>AnimalUncommon</li>
    </tradeTags>
  </ThingDef>

  <PawnKindDef ParentName="AnimalKindBase">
    <defName>Chinchilla</defName>
    <label>chinchilla</label>
    <race>Chinchilla</race>
    <combatPower>33</combatPower>
    <ecoSystemWeight>0.3</ecoSystemWeight>
    <wildGroupSize>
      <min>1</min>
      <max>1</max>
    </wildGroupSize>
    <lifeStages>
      <li>
        <bodyGraphicData>
          <texPath>Things/Pawn/Animal/Chinchilla/Chinchilla</texPath>
          <drawSize>0.5</drawSize>
          <color>(178,170,158)</color>
        </bodyGraphicData>
        <dessicatedBodyGraphicData>
          <texPath>Things/Pawn/Animal/Chinchilla/Dessicated_Chinchilla</texPath>
          <drawSize>0.5</drawSize>
        </dessicatedBodyGraphicData>
      </li>
      <li>
        <bodyGraphicData>
          <texPath>Things/Pawn/Animal/Chinchilla/Chinchilla</texPath>
          <drawSize>0.75</drawSize>
          <color>(178,170,158)</color>
        </bodyGraphicData>
        <dessicatedBodyGraphicData>
          <texPath>Things/Pawn/Animal/Chinchilla/Dessicated_Chinchilla</texPath>
          <drawSize>0.75</drawSize>
        </dessicatedBodyGraphicData>
      </li>
      <li>
        <bodyGraphicData>
          <texPath>Things/Pawn/Animal/Chinchilla/Chinchilla</texPath>
          <drawSize>0.85</drawSize>
          <color>(178,170,158)</color>
          <shadowData>
            <volume>(0.25, 0.3, 0.25)</volume>
            <offset>(0,0,0)</offset>
          </shadowData>
        </bodyGraphicData>
        <dessicatedBodyGraphicData>
          <texPath>Things/Pawn/Animal/Chinchilla/Dessicated_Chinchilla</texPath>
          <drawSize>0.85</drawSize>
        </dessicatedBodyGraphicData>
      </li>
    </lifeStages>
  </PawnKindDef>

  <!-- =============================================================== -->

  <ThingDef ParentName="AnimalThingBase">
    <defName>Boomrat</defName>
    <label>boomrat</label>
    <description>Either by deliberate genetic weaponization, or as an unusual defense mechanism, these rodent-like creatures create a powerful fire-starting explosion when killed.</description>
    <statBases>
      <MoveSpeed>4.6</MoveSpeed>
      <MarketValue>100</MarketValue>
      <ComfyTemperatureMin>-15</ComfyTemperatureMin>
    </statBases>
    <tools>
      <li>
        <label>left claw</label>
        <capacities>
          <li>Scratch</li>
        </capacities>
        <power>5.4</power>
        <cooldownTime>1.5</cooldownTime>
        <linkedBodyPartsGroup>FrontLeftPaw</linkedBodyPartsGroup>
      </li>
      <li>
        <label>right claw</label>
        <capacities>
          <li>Scratch</li>
        </capacities>
        <power>5.4</power>
        <cooldownTime>1.5</cooldownTime>
        <linkedBodyPartsGroup>FrontRightPaw</linkedBodyPartsGroup>
      </li>
      <li>
        <capacities>
          <li>Bite</li>
        </capacities>
        <power>4.9</power>
        <cooldownTime>2</cooldownTime>
        <linkedBodyPartsGroup>Teeth</linkedBodyPartsGroup>
        <chanceFactor>0.7</chanceFactor>
      </li>
      <li>
        <label>head</label>
        <capacities>
          <li>Blunt</li>
        </capacities>
        <power>3</power>
        <cooldownTime>2</cooldownTime>
        <linkedBodyPartsGroup>HeadAttackTool</linkedBodyPartsGroup>
        <ensureLinkedBodyPartsGroupAlwaysUsable>true</ensureLinkedBodyPartsGroupAlwaysUsable>
        <chanceFactor>0.2</chanceFactor>
      </li>
    </tools>
    <race>
      <body>QuadrupedAnimalWithPaws</body>
      <deathActionWorkerClass>DeathActionWorker_SmallExplosion</deathActionWorkerClass>
      <baseBodySize>0.2</baseBodySize>
      <baseHungerRate>0.35</baseHungerRate>
      <baseHealthScale>0.4</baseHealthScale>
      <foodType>OmnivoreRoughAnimal</foodType>
      <leatherDef>Leather_Light</leatherDef>
      <executionRange>4</executionRange>
      <wildness>0.75</wildness>
      <petness>0.20</petness>
      <mateMtbHours>8</mateMtbHours>
      <nuzzleMtbHours>120</nuzzleMtbHours>
      <canBePredatorPrey>false</canBePredatorPrey>
      <gestationPeriodDays>14</gestationPeriodDays>
      <litterSizeCurve>
        <points>
          <li>(0.5, 0)</li>
          <li>(1, 1)</li>
          <li>(2.5, 1)</li>
          <li>(3, 0)</li>
        </points>
      </litterSizeCurve>
      <lifeExpectancy>8</lifeExpectancy>
      <lifeStageAges>
        <li>
          <def>AnimalBaby</def>
          <minAge>0</minAge>
        </li>
        <li>
          <def>AnimalJuvenile</def>
          <minAge>0.1</minAge>
        </li>
        <li>
          <def>AnimalAdult</def>
          <minAge>0.35</minAge>
          <soundWounded>Pawn_Boomrat_Wounded</soundWounded>
          <soundDeath>Pawn_Boomrat_Death</soundDeath>
          <soundCall>Pawn_Boomrat_Call</soundCall>
          <soundAngry>Pawn_Boomrat_Angry</soundAngry>
        </li>
      </lifeStageAges>
      <soundMeleeHitPawn>Pawn_Melee_SmallScratch_HitPawn</soundMeleeHitPawn>
      <soundMeleeHitBuilding>Pawn_Melee_SmallScratch_HitBuilding</soundMeleeHitBuilding>
      <soundMeleeMiss>Pawn_Melee_SmallScratch_Miss</soundMeleeMiss>
    </race>
    <tradeTags>
      <li>AnimalUncommon</li>
      <li>AnimalFighter</li>
    </tradeTags>
  </ThingDef>

  <PawnKindDef ParentName="AnimalKindBase">
    <defName>Boomrat</defName>
    <label>boomrat</label>
    <race>Boomrat</race>
    <combatPower>55</combatPower>
    <ecoSystemWeight>0.30</ecoSystemWeight>
    <lifeStages>
      <li>
        <bodyGraphicData>
          <texPath>Things/Pawn/Animal/Boomrat/Boomrat</texPath>
          <color>(176,150,106)</color>
          <drawSize>0.80</drawSize>
          <shaderType>CutoutComplex</shaderType>
        </bodyGraphicData>
        <dessicatedBodyGraphicData>
          <texPath>Things/Pawn/Animal/Boomrat/Dessicated_Boomrat</texPath>
          <drawSize>0.8</drawSize>
        </dessicatedBodyGraphicData>
      </li>
      <li>
        <bodyGraphicData>
          <texPath>Things/Pawn/Animal/Boomrat/Boomrat</texPath>
          <color>(176,150,106)</color>
          <drawSize>1.0</drawSize>
          <shaderType>CutoutComplex</shaderType>
        </bodyGraphicData>
        <dessicatedBodyGraphicData>
          <texPath>Things/Pawn/Animal/Boomrat/Dessicated_Boomrat</texPath>
          <drawSize>1.0</drawSize>
        </dessicatedBodyGraphicData>
      </li>
      <li>
        <bodyGraphicData>
          <texPath>Things/Pawn/Animal/Boomrat/Boomrat</texPath>
          <color>(176,150,106)</color>
          <drawSize>1.15</drawSize>
          <shaderType>CutoutComplex</shaderType>
          <shadowData>
            <volume>(0.25, 0.3, 0.25)</volume>
            <offset>(0,0,0)</offset>
          </shadowData>
        </bodyGraphicData>
        <dessicatedBodyGraphicData>
          <texPath>Things/Pawn/Animal/Boomrat/Dessicated_Boomrat</texPath>
          <drawSize>1.15</drawSize>
        </dessicatedBodyGraphicData>
      </li>
    </lifeStages>
  </PawnKindDef>

  <!-- ====================================================== -->

  <ThingDef ParentName="AnimalThingBase">
    <defName>Raccoon</defName>
    <label>raccoon</label>
    <description>A small, hardy animal that ranges wide across forests and shrubland. It is happy to break into your garbage container, or your kitchen, to eat almost anything.</description>
    <statBases>
      <MoveSpeed>4.1</MoveSpeed>
      <MarketValue>100</MarketValue>
      <ComfyTemperatureMin>-30</ComfyTemperatureMin>
    </statBases>
    <tools>
      <li>
        <label>left claw</label>
        <capacities>
          <li>Scratch</li>
        </capacities>
        <power>6</power>
        <cooldownTime>2</cooldownTime>
        <linkedBodyPartsGroup>FrontLeftPaw</linkedBodyPartsGroup>
      </li>
      <li>
        <label>right claw</label>
        <capacities>
          <li>Scratch</li>
        </capacities>
        <power>6</power>
        <cooldownTime>2</cooldownTime>
        <linkedBodyPartsGroup>FrontRightPaw</linkedBodyPartsGroup>
      </li>
      <li>
        <capacities>
          <li>Bite</li>
        </capacities>
        <power>7</power>
        <cooldownTime>2</cooldownTime>
        <linkedBodyPartsGroup>Teeth</linkedBodyPartsGroup>
        <chanceFactor>0.7</chanceFactor>
      </li>
      <li>
        <label>head</label>
        <capacities>
          <li>Blunt</li>
        </capacities>
        <power>3</power>
        <cooldownTime>2</cooldownTime>
        <linkedBodyPartsGroup>HeadAttackTool</linkedBodyPartsGroup>
        <ensureLinkedBodyPartsGroupAlwaysUsable>true</ensureLinkedBodyPartsGroupAlwaysUsable>
        <chanceFactor>0.2</chanceFactor>
      </li>
    </tools>
    <race>
      <body>QuadrupedAnimalWithPaws</body>
      <baseBodySize>0.3</baseBodySize>
      <baseHealthScale>0.4</baseHealthScale>
			<baseHungerRate>0.32</baseHungerRate>
			<foodType>OmnivoreRoughAnimal</foodType>
      <leatherDef>Leather_Light</leatherDef>
      <wildness>0.75</wildness>
      <mateMtbHours>8</mateMtbHours>
      <gestationPeriodDays>14</gestationPeriodDays>
      <litterSizeCurve>
        <points>
          <li>(0.5, 0)</li>
          <li>(1, 1)</li>
          <li>(2, 1)</li>
          <li>(2.5, 0)</li>
        </points>
      </litterSizeCurve>
      <lifeExpectancy>8</lifeExpectancy>
      <lifeStageAges>
        <li>
          <def>AnimalBaby</def>
          <minAge>0</minAge>
        </li>
        <li>
          <def>AnimalJuvenile</def>
          <minAge>0.15</minAge>
        </li>
        <li>
          <def>AnimalAdult</def>
          <minAge>0.4</minAge>
          <soundWounded>Pawn_Boomrat_Wounded</soundWounded>
          <soundDeath>Pawn_Boomrat_Death</soundDeath>
          <soundCall>Pawn_Boomrat_Call</soundCall>
          <soundAngry>Pawn_Boomrat_Angry</soundAngry>
        </li>
      </lifeStageAges>
      <soundMeleeHitPawn>Pawn_Melee_SmallScratch_HitPawn</soundMeleeHitPawn>
      <soundMeleeHitBuilding>Pawn_Melee_SmallScratch_HitBuilding</soundMeleeHitBuilding>
      <soundMeleeMiss>Pawn_Melee_SmallScratch_Miss</soundMeleeMiss>
    </race>
    <tradeTags>
      <li>AnimalCommon</li>
    </tradeTags>
  </ThingDef>

  <PawnKindDef ParentName="AnimalKindBase">
    <defName>Raccoon</defName>
    <label>raccoon</label>
    <race>Raccoon</race>
    <combatPower>35</combatPower>
    <ecoSystemWeight>0.30</ecoSystemWeight>
    <lifeStages>
      <li>
        <bodyGraphicData>
          <texPath>Things/Pawn/Animal/Raccoon/Raccoon</texPath>
          <color>(174,172,174)</color>
          <drawSize>1.1</drawSize>
          <shaderType>CutoutComplex</shaderType>
        </bodyGraphicData>
        <dessicatedBodyGraphicData>
          <texPath>Things/Pawn/Animal/Raccoon/Dessicated_Raccoon</texPath>
          <drawSize>1.1</drawSize>
        </dessicatedBodyGraphicData>
      </li>
      <li>
        <bodyGraphicData>
          <texPath>Things/Pawn/Animal/Raccoon/Raccoon</texPath>
          <color>(174,172,174)</color>
          <drawSize>1.3</drawSize>
          <shaderType>CutoutComplex</shaderType>
        </bodyGraphicData>
        <dessicatedBodyGraphicData>
          <texPath>Things/Pawn/Animal/Raccoon/Dessicated_Raccoon</texPath>
          <drawSize>1.3</drawSize>
        </dessicatedBodyGraphicData>
      </li>
      <li>
        <bodyGraphicData>
          <texPath>Things/Pawn/Animal/Raccoon/Raccoon</texPath>
          <color>(174,172,174)</color>
          <drawSize>1.6</drawSize>
          <shaderType>CutoutComplex</shaderType>
        </bodyGraphicData>
        <dessicatedBodyGraphicData>
          <texPath>Things/Pawn/Animal/Raccoon/Dessicated_Raccoon</texPath>
          <drawSize>1.6</drawSize>
        </dessicatedBodyGraphicData>
      </li>
    </lifeStages>
  </PawnKindDef>

  <!-- ====================================================== -->

  <ThingDef ParentName="AnimalThingBase">
    <defName>Rat</defName>
    <label>rat</label>
    <description>A widely-hated rodent known for soiling kitchens and spreading disease, rats have a way of following humans everywhere they go. It eats almost anything and lives almost anywhere.</description>
    <statBases>
      <MoveSpeed>4.0</MoveSpeed>
      <MarketValue>35</MarketValue>
      <ComfyTemperatureMin>-30</ComfyTemperatureMin>
    </statBases>
    <tools>
      <li>
        <label>left claw</label>
        <capacities>
          <li>Scratch</li>
        </capacities>
        <power>3.6</power>
        <cooldownTime>1.5</cooldownTime>
        <linkedBodyPartsGroup>FrontLeftPaw</linkedBodyPartsGroup>
      </li>
      <li>
        <label>right claw</label>
        <capacities>
          <li>Scratch</li>
        </capacities>
        <power>3.6</power>
        <cooldownTime>1.5</cooldownTime>
        <linkedBodyPartsGroup>FrontRightPaw</linkedBodyPartsGroup>
      </li>
      <li>
        <capacities>
          <li>Bite</li>
        </capacities>
        <power>6</power>
        <cooldownTime>2</cooldownTime>
        <linkedBodyPartsGroup>Teeth</linkedBodyPartsGroup>
        <chanceFactor>0.7</chanceFactor>
      </li>
      <li>
        <label>head</label>
        <capacities>
          <li>Blunt</li>
        </capacities>
        <power>2</power>
        <cooldownTime>2</cooldownTime>
        <linkedBodyPartsGroup>HeadAttackTool</linkedBodyPartsGroup>
        <ensureLinkedBodyPartsGroupAlwaysUsable>true</ensureLinkedBodyPartsGroupAlwaysUsable>
        <chanceFactor>0.2</chanceFactor>
      </li>
    </tools>
    <race>
      <body>QuadrupedAnimalWithPaws</body>
      <baseBodySize>0.15</baseBodySize>
      <baseHungerRate>0.20</baseHungerRate>
      <baseHealthScale>0.29</baseHealthScale>
      <foodType>OmnivoreRoughAnimal</foodType>
      <leatherDef>Leather_Light</leatherDef>
      <wildness>0.50</wildness>
      <trainability>Simple</trainability>
      <petness>0.15</petness>
      <manhunterOnTameFailChance>0</manhunterOnTameFailChance>
      <manhunterOnDamageChance>0</manhunterOnDamageChance>
      <mateMtbHours>8</mateMtbHours>
      <gestationPeriodDays>12</gestationPeriodDays>
      <litterSizeCurve>
        <points>
          <li>(0.5, 0)</li>
          <li>(1, 1)</li>
          <li>(2.2, 1)</li>
          <li>(2.8, 0)</li>
        </points>
      </litterSizeCurve>
      <lifeExpectancy>8</lifeExpectancy>
      <lifeStageAges>
        <li>
          <def>AnimalBaby</def>
          <minAge>0</minAge>
        </li>
        <li>
          <def>AnimalJuvenile</def>
          <minAge>0.07</minAge>
        </li>
        <li>
          <def>AnimalAdult</def>
          <minAge>0.3</minAge>
          <soundWounded>Pawn_Boomrat_Wounded</soundWounded>
          <soundDeath>Pawn_Boomrat_Death</soundDeath>
          <soundCall>Pawn_Boomrat_Call</soundCall>
          <soundAngry>Pawn_Boomrat_Angry</soundAngry>
        </li>
      </lifeStageAges>
      <soundMeleeHitPawn>Pawn_Melee_SmallScratch_HitPawn</soundMeleeHitPawn>
      <soundMeleeHitBuilding>Pawn_Melee_SmallScratch_HitBuilding</soundMeleeHitBuilding>
      <soundMeleeMiss>Pawn_Melee_SmallScratch_Miss</soundMeleeMiss>
    </race>
    <tradeTags>
      <li>AnimalCommon</li>
    </tradeTags>
  </ThingDef>

  <PawnKindDef ParentName="AnimalKindBase">
    <defName>Rat</defName>
    <label>rat</label>
    <race>Rat</race>
    <combatPower>30</combatPower>
    <ecoSystemWeight>0.20</ecoSystemWeight>
    <lifeStages>
      <li>
        <bodyGraphicData>
          <texPath>Things/Pawn/Animal/Rat/Rat</texPath>
          <color>(110,95,82)</color>
          <drawSize>1.0</drawSize>
          <shaderType>CutoutComplex</shaderType>
        </bodyGraphicData>
        <dessicatedBodyGraphicData>
          <texPath>Things/Pawn/Animal/Rat/Dessicated_Rat</texPath>
          <drawSize>1.0</drawSize>
        </dessicatedBodyGraphicData>
      </li>
      <li>
        <bodyGraphicData>
          <texPath>Things/Pawn/Animal/Rat/Rat</texPath>
          <color>(110,95,82)</color>
          <drawSize>1.1</drawSize>
          <shaderType>CutoutComplex</shaderType>
        </bodyGraphicData>
        <dessicatedBodyGraphicData>
          <texPath>Things/Pawn/Animal/Rat/Dessicated_Rat</texPath>
          <drawSize>1.1</drawSize>
        </dessicatedBodyGraphicData>
      </li>
      <li>
        <bodyGraphicData>
          <texPath>Things/Pawn/Animal/Rat/Rat</texPath>
          <color>(110,95,82)</color>
          <drawSize>1.25</drawSize>
          <shaderType>CutoutComplex</shaderType>
        </bodyGraphicData>
        <dessicatedBodyGraphicData>
          <texPath>Things/Pawn/Animal/Rat/Dessicated_Rat</texPath>
          <drawSize>1.25</drawSize>
        </dessicatedBodyGraphicData>
      </li>
    </lifeStages>
  </PawnKindDef>


</Defs>