﻿<?xml version="1.0" encoding="utf-8" ?>
<Defs>

  <ThingDef Abstract="True" ParentName="AnimalThingBase" Name="BaseHare">
    <statBases>
      <MoveSpeed>6.0</MoveSpeed>
      <MarketValue>50</MarketValue>
      <ComfyTemperatureMin>-30</ComfyTemperatureMin>
    </statBases>
    <tools>
      <li>
        <capacities>
          <li>Bite</li>
        </capacities>
        <power>3.4</power>
        <cooldownTime>2</cooldownTime>
        <linkedBodyPartsGroup>Teeth</linkedBodyPartsGroup>
      </li>
      <li>
        <label>head</label>
        <capacities>
          <li>Blunt</li>
        </capacities>
        <power>1.5</power>
        <cooldownTime>2</cooldownTime>
        <linkedBodyPartsGroup>HeadAttackTool</linkedBodyPartsGroup>
        <ensureLinkedBodyPartsGroupAlwaysUsable>true</ensureLinkedBodyPartsGroupAlwaysUsable>
        <commonality>0.2</commonality>
      </li>
    </tools>
    <race>
      <body>QuadrupedAnimalWithPawsAndTail</body>
      <baseBodySize>0.2</baseBodySize>
      <baseHungerRate>0.23</baseHungerRate>
      <baseHealthScale>0.4</baseHealthScale>
      <foodType>VegetarianRoughAnimal</foodType>
      <leatherDef>Leather_Light</leatherDef>
      <wildness>0.75</wildness>
      <trainability>Simple</trainability>
      <petness>0.08</petness>
      <mateMtbHours>8</mateMtbHours>
      <nuzzleMtbHours>72</nuzzleMtbHours>
      <gestationPeriodDays>13</gestationPeriodDays>
      <litterSizeCurve>
        <points>
          <li>(1.0, 0)</li>
          <li>(1.5, 1)</li>
          <li>(2.0, 1)</li>
          <li>(2.5, 0)</li>
        </points>
      </litterSizeCurve>
      <lifeExpectancy>8</lifeExpectancy>
      <lifeStageAges>
        <li>
          <def>AnimalBaby</def>
          <minAge>0</minAge>
        </li>
        <li>
          <def>AnimalJuvenile</def>
          <minAge>0.1</minAge>
        </li>
        <li>
          <def>AnimalAdult</def>
          <minAge>0.3</minAge>
          <soundWounded>Pawn_Hare_Wounded</soundWounded>
          <soundDeath>Pawn_Hare_Death</soundDeath>
          <soundCall>Pawn_Hare_Call</soundCall>
          <soundAngry>Pawn_Hare_Angry</soundAngry>
        </li>
      </lifeStageAges>
      <soundMeleeHitPawn>Pawn_Melee_SmallScratch_HitPawn</soundMeleeHitPawn>
      <soundMeleeHitBuilding>Pawn_Melee_SmallScratch_HitBuilding</soundMeleeHitBuilding>
      <soundMeleeMiss>Pawn_Melee_SmallScratch_Miss</soundMeleeMiss>
    </race>
    <tradeTags>
      <li>AnimalCommon</li>
    </tradeTags>
  </ThingDef>

  <PawnKindDef Abstract="True" ParentName="AnimalKindBase" Name="HareBase">
    <combatPower>33</combatPower>
    <ecoSystemWeight>0.25</ecoSystemWeight>
  </PawnKindDef>

  <!--================================================ -->

  <ThingDef ParentName="BaseHare">
    <defName>Hare</defName>
    <label>hare</label>
    <description>This small, solitary herbivore can swiftly hop away from danger.</description>
  </ThingDef>

  <PawnKindDef ParentName="HareBase">
    <defName>Hare</defName>
    <label>hare</label>
    <race>Hare</race>
    <lifeStages>
      <li>
        <bodyGraphicData>
          <texPath>Things/Pawn/Animal/Hare/Hare</texPath>
          <drawSize>1</drawSize>
          <color>(130,127,106)</color>
        </bodyGraphicData>
        <dessicatedBodyGraphicData>
          <texPath>Things/Pawn/Animal/Dessicated/CritterDessicatedSmall</texPath>
          <drawSize>0.8</drawSize>
        </dessicatedBodyGraphicData>
      </li>
      <li>
        <bodyGraphicData>
          <texPath>Things/Pawn/Animal/Hare/Hare</texPath>
          <drawSize>1.25</drawSize>
          <color>(130,127,106)</color>
        </bodyGraphicData>
        <dessicatedBodyGraphicData>
          <texPath>Things/Pawn/Animal/Dessicated/CritterDessicatedSmall</texPath>
          <drawSize>0.9</drawSize>
        </dessicatedBodyGraphicData>
      </li>
      <li>
        <bodyGraphicData>
          <texPath>Things/Pawn/Animal/Hare/Hare</texPath>
          <drawSize>1.5</drawSize>
          <color>(130,127,106)</color>
          <shadowData>
            <volume>(0.32, 0.35, 0.32)</volume>
            <offset>(0,0,0)</offset>
          </shadowData>
        </bodyGraphicData>
        <dessicatedBodyGraphicData>
          <texPath>Things/Pawn/Animal/Dessicated/CritterDessicatedSmall</texPath>
          <drawSize>1.0</drawSize>
        </dessicatedBodyGraphicData>
      </li>
    </lifeStages>
  </PawnKindDef>

  <!--================================================ -->

  <ThingDef ParentName="BaseHare">
    <defName>Snowhare</defName>
    <label>snowhare</label>
    <description>This hardy animal survives the brutal winters of its homelands by burrowing through snow to find edible plants.</description>
    <statBases>
      <ComfyTemperatureMin>-55</ComfyTemperatureMin>
    </statBases>
    <race>
      <useMeatFrom>Hare</useMeatFrom>
    </race>
  </ThingDef>

  <PawnKindDef ParentName="HareBase">
    <defName>Snowhare</defName>
    <label>snowhare</label>
    <race>Snowhare</race>
    <lifeStages>
      <li>
        <bodyGraphicData>
          <texPath>Things/Pawn/Animal/Hare/Hare</texPath>
          <drawSize>1</drawSize>
          <color>(180,180,180)</color>
        </bodyGraphicData>
        <dessicatedBodyGraphicData>
          <texPath>Things/Pawn/Animal/Dessicated/CritterDessicatedSmall</texPath>
          <drawSize>0.8</drawSize>
        </dessicatedBodyGraphicData>
      </li>
      <li>
        <bodyGraphicData>
          <texPath>Things/Pawn/Animal/Hare/Hare</texPath>
          <drawSize>1.25</drawSize>
          <color>(180,180,180)</color>
        </bodyGraphicData>
        <dessicatedBodyGraphicData>
          <texPath>Things/Pawn/Animal/Dessicated/CritterDessicatedSmall</texPath>
          <drawSize>0.9</drawSize>
        </dessicatedBodyGraphicData>
      </li>
      <li>
        <bodyGraphicData>
          <texPath>Things/Pawn/Animal/Hare/Hare</texPath>
          <drawSize>1.5</drawSize>
          <color>(180,180,180)</color>
          <shadowData>
            <volume>(0.32, 0.35, 0.32)</volume>
            <offset>(0,0,0)</offset>
          </shadowData>
        </bodyGraphicData>
        <dessicatedBodyGraphicData>
          <texPath>Things/Pawn/Animal/Dessicated/CritterDessicatedSmall</texPath>
          <drawSize>1.0</drawSize>
        </dessicatedBodyGraphicData>
      </li>
    </lifeStages>
  </PawnKindDef>
  
</Defs>
