﻿<?xml version="1.0" encoding="utf-8" ?>
<Defs>

  <ThingDef ParentName="AnimalThingBase">
    <defName>Chicken</defName>
    <label>chicken</label>
    <description>The most traditional farm bird, the chicken is raised for its eggs and meat. It grows very quickly and lays eggs very often.</description>
    <statBases>
      <MoveSpeed>2.1</MoveSpeed>
      <MarketValue>50</MarketValue>
      <LeatherAmount>0</LeatherAmount>
      <ComfyTemperatureMin>-10</ComfyTemperatureMin>
    </statBases>
    <tools>
      <li>
        <label>claws</label>
        <capacities>
          <li>Scratch</li>
        </capacities>
        <power>2</power>
        <cooldownTime>1.5</cooldownTime>
        <linkedBodyPartsGroup>Feet</linkedBodyPartsGroup>
      </li>
      <li>
        <label>beak</label>
        <capacities>
          <li>Bite</li>
        </capacities>
        <power>3</power>
        <cooldownTime>2</cooldownTime>
        <linkedBodyPartsGroup>Beak</linkedBodyPartsGroup>
      </li>
      <li>
        <label>head</label>
        <capacities>
          <li>Blunt</li>
        </capacities>
        <power>1</power>
        <cooldownTime>1.5</cooldownTime>
        <linkedBodyPartsGroup>HeadAttackTool</linkedBodyPartsGroup>
        <ensureLinkedBodyPartsGroupAlwaysUsable>true</ensureLinkedBodyPartsGroupAlwaysUsable>
        <chanceFactor>0.2</chanceFactor>
      </li>
    </tools>
    <comps>
      <li Class="CompProperties_EggLayer">
        <eggUnfertilizedDef>EggChickenUnfertilized</eggUnfertilizedDef>
        <eggFertilizedDef>EggChickenFertilized</eggFertilizedDef>
        <eggFertilizationCountMax>1</eggFertilizationCountMax>
        <eggLayIntervalDays>2</eggLayIntervalDays>
        <eggCountRange>1</eggCountRange>
      </li>
    </comps>
    <race>
      <body>Bird</body>
      <baseHungerRate>0.35</baseHungerRate>
      <baseBodySize>0.18</baseBodySize>
      <baseHealthScale>0.35</baseHealthScale>
      <foodType>VegetarianRoughAnimal</foodType>
      <trainability>None</trainability>
      <wildness>0</wildness>
      <manhunterOnTameFailChance>0</manhunterOnTameFailChance>
      <manhunterOnDamageChance>0</manhunterOnDamageChance>
      <mateMtbHours>8</mateMtbHours>
      <lifeExpectancy>6</lifeExpectancy>
      <lifeStageAges>
        <li>
          <def>AnimalBabyTiny</def>
          <minAge>0</minAge>
          <soundWounded>Pawn_Chick_Call</soundWounded>
          <soundDeath>Pawn_Chick_Call</soundDeath>
          <soundCall>Pawn_Chick_Call</soundCall>
          <soundAngry>Pawn_Chick_Call</soundAngry>
        </li>
        <li>
          <def>AnimalJuvenile</def>
          <minAge>0.12</minAge>
        </li>
        <li>
          <def>AnimalAdult</def>
          <minAge>0.3</minAge>
          <soundWounded>Pawn_Chicken_Wounded</soundWounded>
          <soundDeath>Pawn_Chicken_Death</soundDeath>
          <soundCall>Pawn_Chicken_Call</soundCall>
          <soundAngry>Pawn_Chicken_Angry</soundAngry>
        </li>
      </lifeStageAges>
      <soundMeleeHitPawn>Pawn_Melee_SmallScratch_HitPawn</soundMeleeHitPawn>
      <soundMeleeHitBuilding>Pawn_Melee_SmallScratch_HitBuilding</soundMeleeHitBuilding>
      <soundMeleeMiss>Pawn_Melee_SmallScratch_Miss</soundMeleeMiss>
    </race>
    <tradeTags>
      <li>AnimalCommon</li>
      <li>AnimalFarm</li>
    </tradeTags>
  </ThingDef>

  <PawnKindDef ParentName="AnimalKindBase">
    <defName>Chicken</defName>
    <label>chicken</label>
    <labelMale>rooster</labelMale>
    <labelFemale>hen</labelFemale>
    <race>Chicken</race>
    <combatPower>30</combatPower>
    <ecoSystemWeight>0.30</ecoSystemWeight>
    <lifeStages>
      <li>
        <label>chick</label>
        <bodyGraphicData>
          <texPath>Things/Pawn/Animal/Chicken/Chicken</texPath>
          <drawSize>0.45</drawSize>
          <color>(223,219,108)</color>
        </bodyGraphicData>
        <dessicatedBodyGraphicData>
          <texPath>Things/Pawn/Animal/Chicken/Dessicated_Chicken</texPath>
          <drawSize>0.45</drawSize>
        </dessicatedBodyGraphicData>
      </li>
      <li>
        <labelMale>cockerel</labelMale>
        <bodyGraphicData>
          <texPath>Things/Pawn/Animal/Chicken/Chicken</texPath>
          <drawSize>0.75</drawSize>
          <color>(200,150,85)</color>
        </bodyGraphicData>
        <femaleGraphicData>
          <texPath>Things/Pawn/Animal/Chicken/Chicken</texPath>
          <drawSize>0.73</drawSize>
        </femaleGraphicData>
        <dessicatedBodyGraphicData>
          <texPath>Things/Pawn/Animal/Chicken/Dessicated_Chicken</texPath>
          <drawSize>0.75</drawSize>
        </dessicatedBodyGraphicData>
        <femaleDessicatedBodyGraphicData>
          <texPath>Things/Pawn/Animal/Chicken/Dessicated_Chicken</texPath>
          <drawSize>0.73</drawSize>
        </femaleDessicatedBodyGraphicData>
      </li>
      <li>
        <bodyGraphicData>
          <texPath>Things/Pawn/Animal/Chicken/Chicken</texPath>
          <drawSize>0.87</drawSize>
          <color>(200,150,85)</color>
          <shadowData>
            <volume>(0.3, 0.4, 0.3)</volume>
            <offset>(0,0,-0.05)</offset>
          </shadowData>
        </bodyGraphicData>
        <femaleGraphicData>
          <texPath>Things/Pawn/Animal/Chicken/Chicken</texPath>
          <drawSize>0.85</drawSize>
        </femaleGraphicData>
        <dessicatedBodyGraphicData>
          <texPath>Things/Pawn/Animal/Chicken/Dessicated_Chicken</texPath>
          <drawSize>0.87</drawSize>
        </dessicatedBodyGraphicData>
        <femaleDessicatedBodyGraphicData>
          <texPath>Things/Pawn/Animal/Chicken/Dessicated_Chicken</texPath>
          <drawSize>0.85</drawSize>
        </femaleDessicatedBodyGraphicData>
      </li>
    </lifeStages>
  </PawnKindDef>
  
  <!-- ============================ Pig ================================ -->

  <ThingDef ParentName="AnimalThingBase">
    <defName>Pig</defName>
    <label>pig</label>
    <description>The pig was one of the first animals domesticated by humans. It is commonly raised for meat, and is easy to feed because of its omnivorous diet. Though pigs are self-serving by disposition, they can be trained in complex tasks.</description>
    <statBases>
      <MoveSpeed>3.9</MoveSpeed>
      <ComfyTemperatureMin>-5</ComfyTemperatureMin>
      <MarketValue>200</MarketValue>
    </statBases>
    <tools>
      <li>
        <capacities>
          <li>Bite</li>
        </capacities>
        <power>7.3</power>
        <cooldownTime>2</cooldownTime>
        <linkedBodyPartsGroup>Teeth</linkedBodyPartsGroup>
        <chanceFactor>0.7</chanceFactor>
      </li>
      <li>
        <label>head</label>
        <capacities>
          <li>Blunt</li>
        </capacities>
        <power>6</power>
        <cooldownTime>2</cooldownTime>
        <linkedBodyPartsGroup>HeadAttackTool</linkedBodyPartsGroup>
        <ensureLinkedBodyPartsGroupAlwaysUsable>true</ensureLinkedBodyPartsGroupAlwaysUsable>
        <chanceFactor>0.2</chanceFactor>
      </li>
    </tools>
    <race>
      <body>QuadrupedAnimalWithHooves</body>
      <baseBodySize>0.75</baseBodySize>
      <baseHealthScale>0.7</baseHealthScale>
      <baseHungerRate>0.45</baseHungerRate>
      <foodType>OmnivoreRoughAnimal</foodType>
      <leatherDef>Leather_Pig</leatherDef>
      <wildness>0.07</wildness>
      <trainability>Advanced</trainability>
      <meatLabel>pork</meatLabel>
      <manhunterOnTameFailChance>0</manhunterOnTameFailChance>
      <manhunterOnDamageChance>0</manhunterOnDamageChance>
      <gestationPeriodDays>17</gestationPeriodDays>
      <litterSizeCurve>
        <points>
          <li>(0.5, 0)</li>
          <li>(1, 1)</li>
          <li>(1.7, 1)</li>
          <li>(2.0, 0)</li>
        </points>
      </litterSizeCurve>
      <lifeExpectancy>12</lifeExpectancy>
      <lifeStageAges>
        <li>
          <def>AnimalBaby</def>
          <minAge>0</minAge>
        </li>
        <li>
          <def>AnimalJuvenile</def>
          <minAge>0.1</minAge>
        </li>
        <li>
          <def>AnimalAdult</def>
          <minAge>0.4</minAge>
          <soundWounded>Pawn_Wildboar_Wounded</soundWounded>
          <soundDeath>Pawn_Wildboar_Death</soundDeath>
          <soundCall>Pawn_Wildboar_Call</soundCall>
          <soundAngry>Pawn_Wildboar_Angry</soundAngry>
        </li>
      </lifeStageAges>
      <soundMeleeHitPawn>Pawn_Melee_SmallScratch_HitPawn</soundMeleeHitPawn>
      <soundMeleeHitBuilding>Pawn_Melee_SmallScratch_HitBuilding</soundMeleeHitBuilding>
      <soundMeleeMiss>Pawn_Melee_SmallScratch_Miss</soundMeleeMiss>
    </race>
    <tradeTags>
      <li>AnimalCommon</li>
      <li>AnimalFarm</li>
    </tradeTags>
  </ThingDef>

  <PawnKindDef ParentName="AnimalKindBase">
    <defName>Pig</defName>
    <label>pig</label>
    <race>Pig</race>
    <combatPower>45</combatPower>
    <ecoSystemWeight>0.5</ecoSystemWeight>
    <labelFemale>sow</labelFemale>
    <lifeStages>
      <li>
        <label>piglet</label>
        <bodyGraphicData>
          <texPath>Things/Pawn/Animal/Pig/Pig</texPath>
          <drawSize>0.6</drawSize>
          <color>(211,190,174)</color>
          <shaderType>CutoutSkin</shaderType>
          <shadowData>
            <volume>(0.25, 0.25, 0.25)</volume>
            <offset>(0,0,-0.2)</offset>
          </shadowData>
        </bodyGraphicData>
        <dessicatedBodyGraphicData>
          <texPath>Things/Pawn/Animal/Pig/Dessicated_Pig</texPath>
          <drawSize>0.6</drawSize>
        </dessicatedBodyGraphicData>
      </li>
      <li>
        <bodyGraphicData>
          <texPath>Things/Pawn/Animal/Pig/Pig</texPath>
          <drawSize>1.15</drawSize>
          <color>(211,190,174)</color>
          <shaderType>CutoutSkin</shaderType>
          <shadowData>
            <volume>(0.375, 0.375, 0.375)</volume>
            <offset>(0,0,0)</offset>
          </shadowData>
        </bodyGraphicData>
        <femaleGraphicData>
          <texPath>Things/Pawn/Animal/Pig/Pig</texPath>
          <drawSize>1.1</drawSize>
          <color>(211,190,174)</color>
          <shaderType>CutoutSkin</shaderType>
          <shadowData>
            <volume>(0.375, 0.375, 0.375)</volume>
            <offset>(0,0,0)</offset>
          </shadowData>
        </femaleGraphicData>
        <dessicatedBodyGraphicData>
          <texPath>Things/Pawn/Animal/Pig/Dessicated_Pig</texPath>
          <drawSize>1.15</drawSize>
        </dessicatedBodyGraphicData>
        <femaleDessicatedBodyGraphicData>
          <texPath>Things/Pawn/Animal/Pig/Dessicated_Pig</texPath>
          <drawSize>1.1</drawSize>
        </femaleDessicatedBodyGraphicData>
      </li>
      <li>
        <bodyGraphicData>
          <texPath>Things/Pawn/Animal/Pig/Pig</texPath>
          <drawSize>1.42</drawSize>
          <color>(211,190,174)</color>
          <shaderType>CutoutSkin</shaderType>
          <shadowData>
            <volume>(0.5, 0.5, 0.5)</volume>
            <offset>(0,0,-0.3)</offset>
          </shadowData>
        </bodyGraphicData>
        <femaleGraphicData>
          <texPath>Things/Pawn/Animal/Pig/Pig</texPath>
          <drawSize>1.30</drawSize>
          <color>(211,190,174)</color>
          <shaderType>CutoutSkin</shaderType>
          <shadowData>
            <volume>(0.5, 0.5, 0.4)</volume>
            <offset>(0,0,-0.05)</offset>
          </shadowData>
        </femaleGraphicData>
        <dessicatedBodyGraphicData>
          <texPath>Things/Pawn/Animal/Pig/Dessicated_Pig</texPath>
          <drawSize>1.42</drawSize>
        </dessicatedBodyGraphicData>
        <femaleDessicatedBodyGraphicData>
          <texPath>Things/Pawn/Animal/Pig/Dessicated_Pig</texPath>
          <drawSize>1.3</drawSize>
        </femaleDessicatedBodyGraphicData>
      </li>
    </lifeStages>
  </PawnKindDef>

  <!-- =========================== Cow ================================= -->

  <ThingDef ParentName="AnimalThingBase">
    <defName>Cow</defName>
    <label>cow</label>
    <description>A large domesticated ungulate, cows have been bred for millennia to produce huge amounts of milk, meat, and leather. They are exceptionally gentle creatures and will never seek revenge, no matter how many times they are harmed. Most of them are so adapted to farm life that they cannot survive in the wild.</description>
    <statBases>
      <MoveSpeed>3.2</MoveSpeed>
      <ComfyTemperatureMin>-10</ComfyTemperatureMin>
      <MarketValue>300</MarketValue>
    </statBases>
    <comps>
      <li Class="CompProperties_Milkable">
        <milkDef>Milk</milkDef>
        <milkIntervalDays>1</milkIntervalDays>
        <milkAmount>18</milkAmount>
      </li>
    </comps>
    <tools>
      <li>
        <capacities>
          <li>Bite</li>
        </capacities>
        <power>8.8</power>
        <cooldownTime>2.6</cooldownTime>
        <linkedBodyPartsGroup>Teeth</linkedBodyPartsGroup>
        <chanceFactor>0.7</chanceFactor>
      </li>
      <li>
        <label>head</label>
        <capacities>
          <li>Blunt</li>
        </capacities>
        <power>7</power>
        <cooldownTime>2</cooldownTime>
        <linkedBodyPartsGroup>HeadAttackTool</linkedBodyPartsGroup>
        <ensureLinkedBodyPartsGroupAlwaysUsable>true</ensureLinkedBodyPartsGroupAlwaysUsable>
        <chanceFactor>0.2</chanceFactor>
      </li>
      <li>
        <label>left hoof</label>
        <capacities>
          <li>Blunt</li>
          <li>Poke</li>
        </capacities>
        <power>8</power>
        <cooldownTime>2</cooldownTime>
        <linkedBodyPartsGroup>FrontLeftLeg</linkedBodyPartsGroup>
      </li>
      <li>
        <label>right hoof</label>
        <capacities>
          <li>Blunt</li>
          <li>Poke</li>
        </capacities>
        <power>8</power>
        <cooldownTime>2</cooldownTime>
        <linkedBodyPartsGroup>FrontRightLeg</linkedBodyPartsGroup>
      </li>
    </tools>
    <race>
      <body>QuadrupedAnimalWithHooves</body>
      <herdAnimal>true</herdAnimal>
      <baseBodySize>2.0</baseBodySize>
      <baseHungerRate>0.85</baseHungerRate>
      <baseHealthScale>1.5</baseHealthScale>
      <foodType>VegetarianRoughAnimal</foodType>
      <leatherDef>Leather_Plain</leatherDef>
      <wildness>0.05</wildness>
      <trainability>None</trainability>
      <meatLabel>beef</meatLabel>
      <gestationPeriodDays>20</gestationPeriodDays>
      <lifeExpectancy>22</lifeExpectancy>
      <manhunterOnDamageChance>0</manhunterOnDamageChance>
      <manhunterOnTameFailChance>0</manhunterOnTameFailChance>
      <lifeStageAges>
        <li>
          <def>AnimalBaby</def>
          <minAge>0</minAge>
        </li>
        <li>
          <def>AnimalJuvenile</def>
          <minAge>0.2</minAge>
        </li>
        <li>
          <def>AnimalAdult</def>
          <minAge>0.45</minAge>
          <soundWounded>Pawn_Muffalo_Wounded</soundWounded>
          <soundDeath>Pawn_Muffalo_Death</soundDeath>
          <soundCall>Pawn_Muffalo_Call</soundCall>
          <soundAngry>Pawn_Muffalo_Angry</soundAngry>
        </li>
      </lifeStageAges>
      <soundMeleeHitPawn>Pawn_Melee_BigBash_HitPawn</soundMeleeHitPawn>
      <soundMeleeHitBuilding>Pawn_Melee_BigBash_HitBuilding</soundMeleeHitBuilding>
      <soundMeleeMiss>Pawn_Melee_BigBash_Miss</soundMeleeMiss>
    </race>
    <tradeTags>
      <li>AnimalCommon</li>
      <li>AnimalFarm</li>
    </tradeTags>
  </ThingDef>

  <PawnKindDef ParentName="AnimalKindBase">
    <defName>Cow</defName>
    <label>cow</label>
    <labelMale>bull</labelMale>
    <race>Cow</race>
    <combatPower>75</combatPower>
    <ecoSystemWeight>1.1</ecoSystemWeight>
    <wildGroupSize>3~7</wildGroupSize>
    <lifeStages>
      <li>
        <label>calf</label>
        <labelPlural>calves</labelPlural>
        <bodyGraphicData>
          <texPath>Things/Pawn/Animal/Cow/Bull</texPath>
          <drawSize>1.3</drawSize>
          <color>(170,170,170)</color>
          <shadowData>
            <volume>(0.4, 0.3, 0.3)</volume>
            <offset>(0,0,-0.2)</offset>
          </shadowData>
        </bodyGraphicData>
        <femaleGraphicData>
          <texPath>Things/Pawn/Animal/Cow/Cow</texPath>
          <drawSize>1.25</drawSize>
          <color>(200,200,200)</color>
          <shadowData>
            <volume>(0.4, 0.3, 0.3)</volume>
            <offset>(0,0,-0.2)</offset>
          </shadowData>
        </femaleGraphicData>
        <dessicatedBodyGraphicData>
          <texPath>Things/Pawn/Animal/Cow/Dessicated_Bull</texPath>
          <drawSize>1.3</drawSize>
        </dessicatedBodyGraphicData>
        <femaleDessicatedBodyGraphicData>
          <texPath>Things/Pawn/Animal/Cow/Dessicated_Cow</texPath>
          <drawSize>1.25</drawSize>
        </femaleDessicatedBodyGraphicData>
      </li>
      <li>
        <bodyGraphicData>
          <texPath>Things/Pawn/Animal/Cow/Bull</texPath>
          <drawSize>2.15</drawSize>
          <color>(170,170,170)</color>
          <shadowData>
            <volume>(0.6, 0.45, 0.45)</volume>
            <offset>(0,0,-0.25)</offset>
          </shadowData>
        </bodyGraphicData>
        <femaleGraphicData>
          <texPath>Things/Pawn/Animal/Cow/Cow</texPath>
          <drawSize>2.0</drawSize>
          <color>(200,200,200)</color>
          <shadowData>
            <volume>(0.6, 0.45, 0.45)</volume>
            <offset>(0,0,-0.25)</offset>
          </shadowData>
        </femaleGraphicData>
        <dessicatedBodyGraphicData>
          <texPath>Things/Pawn/Animal/Cow/Dessicated_Bull</texPath>
          <drawSize>2.15</drawSize>
        </dessicatedBodyGraphicData>
        <femaleDessicatedBodyGraphicData>
          <texPath>Things/Pawn/Animal/Cow/Dessicated_Cow</texPath>
          <drawSize>2.0</drawSize>
        </femaleDessicatedBodyGraphicData>
      </li>
      <li>
        <bodyGraphicData>
          <texPath>Things/Pawn/Animal/Cow/Bull</texPath>
          <drawSize>2.7</drawSize>
          <color>(170,170,170)</color>
          <shadowData>
            <volume>(0.8, 0.6, 0.6)</volume>
            <offset>(0,0,-0.3)</offset>
          </shadowData>
        </bodyGraphicData>
        <femaleGraphicData>
          <texPath>Things/Pawn/Animal/Cow/Cow</texPath>
          <drawSize>2.6</drawSize>
          <color>(200,200,200)</color>
          <shadowData>
            <volume>(0.8, 0.6, 0.6)</volume>
            <offset>(0,0,-0.3)</offset>
          </shadowData>
        </femaleGraphicData>
        <dessicatedBodyGraphicData>
          <texPath>Things/Pawn/Animal/Cow/Dessicated_Bull</texPath>
          <drawSize>2.7</drawSize>
        </dessicatedBodyGraphicData>
        <femaleDessicatedBodyGraphicData>
          <texPath>Things/Pawn/Animal/Cow/Dessicated_Cow</texPath>
          <drawSize>2.6</drawSize>
        </femaleDessicatedBodyGraphicData>
      </li>
    </lifeStages>
  </PawnKindDef>
  
  <!-- ============================ Alpaca ================================ -->
  <ThingDef ParentName="AnimalThingBase">
    <defName>Alpaca</defName>
    <label>alpaca</label>
    <description>A medium-sized ungulate closely related to the llama, the alpaca is usually raised for its remarkably soft and insulating wool. Alpacas have also been used as pack animals since they hauled cargo on the rugged mountain trails of ancient South America</description>
    <statBases>
      <MoveSpeed>4.1</MoveSpeed>
      <ComfyTemperatureMin>-18</ComfyTemperatureMin>
      <MarketValue>350</MarketValue>
      <ComfyTemperatureMax>45</ComfyTemperatureMax>
    </statBases>
    <uiIconScale>1.35</uiIconScale>
    <tools>
      <li>
        <label>left hoof</label>
        <capacities>
          <li>Blunt</li>
          <li>Poke</li>
        </capacities>
        <power>7.3</power>
        <cooldownTime>2</cooldownTime>
        <linkedBodyPartsGroup>FrontLeftLeg</linkedBodyPartsGroup>
      </li>
      <li>
        <label>right hoof</label>
        <capacities>
          <li>Blunt</li>
          <li>Poke</li>
        </capacities>
        <power>7.3</power>
        <cooldownTime>2</cooldownTime>
        <linkedBodyPartsGroup>FrontRightLeg</linkedBodyPartsGroup>
      </li>
      <li>
        <capacities>
          <li>Bite</li>
        </capacities>
        <power>8</power>
        <cooldownTime>2</cooldownTime>
        <linkedBodyPartsGroup>Teeth</linkedBodyPartsGroup>
        <chanceFactor>0.7</chanceFactor>
      </li>
      <li>
        <label>head</label>
        <capacities>
          <li>Blunt</li>
        </capacities>
        <power>7</power>
        <cooldownTime>2</cooldownTime>
        <linkedBodyPartsGroup>HeadAttackTool</linkedBodyPartsGroup>
        <ensureLinkedBodyPartsGroupAlwaysUsable>true</ensureLinkedBodyPartsGroupAlwaysUsable>
        <chanceFactor>0.2</chanceFactor>
      </li>
    </tools>
    <comps>
      <li Class="CompProperties_Shearable">
        <woolDef>WoolAlpaca</woolDef>
        <shearIntervalDays>15</shearIntervalDays>
        <woolAmount>100</woolAmount>
      </li>
    </comps>
    <race>
      <body>QuadrupedAnimalWithHooves</body>
      <herdAnimal>true</herdAnimal>
      <packAnimal>true</packAnimal>
      <baseBodySize>1.0</baseBodySize>
      <baseHealthScale>1.0</baseHealthScale>
      <baseHungerRate>0.45</baseHungerRate>
      <foodType>VegetarianRoughAnimal</foodType>
      <leatherDef>Leather_Camel</leatherDef>
      <wildness>0.25</wildness>
      <manhunterOnTameFailChance>0</manhunterOnTameFailChance>
      <manhunterOnDamageChance>0</manhunterOnDamageChance>
      <gestationPeriodDays>25</gestationPeriodDays>
      <lifeExpectancy>15</lifeExpectancy>
      <lifeStageAges>
        <li>
          <def>AnimalBaby</def>
          <minAge>0</minAge>
        </li>
        <li>
          <def>AnimalJuvenile</def>
          <minAge>0.2</minAge>
        </li>
        <li>
          <def>AnimalAdult</def>
          <minAge>0.45</minAge>
          <soundWounded>Pawn_Elk_Wounded</soundWounded>
          <soundDeath>Pawn_Elk_Death</soundDeath>
          <soundCall>Pawn_Elk_Call</soundCall>
          <soundAngry>Pawn_Elk_Angry</soundAngry>
        </li>
      </lifeStageAges>
      <soundMeleeHitPawn>Pawn_Melee_BigBash_HitPawn</soundMeleeHitPawn>
      <soundMeleeHitBuilding>Pawn_Melee_BigBash_HitBuilding</soundMeleeHitBuilding>
      <soundMeleeMiss>Pawn_Melee_BigBash_Miss</soundMeleeMiss>
    </race>
    <tradeTags>
      <li>AnimalCommon</li>
      <li>AnimalFarm</li>
    </tradeTags>
  </ThingDef>

  <PawnKindDef ParentName="AnimalKindBase">
    <defName>Alpaca</defName>
    <label>alpaca</label>
    <race>Alpaca</race>
    <combatPower>65</combatPower>
    <ecoSystemWeight>0.55</ecoSystemWeight>
    <wildGroupSize>2~5</wildGroupSize>
    <lifeStages>
      <li>
        <bodyGraphicData>
          <texPath>Things/Pawn/Animal/Alpaca/Alpaca</texPath>
          <drawSize>1.3</drawSize>
          <color>(180,148,109)</color>
        </bodyGraphicData>
        <dessicatedBodyGraphicData>
          <texPath>Things/Pawn/Animal/Alpaca/Dessicated_Alpaca</texPath>
          <drawSize>1.3</drawSize>
        </dessicatedBodyGraphicData>
      </li>
      <li>
        <bodyGraphicData>
          <texPath>Things/Pawn/Animal/Alpaca/Alpaca</texPath>
          <drawSize>1.9</drawSize>
          <color>(180,148,109)</color>
          <shadowData>
            <volume>(0.3, 0.3, 0.3)</volume>
            <offset>(0,0,-0.3)</offset>
          </shadowData>
        </bodyGraphicData>
        <dessicatedBodyGraphicData>
          <texPath>Things/Pawn/Animal/Alpaca/Dessicated_Alpaca</texPath>
          <drawSize>1.9</drawSize>
        </dessicatedBodyGraphicData>
      </li>
      <li>
        <bodyGraphicData>
          <texPath>Things/Pawn/Animal/Alpaca/Alpaca</texPath>
          <drawSize>2.2</drawSize>
          <color>(180,148,109)</color>
          <shadowData>
            <volume>(0.4, 0.4, 0.4)</volume>
            <offset>(0,0,-0.2)</offset>
          </shadowData>
        </bodyGraphicData>
        <dessicatedBodyGraphicData>
          <texPath>Things/Pawn/Animal/Alpaca/Dessicated_Alpaca</texPath>
          <drawSize>2.2</drawSize>
        </dessicatedBodyGraphicData>
      </li>
    </lifeStages>
  </PawnKindDef>
  
  <!-- ======================= Duck =============================== -->
  <ThingDef ParentName="AnimalThingBase">
    <defName>Duck</defName>
    <label>duck</label>
    <description>A very common type of farm bird, also appearing in the wild, the duck is raised for its delicious meat. It grows quick but lays eggs quite rarily.</description>
    <statBases>
      <MoveSpeed>2.1</MoveSpeed>
      <MarketValue>60</MarketValue>
      <LeatherAmount>0</LeatherAmount>
      <ComfyTemperatureMin>-10</ComfyTemperatureMin>
    </statBases>
    <tools>
      <li>
        <label>claws</label>
        <capacities>
          <li>Scratch</li>
        </capacities>
        <power>3</power>
        <cooldownTime>1.5</cooldownTime>
        <linkedBodyPartsGroup>Feet</linkedBodyPartsGroup>
      </li>
      <li>
        <label>beak</label>
        <capacities>
          <li>Bite</li>
        </capacities>
        <power>4</power>
        <cooldownTime>2</cooldownTime>
        <linkedBodyPartsGroup>Beak</linkedBodyPartsGroup>
      </li>
      <li>
        <label>head</label>
        <capacities>
          <li>Blunt</li>
        </capacities>
        <power>2</power>
        <cooldownTime>1.5</cooldownTime>
        <linkedBodyPartsGroup>HeadAttackTool</linkedBodyPartsGroup>
        <ensureLinkedBodyPartsGroupAlwaysUsable>true</ensureLinkedBodyPartsGroupAlwaysUsable>
        <chanceFactor>0.2</chanceFactor>
      </li>
    </tools>
    <comps>
      <li Class="CompProperties_EggLayer">
        <eggUnfertilizedDef>EggDuckUnfertilized</eggUnfertilizedDef>
        <eggFertilizedDef>EggDuckFertilized</eggFertilizedDef>
        <eggFertilizationCountMax>1</eggFertilizationCountMax>
        <eggLayIntervalDays>3.5</eggLayIntervalDays>
        <eggCountRange>1</eggCountRange>
      </li>
    </comps>
    <race>
      <body>Bird</body>
      <baseHungerRate>0.35</baseHungerRate>
      <baseBodySize>0.18</baseBodySize>
      <baseHealthScale>0.35</baseHealthScale>
      <foodType>VegetarianRoughAnimal</foodType>
      <trainability>None</trainability>
      <wildness>0</wildness>
      <manhunterOnTameFailChance>0</manhunterOnTameFailChance>
      <manhunterOnDamageChance>0</manhunterOnDamageChance>
      <mateMtbHours>8</mateMtbHours>
      <lifeExpectancy>6</lifeExpectancy>
      <lifeStageAges>
        <li>
          <def>AnimalBabyTiny</def>
          <minAge>0</minAge>
          <soundWounded>Pawn_Chick_Call</soundWounded>
          <soundDeath>Pawn_Chick_Call</soundDeath>
          <soundCall>Pawn_Chick_Call</soundCall>
          <soundAngry>Pawn_Chick_Call</soundAngry>
        </li>
        <li>
          <def>AnimalJuvenile</def>
          <minAge>0.12</minAge>
        </li>
        <li>
          <def>AnimalAdult</def>
          <minAge>0.3</minAge>
          <soundWounded>Pawn_Duck_Wounded</soundWounded>
          <soundDeath>Pawn_Duck_Death</soundDeath>
          <soundCall>Pawn_Duck_Call</soundCall>
          <soundAngry>Pawn_Duck_Angry</soundAngry>
        </li>
      </lifeStageAges>
      <soundMeleeHitPawn>Pawn_Melee_SmallScratch_HitPawn</soundMeleeHitPawn>
      <soundMeleeHitBuilding>Pawn_Melee_SmallScratch_HitBuilding</soundMeleeHitBuilding>
      <soundMeleeMiss>Pawn_Melee_SmallScratch_Miss</soundMeleeMiss>
    </race>
    <tradeTags>
      <li>AnimalCommon</li>
      <li>AnimalFarm</li>
    </tradeTags>
  </ThingDef>
  <PawnKindDef ParentName="AnimalKindBase">
    <defName>Duck</defName>
    <label>duck</label>
    <race>Duck</race>
    <combatPower>30</combatPower>
    <ecoSystemWeight>0.30</ecoSystemWeight>
    <lifeStages>
      <li>
        <label>duckling</label>
        <bodyGraphicData>
          <texPath>Things/Pawn/Animal/Duck/DuckFemale</texPath>
          <drawSize>0.45</drawSize>
        </bodyGraphicData>
        <dessicatedBodyGraphicData>
          <texPath>Things/Pawn/Animal/Chicken/Dessicated_Chicken</texPath>
          <drawSize>0.45</drawSize>
        </dessicatedBodyGraphicData>
      </li>
      <li>
        <bodyGraphicData>
          <texPath>Things/Pawn/Animal/Duck/DuckMale</texPath>
          <drawSize>0.75</drawSize>
        </bodyGraphicData>
        <femaleGraphicData>
          <texPath>Things/Pawn/Animal/Duck/DuckFemale</texPath>
          <drawSize>0.73</drawSize>
        </femaleGraphicData>
        <dessicatedBodyGraphicData>
          <texPath>Things/Pawn/Animal/Chicken/Dessicated_Chicken</texPath>
          <drawSize>0.75</drawSize>
        </dessicatedBodyGraphicData>
        <femaleDessicatedBodyGraphicData>
          <texPath>Things/Pawn/Animal/Chicken/Dessicated_Chicken</texPath>
          <drawSize>0.73</drawSize>
        </femaleDessicatedBodyGraphicData>
      </li>
      <li>
        <bodyGraphicData>
          <texPath>Things/Pawn/Animal/Duck/DuckMale</texPath>
          <drawSize>0.87</drawSize>
          <shadowData>
            <volume>(0.3, 0.4, 0.3)</volume>
            <offset>(0,0,-0.05)</offset>
          </shadowData>
        </bodyGraphicData>
        <femaleGraphicData>
          <texPath>Things/Pawn/Animal/Duck/DuckFemale</texPath>
          <drawSize>0.85</drawSize>
        </femaleGraphicData>
        <dessicatedBodyGraphicData>
          <texPath>Things/Pawn/Animal/Chicken/Dessicated_Chicken</texPath>
          <drawSize>0.87</drawSize>
        </dessicatedBodyGraphicData>
        <femaleDessicatedBodyGraphicData>
          <texPath>Things/Pawn/Animal/Chicken/Dessicated_Chicken</texPath>
          <drawSize>0.85</drawSize>
        </femaleDessicatedBodyGraphicData>
      </li>
    </lifeStages>
  </PawnKindDef>

  <!-- ======================= Bison =============================== -->
  <ThingDef ParentName="AnimalThingBase">
    <defName>Bison</defName>
    <label>bison</label>
    <description>A large plant eating mammal appearing in the savannah wilderness. Tamed are quite docile, but enraged are fast and dangerous.</description>
    <statBases>
      <MoveSpeed>4.7</MoveSpeed>
      <MarketValue>350</MarketValue>
      <ComfyTemperatureMin>-55</ComfyTemperatureMin>
      <ComfyTemperatureMax>45</ComfyTemperatureMax>
    </statBases>
    <uiIconScale>1.25</uiIconScale>
    <tools>
      <li>
        <label>head</label>
        <capacities>
          <li>Blunt</li>
        </capacities>
        <power>15</power>
        <cooldownTime>2.9</cooldownTime>
        <linkedBodyPartsGroup>HeadAttackTool</linkedBodyPartsGroup>
        <ensureLinkedBodyPartsGroupAlwaysUsable>true</ensureLinkedBodyPartsGroupAlwaysUsable>
      </li>
      <li>
        <label>left hoof</label>
        <capacities>
          <li>Blunt</li>
          <li>Poke</li>
        </capacities>
        <power>10</power>
        <cooldownTime>2</cooldownTime>
        <linkedBodyPartsGroup>FrontLeftLeg</linkedBodyPartsGroup>
      </li>
      <li>
        <label>right hoof</label>
        <capacities>
          <li>Blunt</li>
          <li>Poke</li>
        </capacities>
        <power>10</power>
        <cooldownTime>2</cooldownTime>
        <linkedBodyPartsGroup>FrontRightLeg</linkedBodyPartsGroup>
      </li>
      <li>
        <capacities>
          <li>Bite</li>
        </capacities>
        <power>10</power>
        <cooldownTime>2</cooldownTime>
        <linkedBodyPartsGroup>Teeth</linkedBodyPartsGroup>
        <chanceFactor>0.5</chanceFactor>
      </li>
    </tools>
    <comps>
      <li Class="CompProperties_Shearable">
        <woolDef>WoolBison</woolDef>
        <shearIntervalDays>25</shearIntervalDays>
        <woolAmount>100</woolAmount>
      </li>
    </comps>
    <race>
      <herdAnimal>true</herdAnimal>
      <body>QuadrupedAnimalWithHooves</body>
      <baseBodySize>2.1</baseBodySize>
      <baseHealthScale>1.75</baseHealthScale>
      <baseHungerRate>0.85</baseHungerRate>
      <foodType>VegetarianRoughAnimal</foodType>
      <leatherDef>Leather_Plain</leatherDef>
      <gestationPeriodDays>28</gestationPeriodDays>
      <wildness>0.6</wildness>
      <trainability>Simple</trainability>
      <manhunterOnDamageChance>0.1</manhunterOnDamageChance>
      <packAnimal>true</packAnimal>
      <lifeExpectancy>15</lifeExpectancy>
      <lifeStageAges>
        <li>
          <def>AnimalBaby</def>
          <minAge>0</minAge>
        </li>
        <li>
          <def>AnimalJuvenile</def>
          <minAge>0.25</minAge>
        </li>
        <li>
          <def>AnimalAdult</def>
          <minAge>0.5</minAge>
          <soundWounded>Pawn_Bison_Wounded</soundWounded>
          <soundDeath>Pawn_Bison_Death</soundDeath>
          <soundCall>Pawn_Bison_Call</soundCall>
          <soundAngry>Pawn_Bison_Angry</soundAngry>
        </li>
      </lifeStageAges>
      <soundMeleeHitPawn>Pawn_Melee_BigBash_HitPawn</soundMeleeHitPawn>
      <soundMeleeHitBuilding>Pawn_Melee_BigBash_HitBuilding</soundMeleeHitBuilding>
      <soundMeleeMiss>Pawn_Melee_BigBash_Miss</soundMeleeMiss>
    </race>
    <tradeTags>
      <li>AnimalCommon</li>
      <li>AnimalFarm</li>
    </tradeTags>
  </ThingDef>
  <PawnKindDef Name="Bison" ParentName="AnimalKindBase">
    <defName>Bison</defName>
    <label>bison</label>
    <race>Bison</race>
    <combatPower>100</combatPower>
    <ecoSystemWeight>1.1</ecoSystemWeight>
    <wildGroupSize>3~9</wildGroupSize>
    <lifeStages>
      <li>
        <label>bison calf</label>
        <labelPlural>bison calves</labelPlural>
        <bodyGraphicData>
          <texPath>Things/Pawn/Animal/Bison/Bison</texPath>
          <drawSize>1.5</drawSize>
          <shadowData>
            <volume>(0.4, 0.3, 0.3)</volume>
            <offset>(0,0,-0.2)</offset>
          </shadowData>
        </bodyGraphicData>
        <dessicatedBodyGraphicData>
          <texPath>Things/Pawn/Animal/Bison/Dessicated_Bison</texPath>
          <drawSize>1.5</drawSize>
        </dessicatedBodyGraphicData>
      </li>
      <li>
        <bodyGraphicData>
          <texPath>Things/Pawn/Animal/Bison/Bison</texPath>
          <drawSize>2.25</drawSize>
          <shadowData>
            <volume>(0.6, 0.45, 0.45)</volume>
            <offset>(0,0,-0.25)</offset>
          </shadowData>
        </bodyGraphicData>
        <dessicatedBodyGraphicData>
          <texPath>Things/Pawn/Animal/Bison/Dessicated_Bison</texPath>
          <drawSize>2.25</drawSize>
        </dessicatedBodyGraphicData>
      </li>
      <li>
        <bodyGraphicData>
          <texPath>Things/Pawn/Animal/Bison/Bison</texPath>
          <drawSize>3</drawSize>
          <shadowData>
            <volume>(0.8, 0.6, 0.6)</volume>
            <offset>(0,0,-0.3)</offset>
          </shadowData>
        </bodyGraphicData>
        <dessicatedBodyGraphicData>
          <texPath>Things/Pawn/Animal/Bison/Dessicated_Bison</texPath>
          <drawSize>3</drawSize>
        </dessicatedBodyGraphicData>
      </li>
    </lifeStages>
  </PawnKindDef>

  <!-- ======================= Goat =============================== -->
  <ThingDef ParentName="AnimalThingBase">
    <defName>Goat</defName>
    <label>goat</label>
    <description>Naturally curious about the world, goats are among the friendliest domesticated creature bred by mankind.</description>
    <statBases>
      <MoveSpeed>3.9</MoveSpeed>
      <ComfyTemperatureMin>-5</ComfyTemperatureMin>
      <MarketValue>200</MarketValue>
    </statBases>
    <uiIconScale>1.2</uiIconScale>
    <comps>
      <li Class="CompProperties_Milkable">
        <milkDef>Milk</milkDef>
        <milkIntervalDays>2</milkIntervalDays>
        <milkAmount>12</milkAmount>
      </li>
    </comps>
    <tools>
      <li>
        <capacities>
          <li>Bite</li>
        </capacities>
        <power>7.3</power>
        <cooldownTime>2</cooldownTime>
        <linkedBodyPartsGroup>Teeth</linkedBodyPartsGroup>
        <chanceFactor>0.7</chanceFactor>
      </li>
      <li>
        <label>head</label>
        <capacities>
          <li>Blunt</li>
        </capacities>
        <power>6</power>
        <cooldownTime>2</cooldownTime>
        <linkedBodyPartsGroup>HeadAttackTool</linkedBodyPartsGroup>
        <ensureLinkedBodyPartsGroupAlwaysUsable>true</ensureLinkedBodyPartsGroupAlwaysUsable>
        <chanceFactor>0.2</chanceFactor>
      </li>
    </tools>
    <race>
      <body>QuadrupedAnimalWithHooves</body>
      <baseBodySize>0.75</baseBodySize>
      <baseHealthScale>0.7</baseHealthScale>
      <baseHungerRate>0.45</baseHungerRate>
      <foodType>VegetarianRoughAnimal</foodType>
      <leatherDef>Leather_Plain</leatherDef>
      <wildness>0.07</wildness>
      <trainability>None</trainability>
      <manhunterOnTameFailChance>0</manhunterOnTameFailChance>
      <manhunterOnDamageChance>0</manhunterOnDamageChance>
      <gestationPeriodDays>17</gestationPeriodDays>
      <litterSizeCurve>
        <points>
          <li>(0.5, 0)</li>
          <li>(1, 1)</li>
          <li>(1.7, 1)</li>
          <li>(2.0, 0)</li>
        </points>
      </litterSizeCurve>
      <lifeExpectancy>12</lifeExpectancy>
      <lifeStageAges>
        <li>
          <def>AnimalBaby</def>
          <minAge>0</minAge>
        </li>
        <li>
          <def>AnimalJuvenile</def>
          <minAge>0.1</minAge>
        </li>
        <li>
          <def>AnimalAdult</def>
          <minAge>0.4</minAge>
          <soundWounded>Pawn_Goat_Wounded</soundWounded>
          <soundDeath>Pawn_Goat_Death</soundDeath>
          <soundCall>Pawn_Goat_Call</soundCall>
          <soundAngry>Pawn_Goat_Angry</soundAngry>
        </li>
      </lifeStageAges>
      <soundMeleeHitPawn>Pawn_Melee_SmallScratch_HitPawn</soundMeleeHitPawn>
      <soundMeleeHitBuilding>Pawn_Melee_SmallScratch_HitBuilding</soundMeleeHitBuilding>
      <soundMeleeMiss>Pawn_Melee_SmallScratch_Miss</soundMeleeMiss>
    </race>
    <tradeTags>
      <li>AnimalCommon</li>
      <li>AnimalFarm</li>
    </tradeTags>
  </ThingDef>
  <PawnKindDef ParentName="AnimalKindBase">
    <defName>Goat</defName>
    <label>goat</label>
    <labelFemale>goat doe</labelFemale>
    <race>Goat</race>
    <combatPower>45</combatPower>
    <ecoSystemWeight>0.5</ecoSystemWeight>
    <lifeStages>
      <li>
        <label>baby goat</label>
        <bodyGraphicData>
          <texPath>Things/Pawn/Animal/Goat/GoatFemale</texPath>
          <drawSize>0.6</drawSize>
          <shaderType>CutoutSkin</shaderType>
          <shadowData>
            <volume>(0.25, 0.25, 0.25)</volume>
            <offset>(0,0,-0.2)</offset>
          </shadowData>
        </bodyGraphicData>
        <dessicatedBodyGraphicData>
          <texPath>Things/Pawn/Animal/Goat/Dessicated_GoatFemale</texPath>
          <drawSize>0.6</drawSize>
        </dessicatedBodyGraphicData>
      </li>
      <li>
        <bodyGraphicData>
          <texPath>Things/Pawn/Animal/Goat/GoatMale</texPath>
          <drawSize>1.15</drawSize>
          <shadowData>
            <volume>(0.375, 0.375, 0.375)</volume>
            <offset>(0,0,0)</offset>
          </shadowData>
        </bodyGraphicData>
        <femaleGraphicData>
          <texPath>Things/Pawn/Animal/Goat/GoatFemale</texPath>
          <drawSize>1.1</drawSize>
          <shadowData>
            <volume>(0.375, 0.375, 0.375)</volume>
            <offset>(0,0,0)</offset>
          </shadowData>
        </femaleGraphicData>
        <dessicatedBodyGraphicData>
          <texPath>Things/Pawn/Animal/Goat/Dessicated_GoatMale</texPath>
          <drawSize>1.15</drawSize>
        </dessicatedBodyGraphicData>
        <femaleDessicatedBodyGraphicData>
          <texPath>Things/Pawn/Animal/Goat/Dessicated_GoatFemale</texPath>
          <drawSize>1.1</drawSize>
        </femaleDessicatedBodyGraphicData>
      </li>
      <li>
        <bodyGraphicData>
          <texPath>Things/Pawn/Animal/Goat/GoatMale</texPath>
          <drawSize>1.42</drawSize>
          <shadowData>
            <volume>(0.5, 0.5, 0.5)</volume>
            <offset>(0,0,-0.3)</offset>
          </shadowData>
        </bodyGraphicData>
        <femaleGraphicData>
          <texPath>Things/Pawn/Animal/Goat/GoatFemale</texPath>
          <drawSize>1.30</drawSize>
          <shadowData>
            <volume>(0.5, 0.5, 0.4)</volume>
            <offset>(0,0,-0.05)</offset>
          </shadowData>
        </femaleGraphicData>
        <dessicatedBodyGraphicData>
          <texPath>Things/Pawn/Animal/Goat/Dessicated_GoatMale</texPath>
          <drawSize>1.42</drawSize>
        </dessicatedBodyGraphicData>
        <femaleDessicatedBodyGraphicData>
          <texPath>Things/Pawn/Animal/Goat/Dessicated_GoatFemale</texPath>
          <drawSize>1.3</drawSize>
        </femaleDessicatedBodyGraphicData>
      </li>
    </lifeStages>
  </PawnKindDef>

  <!-- ======================= Goose =============================== -->
  <ThingDef ParentName="AnimalThingBase">
    <defName>Goose</defName>
    <label>goose</label>
    <description>A domesticated bird kept by humans as poultry for it's eggs and meat. Lays eggs very often, however they take a long time to hatch.</description>
    <statBases>
      <MoveSpeed>2.3</MoveSpeed>
      <MarketValue>90</MarketValue>
      <LeatherAmount>36</LeatherAmount>
      <ComfyTemperatureMin>-10</ComfyTemperatureMin>
    </statBases>
    <tools>
      <li>
        <label>claws</label>
        <capacities>
          <li>Scratch</li>
        </capacities>
        <power>3</power>
        <cooldownTime>1.5</cooldownTime>
        <linkedBodyPartsGroup>Feet</linkedBodyPartsGroup>
      </li>
      <li>
        <label>beak</label>
        <capacities>
          <li>Bite</li>
        </capacities>
        <power>5.6</power>
        <cooldownTime>2</cooldownTime>
        <linkedBodyPartsGroup>Beak</linkedBodyPartsGroup>
      </li>
      <li>
        <label>head</label>
        <capacities>
          <li>Blunt</li>
        </capacities>
        <power>2</power>
        <cooldownTime>1.5</cooldownTime>
        <linkedBodyPartsGroup>HeadAttackTool</linkedBodyPartsGroup>
        <ensureLinkedBodyPartsGroupAlwaysUsable>true</ensureLinkedBodyPartsGroupAlwaysUsable>
        <chanceFactor>0.2</chanceFactor>
      </li>
    </tools>
    <comps>
      <li Class="CompProperties_EggLayer">
        <eggUnfertilizedDef>EggGooseUnfertilized</eggUnfertilizedDef>
        <eggFertilizedDef>EggGooseFertilized</eggFertilizedDef>
        <eggFertilizationCountMax>1</eggFertilizationCountMax>
        <eggLayIntervalDays>1.6</eggLayIntervalDays>
        <eggCountRange>1</eggCountRange>
      </li>
    </comps>
    <race>
      <body>Bird</body>
      <baseHungerRate>0.45</baseHungerRate>
      <baseBodySize>0.40</baseBodySize>
      <baseHealthScale>0.40</baseHealthScale>
      <foodType>VegetarianRoughAnimal</foodType>
      <leatherDef>Leather_Bird</leatherDef>
      <trainability>None</trainability>
      <wildness>0.6</wildness>
      <manhunterOnTameFailChance>0.2</manhunterOnTameFailChance>
      <manhunterOnDamageChance>0.25</manhunterOnDamageChance>
      <mateMtbHours>8</mateMtbHours>
      <lifeExpectancy>8</lifeExpectancy>
      <useMeatFrom>Cassowary</useMeatFrom>
      <lifeStageAges>
        <li>
          <def>AnimalBabyTiny</def>
          <minAge>0</minAge>
          <soundWounded>Pawn_Chick_Call</soundWounded>
          <soundDeath>Pawn_Chick_Call</soundDeath>
          <soundCall>Pawn_Chick_Call</soundCall>
          <soundAngry>Pawn_Chick_Call</soundAngry>
        </li>
        <li>
          <def>AnimalJuvenile</def>
          <minAge>0.12</minAge>
        </li>
        <li>
          <def>AnimalAdult</def>
          <minAge>0.3</minAge>
          <soundWounded>Pawn_Goose_Wounded</soundWounded>
          <soundDeath>Pawn_Goose_Death</soundDeath>
          <soundCall>Pawn_Goose_Call</soundCall>
          <soundAngry>Pawn_Goose_Angry</soundAngry>
        </li>
      </lifeStageAges>
      <soundMeleeHitPawn>Pawn_Melee_SmallScratch_HitPawn</soundMeleeHitPawn>
      <soundMeleeHitBuilding>Pawn_Melee_SmallScratch_HitBuilding</soundMeleeHitBuilding>
      <soundMeleeMiss>Pawn_Melee_SmallScratch_Miss</soundMeleeMiss>
    </race>
    <tradeTags>
      <li>AnimalCommon</li>
      <li>AnimalFarm</li>
    </tradeTags>
  </ThingDef>
  <PawnKindDef ParentName="AnimalKindBase">
    <defName>Goose</defName>
    <label>goose</label>
    <labelPlural>geese</labelPlural>
    <race>Goose</race>
    <combatPower>35</combatPower>
    <ecoSystemWeight>0.30</ecoSystemWeight>
    <lifeStages>
      <li>
        <bodyGraphicData>
          <texPath>Things/Pawn/Animal/Goose/Goose</texPath>
          <drawSize>1.0</drawSize>
        </bodyGraphicData>
        <dessicatedBodyGraphicData>
          <texPath>Things/Pawn/Animal/Goose/Dessicated_Goose</texPath>
          <drawSize>1.0</drawSize>
        </dessicatedBodyGraphicData>
      </li>
      <li>
        <bodyGraphicData>
          <texPath>Things/Pawn/Animal/Goose/Goose</texPath>
          <drawSize>1.23</drawSize>
        </bodyGraphicData>
        <femaleGraphicData>
          <texPath>Things/Pawn/Animal/Goose/Goose</texPath>
          <drawSize>1.2</drawSize>
        </femaleGraphicData>
        <dessicatedBodyGraphicData>
          <texPath>Things/Pawn/Animal/Goose/Dessicated_Goose</texPath>
          <drawSize>1.23</drawSize>
        </dessicatedBodyGraphicData>
        <femaleDessicatedBodyGraphicData>
          <texPath>Things/Pawn/Animal/Goose/Dessicated_Goose</texPath>
          <drawSize>1.2</drawSize>
        </femaleDessicatedBodyGraphicData>
      </li>
      <li>
        <bodyGraphicData>
          <texPath>Things/Pawn/Animal/Goose/Goose</texPath>
          <drawSize>1.4</drawSize>
          <shadowData>
            <volume>(0.4, 0.4, 0.4)</volume>
            <offset>(0,0,-0.2)</offset>
          </shadowData>
        </bodyGraphicData>
        <femaleGraphicData>
          <texPath>Things/Pawn/Animal/Goose/Goose</texPath>
          <drawSize>1.3</drawSize>
        </femaleGraphicData>
        <dessicatedBodyGraphicData>
          <texPath>Things/Pawn/Animal/Goose/Dessicated_Goose</texPath>
          <drawSize>1.4</drawSize>
        </dessicatedBodyGraphicData>
        <femaleDessicatedBodyGraphicData>
          <texPath>Things/Pawn/Animal/Goose/Dessicated_Goose</texPath>
          <drawSize>1.3</drawSize>
        </femaleDessicatedBodyGraphicData>
      </li>
    </lifeStages>
  </PawnKindDef>

  <!-- ======================= Sheep =============================== -->
  <ThingDef ParentName="AnimalThingBase">
    <defName>Sheep</defName>
    <label>sheep</label>
    <description>Sheep husbandry is practised throughout the majority of the inhabited worlds, however only recently it has been introduced to the rimworlds. Domestic sheep are relatively small herbivores, usually with yellowish wool and medium sized horns.</description>
    <statBases>
      <MoveSpeed>4.8</MoveSpeed>
      <MarketValue>210</MarketValue>
      <ComfyTemperatureMin>-55</ComfyTemperatureMin>
      <ComfyTemperatureMax>45</ComfyTemperatureMax>
    </statBases>
    <uiIconScale>1.3</uiIconScale>
    <tools>
      <li>
        <label>head</label>
        <capacities>
          <li>Blunt</li>
        </capacities>
        <power>14</power>
        <cooldownTime>2.9</cooldownTime>
        <linkedBodyPartsGroup>HeadAttackTool</linkedBodyPartsGroup>
        <ensureLinkedBodyPartsGroupAlwaysUsable>true</ensureLinkedBodyPartsGroupAlwaysUsable>
      </li>
      <li>
        <label>left hoof</label>
        <capacities>
          <li>Blunt</li>
          <li>Poke</li>
        </capacities>
        <power>6</power>
        <cooldownTime>2</cooldownTime>
        <linkedBodyPartsGroup>FrontLeftLeg</linkedBodyPartsGroup>
      </li>
      <li>
        <label>right hoof</label>
        <capacities>
          <li>Blunt</li>
          <li>Poke</li>
        </capacities>
        <power>6</power>
        <cooldownTime>2</cooldownTime>
        <linkedBodyPartsGroup>FrontRightLeg</linkedBodyPartsGroup>
      </li>
      <li>
        <capacities>
          <li>Bite</li>
        </capacities>
        <power>8</power>
        <cooldownTime>2</cooldownTime>
        <linkedBodyPartsGroup>Teeth</linkedBodyPartsGroup>
        <chanceFactor>0.5</chanceFactor>
      </li>
    </tools>
    <comps>
      <li Class="CompProperties_Shearable">
        <woolDef>WoolSheep</woolDef>
        <shearIntervalDays>10</shearIntervalDays>
        <woolAmount>45</woolAmount>
      </li>
    </comps>
    <race>
      <herdAnimal>true</herdAnimal>
      <body>QuadrupedAnimalWithHooves</body>
      <baseBodySize>0.75</baseBodySize>
      <baseHealthScale>0.7</baseHealthScale>
      <baseHungerRate>0.45</baseHungerRate>
      <foodType>VegetarianRoughAnimal</foodType>
      <leatherDef>Leather_Plain</leatherDef>
      <gestationPeriodDays>17</gestationPeriodDays>
      <litterSizeCurve>
        <points>
          <li>(0.5, 0)</li>
          <li>(1, 1)</li>
          <li>(1.7, 1)</li>
          <li>(2.0, 0)</li>
        </points>
      </litterSizeCurve>
      <wildness>0</wildness>
      <trainability>None</trainability>
      <manhunterOnDamageChance>0.0</manhunterOnDamageChance>
      <lifeExpectancy>12</lifeExpectancy>
      <lifeStageAges>
        <li>
          <def>AnimalBaby</def>
          <minAge>0</minAge>
        </li>
        <li>
          <def>AnimalJuvenile</def>
          <minAge>0.25</minAge>
        </li>
        <li>
          <def>AnimalAdult</def>
          <minAge>0.5</minAge>
          <soundWounded>Pawn_Sheep_Wounded</soundWounded>
          <soundDeath>Pawn_Sheep_Death</soundDeath>
          <soundCall>Pawn_Sheep_Call</soundCall>
          <soundAngry>Pawn_Sheep_Angry</soundAngry>
        </li>
      </lifeStageAges>
      <soundMeleeHitPawn>Pawn_Melee_BigBash_HitPawn</soundMeleeHitPawn>
      <soundMeleeHitBuilding>Pawn_Melee_BigBash_HitBuilding</soundMeleeHitBuilding>
      <soundMeleeMiss>Pawn_Melee_BigBash_Miss</soundMeleeMiss>
    </race>
    <tradeTags>
      <li>AnimalCommon</li>
      <li>AnimalFarm</li>
    </tradeTags>
  </ThingDef>
  <PawnKindDef Name="Sheep" ParentName="AnimalKindBase">
    <defName>Sheep</defName>
    <label>sheep</label>
    <labelPlural>sheep</labelPlural>
    <labelMale>ram</labelMale>
    <labelFemale>ewe</labelFemale>
    <race>Sheep</race>
    <combatPower>55</combatPower>
    <ecoSystemWeight>0.5</ecoSystemWeight>
    <lifeStages>
      <li>
        <label>lamb</label>
        <labelPlural>lambs</labelPlural>
        <bodyGraphicData>
          <texPath>Things/Pawn/Animal/Sheep/SheepFemale</texPath>
          <drawSize>0.6</drawSize>
          <shadowData>
            <volume>(0.4, 0.3, 0.3)</volume>
            <offset>(0,0,-0.2)</offset>
          </shadowData>
        </bodyGraphicData>
        <dessicatedBodyGraphicData>
          <texPath>Things/Pawn/Animal/Sheep/Dessicated_SheepFemale</texPath>
          <drawSize>0.6</drawSize>
        </dessicatedBodyGraphicData>
      </li>
      <li>
        <bodyGraphicData>
          <texPath>Things/Pawn/Animal/Sheep/SheepMale</texPath>
          <drawSize>1.30</drawSize>
          <shadowData>
            <volume>(0.6, 0.45, 0.45)</volume>
            <offset>(0,0,-0.25)</offset>
          </shadowData>
        </bodyGraphicData>
        <femaleGraphicData>
          <texPath>Things/Pawn/Animal/Sheep/SheepFemale</texPath>
          <drawSize>1.30</drawSize>
          <shadowData>
            <volume>(0.6, 0.45, 0.45)</volume>
            <offset>(0,0,-0.25)</offset>
          </shadowData>
        </femaleGraphicData>
        <dessicatedBodyGraphicData>
          <texPath>Things/Pawn/Animal/Sheep/Dessicated_SheepMale</texPath>
          <drawSize>1.30</drawSize>
        </dessicatedBodyGraphicData>
        <femaleDessicatedBodyGraphicData>
          <texPath>Things/Pawn/Animal/Sheep/Dessicated_SheepFemale</texPath>
          <drawSize>1.30</drawSize>
        </femaleDessicatedBodyGraphicData>
      </li>
      <li>
        <bodyGraphicData>
          <texPath>Things/Pawn/Animal/Sheep/SheepMale</texPath>
          <drawSize>1.75</drawSize>
          <shadowData>
            <volume>(0.6, 0.45, 0.45)</volume>
            <offset>(0,0,-0.25)</offset>
          </shadowData>
        </bodyGraphicData>
        <femaleGraphicData>
          <texPath>Things/Pawn/Animal/Sheep/SheepFemale</texPath>
          <drawSize>1.70</drawSize>
          <shadowData>
            <volume>(0.6, 0.45, 0.45)</volume>
            <offset>(0,0,-0.25)</offset>
          </shadowData>
        </femaleGraphicData>
        <dessicatedBodyGraphicData>
          <texPath>Things/Pawn/Animal/Sheep/Dessicated_SheepMale</texPath>
          <drawSize>1.75</drawSize>
        </dessicatedBodyGraphicData>
        <femaleDessicatedBodyGraphicData>
          <texPath>Things/Pawn/Animal/Sheep/Dessicated_SheepFemale</texPath>
          <drawSize>1.70</drawSize>
        </femaleDessicatedBodyGraphicData>
      </li>
    </lifeStages>
  </PawnKindDef>

  <!-- ======================= Horse =============================== -->
  <ThingDef ParentName="AnimalThingBase">
    <defName>Horse</defName>
    <label>horse</label>
    <description>A large hoofed mammal with a short coat, a long mane, and a long tail. Horses have been domesticated since ancient times.</description>
    <statBases>
      <MoveSpeed>5.8</MoveSpeed>
      <MarketValue>550</MarketValue>
      <ComfyTemperatureMin>-35</ComfyTemperatureMin>
      <ComfyTemperatureMax>45</ComfyTemperatureMax>
    </statBases>
    <uiIconScale>1.1</uiIconScale>
    <tools>
      <li>
        <label>head</label>
        <capacities>
          <li>Blunt</li>
        </capacities>
        <power>10</power>
        <cooldownTime>2.9</cooldownTime>
        <linkedBodyPartsGroup>HeadAttackTool</linkedBodyPartsGroup>
        <ensureLinkedBodyPartsGroupAlwaysUsable>true</ensureLinkedBodyPartsGroupAlwaysUsable>
      </li>
      <li>
        <label>left hoof</label>
        <capacities>
          <li>Blunt</li>
          <li>Poke</li>
        </capacities>
        <power>7</power>
        <cooldownTime>2</cooldownTime>
        <linkedBodyPartsGroup>FrontLeftLeg</linkedBodyPartsGroup>
      </li>
      <li>
        <label>right hoof</label>
        <capacities>
          <li>Blunt</li>
          <li>Poke</li>
        </capacities>
        <power>7</power>
        <cooldownTime>2</cooldownTime>
        <linkedBodyPartsGroup>FrontRightLeg</linkedBodyPartsGroup>
      </li>
      <li>
        <capacities>
          <li>Bite</li>
        </capacities>
        <power>5</power>
        <cooldownTime>2</cooldownTime>
        <linkedBodyPartsGroup>Teeth</linkedBodyPartsGroup>
        <chanceFactor>0.5</chanceFactor>
      </li>
    </tools>
    <race>
      <herdAnimal>true</herdAnimal>
      <body>QuadrupedAnimalWithHooves</body>
      <baseBodySize>2.0</baseBodySize>
      <baseHealthScale>1.75</baseHealthScale>
      <baseHungerRate>0.85</baseHungerRate>
      <foodType>VegetarianRoughAnimal</foodType>
      <leatherDef>Leather_Plain</leatherDef>
      <gestationPeriodDays>28</gestationPeriodDays>
      <wildness>0.5</wildness>
      <petness>0.6</petness>
      <trainability>Advanced</trainability>
      <manhunterOnDamageChance>0.1</manhunterOnDamageChance>
      <meatLabel>horse meat</meatLabel>
      <packAnimal>true</packAnimal>
      <lifeExpectancy>30</lifeExpectancy>
      <lifeStageAges>
        <li>
          <def>AnimalBaby</def>
          <minAge>0</minAge>
        </li>
        <li>
          <def>AnimalJuvenile</def>
          <minAge>0.25</minAge>
        </li>
        <li>
          <def>AnimalAdult</def>
          <minAge>0.5</minAge>
          <soundWounded>Pawn_Horse_Wounded</soundWounded>
          <soundDeath>Pawn_Horse_Death</soundDeath>
          <soundCall>Pawn_Horse_Call</soundCall>
          <soundAngry>Pawn_Horse_Angry</soundAngry>
        </li>
      </lifeStageAges>
      <soundMeleeHitPawn>Pawn_Melee_BigBash_HitPawn</soundMeleeHitPawn>
      <soundMeleeHitBuilding>Pawn_Melee_BigBash_HitBuilding</soundMeleeHitBuilding>
      <soundMeleeMiss>Pawn_Melee_BigBash_Miss</soundMeleeMiss>
    </race>
    <tradeTags>
      <li>AnimalCommon</li>
      <li>AnimalFarm</li>
    </tradeTags>
  </ThingDef>
  <PawnKindDef Name="Horse" ParentName="AnimalKindBase">
    <defName>Horse</defName>
    <label>horse</label>
    <labelMale>stallion</labelMale>
    <labelFemale>mare</labelFemale>
    <race>Horse</race>
    <combatPower>100</combatPower>
    <ecoSystemWeight>1.1</ecoSystemWeight>
    <wildGroupSize>3~6</wildGroupSize>
    <alternateGraphicChance>0.8</alternateGraphicChance>
    <alternateGraphics>
      <li><texPath>Things/Pawn/Animal/Horse/Horse1</texPath></li>
      <li><texPath>Things/Pawn/Animal/Horse/Horse2</texPath></li>
      <li><texPath>Things/Pawn/Animal/Horse/Horse3</texPath></li>
      <li><texPath>Things/Pawn/Animal/Horse/Horse4</texPath></li>
      <li><texPath>Things/Pawn/Animal/Horse/Horse5</texPath></li>
      <li><texPath>Things/Pawn/Animal/Horse/Horse6</texPath></li>
    </alternateGraphics>
    <lifeStages>
      <li>
        <label>foal</label>
        <bodyGraphicData>
          <texPath>Things/Pawn/Animal/Horse/Horse</texPath>
          <drawSize>1.3</drawSize>
          <shadowData>
            <volume>(0.4, 0.3, 0.3)</volume>
            <offset>(0,0,-0.2)</offset>
          </shadowData>
        </bodyGraphicData>
        <dessicatedBodyGraphicData>
          <texPath>Things/Pawn/Animal/Horse/Dessicated_Horse</texPath>
          <drawSize>1.3</drawSize>
        </dessicatedBodyGraphicData>
      </li>
      <li>
        <bodyGraphicData>
          <texPath>Things/Pawn/Animal/Horse/Horse</texPath>
          <drawSize>1.8</drawSize>
          <shadowData>
            <volume>(0.6, 0.45, 0.45)</volume>
            <offset>(0,0,-0.25)</offset>
          </shadowData>
        </bodyGraphicData>
        <dessicatedBodyGraphicData>
          <texPath>Things/Pawn/Animal/Horse/Dessicated_Horse</texPath>
          <drawSize>1.8</drawSize>
        </dessicatedBodyGraphicData>
      </li>
      <li>
        <bodyGraphicData>
          <texPath>Things/Pawn/Animal/Horse/Horse</texPath>
          <drawSize>2.1</drawSize>
          <shadowData>
            <volume>(0.8, 0.6, 0.6)</volume>
            <offset>(0,0,-0.3)</offset>
          </shadowData>
        </bodyGraphicData>
        <dessicatedBodyGraphicData>
          <texPath>Things/Pawn/Animal/Horse/Dessicated_Horse</texPath>
          <drawSize>2.1</drawSize>
        </dessicatedBodyGraphicData>
      </li>
    </lifeStages>
  </PawnKindDef>

  <!-- ======================= Yak =============================== -->
  <ThingDef ParentName="AnimalThingBase">
    <defName>Yak</defName>
    <label>yak</label>
    <description>Yaks are robust cattle with a bulky frame, short but thick legs, and rounded cloven hooves that are splayed to help them walk in snow.</description>
    <statBases>
      <MoveSpeed>3.2</MoveSpeed>
      <ComfyTemperatureMin>-10</ComfyTemperatureMin>
      <MarketValue>320</MarketValue>
    </statBases>
    <uiIconScale>1.15</uiIconScale>
    <comps>
      <li Class="CompProperties_Milkable">
        <milkDef>Milk</milkDef>
        <milkIntervalDays>2</milkIntervalDays>
        <milkAmount>12</milkAmount>
      </li>
    </comps>
    <tools>
      <li>
        <capacities>
          <li>Bite</li>
        </capacities>
        <power>8.8</power>
        <cooldownTime>2.6</cooldownTime>
        <linkedBodyPartsGroup>Teeth</linkedBodyPartsGroup>
        <chanceFactor>0.7</chanceFactor>
      </li>
      <li>
        <label>head</label>
        <capacities>
          <li>Blunt</li>
        </capacities>
        <power>9</power>
        <cooldownTime>2</cooldownTime>
        <linkedBodyPartsGroup>HeadAttackTool</linkedBodyPartsGroup>
        <ensureLinkedBodyPartsGroupAlwaysUsable>true</ensureLinkedBodyPartsGroupAlwaysUsable>
        <chanceFactor>0.2</chanceFactor>
      </li>
      <li>
        <label>left hoof</label>
        <capacities>
          <li>Blunt</li>
          <li>Poke</li>
        </capacities>
        <power>8</power>
        <cooldownTime>2</cooldownTime>
        <linkedBodyPartsGroup>FrontLeftLeg</linkedBodyPartsGroup>
      </li>
      <li>
        <label>right hoof</label>
        <capacities>
          <li>Blunt</li>
          <li>Poke</li>
        </capacities>
        <power>8</power>
        <cooldownTime>2</cooldownTime>
        <linkedBodyPartsGroup>FrontRightLeg</linkedBodyPartsGroup>
      </li>
    </tools>
    <race>
      <body>QuadrupedAnimalWithHooves</body>
      <herdAnimal>true</herdAnimal>
      <baseBodySize>1.9</baseBodySize>
      <baseHungerRate>0.85</baseHungerRate>
      <baseHealthScale>1.5</baseHealthScale>
      <foodType>VegetarianRoughAnimal</foodType>
      <leatherDef>Leather_Plain</leatherDef>
      <wildness>0.11</wildness>
      <petness>0.3</petness>
      <trainability>None</trainability>
      <packAnimal>true</packAnimal>
      <meatLabel>yak beef</meatLabel>
      <gestationPeriodDays>20</gestationPeriodDays>
      <lifeExpectancy>22</lifeExpectancy>
      <manhunterOnDamageChance>0.05</manhunterOnDamageChance>
      <manhunterOnTameFailChance>0.02</manhunterOnTameFailChance>
      <lifeStageAges>
        <li>
          <def>AnimalBaby</def>
          <minAge>0</minAge>
        </li>
        <li>
          <def>AnimalJuvenile</def>
          <minAge>0.2</minAge>
        </li>
        <li>
          <def>AnimalAdult</def>
          <minAge>0.45</minAge>
          <soundWounded>Pawn_Muffalo_Wounded</soundWounded>
          <soundDeath>Pawn_Muffalo_Death</soundDeath>
          <soundCall>Pawn_Muffalo_Call</soundCall>
          <soundAngry>Pawn_Muffalo_Angry</soundAngry>
        </li>
      </lifeStageAges>
      <soundMeleeHitPawn>Pawn_Melee_BigBash_HitPawn</soundMeleeHitPawn>
      <soundMeleeHitBuilding>Pawn_Melee_BigBash_HitBuilding</soundMeleeHitBuilding>
      <soundMeleeMiss>Pawn_Melee_BigBash_Miss</soundMeleeMiss>
    </race>
    <tradeTags>
      <li>AnimalCommon</li>
      <li>AnimalFarm</li>
    </tradeTags>
  </ThingDef>
  <PawnKindDef ParentName="AnimalKindBase">
    <defName>Yak</defName>
    <label>yak</label>
    <race>Yak</race>
    <combatPower>75</combatPower>
    <ecoSystemWeight>1.1</ecoSystemWeight>
    <labelMale>yak</labelMale>
    <wildGroupSize>3~5</wildGroupSize>
    <lifeStages>
      <li>
        <label>yak calf</label>
        <labelPlural>yak calves</labelPlural>
        <bodyGraphicData>
          <texPath>Things/Pawn/Animal/Yak/YakMale</texPath>
          <drawSize>1.3</drawSize>
          <shadowData>
            <volume>(0.4, 0.3, 0.3)</volume>
            <offset>(0,0,-0.2)</offset>
          </shadowData>
        </bodyGraphicData>
        <femaleGraphicData>
          <texPath>Things/Pawn/Animal/Yak/YakFemale</texPath>
          <drawSize>1.25</drawSize>
          <shadowData>
            <volume>(0.4, 0.3, 0.3)</volume>
            <offset>(0,0,-0.2)</offset>
          </shadowData>
        </femaleGraphicData>
        <dessicatedBodyGraphicData>
          <texPath>Things/Pawn/Animal/Yak/Dessicated_YakMale</texPath>
          <drawSize>1.3</drawSize>
        </dessicatedBodyGraphicData>
        <femaleDessicatedBodyGraphicData>
          <texPath>Things/Pawn/Animal/Yak/Dessicated_YakFemale</texPath>
          <drawSize>1.25</drawSize>
        </femaleDessicatedBodyGraphicData>
      </li>
      <li>
        <bodyGraphicData>
          <texPath>Things/Pawn/Animal/Yak/YakMale</texPath>
          <drawSize>2.15</drawSize>
          <shadowData>
            <volume>(0.6, 0.45, 0.45)</volume>
            <offset>(0,0,-0.25)</offset>
          </shadowData>
        </bodyGraphicData>
        <femaleGraphicData>
          <texPath>Things/Pawn/Animal/Yak/YakFemale</texPath>
          <drawSize>2.0</drawSize>
          <shadowData>
            <volume>(0.6, 0.45, 0.45)</volume>
            <offset>(0,0,-0.25)</offset>
          </shadowData>
        </femaleGraphicData>
        <dessicatedBodyGraphicData>
          <texPath>Things/Pawn/Animal/Yak/Dessicated_YakMale</texPath>
          <drawSize>2.15</drawSize>
        </dessicatedBodyGraphicData>
        <femaleDessicatedBodyGraphicData>
          <texPath>Things/Pawn/Animal/Yak/Dessicated_YakFemale</texPath>
          <drawSize>2.0</drawSize>
        </femaleDessicatedBodyGraphicData>
      </li>
      <li>
        <bodyGraphicData>
          <texPath>Things/Pawn/Animal/Yak/YakMale</texPath>
          <drawSize>2.7</drawSize>
          <shadowData>
            <volume>(0.8, 0.6, 0.6)</volume>
            <offset>(0,0,-0.3)</offset>
          </shadowData>
        </bodyGraphicData>
        <femaleGraphicData>
          <texPath>Things/Pawn/Animal/Yak/YakFemale</texPath>
          <drawSize>2.6</drawSize>
          <shadowData>
            <volume>(0.8, 0.6, 0.6)</volume>
            <offset>(0,0,-0.3)</offset>
          </shadowData>
        </femaleGraphicData>
        <dessicatedBodyGraphicData>
          <texPath>Things/Pawn/Animal/Yak/Dessicated_YakMale</texPath>
          <drawSize>2.7</drawSize>
        </dessicatedBodyGraphicData>
        <femaleDessicatedBodyGraphicData>
          <texPath>Things/Pawn/Animal/Yak/Dessicated_YakFemale</texPath>
          <drawSize>2.6</drawSize>
        </femaleDessicatedBodyGraphicData>
      </li>
    </lifeStages>
  </PawnKindDef>

  <!-- ======================= Guinea Pig =============================== -->
  <ThingDef ParentName="AnimalThingBase">
    <defName>GuineaPig</defName>
    <label>guinea pig</label>
    <description>Neither a pig or a creature from Guinea, these little rodents are bred to be a household pet and a delicious dinner.</description>
    <statBases>
      <MoveSpeed>5.0</MoveSpeed>
      <MarketValue>150</MarketValue>
      <ComfyTemperatureMin>-15</ComfyTemperatureMin>
      <ComfyTemperatureMax>55</ComfyTemperatureMax>
    </statBases>
    <tools>
      <li>
        <label>left claw</label>
        <capacities>
          <li>Scratch</li>
        </capacities>
        <power>3.6</power>
        <cooldownTime>1.5</cooldownTime>
        <linkedBodyPartsGroup>FrontLeftPaw</linkedBodyPartsGroup>
      </li>
      <li>
        <label>right claw</label>
        <capacities>
          <li>Scratch</li>
        </capacities>
        <power>3.6</power>
        <cooldownTime>1.5</cooldownTime>
        <linkedBodyPartsGroup>FrontRightPaw</linkedBodyPartsGroup>
      </li>
      <li>
        <capacities>
          <li>Bite</li>
        </capacities>
        <power>5.8</power>
        <cooldownTime>2</cooldownTime>
        <linkedBodyPartsGroup>Teeth</linkedBodyPartsGroup>
        <chanceFactor>0.7</chanceFactor>
      </li>
      <li>
        <label>head</label>
        <capacities>
          <li>Blunt</li>
        </capacities>
        <power>2</power>
        <cooldownTime>2</cooldownTime>
        <linkedBodyPartsGroup>HeadAttackTool</linkedBodyPartsGroup>
        <ensureLinkedBodyPartsGroupAlwaysUsable>true</ensureLinkedBodyPartsGroupAlwaysUsable>
        <chanceFactor>0.2</chanceFactor>
      </li>
    </tools>
    <race>
      <body>QuadrupedAnimalWithPawsAndTail</body>
      <baseBodySize>0.28</baseBodySize>
      <baseHealthScale>0.4</baseHealthScale>
      <baseHungerRate>0.34</baseHungerRate>
      <foodType>VegetarianRoughAnimal</foodType>
      <leatherDef>Leather_GuineaPig</leatherDef>
      <wildness>0.60</wildness>
      <trainability>None</trainability>
      <petness>0.30</petness>
      <mateMtbHours>8</mateMtbHours>
      <nuzzleMtbHours>48</nuzzleMtbHours>
      <gestationPeriodDays>14</gestationPeriodDays>
      <manhunterOnTameFailChance>0.02</manhunterOnTameFailChance>
      <manhunterOnDamageChance>0</manhunterOnDamageChance>
      <litterSizeCurve>
        <points>
          <li>(0.5, 0)</li>
          <li>(1, 1)</li>
          <li>(2.5, 1)</li>
          <li>(3, 0)</li>
        </points>
      </litterSizeCurve>
      <lifeExpectancy>4</lifeExpectancy>
      <lifeStageAges>
        <li>
          <def>AnimalBaby</def>
          <minAge>0</minAge>
        </li>
        <li>
          <def>AnimalJuvenile</def>
          <minAge>0.15</minAge>
          <soundWounded>Pawn_GuineaPig_Wounded</soundWounded>
          <soundDeath>Pawn_GuineaPig_Death</soundDeath>
          <soundCall>Pawn_GuineaPig_Call</soundCall>
          <soundAngry>Pawn_GuineaPig_Angry</soundAngry>
        </li>
        <li>
          <def>AnimalAdult</def>
          <minAge>0.30</minAge>
          <soundWounded>Pawn_GuineaPig_Wounded</soundWounded>
          <soundDeath>Pawn_GuineaPig_Death</soundDeath>
          <soundCall>Pawn_GuineaPig_Call</soundCall>
          <soundAngry>Pawn_GuineaPig_Angry</soundAngry>
        </li>
      </lifeStageAges>
      <soundMeleeHitPawn>Pawn_Melee_SmallScratch_HitPawn</soundMeleeHitPawn>
      <soundMeleeHitBuilding>Pawn_Melee_SmallScratch_HitBuilding</soundMeleeHitBuilding>
      <soundMeleeMiss>Pawn_Melee_SmallScratch_Miss</soundMeleeMiss>
    </race>
    <tradeTags>
      <li>AnimalPet</li>
      <li>AnimalUncommon</li>
      <li>AnimalFarm</li>
    </tradeTags>
  </ThingDef>
  <PawnKindDef ParentName="AnimalKindBase">
    <defName>GuineaPig</defName>
    <label>guinea pig</label>
    <race>GuineaPig</race>
    <combatPower>33</combatPower>
    <ecoSystemWeight>0.3</ecoSystemWeight>
    <wildGroupSize>3~8</wildGroupSize>
    <alternateGraphicChance>0.99</alternateGraphicChance>
    <alternateGraphics>
      <li><texPath>Things/Pawn/Animal/GuineaPig/GuineaPig1</texPath></li>
      <li><texPath>Things/Pawn/Animal/GuineaPig/GuineaPig2</texPath></li>
      <li><texPath>Things/Pawn/Animal/GuineaPig/GuineaPig3</texPath></li>
      <li><color>(0.494,0.356,0.164,1)</color></li>
      <li><color>(0.333,0.333,0.333,1)</color></li>
    </alternateGraphics>
    <lifeStages>
      <li>
        <bodyGraphicData>
          <texPath>Things/Pawn/Animal/GuineaPig/GuineaPig</texPath>
          <drawSize>0.5</drawSize>
          <shaderType>CutoutComplex</shaderType>
        </bodyGraphicData>
        <dessicatedBodyGraphicData>
          <texPath>Things/Pawn/Animal/GuineaPig/Dessicated_GuineaPig</texPath>
          <drawSize>0.5</drawSize>
        </dessicatedBodyGraphicData>
      </li>
      <li>
        <bodyGraphicData>
          <texPath>Things/Pawn/Animal/GuineaPig/GuineaPig</texPath>
          <drawSize>0.75</drawSize>
          <shaderType>CutoutComplex</shaderType>
        </bodyGraphicData>
        <dessicatedBodyGraphicData>
          <texPath>Things/Pawn/Animal/GuineaPig/Dessicated_GuineaPig</texPath>
          <drawSize>0.75</drawSize>
        </dessicatedBodyGraphicData>
      </li>
      <li>
        <bodyGraphicData>
          <texPath>Things/Pawn/Animal/GuineaPig/GuineaPig</texPath>
          <drawSize>1</drawSize>
          <shaderType>CutoutComplex</shaderType>
          <shadowData>
            <volume>(0.25, 0.3, 0.25)</volume>
            <offset>(0,0,0)</offset>
          </shadowData>
        </bodyGraphicData>
        <dessicatedBodyGraphicData>
          <texPath>Things/Pawn/Animal/GuineaPig/Dessicated_GuineaPig</texPath>
          <drawSize>1</drawSize>
        </dessicatedBodyGraphicData>
      </li>
    </lifeStages>
  </PawnKindDef>

  <!-- ======================= Donkey =============================== -->
  <ThingDef ParentName="AnimalThingBase">
    <defName>Donkey</defName>
    <label>donkey</label>
    <description>A small relative of the horse, domesticated in ancient times for farm work. Its goofy call is simultaneously annoying and endearing.</description>
    <statBases>
      <MoveSpeed>5.3</MoveSpeed>
      <MarketValue>320</MarketValue>
      <ComfyTemperatureMin>-10</ComfyTemperatureMin>
      <ComfyTemperatureMax>45</ComfyTemperatureMax>
    </statBases>
    <uiIconScale>1.25</uiIconScale>
    <tools>
      <li>
        <label>head</label>
        <capacities>
          <li>Blunt</li>
        </capacities>
        <power>12</power>
        <cooldownTime>2.9</cooldownTime>
        <linkedBodyPartsGroup>HeadAttackTool</linkedBodyPartsGroup>
        <ensureLinkedBodyPartsGroupAlwaysUsable>true</ensureLinkedBodyPartsGroupAlwaysUsable>
      </li>
      <li>
        <label>left hoof</label>
        <capacities>
          <li>Blunt</li>
          <li>Poke</li>
        </capacities>
        <power>8</power>
        <cooldownTime>2</cooldownTime>
        <linkedBodyPartsGroup>FrontLeftLeg</linkedBodyPartsGroup>
      </li>
      <li>
        <label>right hoof</label>
        <capacities>
          <li>Blunt</li>
          <li>Poke</li>
        </capacities>
        <power>8</power>
        <cooldownTime>2</cooldownTime>
        <linkedBodyPartsGroup>FrontRightLeg</linkedBodyPartsGroup>
      </li>
      <li>
        <capacities>
          <li>Bite</li>
        </capacities>
        <power>6</power>
        <cooldownTime>2</cooldownTime>
        <linkedBodyPartsGroup>Teeth</linkedBodyPartsGroup>
        <chanceFactor>0.5</chanceFactor>
      </li>
    </tools>
    <race>
      <herdAnimal>true</herdAnimal>
      <body>QuadrupedAnimalWithHooves</body>
      <baseBodySize>2.0</baseBodySize>
      <baseHealthScale>1.45</baseHealthScale>
      <baseHungerRate>0.75</baseHungerRate>
      <foodType>VegetarianRoughAnimal</foodType>
      <leatherDef>Leather_Plain</leatherDef>
      <gestationPeriodDays>28</gestationPeriodDays>
      <wildness>0.03</wildness>
      <petness>0.60</petness>
      <trainability>Advanced</trainability>
      <manhunterOnDamageChance>0.05</manhunterOnDamageChance>
      <packAnimal>true</packAnimal>
      <lifeExpectancy>24</lifeExpectancy>
      <lifeStageAges>
        <li>
          <def>AnimalBaby</def>
          <minAge>0</minAge>
        </li>
        <li>
          <def>AnimalJuvenile</def>
          <minAge>0.25</minAge>
        </li>
        <li>
          <def>AnimalAdult</def>
          <minAge>0.5</minAge>
          <soundWounded>Pawn_Donkey_Wounded</soundWounded>
          <soundDeath>Pawn_Donkey_Death</soundDeath>
          <soundCall>Pawn_Donkey_Call</soundCall>
          <soundAngry>Pawn_Donkey_Angry</soundAngry>
        </li>
      </lifeStageAges>
      <soundMeleeHitPawn>Pawn_Melee_BigBash_HitPawn</soundMeleeHitPawn>
      <soundMeleeHitBuilding>Pawn_Melee_BigBash_HitBuilding</soundMeleeHitBuilding>
      <soundMeleeMiss>Pawn_Melee_BigBash_Miss</soundMeleeMiss>
    </race>
    <tradeTags>
      <li>AnimalUncommon</li>
      <li>AnimalFarm</li>
    </tradeTags>
  </ThingDef>
  <PawnKindDef Name="Donkey" ParentName="AnimalKindBase">
    <defName>Donkey</defName>
    <label>donkey</label>
    <race>Donkey</race>
    <combatPower>80</combatPower>
    <ecoSystemWeight>1.1</ecoSystemWeight>
    <wildGroupSize>2~4</wildGroupSize>
    <lifeStages>
      <li>
        <label>donkey foal</label>
        <bodyGraphicData>
          <texPath>Things/Pawn/Animal/Donkey/Donkey</texPath>
          <drawSize>1.3</drawSize>
          <shadowData>
            <volume>(0.3, 0.2, 0.3)</volume>
            <offset>(0,0,-0.1)</offset>
          </shadowData>
        </bodyGraphicData>
        <dessicatedBodyGraphicData>
          <texPath>Things/Pawn/Animal/Donkey/Dessicated_Donkey</texPath>
          <drawSize>1.3</drawSize>
        </dessicatedBodyGraphicData>
      </li>
      <li>
        <bodyGraphicData>
          <texPath>Things/Pawn/Animal/Donkey/Donkey</texPath>
          <drawSize>1.6</drawSize>
          <shadowData>
            <volume>(0.4, 0.25, 0.35)</volume>
            <offset>(0,0,-0.15)</offset>
          </shadowData>
        </bodyGraphicData>
        <dessicatedBodyGraphicData>
          <texPath>Things/Pawn/Animal/Donkey/Dessicated_Donkey</texPath>
          <drawSize>1.6</drawSize>
        </dessicatedBodyGraphicData>
      </li>
      <li>
        <bodyGraphicData>
          <texPath>Things/Pawn/Animal/Donkey/Donkey</texPath>
          <drawSize>1.9</drawSize>
          <shadowData>
            <volume>(0.5, 0.3, 0.45)</volume>
            <offset>(0,0,-0.2)</offset>
          </shadowData>
        </bodyGraphicData>
        <dessicatedBodyGraphicData>
          <texPath>Things/Pawn/Animal/Donkey/Dessicated_Donkey</texPath>
          <drawSize>1.9</drawSize>
        </dessicatedBodyGraphicData>
      </li>
    </lifeStages>
  </PawnKindDef>
  
</Defs>
