﻿<?xml version="1.0" encoding="utf-8" ?>
<Defs>

  <RuleDef>
    <defName>FactionBase</defName>
    <symbol>factionBase</symbol>
    <resolvers>
      <li Class="SymbolResolver_FactionBase">
        <minRectSize>(12, 12)</minRectSize>
      </li>
    </resolvers>
  </RuleDef>

  <RuleDef>
    <defName>EdgeDefense</defName>
    <symbol>edgeDefense</symbol>
    <resolvers>
      <li Class="SymbolResolver_EdgeDefense">
        <minRectSize>(2, 2)</minRectSize>
      </li>
    </resolvers>
  </RuleDef>
  
  <RuleDef>
    <defName>AncientShrinesGroup</defName>
    <symbol>ancientShrinesGroup</symbol>
    <resolvers>
      <li Class="SymbolResolver_AncientShrinesGroup">
        <minRectSize>(4, 3)</minRectSize>
      </li>
    </resolvers>
  </RuleDef>
  
  <RuleDef>
    <defName>AncientShrine</defName>
    <symbol>ancientShrine</symbol>
    <resolvers>
      <li Class="SymbolResolver_AncientShrine">
        <minRectSize>(4, 3)</minRectSize>
      </li>
    </resolvers>
  </RuleDef>
  
  <RuleDef>
    <defName>AncientRuins</defName>
    <symbol>ancientRuins</symbol>
    <resolvers>
      <li Class="SymbolResolver_AncientRuins">
        <minRectSize>(3, 3)</minRectSize>
      </li>
    </resolvers>
  </RuleDef>
  
  <RuleDef>
    <defName>RandomMechanoidGroup</defName>
    <symbol>randomMechanoidGroup</symbol>
    <resolvers>
      <li Class="SymbolResolver_RandomMechanoidGroup" />
    </resolvers>
  </RuleDef>
  
  <RuleDef>
    <defName>Hives</defName>
    <symbol>hives</symbol>
    <resolvers>
      <li Class="SymbolResolver_Hives">
        <minRectSize>(2, 2)</minRectSize>
      </li>
    </resolvers>
  </RuleDef>
  
  <RuleDef>
    <defName>FillWithBeds</defName>
    <symbol>fillWithBeds</symbol>
    <resolvers>
      <li Class="SymbolResolver_FillWithBeds" />
    </resolvers>
  </RuleDef>
  
  <RuleDef>
    <defName>Stockpile</defName>
    <symbol>stockpile</symbol>
    <resolvers>
      <li Class="SymbolResolver_Stockpile" />
    </resolvers>
  </RuleDef>
  
  <RuleDef>
    <defName>MannedMortar</defName>
    <symbol>mannedMortar</symbol>
    <resolvers>
      <li Class="SymbolResolver_MannedMortar">
        <minRectSize>(3, 3)</minRectSize>
      </li>
    </resolvers>
  </RuleDef>

  <RuleDef>
    <defName>EdgeMannedMortar</defName>
    <symbol>edgeMannedMortar</symbol>
    <resolvers>
      <li Class="SymbolResolver_EdgeMannedMortar">
        <minRectSize>(3, 3)</minRectSize>
      </li>
    </resolvers>
  </RuleDef>

  <RuleDef>
    <defName>Farm</defName>
    <symbol>farm</symbol>
    <resolvers>
      <li Class="SymbolResolver_Farm" />
    </resolvers>
  </RuleDef>

  <RuleDef>
    <defName>FillWithThings</defName>
    <symbol>fillWithThings</symbol>
    <resolvers>
      <li Class="SymbolResolver_FillWithThings" />
    </resolvers>
  </RuleDef>

  <RuleDef>
    <defName>Refuel</defName>
    <symbol>refuel</symbol>
    <resolvers>
      <li Class="SymbolResolver_Refuel" />
    </resolvers>
  </RuleDef>

  <RuleDef>
    <defName>ChargeBatteries</defName>
    <symbol>chargeBatteries</symbol>
    <resolvers>
      <li Class="SymbolResolver_ChargeBatteries" />
    </resolvers>
  </RuleDef>

  <RuleDef>
    <defName>PlaceChairsNearTables</defName>
    <symbol>placeChairsNearTables</symbol>
    <resolvers>
      <li Class="SymbolResolver_PlaceChairsNearTables" />
    </resolvers>
  </RuleDef>

  <RuleDef>
    <defName>RandomlyPlaceMealsOnTables</defName>
    <symbol>randomlyPlaceMealsOnTables</symbol>
    <resolvers>
      <li Class="SymbolResolver_RandomlyPlaceMealsOnTables" />
    </resolvers>
  </RuleDef>

  <RuleDef>
    <defName>AddWortToFermentingBarrels</defName>
    <symbol>addWortToFermentingBarrels</symbol>
    <resolvers>
      <li Class="SymbolResolver_AddWortToFermentingBarrels" />
    </resolvers>
  </RuleDef>

  <RuleDef>
    <defName>Street</defName>
    <symbol>street</symbol>
    <resolvers>
      <li Class="SymbolResolver_Street" />
    </resolvers>
  </RuleDef>

  <RuleDef>
    <defName>EdgeStreet</defName>
    <symbol>edgeStreet</symbol>
    <resolvers>
      <li Class="SymbolResolver_EdgeStreet" />
    </resolvers>
  </RuleDef>

  <RuleDef>
    <defName>IndoorLighting</defName>
    <symbol>indoorLighting</symbol>
    <resolvers>
      <li Class="SymbolResolver_IndoorLighting" />
    </resolvers>
  </RuleDef>

  <RuleDef>
    <defName>OutdoorLighting</defName>
    <symbol>outdoorLighting</symbol>
    <resolvers>
      <li Class="SymbolResolver_OutdoorLighting" />
    </resolvers>
  </RuleDef>

  <RuleDef>
    <defName>InnerStockpile</defName>
    <symbol>innerStockpile</symbol>
    <resolvers>
      <li Class="SymbolResolver_InnerStockpile" />
    </resolvers>
  </RuleDef>

  <!-- Single rooms -->

  <RuleDef>
    <defName>Brewery</defName>
    <symbol>brewery</symbol>
    <resolvers>
      <li Class="SymbolResolver_GenericRoom">
        <minRectSize>(4, 4)</minRectSize>
        <interior>interior_brewery</interior>
      </li>
    </resolvers>
  </RuleDef>

  <RuleDef>
    <defName>DiningRoom</defName>
    <symbol>diningRoom</symbol>
    <resolvers>
      <li Class="SymbolResolver_GenericRoom">
        <minRectSize>(5, 5)</minRectSize>
        <interior>interior_diningRoom</interior>
      </li>
    </resolvers>
  </RuleDef>

  <RuleDef>
    <defName>BatteryRoom</defName>
    <symbol>batteryRoom</symbol>
    <resolvers>
      <li Class="SymbolResolver_GenericRoom">
        <minRectSize>(4, 4)</minRectSize>
        <interior>interior_batteryRoom</interior>
      </li>
    </resolvers>
  </RuleDef>

  <RuleDef>
    <defName>Storage</defName>
    <symbol>storage</symbol>
    <resolvers>
      <li Class="SymbolResolver_GenericRoom">
        <minRectSize>(3, 3)</minRectSize>
        <interior>interior_storage</interior>
      </li>
    </resolvers>
  </RuleDef>
  
  <RuleDef>
    <defName>Barracks</defName>
    <symbol>barracks</symbol>
    <resolvers>
      <li Class="SymbolResolver_GenericRoom">
        <minRectSize>(3, 3)</minRectSize>
        <interior>interior_barracks</interior>
      </li>
    </resolvers>
  </RuleDef>

  <RuleDef>
    <defName>PrisonCell</defName>
    <symbol>prisonCell</symbol>
    <resolvers>
      <li Class="SymbolResolver_GenericRoom">
        <minRectSize>(3, 3)</minRectSize>
        <interior>interior_prisonCell</interior>
      </li>
    </resolvers>
  </RuleDef>

  <RuleDef>
    <defName>AncientTemple</defName>
    <symbol>ancientTemple</symbol>
    <resolvers>
      <li Class="SymbolResolver_AncientTemple">
        <minRectSize>(6, 5)</minRectSize>
      </li>
    </resolvers>
  </RuleDef>

</Defs>
