﻿<?xml version="1.0" encoding="utf-8" ?>
<Defs>
  
  <RuleDef>
    <defName>Clear</defName>
    <symbol>clear</symbol>
    <resolvers>
      <li Class="SymbolResolver_Clear" />
    </resolvers>
  </RuleDef>
  
  <RuleDef>
    <defName>SingleThing</defName>
    <symbol>thing</symbol>
    <resolvers>
      <li Class="SymbolResolver_SingleThing" />
    </resolvers>
  </RuleDef>

  <RuleDef>
    <defName>SinglePawn</defName>
    <symbol>pawn</symbol>
    <resolvers>
      <li Class="SymbolResolver_SinglePawn" />
    </resolvers>
  </RuleDef>

  <RuleDef>
    <defName>FloorFill</defName>
    <symbol>floor</symbol>
    <resolvers>
      <li Class="SymbolResolver_FloorFill" />
    </resolvers>
  </RuleDef>

  <RuleDef>
    <defName>Roof</defName>
    <symbol>roof</symbol>
    <resolvers>
      <li Class="SymbolResolver_Roof" />
    </resolvers>
  </RuleDef>

  <RuleDef>
    <defName>EnsureCanReachMapEdge</defName>
    <symbol>ensureCanReachMapEdge</symbol>
    <resolvers>
      <li Class="SymbolResolver_EnsureCanReachMapEdge">
        <minRectSize>(0, 0)</minRectSize>
      </li>
    </resolvers>
  </RuleDef>
  
  <RuleDef>
    <defName>EnsureCanHoldRoof</defName>
    <symbol>ensureCanHoldRoof</symbol>
    <resolvers>
      <li Class="SymbolResolver_EnsureCanHoldRoof">
        <minRectSize>(0, 0)</minRectSize>
      </li>
    </resolvers>
  </RuleDef>

  <RuleDef>
    <defName>OutdoorsCampfire</defName>
    <symbol>outdoorsCampfire</symbol>
    <resolvers>
      <li Class="SymbolResolver_OutdoorsCampfire" />
    </resolvers>
  </RuleDef>
  
  <RuleDef>
    <defName>FirefoamPopper</defName>
    <symbol>firefoamPopper</symbol>
    <resolvers>
      <li Class="SymbolResolver_FirefoamPopper" />
    </resolvers>
  </RuleDef>
  
  <RuleDef>
    <defName>PawnGroup</defName>
    <symbol>pawnGroup</symbol>
    <resolvers>
      <li Class="SymbolResolver_PawnGroup" />
    </resolvers>
  </RuleDef>
  
  <RuleDef>
    <defName>ItemCollection</defName>
    <symbol>itemCollection</symbol>
    <resolvers>
      <li Class="SymbolResolver_ItemCollection" />
    </resolvers>
  </RuleDef>

  <RuleDef>
    <defName>EmptyRoom</defName>
    <symbol>emptyRoom</symbol>
    <resolvers>
      <li Class="SymbolResolver_EmptyRoom">
        <minRectSize>(3, 3)</minRectSize>
      </li>
    </resolvers>
  </RuleDef>
  
  <RuleDef>
    <defName>Doors</defName>
    <symbol>doors</symbol>
    <resolvers>
      <li Class="SymbolResolver_Doors" />
    </resolvers>
  </RuleDef>
  
  <RuleDef>
    <defName>ExtraDoor</defName>
    <symbol>extraDoor</symbol>
    <resolvers>
      <li Class="SymbolResolver_ExtraDoor" />
    </resolvers>
  </RuleDef>

  <RuleDef>
    <defName>EdgeSandbags</defName>
    <symbol>edgeSandbags</symbol>
    <resolvers>
      <li Class="SymbolResolver_EdgeSandbags" />
    </resolvers>
  </RuleDef>
  
  <RuleDef>
    <defName>EdgeWalls</defName>
    <symbol>edgeWalls</symbol>
    <resolvers>
      <li Class="SymbolResolver_EdgeWalls" />
    </resolvers>
  </RuleDef>
  
  <RuleDef>
    <defName>EdgeFloor</defName>
    <symbol>edgeFloor</symbol>
    <resolvers>
      <li Class="SymbolResolver_EdgeFloor" />
    </resolvers>
  </RuleDef>

  <RuleDef>
    <defName>AncientCryptosleepCasket</defName>
    <symbol>ancientCryptosleepCasket</symbol>
    <resolvers>
      <li Class="SymbolResolver_AncientCryptosleepCasket" />
    </resolvers>
  </RuleDef>
  
  <RuleDef>
    <defName>EdgeThing</defName>
    <symbol>edgeThing</symbol>
    <resolvers>
      <li Class="SymbolResolver_EdgeThing" />
    </resolvers>
  </RuleDef>
  
  <RuleDef>
    <defName>CultivatedPlants</defName>
    <symbol>cultivatedPlants</symbol>
    <resolvers>
      <li Class="SymbolResolver_CultivatedPlants" />
    </resolvers>
  </RuleDef>

  <RuleDef>
    <defName>Bed</defName>
    <symbol>bed</symbol>
    <resolvers>
      <li Class="SymbolResolver_Bed" />
    </resolvers>
  </RuleDef>

  <RuleDef>
    <defName>PrisonerBed</defName>
    <symbol>prisonerBed</symbol>
    <resolvers>
      <li Class="SymbolResolver_PrisonerBed" />
    </resolvers>
  </RuleDef>

</Defs>
