﻿<?xml version="1.0" encoding="utf-8" ?>
<Defs>

  <TerrainDef>
    <defName>Underwall</defName>
    <label>underwall</label>
    <texturePath>Terrain/Surfaces/Underwall</texturePath>
    <edgeType>Hard</edgeType>
    <renderPrecedence>0</renderPrecedence>
    <fertility>0</fertility>
  </TerrainDef>

  <TerrainDef>
    <defName>Bridge</defName>
    <label>bridge</label>
    <description>A flat wooden surface on supportive beams which can be built over water. You can build light structures on bridges, but be careful - bridges are fragile. If a bridge falls, buildings on top of it fall as well.</description>
    <texturePath>Terrain/Surfaces/Bridge</texturePath>
    <uiIconPath>Terrain/Surfaces/Bridge_MenuIcon</uiIconPath>
    <layerable>true</layerable>
    <affordances>
      <li>Light</li>
    </affordances>
    <designationCategory>Structure</designationCategory>
    <fertility>0</fertility>
    <constructEffect>ConstructWood</constructEffect>
    <terrainAffordanceNeeded>Bridgeable</terrainAffordanceNeeded>
    <edgeType>Hard</edgeType>
    <renderPrecedence>400</renderPrecedence>
    <statBases>
      <WorkToBuild>1500</WorkToBuild>
      <Flammability>0.8</Flammability>
    </statBases>
    <costList>
      <WoodLog>12</WoodLog>
    </costList>
    <designationHotKey>Misc4</designationHotKey>
    <destroyOnBombDamageThreshold>35</destroyOnBombDamageThreshold>
    <destroyBuildingsOnDestroyed>true</destroyBuildingsOnDestroyed>
    <destroyEffect>Bridge_Collapse</destroyEffect>
    <destroyEffectWater>Bridge_CollapseWater</destroyEffectWater>
  </TerrainDef>

</Defs>
