﻿<?xml version="1.0" encoding="utf-8" ?>

<BodyPartDefs>

  <BodyPartDef>
    <defName>Head</defName>
    <label>head</label>
    <hitPoints>30</hitPoints>
    <oldInjuryBaseChance>0.08</oldInjuryBaseChance>
    <skinCovered>true</skinCovered>
    <dontSuggestAmputation>true</dontSuggestAmputation>
    <bleedingRateMultiplier>2</bleedingRateMultiplier>
  </BodyPartDef>

  <BodyPartDef>
    <defName>Skull</defName>
    <label>skull</label>
    <hitPoints>30</hitPoints>
    <oldInjuryBaseChance>0</oldInjuryBaseChance>
    <skinCovered>false</skinCovered>
    <isSolid>true</isSolid>
    <dontSuggestAmputation>true</dontSuggestAmputation>
  </BodyPartDef>

  <BodyPartDef>
    <defName>Brain</defName>
    <label>brain</label>
    <hitPoints>10</hitPoints>
    <oldInjuryBaseChance>1</oldInjuryBaseChance>
    <skinCovered>false</skinCovered>
    <tags>
      <li>ConsciousnessSource</li>
    </tags>
    <dontSuggestAmputation>true</dontSuggestAmputation>
  </BodyPartDef>

  <BodyPartDef>
    <defName>LeftEye</defName>
    <label>left eye</label>
    <hitPoints>10</hitPoints>
    <oldInjuryBaseChance>1</oldInjuryBaseChance>
    <skinCovered>false</skinCovered>
    <useDestroyedOutLabel>true</useDestroyedOutLabel>
    <beautyRelated>true</beautyRelated>
    <tags>
      <li>SightSource</li>
    </tags>
    <hitChanceFactors>
      <li>
        <key>Blunt</key>
        <value>0</value>
      </li>
    </hitChanceFactors>
  </BodyPartDef>

  <BodyPartDef>
    <defName>RightEye</defName>
    <label>right eye</label>
    <hitPoints>10</hitPoints>
    <oldInjuryBaseChance>1</oldInjuryBaseChance>
    <skinCovered>false</skinCovered>
    <useDestroyedOutLabel>true</useDestroyedOutLabel>
    <beautyRelated>true</beautyRelated>
    <tags>
      <li>SightSource</li>
    </tags>
    <hitChanceFactors>
      <li>
        <key>Blunt</key>
        <value>0</value>
      </li>
    </hitChanceFactors>
  </BodyPartDef>

  <BodyPartDef>
    <defName>LeftEar</defName>
    <label>left ear</label>
    <hitPoints>10</hitPoints>
    <frostbiteVulnerability>5</frostbiteVulnerability>
    <oldInjuryBaseChance>0.08</oldInjuryBaseChance>
    <skinCovered>true</skinCovered>
    <beautyRelated>true</beautyRelated>
    <tags>
      <li>HearingSource</li>
    </tags>
  </BodyPartDef>

  <BodyPartDef>
    <defName>RightEar</defName>
    <label>right ear</label>
    <hitPoints>10</hitPoints>
    <frostbiteVulnerability>5</frostbiteVulnerability>
    <oldInjuryBaseChance>0.08</oldInjuryBaseChance>
    <skinCovered>true</skinCovered>
    <beautyRelated>true</beautyRelated>
    <tags>
      <li>HearingSource</li>
    </tags>
  </BodyPartDef>

  <BodyPartDef>
    <defName>Nose</defName>
    <label>nose</label>
    <hitPoints>10</hitPoints>
    <frostbiteVulnerability>5</frostbiteVulnerability>
    <oldInjuryBaseChance>0.08</oldInjuryBaseChance>
    <skinCovered>true</skinCovered>
    <beautyRelated>true</beautyRelated>
  </BodyPartDef>

  <BodyPartDef>
    <defName>Jaw</defName>
    <label>jaw</label>
    <hitPoints>20</hitPoints>
    <frostbiteVulnerability>2</frostbiteVulnerability>
    <oldInjuryBaseChance>0</oldInjuryBaseChance>
    <skinCovered>false</skinCovered>
    <isSolid>true</isSolid>
    <beautyRelated>true</beautyRelated>
    <tags>
      <li>EatingSource</li>
      <li>TalkingSource</li>
    </tags>
  </BodyPartDef>

  <BodyPartDef>
    <defName>Neck</defName>
    <label>neck</label>
    <hitPoints>30</hitPoints>
    <oldInjuryBaseChance>0.08</oldInjuryBaseChance>
    <bleedingRateMultiplier>4</bleedingRateMultiplier>
    <skinCovered>true</skinCovered>
    <tags>
      <li>BreathingPathway</li>
      <li>EatingPathway</li>
      <li>TalkingPathway</li>
    </tags>
    <dontSuggestAmputation>true</dontSuggestAmputation>
  </BodyPartDef>


  <BodyPartDef>
    <defName>Rib</defName>
    <label>rib</label>
    <hitPoints>8</hitPoints>
    <oldInjuryBaseChance>0</oldInjuryBaseChance>
    <skinCovered>false</skinCovered>
    <isSolid>true</isSolid>
  </BodyPartDef>

  <BodyPartDef>
    <defName>Spine</defName>
    <label>spine</label>
    <hitPoints>20</hitPoints>
    <oldInjuryBaseChance>0</oldInjuryBaseChance>
    <skinCovered>false</skinCovered>
    <isSolid>true</isSolid>
    <tags>
      <li>Spine</li>
    </tags>
  </BodyPartDef>

  <BodyPartDef>
    <defName>LeftLeg</defName>
    <label>left leg</label>
    <hitPoints>30</hitPoints>
    <oldInjuryBaseChance>0.08</oldInjuryBaseChance>
    <skinCovered>true</skinCovered>
    <tags>
      <li>MovingLimbCore</li>
    </tags>
  </BodyPartDef>

  <BodyPartDef>
    <defName>LeftFoot</defName>
    <label>left foot</label>
    <hitPoints>20</hitPoints>
    <frostbiteVulnerability>0.5</frostbiteVulnerability>
    <oldInjuryBaseChance>0.08</oldInjuryBaseChance>
    <skinCovered>true</skinCovered>
    <tags>
      <li>MovingLimbSegment</li>
    </tags>
  </BodyPartDef>

  <BodyPartDef>
    <defName>RightLeg</defName>
    <label>right leg</label>
    <hitPoints>30</hitPoints>
    <oldInjuryBaseChance>0.08</oldInjuryBaseChance>
    <skinCovered>true</skinCovered>
    <tags>
      <li>MovingLimbCore</li>
    </tags>
  </BodyPartDef>

  <BodyPartDef>
    <defName>RightFoot</defName>
    <label>right foot</label>
    <hitPoints>20</hitPoints>
    <frostbiteVulnerability>0.5</frostbiteVulnerability>
    <oldInjuryBaseChance>0.08</oldInjuryBaseChance>
    <skinCovered>true</skinCovered>
    <tags>
      <li>MovingLimbSegment</li>
    </tags>
  </BodyPartDef>

</BodyPartDefs>