﻿<?xml version="1.0" encoding="utf-8" ?>
<EffecterDefs>

	<EffecterDef>
		<defName>ArmorDeflect</defName>
		<children>
      <!--
			<li>
				<subEffecterClass>SubEffecter_SoundTriggered</subEffecterClass>
				<soundDef>ArmorDeflect</soundDef>
			</li>-->
			<li>
				<subEffecterClass>SubEffecter_SprayerTriggered</subEffecterClass>
        <moteDef>Mote_SparkFlash</moteDef>
				<positionLerpFactor>0.6</positionLerpFactor>
				<ChancePerTick>0.2</ChancePerTick>
				<scale>
					<min>2.5</min>
					<max>4.5</max>
				</scale>
			</li>
		</children>
	</EffecterDef>

</EffecterDefs>