﻿<?xml version="1.0" encoding="utf-8" ?>
<Defs>

  <EffecterDef>
    <defName>Vomit</defName>
    <children>
      <li>
        <subEffecterClass>SubEffecter_SprayerContinuous</subEffecterClass>
        <scale>
          <min>0.5</min>
          <max>0.7</max>
        </scale>
        <ticksBetweenMotes>20</ticksBetweenMotes>
        <positionLerpFactor>0.35</positionLerpFactor>
        <positionRadius>0.2</positionRadius>
        <moteDef>Mote_VomitBit</moteDef>
      </li>
    </children>
  </EffecterDef>

  <EffecterDef>
    <defName>ExtinguisherExplosion</defName>
    <children>
      <li>
        <subEffecterClass>SubEffecter_SprayerTriggered</subEffecterClass>
        <positionRadius>0.2</positionRadius>
        <moteDef>Mote_ExtinguisherPuff</moteDef>
        <burstCount>
          <min>10</min>
          <max>15</max>
        </burstCount>
        <speed>
          <min>4.8</min>
          <max>8.4</max>
        </speed>
        <scale>
          <min>4</min>
          <max>5</max>
        </scale>
      </li>
    </children>
  </EffecterDef>

  <ThingDef ParentName="MoteBase">
    <defName>Mote_ExtinguisherPuff</defName>
    <altitudeLayer>MoteOverhead</altitudeLayer>
    <mote>
      <fadeInTime>0.25</fadeInTime>
      <solidTime>0.55</solidTime>
      <fadeOutTime>1.65</fadeOutTime>
      <growthRate>0.07</growthRate>
      <collide>true</collide>
      <speedPerTime>-0.12</speedPerTime>
    </mote>
    <graphicData>
      <texPath>Things/Mote/Smoke</texPath>
    </graphicData>
  </ThingDef>

</Defs>