﻿<?xml version="1.0" encoding="utf-8" ?>
<Defs>

  <EffecterDef>
    <defName>EatVegetarian</defName>
    <children>
      <li>
        <subEffecterClass>SubEffecter_SprayerContinuous</subEffecterClass>
        <scale>
          <min>0.5</min>
          <max>0.7</max>
        </scale>
        <ticksBetweenMotes>20</ticksBetweenMotes>
        <positionLerpFactor>0.35</positionLerpFactor>
        <moteDef>Mote_FoodBitVegetarian</moteDef>
      </li>
    </children>
  </EffecterDef>

  <EffecterDef>
    <defName>EatMeat</defName>
    <children>
      <li>
        <subEffecterClass>SubEffecter_SprayerContinuous</subEffecterClass>
        <scale>
          <min>0.25</min>
          <max>0.4</max>
        </scale>
        <ticksBetweenMotes>20</ticksBetweenMotes>
        <positionLerpFactor>0.35</positionLerpFactor>
        <moteDef>Mote_FoodBitMeat</moteDef>
      </li>
    </children>
  </EffecterDef>

  <EffecterDef>
    <defName>Smoke_Joint</defName>
    <children>
      <li>
        <subEffecterClass>SubEffecter_SprayerContinuous</subEffecterClass>
        <moteDef>Mote_SmokeJoint</moteDef>
        <ticksBetweenMotes>30</ticksBetweenMotes>
        <scale>
          <min>0.35</min>
          <max>0.45</max>
        </scale>
        <absoluteAngle>true</absoluteAngle>
        <angle>
          <min>30</min>
          <max>70</max>
        </angle>
        <speed>
          <min>0.18</min>
          <max>0.3</max>
        </speed>
      </li>
    </children>
  </EffecterDef>
  
  <ThingDef ParentName="MoteBase">
    <defName>Mote_SmokeJoint</defName>
    <thingClass>MoteThrown</thingClass>
    <graphicData>
      <texPath>Things/Mote/Smoke</texPath>
    </graphicData>
    <altitudeLayer>MoteOverhead</altitudeLayer>
    <mote>
      <fadeInTime>0.25</fadeInTime>
      <solidTime>2.75</solidTime>
      <fadeOutTime>4.7</fadeOutTime>
      <growthRate>0.47</growthRate>
      <acceleration>(0,0,0.0014)</acceleration>
    </mote>
  </ThingDef>

  <EffecterDef>
    <defName>Smoke_Flake</defName>
    <children>
      <li>
        <subEffecterClass>SubEffecter_SprayerContinuous</subEffecterClass>
        <moteDef>Mote_SmokeFlake</moteDef>
        <ticksBetweenMotes>30</ticksBetweenMotes>
        <scale>
          <min>0.40</min>
          <max>0.50</max>
        </scale>
        <absoluteAngle>true</absoluteAngle>
        <angle>
          <min>30</min>
          <max>70</max>
        </angle>
        <speed>
          <min>0.18</min>
          <max>0.3</max>
        </speed>
      </li>
    </children>
  </EffecterDef>

  <ThingDef ParentName="MoteBase">
    <defName>Mote_SmokeFlake</defName>
    <thingClass>MoteThrown</thingClass>
    <altitudeLayer>MoteOverhead</altitudeLayer>
    <graphicData>
      <texPath>Things/Mote/Smoke</texPath>
      <color>(200, 225, 255)</color>
    </graphicData>
    <mote>
      <fadeInTime>0.25</fadeInTime>
      <solidTime>2.75</solidTime>
      <fadeOutTime>4.7</fadeOutTime>
      <growthRate>0.54</growthRate>
      <acceleration>(0,0,0.0014)</acceleration>
    </mote>
  </ThingDef>
  
</Defs>