﻿<?xml version="1.0" encoding="utf-8" ?>
<Defs>

  <!--=============== Bases ==============-->

  <ThingDef Name="MoteWaterBase" ParentName="MoteBase" Abstract="True">
    <thingClass>MoteSplash</thingClass>
    <graphicData>
      <shaderType>MoteWater</shaderType>
    </graphicData>
  </ThingDef>

  <!--=============== Splash ================-->

  <ThingDef ParentName="MoteWaterBase">
    <defName>Mote_WaterSplash</defName>
    <mote>
      <fadeInTime>0</fadeInTime>
      <solidTime>500</solidTime>
      <fadeOutTime>0</fadeOutTime>
    </mote>
    <graphicData>
      <graphicClass>Graphic_MoteSplash</graphicClass>
      <texPath>Things/Mote/Horseshoe</texPath>  <!-- actually unused atm, this is just a stub to avoid errors -->
    </graphicData>
  </ThingDef>

</Defs>