﻿<?xml version="1.0" encoding="utf-8"?>
<Defs>

  <TraderKindDef>
    <defName>Base_Empire_Standard</defName>
    <faction>Empire</faction>
    <permitRequiredForTrading>TradeSettlement</permitRequiredForTrading>
    <stockGenerators>

      <!-- Resources -->
      <li Class="StockGenerator_SingleDef">
        <thingDef>Silver</thingDef>
        <countRange>800~3000</countRange>
      </li>
      <li Class="StockGenerator_SingleDef">
        <thingDef>ComponentIndustrial</thingDef>
        <countRange>20~70</countRange>
      </li>
      <li Class="StockGenerator_SingleDef">
        <thingDef>ComponentSpacer</thingDef>
        <countRange>8~16</countRange>
      </li>
      <li Class="StockGenerator_SingleDef">
        <thingDef>Steel</thingDef>
        <countRange>500~800</countRange>
      </li>
      <li Class="StockGenerator_SingleDef">
        <thingDef>Plasteel</thingDef>
        <countRange>200~350</countRange>
      </li>
      <li Class="StockGenerator_SingleDef">
        <thingDef>Uranium</thingDef>
        <countRange>80~300</countRange>
      </li>
      <li Class="StockGenerator_SingleDef">
        <thingDef>Cloth</thingDef>
        <countRange>400~600</countRange>
      </li>
      <li Class="StockGenerator_SingleDef">
        <thingDef>Gold</thingDef>
        <countRange>100~200</countRange>
      </li>
      <li Class="StockGenerator_SingleDef">
        <thingDef>Neutroamine</thingDef>
        <countRange>50~200</countRange>
      </li>
      <li Class="StockGenerator_SingleDef">
        <thingDef>Chemfuel</thingDef>
        <countRange>300~500</countRange>
      </li>
      <li Class="StockGenerator_SingleDef">
        <thingDef>Chocolate</thingDef>
        <countRange>-30~70</countRange>
      </li>
      <li Class="StockGenerator_SingleDef">
        <thingDef>MedicineUltratech</thingDef>
        <countRange>25~50</countRange>
      </li>
      <li Class="StockGenerator_Tag">
        <tradeTag>MortarShell</tradeTag>
        <thingDefCountRange>1~2</thingDefCountRange>
        <countRange>20~40</countRange>
      </li>
      <li Class="StockGenerator_Category">
        <categoryDef>Textiles</categoryDef>
        <thingDefCountRange>1~2</thingDefCountRange>
        <totalPriceRange>400~800</totalPriceRange>
      </li>
      <li Class="StockGenerator_Category">
        <categoryDef>ResourcesRaw</categoryDef>
        <thingDefCountRange>2~4</thingDefCountRange>
        <totalPriceRange>400~800</totalPriceRange>
      </li>
      <li Class="StockGenerator_Category">
        <categoryDef>FoodRaw</categoryDef>
        <excludedCategories><li>EggsFertilized</li></excludedCategories>
        <thingDefCountRange>2~4</thingDefCountRange>
        <totalPriceRange>400~800</totalPriceRange>
      </li>
      <li Class="StockGenerator_Category">
        <categoryDef>FoodMeals</categoryDef>
        <thingDefCountRange>2~3</thingDefCountRange>
        <countRange>12~50</countRange>
      </li>

      <!-- Drugs -->
      <li Class="StockGenerator_Category">
        <categoryDef>Drugs</categoryDef>
        <thingDefCountRange>3~4</thingDefCountRange>
        <totalPriceRange>700~1500</totalPriceRange>
      </li>

      <!-- Techprints -->
      <li Class="StockGenerator_Techprints">
        <countChances>
          <li>
            <count>2</count>
            <chance>0.5</chance>
          </li>
          <li>
            <count>3</count>
            <chance>0.5</chance>
          </li>
        </countChances>
      </li>

      <!-- Weapons -->
      <li Class="StockGenerator_WeaponsRanged">
        <weaponTag>SpacerGun</weaponTag>
        <countRange>3~6</countRange>
      </li>
      <li Class="StockGenerator_Category">
        <categoryDef>WeaponsMelee</categoryDef>
        <thingDefCountRange>3~4</thingDefCountRange>
        <countRange>1~2</countRange>
      </li>
      <li Class="StockGenerator_Tag">
        <tradeTag>PsychicWeapon</tradeTag>
        <thingDefCountRange>1~2</thingDefCountRange>
      </li>
      <li Class="StockGenerator_WeaponsMelee">
        <weaponTag>UltratechMelee</weaponTag>
        <countRange>1~2</countRange>
      </li>

      <!-- Apparel -->
      <li Class="StockGenerator_Clothes">
        <apparelTag>Royal</apparelTag>
        <countRange>10~16</countRange>
      </li>
      <li Class="StockGenerator_Tag">
        <tradeTag>HiTechArmor</tradeTag>
        <thingDefCountRange>2~4</thingDefCountRange>
        <countRange>2~4</countRange>
      </li>
      <li Class="StockGenerator_Tag">
        <tradeTag>PsychicApparel</tradeTag>
        <thingDefCountRange>2~3</thingDefCountRange>
      </li>

      <!-- Implants -->
      <li Class="StockGenerator_Tag">
        <tradeTag>ImplantEmpireCommon</tradeTag>
        <thingDefCountRange>2~3</thingDefCountRange>
      </li>
      <li Class="StockGenerator_Tag">
        <tradeTag>ImplantEmpireRoyal</tradeTag>
        <thingDefCountRange>2~3</thingDefCountRange>
      </li>
      <li Class="StockGenerator_WeaponsMelee">
        <weaponTag>Bladelink</weaponTag>
        <countRange>1</countRange>
      </li>

      <!-- Buildings -->
      <!-- none -->

      <!-- Exotic -->
      <li Class="StockGenerator_Tag">
        <tradeTag>Artifact</tradeTag>
        <thingDefCountRange>1~4</thingDefCountRange>
        <countRange>1~1</countRange>
      </li>
      <li Class="StockGenerator_Tag">
        <tradeTag>ExoticMisc</tradeTag>
        <thingDefCountRange>1~4</thingDefCountRange>
        <countRange>1~2</countRange>
        <excludedThingDefs>
          <li>Luciferium</li> <!-- already handled by drugs -->
          <li>ComponentSpacer</li> <!-- already handled by single def -->
          <li>MedicineUltratech</li> <!-- already handled by single def -->
        </excludedThingDefs>
        <customCountRanges>
          <Hyperweave>100~200</Hyperweave>
        </customCountRanges>
      </li>

      <!-- Slaves -->
      <li Class="StockGenerator_Slaves">
        <respectPopulationIntent>true</respectPopulationIntent>
        <countRange>-1~2</countRange>
      </li>

      <!-- Animals -->
      <li Class="StockGenerator_Animals">
        <tradeTagsSell>
          <li>AnimalUncommon</li>
          <li>AnimalExotic</li>
        </tradeTagsSell>
        <kindCountRange>1~2</kindCountRange>
        <countRange>2~5</countRange>
      </li>

      <!-- Buying -->
      <li Class="StockGenerator_BuyExpensiveSimple" />
      <li Class="StockGenerator_BuyTradeTag"><tag>Art</tag></li>
      <li Class="StockGenerator_BuyTradeTag"><tag>MusicalInstrument</tag></li>

    </stockGenerators>
  </TraderKindDef>

</Defs>