﻿<?xml version="1.0" encoding="utf-8" ?>
<ScatterableDefs>


	<ScatterableDef Abstract="True" Name="StoneRoot">
		<MinSize>0.4</MinSize>
		<MaxSize>1.0</MaxSize>
		<SelectionWeight>100</SelectionWeight>
		<ScatterType>Rocky</ScatterType>
	</ScatterableDef>

	<ScatterableDef ParentName="StoneRoot">
    <defName>DebrisStoneA</defName>
		<texturePath>Terrain/Scatter/DebrisStoneA</texturePath>
  </ScatterableDef>

	<ScatterableDef ParentName="StoneRoot">
    <defName>DebrisStoneB</defName>
    <texturePath>Terrain/Scatter/DebrisStoneB</texturePath>
  </ScatterableDef>






	<ScatterableDef Abstract="True" Name="SmearRoot">
		<MinSize>1.5</MinSize>
		<MaxSize>7.0</MaxSize>
		<SelectionWeight>40</SelectionWeight>
  </ScatterableDef>

  <ScatterableDef ParentName="SmearRoot">
    <defName>DirtSmearA</defName>
    <texturePath>Terrain/Scatter/DirtSmearA</texturePath>
    <ScatterType>SoftDry</ScatterType>
  </ScatterableDef>

	<ScatterableDef ParentName="SmearRoot">
    <defName>DirtSmearB</defName>
    <texturePath>Terrain/Scatter/DirtSmearB</texturePath>
    <ScatterType>SoftDry</ScatterType>
  </ScatterableDef>

  <ScatterableDef ParentName="SmearRoot">
    <defName>GraySmearA</defName>
    <texturePath>Terrain/Scatter/GraySmearA</texturePath>
    <ScatterType>SoftGray</ScatterType>
  </ScatterableDef>

  <ScatterableDef ParentName="SmearRoot">
    <defName>GraySmearB</defName>
    <texturePath>Terrain/Scatter/GraySmearB</texturePath>
		<ScatterType>SoftGray</ScatterType>
  </ScatterableDef>




</ScatterableDefs>