﻿<?xml version="1.0" encoding="utf-8" ?>
<Defs>

  <LetterDef Abstract="True" Name="CustomChoiceLetterBase">
    <letterClass>ChoiceLetter</letterClass>
    <color>(95, 151, 191)</color>
    <flashInterval>-1</flashInterval>
    <icon>UI/Letters/CustomChoiceLetter</icon>
  </LetterDef>

  <LetterDef ParentName="CustomChoiceLetterBase">
  	<defName>RansomDemand</defName>
  	<letterClass>ChoiceLetter_RansomDemand</letterClass>
  </LetterDef>

  <LetterDef ParentName="CustomChoiceLetterBase">
  	<defName>ItemStashFeeDemand</defName>
  	<letterClass>ChoiceLetter_ItemStashFeeDemand</letterClass>
  </LetterDef>

</Defs>
