﻿<?xml version="1.0" encoding="utf-8" ?>
<Defs>

  <LetterDef>
    <defName>Good</defName>
    <color>(120, 176, 216)</color>
    <flashColor>(106, 179, 231)</flashColor>
    <flashInterval>90</flashInterval>
  </LetterDef>

  <LetterDef>
    <defName>BadNonUrgent</defName>
    <color>(204, 196, 135)</color>
    <flashColor>(210, 198, 106)</flashColor>
    <flashInterval>40</flashInterval>
  </LetterDef>

  <LetterDef>
    <defName>BadUrgent</defName>
    <color>(204, 115, 115)</color>
    <flashColor>(255, 85, 85)</flashColor>
    <flashInterval>16</flashInterval>
    <bounce>true</bounce>
    <arriveSound>LetterArriveBadUrgent</arriveSound>
  </LetterDef>

</Defs>
