﻿<?xml version="1.0" encoding="utf-8" ?>
<Defs>

  <DutyDef>
    <defName>Travel</defName>
    <thinkNode Class="ThinkNode_Priority">
      <subNodes>
        <li Class="JobGiver_GotoTravelDestination" />
        <!-- Note this exit node can happen at odd times
            like if you block siegers from hitting their siege location before they arrive-->
        <li Class="JobGiver_ExitMapRandom">
          <defaultLocomotion>Walk</defaultLocomotion>
        </li>
      </subNodes>
    </thinkNode>
  </DutyDef>

  <DutyDef>
    <defName>Defend</defName>
    <alwaysShowWeapon>true</alwaysShowWeapon>
    <thinkNode Class="ThinkNode_Priority">
      <!-- Todo here - if outside of duty radius, go to within duty radius-->
      <!-- Currently this is handled by a hack in JobGiver_AIFightBase-->
      <subNodes>
        <li Class="JobGiver_TakeCombatEnhancingDrug">
          <onlyIfInDanger>true</onlyIfInDanger>
        </li>
        <li Class="JobGiver_AIDefendPoint">
          <targetAcquireRadius>65</targetAcquireRadius>
          <targetKeepRadius>72</targetKeepRadius>
        </li>
        <li Class="ThinkNode_ForbidOutsideFlagRadius">
          <maxDistToSquadFlag>16</maxDistToSquadFlag>
          <subNodes>
            <li Class="ThinkNode_Subtree">
              <treeDef>SatisfyBasicNeedsAndWork</treeDef>
            </li>
          </subNodes>
        </li>
        <li Class="JobGiver_WanderNearDutyLocation">
          <wanderRadius>8</wanderRadius>
        </li>
      </subNodes>
    </thinkNode>
  </DutyDef>

  <DutyDef>
    <defName>Follow</defName>
    <thinkNode Class="ThinkNode_Priority">
      <subNodes>
        <li Class="JobGiver_AIFollowEscortee" />
        <li Class="ThinkNode_ForbidOutsideFlagRadius">
          <maxDistToSquadFlag>16</maxDistToSquadFlag>
          <subNodes>
            <li Class="ThinkNode_Subtree">
              <treeDef>SatisfyBasicNeedsAndWork</treeDef>
            </li>
          </subNodes>
        </li>
        <li Class="JobGiver_WanderNearDutyLocation">
          <wanderRadius>5</wanderRadius>
        </li>
      </subNodes>
    </thinkNode>
  </DutyDef>
  
  <DutyDef>
    <defName>Build</defName>
    <thinkNode Class="ThinkNode_Priority">
      <subNodes>
        <li Class="JobGiver_FightFiresNearPoint">
          <maxDistFromPoint>25</maxDistFromPoint>
        </li>
        <li Class="ThinkNode_ForbidOutsideFlagRadius">
          <maxDistToSquadFlag>16</maxDistToSquadFlag>
          <subNodes>
            <li Class="JobGiver_Work" />
          </subNodes>
        </li>
        <li Class="JobGiver_AIDefendPoint">
          <targetAcquireRadius>35</targetAcquireRadius>
          <targetKeepRadius>40</targetKeepRadius>
        </li>
        <li Class="ThinkNode_ForbidOutsideFlagRadius">
          <maxDistToSquadFlag>16</maxDistToSquadFlag>
          <subNodes>
            <li Class="ThinkNode_Subtree">
              <treeDef>SatisfyBasicNeedsAndWork</treeDef>
            </li>
          </subNodes>
        </li>
        <li Class="JobGiver_ManTurretsNearPoint">
          <maxDistFromPoint>25</maxDistFromPoint>
        </li>
        <li Class="JobGiver_WanderNearDutyLocation">
          <wanderRadius>8</wanderRadius>
        </li>
      </subNodes>
    </thinkNode>
  </DutyDef>

  <DutyDef>
    <defName>AssaultColony</defName>
    <alwaysShowWeapon>true</alwaysShowWeapon>
    <thinkNode Class="ThinkNode_Priority">
      <subNodes>
        <li Class="JobGiver_TakeCombatEnhancingDrug" />
        <li Class="JobGiver_AIFightEnemies">
          <targetAcquireRadius>65</targetAcquireRadius>
          <targetKeepRadius>72</targetKeepRadius>
        </li>
        <li Class="JobGiver_AITrashColonyClose" />
        <li Class="JobGiver_AITrashBuildingsDistant" />
        <li Class="JobGiver_AIGotoNearestHostile" />
        <li Class="JobGiver_AISapper">
          <canMineNonMineables>false</canMineNonMineables>
        </li>
      </subNodes>
    </thinkNode>
  </DutyDef>

  <DutyDef>
    <defName>Sapper</defName>
    <alwaysShowWeapon>true</alwaysShowWeapon>
    <thinkNode Class="ThinkNode_Priority">
      <subNodes>
        <li Class="JobGiver_TakeCombatEnhancingDrug" />
        <li Class="JobGiver_AIFightEnemies">
          <targetAcquireRadius>12</targetAcquireRadius>
          <targetKeepRadius>15</targetKeepRadius>
          <needLOSToAcquireNonPawnTargets>true</needLOSToAcquireNonPawnTargets>
        </li>
        <li Class="JobGiver_AISapper" />
        <li Class="JobGiver_AITrashColonyClose" />
        <li Class="JobGiver_AITrashBuildingsDistant" />
        <li Class="JobGiver_AIGotoNearestHostile" />
      </subNodes>
    </thinkNode>
  </DutyDef>

  <DutyDef>
    <defName>Escort</defName>
    <alwaysShowWeapon>true</alwaysShowWeapon>
    <thinkNode Class="ThinkNode_Priority">
      <subNodes>
        <li Class="JobGiver_TakeCombatEnhancingDrug">
          <onlyIfInDanger>true</onlyIfInDanger>
        </li>
        <li Class="JobGiver_AIFollowEscortee"/>
        <li Class="JobGiver_AIDefendEscortee">
          <targetAcquireRadius>65</targetAcquireRadius>
          <targetKeepRadius>72</targetKeepRadius>
        </li>
        <li Class="JobGiver_WanderNearDutyLocation">
          <wanderRadius>8</wanderRadius>
        </li>
      </subNodes>
    </thinkNode>
  </DutyDef>
  
  <DutyDef>
    <defName>HuntEnemiesIndividual</defName>
    <alwaysShowWeapon>true</alwaysShowWeapon>
    <thinkNode Class="ThinkNode_Priority">
      <subNodes>
        <li Class="JobGiver_TakeCombatEnhancingDrug" />
        <li Class="JobGiver_AIFightEnemies">
          <targetAcquireRadius>65</targetAcquireRadius>
          <targetKeepRadius>72</targetKeepRadius>
        </li>
        <li Class="JobGiver_AITrashColonyClose" />
        <li Class="JobGiver_AITrashBuildingsDistant" />
        <li Class="JobGiver_AIGotoNearestHostile" />
      </subNodes>
    </thinkNode>
  </DutyDef>

  <DutyDef>
    <defName>Kidnap</defName>
    <thinkNode Class="ThinkNode_Priority">
      <subNodes>
        <li Class="JobGiver_Kidnap" />
        <li Class="JobGiver_ExitMapBest">
          <defaultLocomotion>Jog</defaultLocomotion>
          <jobMaxDuration>200</jobMaxDuration>
          <forceCanDig>true</forceCanDig>
        </li>
      </subNodes>
    </thinkNode>
  </DutyDef>

  <DutyDef>
    <defName>TakeWoundedGuest</defName>
    <thinkNode Class="ThinkNode_Priority">
      <subNodes>
        <li Class="JobGiver_TakeWoundedGuest" />
        <li Class="JobGiver_ExitMapBest">
          <defaultLocomotion>Jog</defaultLocomotion>
          <jobMaxDuration>500</jobMaxDuration>
          <forceCanDig>true</forceCanDig>
        </li>
      </subNodes>
    </thinkNode>
  </DutyDef>
  
  <DutyDef>
    <defName>Steal</defName>
    <thinkNode Class="ThinkNode_Priority">
      <subNodes>
        <li Class="JobGiver_Steal" />
        <li Class="JobGiver_ExitMapBest">
          <defaultLocomotion>Jog</defaultLocomotion>
          <jobMaxDuration>200</jobMaxDuration>
          <forceCanDig>true</forceCanDig>
        </li>
      </subNodes>
    </thinkNode>
  </DutyDef>

  <DutyDef>
    <defName>PrisonerEscape</defName>
    <alwaysShowWeapon>true</alwaysShowWeapon>
    <thinkNode Class="ThinkNode_Tagger">
      <tagToGive>Escaping</tagToGive>
      <subNodes>
        <!-- Take combat enhancing drugs -->
        <li Class="JobGiver_TakeCombatEnhancingDrug" />
        
        <li Class="ThinkNode_ConditionalHasDutyPawnTarget">
          <subNodes>
            <!-- Follow and defend leader -->
            <li Class="JobGiver_AIFollowEscortee"/>
            <li Class="JobGiver_AIDefendEscortee">
              <targetAcquireRadius>15</targetAcquireRadius>
              <targetKeepRadius>18</targetKeepRadius>
              <needLOSToAcquireNonPawnTargets>true</needLOSToAcquireNonPawnTargets>
            </li>
            <li Class="JobGiver_WanderNearDutyLocation">
              <wanderRadius>3</wanderRadius>
            </li>
          </subNodes>
        </li>
      
        <!-- Leader -->

        <!-- Fight nearby enemies -->
        <li Class="JobGiver_AIFightEnemies">
          <targetAcquireRadius>14</targetAcquireRadius>
          <targetKeepRadius>17</targetKeepRadius>
          <needLOSToAcquireNonPawnTargets>true</needLOSToAcquireNonPawnTargets>
        </li>
        
        <!-- Escape -->
        <li Class="JobGiver_GotoTravelDestination">
          <locomotionUrgency>Jog</locomotionUrgency>
          <jobMaxDuration>500</jobMaxDuration>
        </li>
        <li Class="JobGiver_WanderNearDutyLocation">
          <wanderRadius>3</wanderRadius>
        </li>
      </subNodes>
    </thinkNode>
    <constantThinkNode Class="ThinkNode_Tagger">
      <tagToGive>Escaping</tagToGive>
      <subNodes>
        <!-- Try to pick up nearby weapons -->
        <li Class="JobGiver_PickUpOpportunisticWeapon" />
      </subNodes>
    </constantThinkNode>
  </DutyDef>
  
  <DutyDef>
    <defName>PrisonerEscapeSapper</defName>
    <alwaysShowWeapon>true</alwaysShowWeapon>
    <thinkNode Class="ThinkNode_Tagger">
      <tagToGive>Escaping</tagToGive>
      <subNodes>
        <!-- Take combat enhancing drugs -->
        <li Class="JobGiver_TakeCombatEnhancingDrug" />
        
        <!-- Fight nearby enemies -->
        <li Class="JobGiver_AIFightEnemies">
          <targetAcquireRadius>12</targetAcquireRadius>
          <targetKeepRadius>15</targetKeepRadius>
          <needLOSToAcquireNonPawnTargets>true</needLOSToAcquireNonPawnTargets>
        </li>
        
        <!-- Dig out of the colony to get to the exit point -->
        <li Class="JobGiver_AISapper" />
        
        <!-- Wait until the lord tells to exit the map -->
        <li Class="JobGiver_WanderNearDutyLocation">
          <wanderRadius>3</wanderRadius>
        </li>
      </subNodes>
    </thinkNode>
    <constantThinkNode Class="ThinkNode_Tagger">
      <tagToGive>Escaping</tagToGive>
      <subNodes>
        <!-- Try to pick up nearby weapons -->
        <li Class="JobGiver_PickUpOpportunisticWeapon">
          <preferBuildingDestroyers>true</preferBuildingDestroyers> <!-- prefer building destroyers (e.g. grenades) because I'm a sapper -->
        </li>
      </subNodes>
    </constantThinkNode>
  </DutyDef>
  
  <DutyDef>
    <defName>DefendAndExpandHive</defName>
    <thinkNode Class="ThinkNode_Priority">
      <subNodes>
        <li Class="JobGiver_HiveDefense">
          <needLOSToAcquireNonPawnTargets>true</needLOSToAcquireNonPawnTargets>
          <targetAcquireRadius>30</targetAcquireRadius>
          <chaseTarget>false</chaseTarget>
        </li>
        <li Class="ThinkNode_ChancePerHour_Constant">
          <mtbHours>5</mtbHours>
          <subNodes>
            <li Class="JobGiver_MaintainHives" />
          </subNodes>
        </li>
        <li Class="ThinkNode_ConditionalBodySize">
          <min>0.7</min>
          <subNodes>
            <li Class="ThinkNode_ChancePerHour_Constant">
              <mtbHours>18</mtbHours>
              <subNodes>
                <li Class="JobGiver_MineRandom" />
              </subNodes>
            </li>
          </subNodes>
        </li>
        <li Class="ThinkNode_Tagger">
          <tagToGive>SatisfyingNeeds</tagToGive>
          <subNodes>
            <li Class="ThinkNode_PrioritySorter">
              <subNodes>
                <li Class="JobGiver_GetFood" />
                <li Class="JobGiver_GetRest" />
              </subNodes>
            </li>
          </subNodes>
        </li>
        <li Class="JobGiver_WanderHive">
          <maxDanger>Deadly</maxDanger>
        </li>
      </subNodes>
    </thinkNode>
  </DutyDef>

  <DutyDef>
    <defName>ExitMapRandom</defName>
    <thinkNode Class="JobGiver_ExitMapRandom">
      <defaultLocomotion>Walk</defaultLocomotion>
    </thinkNode>
  </DutyDef>
  
  <DutyDef>
    <defName>ExitMapBest</defName>
    <thinkNode Class="JobGiver_ExitMapBest">
      <defaultLocomotion>Walk</defaultLocomotion>
    </thinkNode>
  </DutyDef>

  <DutyDef>
    <defName>ExitMapBestAndDefendSelf</defName>
    <thinkNode Class="ThinkNode_Priority">
      <subNodes>
        <li Class="JobGiver_AIDefendSelf">
          <targetAcquireRadius>35</targetAcquireRadius>
          <targetKeepRadius>40</targetKeepRadius>
        </li>
        <li Class="JobGiver_ExitMapBest">
          <defaultLocomotion>Walk</defaultLocomotion>
          <jobMaxDuration>200</jobMaxDuration>
        </li>
      </subNodes>
    </thinkNode>
  </DutyDef>
  
  <DutyDef>
    <defName>LoadAndEnterTransporters</defName>
    <thinkNode Class="ThinkNode_Priority">
      <subNodes>
        <li Class="JobGiver_LoadTransporters" />
        <li Class="JobGiver_EnterTransporter" />
      </subNodes>
    </thinkNode>
  </DutyDef>

  <DutyDef>
    <defName>ManClosestTurret</defName>
    <thinkNode Class="ThinkNode_Priority">
      <subNodes>
        <li Class="ThinkNode_Subtree">
          <treeDef>SatisfyBasicNeeds</treeDef>
        </li> 
        <li Class="JobGiver_ManTurretsNearSelf">
          <maxDistFromPoint>50</maxDistFromPoint>
        </li>
        <li Class="JobGiver_AIDefendPoint">
          <targetAcquireRadius>35</targetAcquireRadius>
          <targetKeepRadius>40</targetKeepRadius>
        </li>
        <li Class="JobGiver_WanderNearDutyLocation">
          <wanderRadius>12</wanderRadius>
        </li>
      </subNodes>
    </thinkNode>
  </DutyDef>

</Defs>