﻿<?xml version="1.0" encoding="utf-8" ?>
<Defs>

  <DutyDef>
    <defName>MarryPawn</defName>
		<socialModeMax>Off</socialModeMax>
    <thinkNode Class="ThinkNode_Priority">
      <subNodes>
        <!-- Goto my spot -->
        <li Class="JobGiver_GotoTravelDestination">
          <exactCell>true</exactCell>
          <locomotionUrgency>Jog</locomotionUrgency>
        </li>
        
        <!-- Arrived -->
        <li Class="ThinkNode_ConditionalAtDutyLocation">
          <subNodes>
            <!-- Try to marry adjacent fiance -->
            <li Class="JobGiver_MarryAdjacentPawn" />
            
            <!-- Wait for the fiance to arrive -->
            <li Class="JobGiver_Idle">
              <ticks>50</ticks>
            </li>
          </subNodes>
        </li>
      </subNodes>
    </thinkNode>
  </DutyDef>

  <DutyDef>
    <defName>Spectate</defName>
    <hook>MediumPriority</hook>
    <socialModeMax>Off</socialModeMax>
    <thinkNode Class="ThinkNode_Priority">
      <subNodes>
        <!-- Spectate -->
        <li Class="JobGiver_SpectateDutySpectateRect" />
      </subNodes>
    </thinkNode>
  </DutyDef>
  
  <DutyDef>
    <defName>Party</defName>
    <hook>MediumPriority</hook>
    <thinkNode Class="ThinkNode_Priority">
      <subNodes>
        <li Class="ThinkNode_ConditionalInPartyArea">
          <subNodes>
            <!-- Eat -->
            <li Class="ThinkNode_ConditionalRandom">
              <chance>0.05</chance>
              <subNodes>
                <li Class="JobGiver_EatInPartyArea" />
              </subNodes>
            </li>
            
            <!-- Stand where you are and be socially active -->
            <li Class="ThinkNode_ConditionalRandom">
              <chance>0.35</chance>
              <subNodes>
                <li Class="JobGiver_StandAndBeSociallyActive">
                  <ticksRange>
                    <min>350</min>
                    <max>750</max>
                  </ticksRange>
                </li>
              </subNodes>
            </li>
            
            <!-- Get joy -->
            <li Class="ThinkNode_ConditionalRandom">
              <chance>0.1</chance>
              <subNodes>
                <li Class="JobGiver_GetJoyInPartyArea" />
              </subNodes>
            </li>
            
            <!-- Wander -->
            <li Class="JobGiver_WanderInPartyArea">
              <ticksBetweenWandersRange>
                <min>50</min>
                <max>250</max>
              </ticksBetweenWandersRange>
            </li>
          </subNodes>
        </li>
        
        <!-- Reach the party area -->
        <li Class="JobGiver_WanderInPartyArea">
          <ticksBetweenWandersRange>
            <min>50</min>
            <max>250</max>
          </ticksBetweenWandersRange>
          <locomotionUrgency>Jog</locomotionUrgency>
        </li>
      </subNodes>
    </thinkNode>
  </DutyDef>
  
</Defs>