﻿<?xml version="1.0" encoding="utf-8" ?>
<Defs>

  <DutyDef>
    <defName>PrepareCaravan_GatherItems</defName>
    <thinkNode Class="ThinkNode_Priority">
      <subNodes>
        <!-- Basic needs -->
        <li Class="ThinkNode_Subtree">
          <treeDef>SatisfyVeryUrgentNeeds</treeDef>
        </li>
      
        <!-- Gather items -->
        <li Class="JobGiver_PrepareCaravan_GatherItems"/>
        
        <!-- Wander -->
        <li Class="ThinkNode_Tagger">
          <tagToGive>WaitingForOthersToFinishGatheringItems</tagToGive>
          <subNodes>
            <li Class="JobGiver_WanderAnywhere"/>
          </subNodes>
        </li>
      </subNodes>
    </thinkNode>
  </DutyDef>

  <DutyDef>
    <defName>PrepareCaravan_Wait</defName>
    <thinkNode Class="ThinkNode_Priority">
      <subNodes>
        <!-- Basic needs -->
        <li Class="ThinkNode_Subtree">
          <treeDef>SatisfyVeryUrgentNeeds</treeDef>
        </li>
        
        <!-- Wander near duty target -->
        <li Class="ThinkNode_ConditionalHasDutyTarget">
          <subNodes>
            <li Class="JobGiver_WanderNearDutyLocation">
              <wanderRadius>5</wanderRadius>
            </li>
          </subNodes>
        </li>
        
        <!-- Wander in prison cell if prisoner -->
        <li Class="ThinkNode_ConditionalPrisonerInPrisonCell">
          <subNodes>
            <li Class="JobGiver_WanderCurrentRoom"/>
          </subNodes>
        </li>
        
        <!-- Wander anywhere -->
        <li Class="JobGiver_WanderAnywhere"/>
      </subNodes>
    </thinkNode>
  </DutyDef>

  <!-- note that this duty is assigned to both: followers and followees -->
  <DutyDef>
    <defName>PrepareCaravan_GatherPawns</defName>
    <thinkNode Class="ThinkNode_Priority">
      <subNodes>
        <!-- Basic needs -->
        <li Class="ThinkNode_Subtree">
          <treeDef>SatisfyVeryUrgentNeeds</treeDef>
        </li>
      
        <!-- Colonist -->
        <li Class="ThinkNode_ConditionalColonist">
          <subNodes>
            <!-- Gather pawns -->
            <li Class="JobGiver_PrepareCaravan_GatherPawns"/>
            <li Class="JobGiver_GotoTravelDestination">
              <locomotionUrgency>Jog</locomotionUrgency>
            </li>
          </subNodes>
        </li>
        
        <!-- Non-colonist -->
        <li Class="ThinkNode_ConditionalColonist">
          <invert>true</invert>
          <subNodes>
            <!-- Follow the colonist -->
            <li Class="ThinkNode_ConditionalHasDutyPawnTarget">
              <subNodes>
                <li Class="JobGiver_AIFollowEscortee"/>
              </subNodes>
            </li>
          </subNodes>
        </li>
        
        <!-- Wander near the colonist -->
        <li Class="ThinkNode_ConditionalHasDutyPawnTarget">
          <subNodes>
            <li Class="JobGiver_WanderNearDutyLocation">
              <wanderRadius>5</wanderRadius>
            </li>
          </subNodes>
        </li>
        
        <!-- Wander in prison cell if prisoner -->
        <li Class="ThinkNode_ConditionalPrisonerInPrisonCell">
          <subNodes>
            <li Class="JobGiver_WanderCurrentRoom"/>
          </subNodes>
        </li>
        
        <!-- Wander anywhere -->
        <li Class="JobGiver_WanderAnywhere"/>
      </subNodes>
    </thinkNode>
  </DutyDef>

  <DutyDef>
    <defName>PrepareCaravan_Pause</defName>
    <thinkNode Class="ThinkNode_Priority">
      <subNodes>
        <!-- Colonist -->
        <li Class="ThinkNode_ConditionalColonist">
          <subNodes>
            <!-- Just do the normal work -->
            <li Class="ThinkNode_Subtree">
              <treeDef>MainColonistBehaviorCore</treeDef>
            </li>
          </subNodes>
        </li>
        
        <!-- Non-colonist -->
        <li Class="ThinkNode_ConditionalColonist">
          <invert>true</invert>
          <subNodes>
            <!-- Basic needs -->
            <li Class="ThinkNode_Subtree">
              <treeDef>SatisfyVeryUrgentNeeds</treeDef>
            </li>
          </subNodes>
        </li>
        
        <!-- Wander in prison cell if prisoner -->
        <li Class="ThinkNode_ConditionalPrisonerInPrisonCell">
          <subNodes>
            <li Class="JobGiver_WanderCurrentRoom"/>
          </subNodes>
        </li>
        
        <!-- Wander anywhere -->
        <li Class="JobGiver_WanderAnywhere"/>
      </subNodes>
    </thinkNode>
  </DutyDef>
  
</Defs>