﻿<?xml version="1.0" encoding="utf-8" ?>
<Defs>
  <!-- Added body parts -->

  <HediffDef Name="AddedBodyPartBase" Abstract="True">
    <hediffClass>Hediff_AddedPart</hediffClass>
    <defaultLabelColor>(0.5, 0.5, 0.9)</defaultLabelColor>
    <isBad>false</isBad>
  </HediffDef>

  <HediffDef ParentName="AddedBodyPartBase">
    <defName>PegLeg</defName>
    <label>peg leg</label>
    <labelNoun>a peg leg</labelNoun>
    <addedPartProps>
      <solid>true</solid>
      <partEfficiency>0.6</partEfficiency>
    </addedPartProps>
    <spawnThingOnRemoved>WoodLog</spawnThingOnRemoved>
  </HediffDef>

  <HediffDef ParentName="AddedBodyPartBase">
    <defName>WoodenFoot</defName>
    <label>wooden foot</label>
    <labelNoun>a wooden foot</labelNoun>
    <addedPartProps>
      <solid>true</solid>
      <partEfficiency>0.8</partEfficiency>
    </addedPartProps>
    <spawnThingOnRemoved>WoodLog</spawnThingOnRemoved>
  </HediffDef>

  <HediffDef ParentName="AddedBodyPartBase">
    <defName>Denture</defName>
    <label>denture</label>
    <labelNoun>a denture</labelNoun>
    <addedPartProps>
      <solid>true</solid>
      <partEfficiency>0.8</partEfficiency>
    </addedPartProps>
  </HediffDef>

  <HediffDef ParentName="AddedBodyPartBase">
    <defName>SimpleProstheticLeg</defName>
    <label>prosthetic leg</label>
    <labelNoun>a prosthetic leg</labelNoun>
    <spawnThingOnRemoved>SimpleProstheticLeg</spawnThingOnRemoved>
    <addedPartProps>
      <solid>true</solid>
      <partEfficiency>0.85</partEfficiency>
    </addedPartProps>
  </HediffDef>

  <HediffDef ParentName="AddedBodyPartBase">
    <defName>SimpleProstheticArm</defName>
    <label>prosthetic arm</label>
    <labelNoun>a prosthetic arm</labelNoun>
    <comps>
      <li Class="HediffCompProperties_VerbGiver">
        <tools>
          <li>
            <label>fist</label>
            <capacities>
              <li>Blunt</li>
            </capacities>
            <power>8</power>
            <cooldownTime>1.65</cooldownTime>
          </li>
        </tools>
      </li>
    </comps>
    <spawnThingOnRemoved>SimpleProstheticArm</spawnThingOnRemoved>
    <addedPartProps>
      <solid>true</solid>
      <partEfficiency>0.5</partEfficiency>
    </addedPartProps>
  </HediffDef>

  <HediffDef ParentName="AddedBodyPartBase">
    <defName>SimpleProstheticHeart</defName>
    <label>prosthetic heart</label>
    <labelNoun>a prosthetic heart</labelNoun>
    <spawnThingOnRemoved>SimpleProstheticHeart</spawnThingOnRemoved>
    <addedPartProps>
      <solid>true</solid>
      <partEfficiency>0.8</partEfficiency>
    </addedPartProps>
  </HediffDef>

  <HediffDef ParentName="AddedBodyPartBase">
    <defName>CochlearImplant</defName>
    <label>cochlear implant</label>
    <labelNoun>a cochlear implant</labelNoun>
    <spawnThingOnRemoved>CochlearImplant</spawnThingOnRemoved>
    <addedPartProps>
      <partEfficiency>0.65</partEfficiency>
    </addedPartProps>
  </HediffDef>

  <HediffDef ParentName="AddedBodyPartBase">
    <defName>BionicEye</defName>
    <label>bionic eye</label>
    <labelNoun>a bionic eye</labelNoun>
    <spawnThingOnRemoved>BionicEye</spawnThingOnRemoved>
    <addedPartProps>
      <solid>true</solid>
      <partEfficiency>1.4</partEfficiency>
    </addedPartProps>
  </HediffDef>

  <HediffDef ParentName="AddedBodyPartBase">
    <defName>BionicArm</defName>
    <label>bionic arm</label>
    <labelNoun>a bionic arm</labelNoun>
    <comps>
      <li Class="HediffCompProperties_VerbGiver">
        <tools>
          <li>
            <label>fist</label>
            <capacities>
              <li>Blunt</li>
            </capacities>
            <power>9</power>
            <cooldownTime>1.65</cooldownTime>
          </li>
        </tools>
      </li>
    </comps>
    <spawnThingOnRemoved>BionicArm</spawnThingOnRemoved>
    <addedPartProps>
      <solid>true</solid>
      <partEfficiency>1.4</partEfficiency>
    </addedPartProps>
  </HediffDef>

  <HediffDef ParentName="AddedBodyPartBase">
    <defName>BionicLeg</defName>
    <label>bionic leg</label>
    <labelNoun>a bionic leg</labelNoun>
    <spawnThingOnRemoved>BionicLeg</spawnThingOnRemoved>
    <addedPartProps>
      <solid>true</solid>
      <partEfficiency>1.4</partEfficiency>
    </addedPartProps>
  </HediffDef>

  <HediffDef ParentName="AddedBodyPartBase">
    <defName>BionicSpine</defName>
    <label>bionic spine</label>
    <labelNoun>a bionic spine</labelNoun>
    <spawnThingOnRemoved>BionicSpine</spawnThingOnRemoved>
    <addedPartProps>
      <solid>true</solid>
    </addedPartProps>
  </HediffDef>

  <HediffDef ParentName="AddedBodyPartBase">
    <defName>BionicHeart</defName>
    <label>bionic heart</label>
    <labelNoun>a bionic heart</labelNoun>
    <spawnThingOnRemoved>BionicHeart</spawnThingOnRemoved>
    <addedPartProps>
      <solid>true</solid>
      <partEfficiency>1.2</partEfficiency>
    </addedPartProps>
  </HediffDef>

  <HediffDef ParentName="AddedBodyPartBase">
    <defName>BionicStomach</defName>
    <label>bionic stomach</label>
    <labelNoun>a bionic stomach</labelNoun>
    <spawnThingOnRemoved>BionicStomach</spawnThingOnRemoved>
    <addedPartProps>
      <solid>true</solid>
      <partEfficiency>1.2</partEfficiency>
    </addedPartProps>
  </HediffDef>
  
  <HediffDef ParentName="AddedBodyPartBase">
    <defName>BionicEar</defName>
    <label>bionic ear</label>
    <labelNoun>a bionic ear</labelNoun>
    <spawnThingOnRemoved>BionicEar</spawnThingOnRemoved>
    <addedPartProps>
      <solid>true</solid>
      <partEfficiency>1.2</partEfficiency>
    </addedPartProps>
  </HediffDef>

  <HediffDef ParentName="AddedBodyPartBase">
    <defName>PowerClaw</defName>
    <label>power claw</label>
    <labelNoun>a power claw</labelNoun>
    <comps>
      <li Class="HediffCompProperties_VerbGiver">
        <tools>
          <li>
            <label>claw</label>
            <capacities>
              <li>Scratch</li>
            </capacities>
            <power>15</power>
            <cooldownTime>1.65</cooldownTime>
            <alwaysTreatAsWeapon>true</alwaysTreatAsWeapon>
          </li>
        </tools>
      </li>
    </comps>
    <spawnThingOnRemoved>PowerClaw</spawnThingOnRemoved>
    <addedPartProps>
      <isGoodWeapon>true</isGoodWeapon>
      <solid>true</solid>
      <partEfficiency>0.92</partEfficiency>
    </addedPartProps>
  </HediffDef>

  <HediffDef ParentName="AddedBodyPartBase">
    <defName>ArchotechEye</defName>
    <label>archotech eye</label>
    <labelNoun>an archotech eye</labelNoun>
    <spawnThingOnRemoved>ArchotechEye</spawnThingOnRemoved>
    <addedPartProps>
      <solid>true</solid>
      <partEfficiency>1.8</partEfficiency>
    </addedPartProps>
  </HediffDef>

  <HediffDef ParentName="AddedBodyPartBase">
    <defName>ArchotechArm</defName>
    <label>archotech arm</label>
    <labelNoun>an archotech arm</labelNoun>
    <comps>
      <li Class="HediffCompProperties_VerbGiver">
        <tools>
          <li>
            <label>fist</label>
            <capacities>
              <li>Blunt</li>
            </capacities>
            <power>9</power>
            <cooldownTime>1.5</cooldownTime>
          </li>
        </tools>
      </li>
    </comps>
    <spawnThingOnRemoved>ArchotechArm</spawnThingOnRemoved>
    <addedPartProps>
      <solid>true</solid>
      <partEfficiency>1.8</partEfficiency>
    </addedPartProps>
  </HediffDef>

  <HediffDef ParentName="AddedBodyPartBase">
    <defName>ArchotechLeg</defName>
    <label>archotech leg</label>
    <labelNoun>an archotech leg</labelNoun>
    <spawnThingOnRemoved>ArchotechLeg</spawnThingOnRemoved>
    <addedPartProps>
      <solid>true</solid>
      <partEfficiency>1.8</partEfficiency>
    </addedPartProps>
  </HediffDef>
  
</Defs>
