﻿<?xml version="1.0" encoding="utf-8" ?>
<Defs>

  <HediffDef>
    <hediffClass>HediffWithComps</hediffClass>
    <defName>SandInEyes</defName>
    <label>sand</label>
    <labelNoun>sand</labelNoun>
    <battleStateLabel>blind</battleStateLabel>
    <maxSeverity>1</maxSeverity>
    <stages>
      <li>
        <partEfficiencyOffset>-0.5</partEfficiencyOffset>
      </li>
    </stages>
    <comps>
      <li Class="HediffCompProperties_SelfHeal">
        <healAmount>0.02</healAmount>
      </li>
    </comps>
  </HediffDef>

  <HediffDef>
    <hediffClass>HediffWithComps</hediffClass>
    <defName>DirtInEyes</defName>
    <label>dirt</label>
    <labelNoun>dirt</labelNoun>
    <battleStateLabel>blind</battleStateLabel>
    <maxSeverity>1</maxSeverity>
    <stages>
      <li>
        <partEfficiencyOffset>-0.5</partEfficiencyOffset>
      </li>
    </stages>
    <comps>
      <li Class="HediffCompProperties_SelfHeal">
        <healAmount>0.05</healAmount>
      </li>
    </comps>
  </HediffDef>

  <HediffDef>
    <hediffClass>HediffWithComps</hediffClass>
    <defName>MudInEyes</defName>
    <label>mud</label>
    <labelNoun>mud</labelNoun>
    <battleStateLabel>blind</battleStateLabel>
    <maxSeverity>1</maxSeverity>
    <stages>
      <li>
        <partEfficiencyOffset>-0.8</partEfficiencyOffset>
      </li>
    </stages>
    <comps>
      <li Class="HediffCompProperties_SelfHeal">
        <healAmount>0.05</healAmount>
      </li>
    </comps>
  </HediffDef>

  <HediffDef>
    <hediffClass>HediffWithComps</hediffClass>
    <defName>GravelInEyes</defName>
    <label>gravel</label>
    <labelNoun>gravel</labelNoun>
    <battleStateLabel>blind</battleStateLabel>
    <maxSeverity>1</maxSeverity>
    <stages>
      <li>
        <partEfficiencyOffset>-0.5</partEfficiencyOffset>
      </li>
    </stages>
    <comps>
      <li Class="HediffCompProperties_SelfHeal">
        <healAmount>0.1</healAmount>
      </li>
    </comps>
  </HediffDef>

  <HediffDef>
    <hediffClass>HediffWithComps</hediffClass>
    <defName>WaterInEyes</defName>
    <label>water</label>
    <labelNoun>water</labelNoun>
    <battleStateLabel>blind</battleStateLabel>
    <maxSeverity>1</maxSeverity>
    <stages>
      <li>
        <partEfficiencyOffset>-0.5</partEfficiencyOffset>
      </li>
    </stages>
    <comps>
      <li Class="HediffCompProperties_SelfHeal">
        <healAmount>0.1</healAmount>
      </li>
    </comps>
  </HediffDef>
  
</Defs>
