﻿<?xml version="1.0" encoding="utf-8" ?>
<Defs>
  
  <HediffDef ParentName="DiseaseBase">
    <defName>TraumaSavant</defName>
    <hediffClass>HediffWithComps</hediffClass>
    <label>trauma savant</label>
    <labelNoun>trauma</labelNoun>
    <stages>
      <li>
        <opinionOfOthersFactor>0</opinionOfOthersFactor>
        <partIgnoreMissingHP>true</partIgnoreMissingHP> <!-- to avoid penalties from brain injuries, so manipulation is 100%+ -->
        <capMods>
          <li>
            <capacity>Talking</capacity>
            <setMax>0</setMax>
          </li>
          <li>
            <capacity>Hearing</capacity>
            <setMax>0</setMax>
          </li>
          <li>
            <capacity>Manipulation</capacity>
            <offset>0.5</offset>
          </li>
        </capMods>
		</li>
    </stages>
  </HediffDef>

	<HediffDef ParentName="DiseaseBase">
		<defName>ChemicalDamageModerate</defName>
		<label>chemical damage</label>
		<stages>
			<li>
				<partEfficiencyOffset>-0.5</partEfficiencyOffset>
			</li>
		</stages>
	</HediffDef>

	<HediffDef ParentName="DiseaseBase">
		<defName>ChemicalDamageSevere</defName>
		<label>chemical damage</label>
		<stages>
			<li>
				<partEfficiencyOffset>-0.8</partEfficiencyOffset>
			</li>
		</stages>
	</HediffDef>

	<HediffDef ParentName="DiseaseBase">
		<defName>Cirrhosis</defName>
		<label>cirrhosis</label>
		<stages>
			<li>
				<partEfficiencyOffset>-0.60</partEfficiencyOffset>
				<painOffset>0.15</painOffset>
				<capMods>
					<li>
						<capacity>Moving</capacity>
						<offset>-0.10</offset>
					</li>
				</capMods>
			</li>
		</stages>
	</HediffDef>
  
  <HediffDef ParentName="DiseaseBase">
    <defName>ResurrectionPsychosis</defName>
    <label>resurrection psychosis</label>
    <comps>
      <li Class="HediffCompProperties_Disappears">
        <disappearsAfterTicks>
          <min>4200000</min>
          <max>4200000</max>
        </disappearsAfterTicks>
      </li>
      <li Class="HediffCompProperties_SeverityPerDay">
        <severityPerDay>0.01</severityPerDay>
      </li>
    </comps>
    <stages>
      <li>
      	<label>early</label>
        <becomeVisible>false</becomeVisible>
      </li>
      <li>
      	<minSeverity>0.1</minSeverity>
      	<label>early</label>
      	<mentalBreakMtbDays>9</mentalBreakMtbDays>
      </li>
      <li>
      	<minSeverity>0.25</minSeverity>
      	<label>moderate</label>
      	<mentalBreakMtbDays>6</mentalBreakMtbDays>
      </li>
      <li>
      	<minSeverity>0.40</minSeverity>
      	<label>advanced</label>
      	<mentalBreakMtbDays>3</mentalBreakMtbDays>
      </li>
      <li>
      	<minSeverity>0.55</minSeverity>
      	<label>total</label>
      	<mentalBreakMtbDays>0.5</mentalBreakMtbDays>
      </li>
    </stages>
  </HediffDef>

</Defs>
