﻿<?xml version="1.0" encoding="utf-8" ?>
<Defs>
  <!-- Added body parts -->

  <HediffDef Name="AddedBodyPartBase" Abstract="True">
    <hediffClass>Hediff_AddedPart</hediffClass>
    <defaultLabelColor>(0.5, 0.5, 0.9)</defaultLabelColor>
    <isBad>false</isBad>
  </HediffDef>

  <HediffDef ParentName="AddedBodyPartBase">
    <defName>PegLeg</defName>
    <label>peg leg</label>
    <labelNoun>a peg leg</labelNoun>
    <addedPartProps>
      <isSolid>true</isSolid>
      <partEfficiency>0.6</partEfficiency>
    </addedPartProps>
  </HediffDef>

  <HediffDef ParentName="AddedBodyPartBase">
    <defName>Denture</defName>
    <label>denture</label>
    <labelNoun>a denture</labelNoun>
    <addedPartProps>
      <isSolid>true</isSolid>
      <partEfficiency>0.8</partEfficiency>
    </addedPartProps>
  </HediffDef>

  <HediffDef ParentName="AddedBodyPartBase">
    <defName>SimpleProstheticLeg</defName>
    <label>simple prosthetic leg</label>
    <labelNoun>a simple prosthetic leg</labelNoun>
    <spawnThingOnRemoved>SimpleProstheticLeg</spawnThingOnRemoved>
    <addedPartProps>
      <isSolid>true</isSolid>
      <partEfficiency>0.85</partEfficiency>
    </addedPartProps>
  </HediffDef>

  <HediffDef ParentName="AddedBodyPartBase">
    <defName>SimpleProstheticArm</defName>
    <label>simple prosthetic arm</label>
    <labelNoun>a simple prosthetic arm</labelNoun>
    <comps>
      <li Class="HediffCompProperties_VerbGiver">
        <tools>
          <li>
            <label>fist</label>
            <capacities>
              <li>Blunt</li>
            </capacities>
            <power>8</power>
            <cooldownTime>1.65</cooldownTime>
          </li>
        </tools>
      </li>
    </comps>
    <spawnThingOnRemoved>SimpleProstheticArm</spawnThingOnRemoved>
    <addedPartProps>
      <isSolid>true</isSolid>
      <partEfficiency>0.5</partEfficiency>
    </addedPartProps>
  </HediffDef>

  <HediffDef ParentName="AddedBodyPartBase">
    <defName>BionicEye</defName>
    <label>bionic eye</label>
    <labelNoun>a bionic eye</labelNoun>
    <spawnThingOnRemoved>BionicEye</spawnThingOnRemoved>
    <addedPartProps>
      <isBionic>true</isBionic>
      <isSolid>true</isSolid>
      <partEfficiency>1.4</partEfficiency>
    </addedPartProps>
  </HediffDef>

  <HediffDef ParentName="AddedBodyPartBase">
    <defName>BionicArm</defName>
    <label>bionic arm</label>
    <labelNoun>a bionic arm</labelNoun>
    <comps>
      <li Class="HediffCompProperties_VerbGiver">
        <tools>
          <li>
            <label>fist</label>
            <capacities>
              <li>Blunt</li>
            </capacities>
            <power>9</power>
            <cooldownTime>1.65</cooldownTime>
          </li>
        </tools>
      </li>
    </comps>
    <spawnThingOnRemoved>BionicArm</spawnThingOnRemoved>
    <addedPartProps>
      <isBionic>true</isBionic>
      <isSolid>true</isSolid>
      <partEfficiency>1.4</partEfficiency>
    </addedPartProps>
  </HediffDef>

  <HediffDef ParentName="AddedBodyPartBase">
    <defName>BionicLeg</defName>
    <label>bionic leg</label>
    <labelNoun>a bionic leg</labelNoun>
    <spawnThingOnRemoved>BionicLeg</spawnThingOnRemoved>
    <addedPartProps>
      <isBionic>true</isBionic>
      <isSolid>true</isSolid>
      <partEfficiency>1.4</partEfficiency>
    </addedPartProps>
  </HediffDef>

  <HediffDef ParentName="AddedBodyPartBase">
    <defName>PowerClaw</defName>
    <label>power claw</label>
    <labelNoun>a power claw</labelNoun>
    <comps>
      <li Class="HediffCompProperties_VerbGiver">
        <tools>
          <li>
            <label>claw</label>
            <capacities>
              <li>Scratch</li>
            </capacities>
            <power>15</power>
            <cooldownTime>1.65</cooldownTime>
          </li>
        </tools>
      </li>
    </comps>
    <spawnThingOnRemoved>PowerClaw</spawnThingOnRemoved>
    <addedPartProps>
      <isGoodWeapon>true</isGoodWeapon>
      <isBionic>true</isBionic>
      <isSolid>true</isSolid>
      <partEfficiency>0.92</partEfficiency>
    </addedPartProps>
  </HediffDef>

  <HediffDef ParentName="AddedBodyPartBase">
    <defName>ScytherBlade</defName>
    <label>scyther blade</label>
    <labelNoun>a scyther blade</labelNoun>
    <comps>
      <li Class="HediffCompProperties_VerbGiver">
        <tools>
          <li>
            <label>blade</label>
            <capacities>
              <li>Cut</li>
            </capacities>
            <power>20</power>
            <cooldownTime>1.65</cooldownTime>
          </li>
          <li>
            <label>point</label>
            <capacities>
              <li>Stab</li>
            </capacities>
            <power>12</power>
            <cooldownTime>1.65</cooldownTime>
          </li>
        </tools>
      </li>
    </comps>
    <spawnThingOnRemoved>ScytherBlade</spawnThingOnRemoved>
    <addedPartProps>
      <isGoodWeapon>true</isGoodWeapon>
      <isBionic>true</isBionic>
      <isSolid>true</isSolid>
      <partEfficiency>0.2</partEfficiency>
    </addedPartProps>
  </HediffDef>

</Defs>
