﻿<?xml version="1.0" encoding="utf-8" ?>
<Defs>

  <!-- Missing body part -->

  <HediffDef>
    <hediffClass>Hediff_MissingPart</hediffClass>
    <defName>MissingBodyPart</defName>
    <label>missing body part</label>
    <labelNoun>a missing body part</labelNoun>
    <labelNounPretty>missing a {1}</labelNounPretty>
    <defaultLabelColor>(0.5, 0.5, 0.5, 1)</defaultLabelColor>
    <tendable>true</tendable>
    <injuryProps>
      <bleedRate>0.05</bleedRate>
      <painPerSeverity>0.0125</painPerSeverity>
    </injuryProps>
    <comps>
      <li Class="HediffCompProperties_TendDuration">
        <showTendQuality>false</showTendQuality>
      </li>
    </comps>
  </HediffDef>

  <!-- Injuries -->

  <HediffDef Name="InjuryBase" Abstract="True">
    <hediffClass>Hediff_Injury</hediffClass>
    <tendable>true</tendable>
    <displayWound>true</displayWound>
    <labelNounPretty>{0} in the {1}</labelNounPretty>
  </HediffDef>

	<HediffDef ParentName="InjuryBase">
		<defName>Misc</defName>
		<label>misc</label>
    <labelNoun>an injury</labelNoun>
    <comps>
      <li Class="HediffCompProperties_TendDuration">
        <labelTendedWell>bandaged</labelTendedWell>
        <labelTendedWellInner>sutured</labelTendedWellInner>
        <labelSolidTendedWell>set</labelSolidTendedWell>
      </li>
    </comps>
    <injuryProps>
      <painPerSeverity>0.0125</painPerSeverity>
      <bleedRate>0.03</bleedRate>
      <canMerge>false</canMerge>
      <destroyedLabel>Destroyed</destroyedLabel>
    </injuryProps>
	</HediffDef>
	
	<HediffDef ParentName="InjuryBase">
		<defName>Burn</defName>
		<label>burn</label>
    <labelNoun>a burn</labelNoun>
    <comps>
      <li Class="HediffCompProperties_TendDuration">
        <labelTendedWell>bandaged</labelTendedWell>
        <labelTendedWellInner>sutured</labelTendedWellInner>
        <labelSolidTendedWell>set</labelSolidTendedWell>
      </li>
      <li Class="HediffCompProperties_Infecter">
        <infectionChance>0.40</infectionChance>
      </li>
      <li Class="HediffCompProperties_GetsPermanent">
        <permanentLabel>burn scar</permanentLabel>
      </li>
    </comps>
		<injuryProps>
      <painPerSeverity>0.01875</painPerSeverity>
      <averagePainPerSeverityPermanent>0.00625</averagePainPerSeverityPermanent>
      <canMerge>true</canMerge>
			<destroyedLabel>Burned off</destroyedLabel>
			<destroyedOutLabel>Burned out</destroyedOutLabel>
		</injuryProps>
	</HediffDef>
	
	<HediffDef ParentName="InjuryBase">
		<defName>Crush</defName>
		<label>crush</label>
    <labelNoun>a crush wound</labelNoun>
    <comps>
      <li Class="HediffCompProperties_TendDuration">
        <labelTendedWell>bandaged</labelTendedWell>
        <labelTendedWellInner>sutured</labelTendedWellInner>
        <labelSolidTendedWell>set</labelSolidTendedWell>
      </li>
      <li Class="HediffCompProperties_Infecter">
        <infectionChance>0.20</infectionChance>
      </li>
      <li Class="HediffCompProperties_GetsPermanent">
        <permanentLabel>scar</permanentLabel>
      </li>
    </comps>
		<injuryProps>
      <painPerSeverity>0.0125</painPerSeverity>
      <averagePainPerSeverityPermanent>0.00625</averagePainPerSeverityPermanent>
			<bleedRate>0.015</bleedRate>
      <canMerge>true</canMerge>
			<destroyedLabel>Crushed</destroyedLabel>
		</injuryProps>
	</HediffDef>
	
	<HediffDef ParentName="InjuryBase">
		<defName>Crack</defName>
		<label>crack</label>
    <labelNoun>a crack wound</labelNoun>
    <comps>
      <li Class="HediffCompProperties_TendDuration">
        <labelTendedWell>healed</labelTendedWell>
        <labelTendedWellInner>healed</labelTendedWellInner>
        <labelSolidTendedWell>set</labelSolidTendedWell>
      </li>
    </comps>
    <injuryProps>
      <painPerSeverity>0.01</painPerSeverity>
      <averagePainPerSeverityPermanent>0.00625</averagePainPerSeverityPermanent>
      <destroyedLabel>Shattered</destroyedLabel>
    </injuryProps>
	</HediffDef>
	
	<HediffDef ParentName="InjuryBase">
		<defName>Cut</defName>
		<label>cut</label>
    <labelNoun>a cut</labelNoun>
    <comps>
      <li Class="HediffCompProperties_TendDuration">
        <labelTendedWell>bandaged</labelTendedWell>
        <labelTendedWellInner>sutured</labelTendedWellInner>
        <labelSolidTendedWell>set</labelSolidTendedWell>
      </li>
      <li Class="HediffCompProperties_Infecter">
        <infectionChance>0.20</infectionChance>
      </li>
      <li Class="HediffCompProperties_GetsPermanent">
        <permanentLabel>cut scar</permanentLabel>
      </li>
    </comps>
		<injuryProps>
			<painPerSeverity>0.0125</painPerSeverity>
      <averagePainPerSeverityPermanent>0.00625</averagePainPerSeverityPermanent>
			<bleedRate>0.03</bleedRate>
			<canMerge>false</canMerge>
			<destroyedLabel>Cut off</destroyedLabel>
			<destroyedOutLabel>Cut out</destroyedOutLabel>
		</injuryProps>
	</HediffDef>
	
	<HediffDef ParentName="InjuryBase">
		<defName>SurgicalCut</defName>
		<label>surgical cut</label>
    <labelNoun>a surgical cut</labelNoun>
    <comps>
      <li Class="HediffCompProperties_TendDuration">
        <labelTendedWell>bandaged</labelTendedWell>
        <labelTendedWellInner>sutured</labelTendedWellInner>
        <labelSolidTendedWell>set</labelSolidTendedWell>
      </li>
      <li Class="HediffCompProperties_GetsPermanent">
			  <permanentLabel>cut scar</permanentLabel>
      </li>
    </comps>
    <injuryProps>
      <painPerSeverity>0.0125</painPerSeverity>
      <averagePainPerSeverityPermanent>0.00625</averagePainPerSeverityPermanent>
			<bleedRate>0.03</bleedRate>
			<canMerge>false</canMerge>
			<useRemovedLabel>true</useRemovedLabel>
		</injuryProps>
	</HediffDef>
	
	<HediffDef ParentName="InjuryBase">
		<defName>Scratch</defName>
		<label>scratch</label>
    <labelNoun>a scratch</labelNoun>
    <comps>
      <li Class="HediffCompProperties_TendDuration">
        <labelTendedWell>bandaged</labelTendedWell>
        <labelTendedWellInner>sutured</labelTendedWellInner>
        <labelSolidTendedWell>set</labelSolidTendedWell>
      </li>
      <li Class="HediffCompProperties_Infecter">
        <infectionChance>0.20</infectionChance>
      </li>
      <li Class="HediffCompProperties_GetsPermanent">
        <permanentLabel>scratch scar</permanentLabel>
      </li>
    </comps>
		<injuryProps>
      <painPerSeverity>0.0125</painPerSeverity>
      <averagePainPerSeverityPermanent>0.00625</averagePainPerSeverityPermanent>
			<bleedRate>0.015</bleedRate>
			<canMerge>false</canMerge>
			<destroyedLabel>Torn off</destroyedLabel>
			<destroyedOutLabel>Torn out</destroyedOutLabel>
		</injuryProps>
	</HediffDef>
	
	<HediffDef ParentName="InjuryBase">
		<defName>Bite</defName>
		<label>bite</label>
    <labelNoun>a bite wound</labelNoun>
    <comps>
      <li Class="HediffCompProperties_TendDuration">
        <labelTendedWell>bandaged</labelTendedWell>
        <labelTendedWellInner>sutured</labelTendedWellInner>
        <labelSolidTendedWell>set</labelSolidTendedWell>
      </li>
      <li Class="HediffCompProperties_Infecter">
        <infectionChance>0.40</infectionChance>
      </li>
      <li Class="HediffCompProperties_GetsPermanent">
        <permanentLabel>bite scar</permanentLabel>
      </li>
    </comps>
    <injuryProps>
      <painPerSeverity>0.0125</painPerSeverity>
      <averagePainPerSeverityPermanent>0.00625</averagePainPerSeverityPermanent>
      <bleedRate>0.02</bleedRate>
			<canMerge>false</canMerge>
			<destroyedLabel>Bitten off</destroyedLabel>
			<destroyedOutLabel>Bitten out</destroyedOutLabel>
		</injuryProps>
	</HediffDef>
	
	<HediffDef ParentName="InjuryBase">
		<defName>Stab</defName>
		<label>stab</label>
    <labelNoun>a stab wound</labelNoun>
    <comps>
      <li Class="HediffCompProperties_TendDuration">
        <labelTendedWell>bandaged</labelTendedWell>
        <labelTendedWellInner>sutured</labelTendedWellInner>
        <labelSolidTendedWell>set</labelSolidTendedWell>
      </li>
      <li Class="HediffCompProperties_Infecter">
        <infectionChance>0.20</infectionChance>
      </li>
      <li Class="HediffCompProperties_GetsPermanent">
        <permanentLabel>stab scar</permanentLabel>
      </li>
    </comps>
		<injuryProps>
      <painPerSeverity>0.0125</painPerSeverity>
      <averagePainPerSeverityPermanent>0.00625</averagePainPerSeverityPermanent>
			<bleedRate>0.035</bleedRate>
			<canMerge>false</canMerge>
			<destroyedLabel>Cut off</destroyedLabel>
			<destroyedOutLabel>Cut out</destroyedOutLabel>
		</injuryProps>
	</HediffDef>
	
	<HediffDef ParentName="InjuryBase">
		<defName>Gunshot</defName>
		<label>gunshot</label>
    <labelNoun>a gunshot wound</labelNoun>
    <comps>
      <li Class="HediffCompProperties_TendDuration">
        <labelTendedWell>bandaged</labelTendedWell>
        <labelTendedWellInner>sutured</labelTendedWellInner>
        <labelSolidTendedWell>set</labelSolidTendedWell>
      </li>
      <li Class="HediffCompProperties_Infecter">
        <infectionChance>0.20</infectionChance>
      </li>
      <li Class="HediffCompProperties_GetsPermanent">
        <permanentLabel>old gunshot</permanentLabel>
        <instantlyPermanentLabel>permanent gunshot injury</instantlyPermanentLabel>
      </li>
    </comps>
		<injuryProps>
			<painPerSeverity>0.0125</painPerSeverity>
      <averagePainPerSeverityPermanent>0.00625</averagePainPerSeverityPermanent>
			<bleedRate>0.04</bleedRate>
			<canMerge>false</canMerge>
			<destroyedLabel>Shot off</destroyedLabel>
			<destroyedOutLabel>Shot out</destroyedOutLabel>
		</injuryProps>
	</HediffDef>

	<HediffDef ParentName="InjuryBase">
		<defName>Shredded</defName>
		<label>shredded</label>
    <labelNoun>a shredded wound</labelNoun>
    <comps>
      <li Class="HediffCompProperties_TendDuration">
        <labelTendedWell>bandaged</labelTendedWell>
        <labelTendedWellInner>sutured</labelTendedWellInner>
        <labelSolidTendedWell>set</labelSolidTendedWell>
      </li>
      <li Class="HediffCompProperties_Infecter">
        <infectionChance>0.20</infectionChance>
      </li>
      <li Class="HediffCompProperties_GetsPermanent">
			  <permanentLabel>scar</permanentLabel>
      </li>
    </comps>
		<injuryProps>
      <painPerSeverity>0.0125</painPerSeverity>
      <averagePainPerSeverityPermanent>0.00625</averagePainPerSeverityPermanent>
			<bleedRate>0.04</bleedRate>
			<canMerge>true</canMerge>
			<destroyedLabel>Torn off</destroyedLabel>
			<destroyedOutLabel>Torn out</destroyedOutLabel>
		</injuryProps>
	</HediffDef>
	
	<HediffDef ParentName="InjuryBase">
		<defName>Bruise</defName>
		<label>bruise</label>
    <labelNoun>a bruise</labelNoun>
    <comps>
      <li Class="HediffCompProperties_TendDuration">
        <labelTendedWell>bandaged</labelTendedWell>
        <labelTendedWellInner>sutured</labelTendedWellInner>
        <labelSolidTendedWell>set</labelSolidTendedWell>
      </li>
    </comps>
    <injuryProps>
      <painPerSeverity>0.0125</painPerSeverity>
      <averagePainPerSeverityPermanent>0.00625</averagePainPerSeverityPermanent>
			<canMerge>false</canMerge>
			<destroyedLabel>Destroyed</destroyedLabel>
		</injuryProps>
	</HediffDef>

  <HediffDef ParentName="InjuryBase">
    <defName>Frostbite</defName>
    <label>frostbite</label>
    <displayWound>false</displayWound>
    <comps>
      <li Class="HediffCompProperties_TendDuration">
        <labelTendedWell>bandaged</labelTendedWell>
        <labelTendedWellInner>sutured</labelTendedWellInner>
        <labelSolidTendedWell>set</labelSolidTendedWell>
      </li>
      <li Class="HediffCompProperties_Infecter">
        <infectionChance>0.40</infectionChance>
      </li>
      <li Class="HediffCompProperties_GetsPermanent">
        <permanentLabel>frostbite scar</permanentLabel>
      </li>
    </comps>
    <injuryProps>
      <painPerSeverity>0.0125</painPerSeverity>
      <averagePainPerSeverityPermanent>0.00625</averagePainPerSeverityPermanent>
      <canMerge>true</canMerge>
      <destroyedLabel>Lost to frostbite</destroyedLabel>
    </injuryProps>
  </HediffDef>

</Defs>
