﻿<?xml version="1.0" encoding="utf-8" ?>
<Defs>

  <WeatherDef>
    <defName>Clear</defName>
    <label>clear</label>
    <description>A clear day. No penalties or modifiers.</description>
    <repeatable>true</repeatable>
    <favorability>Good</favorability>
    <perceivePriority>0</perceivePriority>
    <ambientSounds>
      <li>AmbientWind_Clear</li>
    </ambientSounds>   
    <!-- Colors are Clear -->
    <skyColorsDay>
      <sky>(1,1,1)</sky>
      <shadow>(0.718,0.745,0.757)</shadow>
      <overlay>(1,1,1)</overlay>
      <saturation>1.25</saturation>
    </skyColorsDay>
    <skyColorsDusk>
      <sky>(0.858,0.650,0.423)</sky>
      <shadow>(0.955,0.886,0.914)</shadow>
      <overlay>(0.8,0.8,0.8)</overlay>
      <saturation>1.25</saturation>
    </skyColorsDusk>
    <skyColorsNightEdge>
      <sky>(0.482,0.603,0.682)</sky>
      <shadow>(0.92,0.92,0.92)</shadow>
      <overlay>(0.6,0.6,0.6)</overlay>
      <saturation>1.25</saturation>
    </skyColorsNightEdge>
    <skyColorsNightMid>
      <sky>(0.482,0.603,0.682)</sky>
      <shadow>(0.85, 0.85, 0.85)</shadow>
      <overlay>(0.6,0.6,0.6)</overlay>
      <saturation>1.25</saturation>
    </skyColorsNightMid>
  </WeatherDef>

  <WeatherDef>
    <defName>Fog</defName>
    <label>fog</label>
    <description>Fog reduces the accuracy of ranged weapons.</description>
    <windSpeedFactor>0.5</windSpeedFactor>
    <accuracyMultiplier>0.5</accuracyMultiplier>
    <favorability>Neutral</favorability>
    <perceivePriority>1</perceivePriority>
    <ambientSounds>
      <li>AmbientWind_Fog</li>
    </ambientSounds>
    <overlayClasses>
      <li>WeatherOverlay_Fog</li>
    </overlayClasses>
    <commonalityRainfallFactor>
      <points>
        <li>(0, 0)</li>
        <li>(1300, 1)</li>
      </points>
    </commonalityRainfallFactor>    
    <!-- Colors are Overcast -->
    <skyColorsDay>
      <sky>(0.8,0.8,0.8)</sky>
      <shadow>(0.92,0.92,0.92)</shadow>
      <overlay>(0.7,0.7,0.7)</overlay>
      <saturation>0.9</saturation>
    </skyColorsDay>
    <skyColorsDusk>
      <sky>(1,1,1)</sky>
      <shadow>(0.92,0.92,0.92)</shadow>
      <overlay>(0.6,0.6,0.6)</overlay>
      <saturation>0.9</saturation>
    </skyColorsDusk>
    <skyColorsNightEdge>
      <sky>(0.35,0.40,0.45)</sky>
      <shadow>(0.92,0.92,0.92)</shadow>
      <overlay>(0.5,0.5,0.5)</overlay>
      <saturation>0.9</saturation>
    </skyColorsNightEdge>
    <skyColorsNightMid>
      <sky>(0.35,0.40,0.45)</sky>
      <shadow>(0.92,0.92,0.92)</shadow>
      <overlay>(0.5,0.5,0.5)</overlay>
      <saturation>0.9</saturation>
    </skyColorsNightMid>
  </WeatherDef>

  <WeatherDef>
    <defName>Rain</defName>
    <label>rain</label>
    <description>Rain reduces the accuracy of ranged weapons, extinguishes fire, and slows people down.</description>
    <temperatureRange>
      <min>0</min>
      <max>100</max>
    </temperatureRange>
    <windSpeedFactor>1.5</windSpeedFactor>
    <accuracyMultiplier>0.8</accuracyMultiplier>
    <favorability>Neutral</favorability>
    <perceivePriority>1</perceivePriority>
    <rainRate>1</rainRate>
    <moveSpeedMultiplier>0.9</moveSpeedMultiplier>
    <ambientSounds>
      <li>AmbientRain</li>
    </ambientSounds>
    <overlayClasses>
      <li>WeatherOverlay_Rain</li>
    </overlayClasses>
    <commonalityRainfallFactor>
      <points>
        <li>(0, 0)</li>
        <li>(1300, 1)</li>
        <li>(4000, 3.0)</li>
      </points>
    </commonalityRainfallFactor>
    <!-- Colors are Overcast -->
    <skyColorsDay>
      <sky>(0.8,0.8,0.8)</sky>
      <shadow>(0.92,0.92,0.92)</shadow>
      <overlay>(0.7,0.7,0.7)</overlay>
      <saturation>0.9</saturation>
    </skyColorsDay>
    <skyColorsDusk>
      <sky>(1,1,1)</sky>
      <shadow>(0.92,0.92,0.92)</shadow>
      <overlay>(0.6,0.6,0.6)</overlay>
      <saturation>0.9</saturation>
    </skyColorsDusk>
    <skyColorsNightEdge>
      <sky>(0.35,0.40,0.45)</sky>
      <shadow>(0.92,0.92,0.92)</shadow>
      <overlay>(0.5,0.5,0.5)</overlay>
      <saturation>0.9</saturation>
    </skyColorsNightEdge>
    <skyColorsNightMid>
      <sky>(0.35,0.40,0.45)</sky>
      <shadow>(0.92,0.92,0.92)</shadow>
      <overlay>(0.5,0.5,0.5)</overlay>
      <saturation>0.9</saturation>
    </skyColorsNightMid>
  </WeatherDef>

  <WeatherDef>
    <defName>DryThunderstorm</defName>
    <label>dry thunderstorm</label>
    <description>Dry thunderstorms are dangerous because the lightning can start fires and there is no rain to put them out.</description>
    <temperatureRange>
      <min>0</min>
      <max>999</max>
    </temperatureRange>
    <windSpeedFactor>1.5</windSpeedFactor>
    <favorability>VeryBad</favorability>
    <perceivePriority>2</perceivePriority>
    <ambientSounds>
      <li>AmbientWind_Storm</li>
    </ambientSounds>
    <durationRange>
      <min>15000</min>
      <max>40000</max>
    </durationRange>
    <eventMakers>
      <li>
        <averageInterval>1200</averageInterval>
        <eventClass>WeatherEvent_LightningFlash</eventClass>
      </li>
      <li>
        <averageInterval>1200</averageInterval>
        <eventClass>WeatherEvent_LightningStrike</eventClass>
      </li>
    </eventMakers>
    <!-- Colors are Overcast -->
    <skyColorsDay>
      <sky>(0.8,0.8,0.8)</sky>
      <shadow>(0.92,0.92,0.92)</shadow>
      <overlay>(0.7,0.7,0.7)</overlay>
      <saturation>0.9</saturation>
    </skyColorsDay>
    <skyColorsDusk>
      <sky>(1,1,1)</sky>
      <shadow>(0.92,0.92,0.92)</shadow>
      <overlay>(0.6,0.6,0.6)</overlay>
      <saturation>0.9</saturation>
    </skyColorsDusk>
    <skyColorsNightEdge>
      <sky>(0.35,0.40,0.45)</sky>
      <shadow>(0.92,0.92,0.92)</shadow>
      <overlay>(0.5,0.5,0.5)</overlay>
      <saturation>0.9</saturation>
    </skyColorsNightEdge>
    <skyColorsNightMid>
      <sky>(0.35,0.40,0.45)</sky>
      <shadow>(0.92,0.92,0.92)</shadow>
      <overlay>(0.5,0.5,0.5)</overlay>
      <saturation>0.9</saturation>
    </skyColorsNightMid>
  </WeatherDef>

  <WeatherDef>
    <defName>RainyThunderstorm</defName>
    <label>rainy thunderstorm</label>
    <description>The lightning will start fires, but the rain will put it out. The rain also reduces movement speed and shooting accuracy.</description>
    <temperatureRange>
      <min>0</min>
      <max>999</max>
    </temperatureRange>
    <windSpeedFactor>1.5</windSpeedFactor>
    <favorability>Bad</favorability>
    <perceivePriority>2</perceivePriority>
    <accuracyMultiplier>0.8</accuracyMultiplier>
    <rainRate>1</rainRate>
    <moveSpeedMultiplier>0.8</moveSpeedMultiplier>
    <ambientSounds>
      <li>AmbientWind_Storm</li>
      <li>AmbientRain</li>
    </ambientSounds>
    <durationRange>
      <min>15000</min>
      <max>40000</max>
    </durationRange>
    <eventMakers>
      <li>
        <averageInterval>1200</averageInterval>
        <eventClass>WeatherEvent_LightningFlash</eventClass>
      </li>
      <li>
        <averageInterval>1200</averageInterval>
        <eventClass>WeatherEvent_LightningStrike</eventClass>
      </li>
    </eventMakers>
    <overlayClasses>
      <li>WeatherOverlay_Rain</li>
    </overlayClasses>
    <commonalityRainfallFactor>
      <points>
        <li>(0, 0)</li>
        <li>(1300, 1)</li>
        <li>(4000, 2.0)</li>
      </points>
    </commonalityRainfallFactor>  
    <!-- Colors are Overcast -->
    <skyColorsDay>
      <sky>(0.8,0.8,0.8)</sky>
      <shadow>(0.92,0.92,0.92)</shadow>
      <overlay>(0.7,0.7,0.7)</overlay>
      <saturation>0.9</saturation>
    </skyColorsDay>
    <skyColorsDusk>
      <sky>(1,1,1)</sky>
      <shadow>(0.92,0.92,0.92)</shadow>
      <overlay>(0.6,0.6,0.6)</overlay>
      <saturation>0.9</saturation>
    </skyColorsDusk>
    <skyColorsNightEdge>
      <sky>(0.35,0.40,0.45)</sky>
      <shadow>(0.92,0.92,0.92)</shadow>
      <overlay>(0.5,0.5,0.5)</overlay>
      <saturation>0.9</saturation>
    </skyColorsNightEdge>
    <skyColorsNightMid>
      <sky>(0.35,0.40,0.45)</sky>
      <shadow>(0.92,0.92,0.92)</shadow>
      <overlay>(0.5,0.5,0.5)</overlay>
      <saturation>0.9</saturation>
    </skyColorsNightMid>
  </WeatherDef>

  <WeatherDef>
    <defName>FoggyRain</defName>
    <label>foggy rain</label>
    <description>Reduces accuracy and movement speed.</description>
    <temperatureRange>
      <min>0</min>
      <max>999</max>
    </temperatureRange>
    <windSpeedFactor>1.5</windSpeedFactor>
    <favorability>Neutral</favorability>
    <perceivePriority>1</perceivePriority>
    <accuracyMultiplier>0.5</accuracyMultiplier>
    <rainRate>1</rainRate>
    <moveSpeedMultiplier>0.9</moveSpeedMultiplier>
    <ambientSounds>
      <li>AmbientWind_Fog</li>
      <li>AmbientRain</li>
    </ambientSounds>
    <overlayClasses>
      <li>WeatherOverlay_Fog</li>
      <li>WeatherOverlay_Rain</li>
    </overlayClasses>
    <commonalityRainfallFactor>
      <points>
        <li>(0, 0)</li>
        <li>(1300, 1)</li>
      </points>
    </commonalityRainfallFactor>   
    <!-- Colors are Overcast -->
    <skyColorsDay>
      <sky>(0.8,0.8,0.8)</sky>
      <shadow>(0.92,0.92,0.92)</shadow>
      <overlay>(0.7,0.7,0.7)</overlay>
      <saturation>0.9</saturation>
    </skyColorsDay>
    <skyColorsDusk>
      <sky>(1,1,1)</sky>
      <shadow>(0.92,0.92,0.92)</shadow>
      <overlay>(0.6,0.6,0.6)</overlay>
      <saturation>0.9</saturation>
    </skyColorsDusk>
    <skyColorsNightEdge>
      <sky>(0.35,0.40,0.45)</sky>
      <shadow>(0.92,0.92,0.92)</shadow>
      <overlay>(0.5,0.5,0.5)</overlay>
      <saturation>0.9</saturation>
    </skyColorsNightEdge>
    <skyColorsNightMid>
      <sky>(0.35,0.40,0.45)</sky>
      <shadow>(0.92,0.92,0.92)</shadow>
      <overlay>(0.5,0.5,0.5)</overlay>
      <saturation>0.9</saturation>
    </skyColorsNightMid>
  </WeatherDef>

  <WeatherDef>
    <defName>SnowHard</defName>
    <label>hard snow</label>
    <description>Snow reduces the accuracy of ranged weapons, extinguishes fire, and slows people down.</description>
    <temperatureRange>
      <min>-999</min>
      <max>-0.5</max>
    </temperatureRange>
    <snowRate>1.2</snowRate>
    <windSpeedFactor>1.5</windSpeedFactor>
    <accuracyMultiplier>0.8</accuracyMultiplier>
    <favorability>Neutral</favorability>
    <perceivePriority>1</perceivePriority>
    <rainRate>1</rainRate>
    <moveSpeedMultiplier>0.8</moveSpeedMultiplier>
    <commonalityRainfallFactor>
      <points>
        <li>(0, 0)</li>
        <li>(300,0.5)</li>
        <li>(1300, 1)</li>
      </points>
    </commonalityRainfallFactor>
    <ambientSounds>
      <li>AmbientWind_Storm</li>
    </ambientSounds>
    <overlayClasses>
      <li>WeatherOverlay_SnowHard</li>
    </overlayClasses>
    <!-- Colors are Overcast -->
    <skyColorsDay>
      <sky>(0.8,0.8,0.8)</sky>
      <shadow>(0.92,0.92,0.92)</shadow>
      <overlay>(0.7,0.7,0.7)</overlay>
      <saturation>0.9</saturation>
    </skyColorsDay>
    <skyColorsDusk>
      <sky>(1,1,1)</sky>
      <shadow>(0.92,0.92,0.92)</shadow>
      <overlay>(0.6,0.6,0.6)</overlay>
      <saturation>0.9</saturation>
    </skyColorsDusk>
    <skyColorsNightEdge>
      <sky>(0.35,0.40,0.45)</sky>
      <shadow>(0.92,0.92,0.92)</shadow>
      <overlay>(0.5,0.5,0.5)</overlay>
      <saturation>0.9</saturation>
    </skyColorsNightEdge>
    <skyColorsNightMid>
      <sky>(0.35,0.40,0.45)</sky>
      <shadow>(0.92,0.92,0.92)</shadow>
      <overlay>(0.5,0.5,0.5)</overlay>
      <saturation>0.9</saturation>
    </skyColorsNightMid>
  </WeatherDef>

  <WeatherDef>
    <defName>SnowGentle</defName>
    <label>gentle snow</label>
    <description>Snow reduces the accuracy of ranged weapons, extinguishes fire, and slows people down.</description>
    <temperatureRange>
      <min>-999</min>
      <max>-0.5</max>
    </temperatureRange>
    <snowRate>0.8</snowRate>
    <windSpeedFactor>1.5</windSpeedFactor>
    <accuracyMultiplier>0.8</accuracyMultiplier>
    <favorability>Neutral</favorability>
    <perceivePriority>1</perceivePriority>
    <rainRate>1</rainRate>
    <commonalityRainfallFactor>
      <points>
        <li>(0, 0)</li>
        <li>(300,0.5)</li>
        <li>(1300, 1)</li>
      </points>
    </commonalityRainfallFactor>
    <ambientSounds>
      <li>AmbientWind_Clear</li>
    </ambientSounds>
    <overlayClasses>
      <li>WeatherOverlay_SnowGentle</li>
    </overlayClasses>
    <!-- Colors are Overcast -->
    <skyColorsDay>
      <sky>(0.8,0.8,0.8)</sky>
      <shadow>(0.92,0.92,0.92)</shadow>
      <overlay>(0.7,0.7,0.7)</overlay>
      <saturation>0.9</saturation>
    </skyColorsDay>
    <skyColorsDusk>
      <sky>(1,1,1)</sky>
      <shadow>(0.92,0.92,0.92)</shadow>
      <overlay>(0.6,0.6,0.6)</overlay>
      <saturation>0.9</saturation>
    </skyColorsDusk>
    <skyColorsNightEdge>
      <sky>(0.35,0.40,0.45)</sky>
      <shadow>(0.92,0.92,0.92)</shadow>
      <overlay>(0.5,0.5,0.5)</overlay>
      <saturation>0.9</saturation>
    </skyColorsNightEdge>
    <skyColorsNightMid>
      <sky>(0.35,0.40,0.45)</sky>
      <shadow>(0.92,0.92,0.92)</shadow>
      <overlay>(0.5,0.5,0.5)</overlay>
      <saturation>0.9</saturation>
    </skyColorsNightMid>
  </WeatherDef>

</Defs>








