﻿<?xml version="1.0" encoding="utf-8" ?>
<Defs>
  <RulePackDef>
    <defName>Event_Stun</defName>
    <rulePack>
      <rulesStrings>
        <li>r_logentry->[SUBJECT_definite] was [stunned] by the attack.</li>
        <li>r_logentry->[SUBJECT_definite] was [stunned] by [INITIATOR_definite]'s attack.</li>

        <li>stunned(p=3)->stunned</li>
        <li>stunned->staggered</li>
        <li>stunned->dazed</li>
        <li>stunned->disoriented</li>
        
        <li>r_logentry->[SUBJECT_definite] [staggered].</li>
        <li>r_logentry->[SUBJECT_definite] [staggered] from the attack.</li>
        <li>r_logentry->[SUBJECT_definite] [staggered] from [INITIATOR_definite]'s attack.</li>

        <li>staggered(p=3)->staggered</li>
        <li>staggered->faltered</li>
        <li>staggered->wobbled</li>
        <li>staggered->wavered</li>

        <li>r_logentry->[SUBJECT_definite] [stumbled] around blearily.</li>
        <li>r_logentry->[SUBJECT_definite] [stumbled] around in confusion.</li>

        <li>stumbled(p=3)->stumbled</li>
        <li>stumbled->wavered</li>
        <li>stumbled->wobbled</li>
        <li>stumbled->staggered</li>
      </rulesStrings>
    </rulePack>
  </RulePackDef>
  
  <RulePackDef>
    <defName>Event_AbilityUsed</defName>
    <rulePack>
      <rulesStrings>
        <li>r_logentry->[INITIATOR_definite] used [ABILITY_label] on [SUBJECT_definite].</li>
      </rulesStrings>
    </rulePack>
  </RulePackDef>
</Defs>
