﻿<?xml version="1.0" encoding="utf-8" ?>

<Defs>
  <PrisonerInteractionModeDef>
    <defName>NoInteraction</defName>
    <label>no interaction</label>
    <listOrder>0</listOrder>
  </PrisonerInteractionModeDef>

  <PrisonerInteractionModeDef>
    <defName>Chat</defName>
    <label>friendly chat</label>
    <listOrder>10</listOrder>
  </PrisonerInteractionModeDef>

  <PrisonerInteractionModeDef>
    <defName>AttemptRecruit</defName>
    <label>chat and recruit</label>
    <listOrder>20</listOrder>
  </PrisonerInteractionModeDef>

  <PrisonerInteractionModeDef>
    <defName>Release</defName>
    <label>release</label>
    <listOrder>30</listOrder>
  </PrisonerInteractionModeDef>

  <PrisonerInteractionModeDef>
    <defName>Execution</defName>
    <label>execution</label>
    <listOrder>40</listOrder>
  </PrisonerInteractionModeDef>
</Defs>
