﻿<?xml version="1.0" encoding="utf-8" ?>
<Defs>

  <ResearchProjectDef>
    <defName>Electricity</defName>
    <label>electricity</label>
    <description>Harness the power of electricity for a hundred different tasks.</description>
    <baseCost>1600</baseCost>
    <techLevel>Industrial</techLevel>
    <tags>
      <li>ClassicStart</li>
    </tags>
    <researchViewX>3</researchViewX>
    <researchViewY>2.9</researchViewY>
  </ResearchProjectDef>

  <ResearchProjectDef>
    <defName>Batteries</defName>
    <label>battery</label>
    <description>Build batteries for storing electricity.</description>
    <baseCost>400</baseCost>
    <techLevel>Industrial</techLevel>
    <prerequisites>
      <li>Electricity</li>
    </prerequisites>
    <researchViewX>4</researchViewX>
    <researchViewY>1.16</researchViewY>
  </ResearchProjectDef>

  <ResearchProjectDef>
    <defName>BiofuelRefining</defName>
    <label>biofuel refining</label>
    <description>Build biofuel refineries to make chemfuel from biological matter like wood or foodstuffs.</description>
    <baseCost>700</baseCost>
    <techLevel>Industrial</techLevel>
    <prerequisites>
      <li>Electricity</li>
    </prerequisites>
    <researchViewX>5</researchViewX>
    <researchViewY>2.5</researchViewY>
  </ResearchProjectDef>

  <ResearchProjectDef>
    <defName>Waterproofing</defName>
    <label>waterproof conduit</label>
    <description>Build underwater electrical conduits.</description>
    <baseCost>300</baseCost>
    <techLevel>Industrial</techLevel>
    <prerequisites>
      <li>Electricity</li>
    </prerequisites>
    <researchViewX>5</researchViewX>
    <researchViewY>1.16</researchViewY>
  </ResearchProjectDef>

  <ResearchProjectDef>
    <defName>NutrientPaste</defName>
    <label>nutrient paste</label>
    <description>Build nutrient paste dispensers which efficiently produce edible meals from raw nutritive feedstocks, while requiring no labor at all.</description>
    <baseCost>500</baseCost>
    <techLevel>Industrial</techLevel>
    <prerequisites>
      <li>Electricity</li>
    </prerequisites>
    <researchViewX>6</researchViewX>
    <researchViewY>0.5</researchViewY>
     <tags>
      <li>ClassicStart</li>
    </tags>
  </ResearchProjectDef>

  <ResearchProjectDef>
    <defName>SolarPanels</defName>
    <label>solar panel</label>
    <description>Build solar panels for electricity generation.</description>
    <baseCost>600</baseCost>
    <techLevel>Industrial</techLevel>
    <prerequisites>
      <li>Electricity</li>
    </prerequisites>
    <researchViewX>5</researchViewX>
    <researchViewY>1.83</researchViewY>
  </ResearchProjectDef>

  <ResearchProjectDef>
    <defName>AirConditioning</defName>
    <label>air conditioning</label>
    <description>Build coolers to make people comfortable in hot weather, or to construct freezers for storing perishable goods.</description>
    <baseCost>500</baseCost>
    <techLevel>Industrial</techLevel>
    <prerequisites>
      <li>Electricity</li>
    </prerequisites>
    <tags>
      <li>ClassicStart</li>
    </tags>
    <researchViewX>4</researchViewX>
    <researchViewY>2.5</researchViewY>
  </ResearchProjectDef>

  <ResearchProjectDef>
    <defName>Autodoors</defName>
    <label>autodoor</label>
    <description>Build autodoors which automatically open when someone approaches, without slowing anyone down.</description>
    <baseCost>600</baseCost>
    <techLevel>Industrial</techLevel>
    <prerequisites>
      <li>Electricity</li>
    </prerequisites>
    <researchViewX>4</researchViewX>
    <researchViewY>1.83</researchViewY>
  </ResearchProjectDef>

  <ResearchProjectDef>
    <defName>Hydroponics</defName>
    <label>hydroponics</label>
    <description>Build hydroponics basins to rapidly grow crops indoors regardless of the terrain or weather outside.</description>
    <baseCost>700</baseCost>
    <techLevel>Industrial</techLevel>
    <prerequisites>
      <li>Electricity</li>
    </prerequisites>
    <researchViewX>4</researchViewX>
    <researchViewY>0.5</researchViewY>
  </ResearchProjectDef>

  <ResearchProjectDef>
    <defName>ElectricSmelting</defName>
    <label>electric smelting</label>
    <description>Build electric smithy and smelters.\n\nThe electric smithy allows smithing items without fuel. The electric smelter extracts useful metal from slag chunks and other items.</description>
    <baseCost>500</baseCost>
    <techLevel>Industrial</techLevel>
    <prerequisites>
      <li>Electricity</li>
    </prerequisites>
    <researchViewX>6</researchViewX>
    <researchViewY>1.16</researchViewY>
  </ResearchProjectDef>

  <ResearchProjectDef>
    <defName>TubeTelevision</defName>
    <label>tube television</label>
    <description>Produce tube televisions for recreational watching.</description>
    <baseCost>1000</baseCost>
    <techLevel>Industrial</techLevel>
    <prerequisites>
      <li>Electricity</li>
    </prerequisites>
    <researchViewX>7</researchViewX>
    <researchViewY>1.83</researchViewY>
  </ResearchProjectDef>

  <ResearchProjectDef>
    <defName>PackagedSurvivalMeal</defName>
    <label>packaged survival meal</label>
    <description>Produce packaged survival meals which never go bad. Great for traveling.</description>
    <baseCost>900</baseCost>
    <techLevel>Industrial</techLevel>
    <prerequisites>
      <li>NutrientPaste</li>
    </prerequisites>
    <researchViewX>7</researchViewX>
    <researchViewY>0.5</researchViewY>
  </ResearchProjectDef>

  <ResearchProjectDef>
    <defName>ElectricCremation</defName>
    <label>electric cremation</label>
    <description>Build crematoriums for vaporizing unwanted corpses.</description>
    <baseCost>400</baseCost>
    <techLevel>Industrial</techLevel>
    <prerequisites>
      <li>ElectricSmelting</li>
    </prerequisites>
    <researchViewX>7</researchViewX>
    <researchViewY>1.16</researchViewY>
  </ResearchProjectDef>

  <ResearchProjectDef>
    <defName>Firefoam</defName>
    <label>firefoam</label>
    <description>Construct firefoam poppers, automatic fire-safety devices which spread fire-retardant foam in response to encroaching flames.</description>
    <baseCost>600</baseCost>
    <techLevel>Industrial</techLevel>
    <prerequisites>
      <li>Electricity</li>
    </prerequisites>
    <researchViewX>6</researchViewX>
    <researchViewY>1.83</researchViewY>
  </ResearchProjectDef>

  <ResearchProjectDef>
    <defName>IEDs</defName>
    <label>IEDs</label>
    <description>Build improvised traps from any kind of mortar shell.</description>
    <baseCost>500</baseCost>
    <techLevel>Industrial</techLevel>
    <prerequisites>
      <li>Electricity</li>
    </prerequisites>
    <researchViewX>5</researchViewX>
    <researchViewY>0.5</researchViewY>
  </ResearchProjectDef>

  <ResearchProjectDef>
    <defName>GeothermalPower</defName>
    <label>geothermal power</label>
    <description>Build geothermal power plants on top of steam geysers, for uninterrupted power.</description>
    <baseCost>3200</baseCost>
    <techLevel>Industrial</techLevel>
    <prerequisites>
      <li>Electricity</li>
    </prerequisites>
    <researchViewX>6</researchViewX>
    <researchViewY>2.5</researchViewY>
  </ResearchProjectDef>

  <ResearchProjectDef>
    <defName>SterileMaterials</defName>
    <label>sterile materials</label>
    <description>Construct sterile tiles to make cleanrooms for safer and more effective medical treatment, research, and cooking.</description>
    <baseCost>600</baseCost>
    <techLevel>Industrial</techLevel>
    <prerequisites>
      <li>Electricity</li>
    </prerequisites>
    <researchViewX>7</researchViewX>
    <researchViewY>2.5</researchViewY>
  </ResearchProjectDef>

  <!--===================== Machining and its children sub-tier ======================-->

  <ResearchProjectDef>
    <defName>Machining</defName>
    <label>machining</label>
    <description>Build machining tables to craft guns, grenades, flak armor, and to disassemble dead mechanoids for resources.</description>
    <baseCost>1000</baseCost>
    <techLevel>Industrial</techLevel>
    <prerequisites>
      <li>Electricity</li>
      <li>Smithing</li>
    </prerequisites>
    <researchViewX>4</researchViewX>
    <researchViewY>3.4</researchViewY>
  </ResearchProjectDef>

  <ResearchProjectDef>
    <defName>SmokepopBelt</defName>
    <label>smokepop belts</label>
    <description>Build smokepop belts which generate an automatic defensive smokescreen when the user is shot.</description>
    <baseCost>300</baseCost>
    <techLevel>Industrial</techLevel>
    <prerequisites>
      <li>Machining</li>
    </prerequisites>
    <researchViewX>5</researchViewX>
    <researchViewY>4.8</researchViewY>
  </ResearchProjectDef>

  <ResearchProjectDef>
    <defName>Prosthetics</defName>
    <label>prosthetics</label>
    <description>Build inexpensive prosthetic body parts to replace lost limbs. Requires a skilled doctor to attach.</description>
    <baseCost>600</baseCost>
    <techLevel>Industrial</techLevel>
    <prerequisites>
      <li>Machining</li>
    </prerequisites>
    <researchViewX>6</researchViewX>
    <researchViewY>4.8</researchViewY>
  </ResearchProjectDef>

  <ResearchProjectDef>
    <defName>Gunsmithing</defName>
    <label>gunsmithing</label>
    <description>Craft simple manually-operated guns like revolvers, pump shotguns, bolt-action rifles, and incendiary launchers.</description>
    <baseCost>500</baseCost>
    <techLevel>Industrial</techLevel>
    <prerequisites>
      <li>Machining</li>
    </prerequisites>
    <researchViewX>5</researchViewX>
    <researchViewY>3.4</researchViewY>
  </ResearchProjectDef>

  <ResearchProjectDef>
    <defName>FlakArmor</defName>
    <label>flak armor</label>
    <description>Craft clothing with metal armor sewn in to resist bullets and explosions. This weighty armor slows movement slightly.</description>
    <baseCost>800</baseCost>
    <techLevel>Industrial</techLevel>
    <prerequisites>
      <li>Machining</li>
    </prerequisites>
    <researchViewX>5</researchViewX>
    <researchViewY>4.1</researchViewY>
  </ResearchProjectDef>

  <ResearchProjectDef>
    <defName>Mortars</defName>
    <label>mortars</label>
    <description>Build mortars which can lob shells long distances - even over walls.</description>
    <baseCost>2000</baseCost>
    <techLevel>Industrial</techLevel>
    <prerequisites>
      <li>Gunsmithing</li>
    </prerequisites>
    <researchViewX>6</researchViewX>
    <researchViewY>4.1</researchViewY>
  </ResearchProjectDef>

  <ResearchProjectDef>
    <defName>BlowbackOperation</defName>
    <label>blowback operation</label>
    <description>Craft low-power blowback-operated guns like autopistols, machine pistols, and heavy SMGs.</description>
    <baseCost>500</baseCost>
    <techLevel>Industrial</techLevel>
    <prerequisites>
      <li>Gunsmithing</li>
    </prerequisites>
    <researchViewX>6</researchViewX>
    <researchViewY>3.4</researchViewY>
  </ResearchProjectDef>

  <ResearchProjectDef>
    <defName>GasOperation</defName>
    <label>gas operation</label>
    <description>Craft high-power guns like chain shotguns and LMGs.</description>
    <baseCost>1000</baseCost>
    <techLevel>Industrial</techLevel>
    <prerequisites>
      <li>BlowbackOperation</li>
    </prerequisites>
    <researchViewX>7</researchViewX>
    <researchViewY>4</researchViewY>
  </ResearchProjectDef>

  <ResearchProjectDef>
    <defName>GunTurrets</defName>
    <label>gun turrets</label>
    <description>Produce simple automated gun turrets.</description>
    <baseCost>500</baseCost>
    <techLevel>Industrial</techLevel>
    <prerequisites>
      <li>BlowbackOperation</li>
    </prerequisites>
    <researchViewX>7</researchViewX>
    <researchViewY>3.4</researchViewY>
  </ResearchProjectDef>

</Defs>
