﻿<?xml version="1.0" encoding="utf-8" ?>
<Defs>

  <ResearchProjectDef Name="ShipResearchProjectBase" Abstract="True">
    <requiredResearchBuilding>HiTechResearchBench</requiredResearchBuilding>
    <requiredResearchFacilities>
      <li>MultiAnalyzer</li>
    </requiredResearchFacilities>
    <tags>
      <li>ShipRelated</li>
    </tags>
  </ResearchProjectDef>

  <ResearchProjectDef ParentName="ShipResearchProjectBase">
    <defName>ShipBasics</defName>
    <label>starflight basics</label>
    <description>Construct the structural and supportive elements of a starship. This is the first step in building a ship to leave this star system.</description>
    <baseCost>4000</baseCost>
    <techLevel>Spacer</techLevel>
    <prerequisites>
      <li>AdvancedFabrication</li>
    </prerequisites>
    <researchViewX>14</researchViewX>
    <researchViewY>2.9</researchViewY>
    <discoveredLetterTitle>About: Launching the ship</discoveredLetterTitle>
    <discoveredLetterText>Escaping from this planet - it would be freedom at last, and maybe a return home.\n\nBut also incredibly dangerous.\n\nMany desperate souls want off this planet. Ship reactors take 15 days to charge up. Once you begin that process, the ship reactor will emit an energy signature detectable from thousands of kilometers away. Raiders will flock to attack you in waves, with an intensity you've never seen. Mechanoids are also known to be attracted to such energy signatures for their own mysterious reasons.\n\nIt won't start until you activate your ship's reactor, but when it does, it'll be ferocious. You'll need to stockpile resources, weapons, and defenses for the onslaught if you hope to escape alive.</discoveredLetterText>
    <discoveredLetterMinDifficulty>1</discoveredLetterMinDifficulty>
  </ResearchProjectDef>

  <ResearchProjectDef ParentName="ShipResearchProjectBase">
    <defName>ShipCryptosleep</defName>
    <label>vacuum cryptosleep casket</label>
    <description>Construct hardened cryptosleep caskets tough enough to be exposed to vacuum, for transporting people on the years-long journey between stars.</description>
    <baseCost>2800</baseCost>
    <techLevel>Spacer</techLevel>
    <prerequisites>
      <li>ShipBasics</li>
      <li>Cryptosleep</li>
    </prerequisites>
    <researchViewX>15</researchViewX>
    <researchViewY>2.2</researchViewY>
  </ResearchProjectDef>

  <ResearchProjectDef ParentName="ShipResearchProjectBase">
    <defName>ShipReactor</defName>
    <label>starship reactor</label>
    <description>Build a long-duration nuclear reactor to power a starship. Note that reactors have a long startup process that will attract raiders.</description>
    <baseCost>6000</baseCost>
    <techLevel>Spacer</techLevel>
    <prerequisites>
      <li>ShipBasics</li>
    </prerequisites>
    <researchViewX>15</researchViewX>
    <researchViewY>3.5</researchViewY>
  </ResearchProjectDef>

  <ResearchProjectDef ParentName="ShipResearchProjectBase">
    <defName>ShipEngine</defName>
    <label>Johnson-Tanaka drive</label>
    <description>Construct a Johnson-Tanaka drive for a ship. The JT drive can push you to other stars by leveraging quantum scale effects to beam momentum to distant stars. Of course, as with all starships, it still takes many years to get anywhere.</description>
    <baseCost>6000</baseCost>
    <techLevel>Spacer</techLevel>
    <prerequisites>
      <li>ShipBasics</li>
    </prerequisites>
    <researchViewX>15</researchViewX>
    <researchViewY>4.75</researchViewY>
  </ResearchProjectDef>

  <ResearchProjectDef ParentName="ShipResearchProjectBase">
    <defName>ShipComputerCore</defName>
    <label>AI persuasion</label>
    <description>Build a reward-signal system to persuade an existing AI persona core into serving as a ship's AI captain. Since people sleep during interstellar travel, an AI core is necessary to handle the complex decisions of a years-long starflight.</description>
    <baseCost>3000</baseCost>
    <techLevel>Spacer</techLevel>
    <prerequisites>
      <li>ShipBasics</li>
    </prerequisites>
    <researchViewX>15</researchViewX>
    <researchViewY>1</researchViewY>
  </ResearchProjectDef>

  <ResearchProjectDef ParentName="ShipResearchProjectBase">
    <defName>ShipSensorCluster</defName>
    <label>starflight sensors</label>
    <description>Construct long-range sensors for a starship. These sensors are essential for navigation, communication, and threat avoidance.</description>
    <baseCost>4000</baseCost>
    <techLevel>Spacer</techLevel>
    <prerequisites>
      <li>ShipBasics</li>
      <li>LongRangeMineralScanner</li>
    </prerequisites>
    <researchViewX>15</researchViewX>
    <researchViewY>0</researchViewY>
  </ResearchProjectDef>

</Defs>
