﻿<?xml version="1.0" encoding="utf-8" ?>
<Defs>

  <ThoughtDef>
    <defName>MoodOffsetSanguine</defName>
    <workerClass>ThoughtWorker_AlwaysActive</workerClass>
    <validWhileDespawned>true</validWhileDespawned>
    <requiredTraits>
      <li>NaturalMood</li>
    </requiredTraits>
    <requiredTraitsDegree>2</requiredTraitsDegree>
    <stages>
      <li>
        <label>sanguine</label>
        <description>Natural bonus from 'sanguine' trait.</description>
        <baseMoodEffect>12</baseMoodEffect>
      </li>
    </stages>
  </ThoughtDef>

  <ThoughtDef>
    <defName>MoodOffsetOptimist</defName>
    <workerClass>ThoughtWorker_AlwaysActive</workerClass>
    <validWhileDespawned>true</validWhileDespawned>
    <requiredTraits>
      <li>NaturalMood</li>
    </requiredTraits>
    <requiredTraitsDegree>1</requiredTraitsDegree>
    <stages>
      <li>
        <label>optimist</label>
        <description>Natural bonus from 'optimist' trait.</description>
        <baseMoodEffect>6</baseMoodEffect>
      </li>
    </stages>
  </ThoughtDef>

  <ThoughtDef>
    <defName>MoodOffsetPessimist</defName>
    <workerClass>ThoughtWorker_AlwaysActive</workerClass>
    <validWhileDespawned>true</validWhileDespawned>
    <requiredTraits>
      <li>NaturalMood</li>
    </requiredTraits>
    <requiredTraitsDegree>-1</requiredTraitsDegree>
    <stages>
      <li>
        <label>pessimist</label>
        <description>Natural penalty from 'pessimist' trait.</description>
        <baseMoodEffect>-6</baseMoodEffect>
      </li>
    </stages>
  </ThoughtDef>

  <ThoughtDef>
    <defName>MoodOffsetDepressive</defName>
    <workerClass>ThoughtWorker_AlwaysActive</workerClass>
    <validWhileDespawned>true</validWhileDespawned>
    <requiredTraits>
      <li>NaturalMood</li>
    </requiredTraits>
    <requiredTraitsDegree>-2</requiredTraitsDegree>
    <stages>
      <li>
        <label>depressive</label>
        <description>Natural penalty from 'depressive' trait.</description>
        <baseMoodEffect>-12</baseMoodEffect>
      </li>
    </stages>
  </ThoughtDef>

</Defs>
