﻿<?xml version="1.0" encoding="utf-8" ?>
<Defs>

  <ThoughtDef Name="DeathMemory" Abstract="True">
    <stackLimit>5</stackLimit>
  </ThoughtDef>
  
  <!--=================== executions and prisoner deaths ===================-->

  <ThoughtDef ParentName="DeathMemory">
    <defName>KnowGuestExecuted</defName>
    <durationDays>6</durationDays>
    <nullifyingTraits>
      <li>Psychopath</li>
      <li>Bloodlust</li>
    </nullifyingTraits>
    <stages>
			<li>
				<label>justified execution</label>
				<description>A guilty prisoner or guest was executed. It was justified, but still sad.</description>
				<baseMoodEffect>-2</baseMoodEffect>
			</li>
      <li>
        <label>someone was euthanized</label>
        <!-- generic humane -->
        <description>A prisoner or guest was euthanized. It was humane, but still sad.</description>
        <baseMoodEffect>-3</baseMoodEffect>
      </li>
      <li>
        <label>someone was executed</label>
        <!-- generic brutal -->
        <description>A prisoner or guest was killed in cold blood. It seemed a bit evil.</description>
        <baseMoodEffect>-5</baseMoodEffect>
      </li>
      <li>
        <label>someone organ-harvested</label>
        <!-- died because of organ harvesting -->
        <description>A prisoner or guest died because the colony took body parts from him. It's horrible.</description>
        <baseMoodEffect>-6</baseMoodEffect>
      </li>
    </stages>
  </ThoughtDef>

  <ThoughtDef ParentName="DeathMemory">
    <defName>KnowColonistExecuted</defName>
    <durationDays>6</durationDays>
    <stackLimit>5</stackLimit>
    <nullifyingTraits>
      <li>Psychopath</li>
    </nullifyingTraits>
    <stages>
			<li>
				<label>justified execution of colonist</label>
				<description>A guilty colonist was executed. It was justified, but still sad.</description>
				<baseMoodEffect>-2</baseMoodEffect>
			</li>
      <li>
        <label>colonist euthanized</label>
        <!-- generic humane, can't be worse than KnowColonistDied -->
        <description>A colonist was euthanized. It was humane, but still sad.</description>
        <baseMoodEffect>-3</baseMoodEffect>
      </li>
      <li>
        <label>colonist executed</label>
        <!-- generic brutal -->
        <description>A colonist was killed in cold blood. It seemed a bit evil.</description>
        <baseMoodEffect>-5</baseMoodEffect>
      </li>
      <li>
        <label>colonist organ-harvested</label>
        <!-- died because of organ harvesting -->
        <description>A colonist died because someone took body parts from him. It's horrible.</description>
        <baseMoodEffect>-6</baseMoodEffect>
      </li>
    </stages>
  </ThoughtDef>

  <ThoughtDef ParentName="DeathMemory">
    <defName>KnowPrisonerDiedInnocent</defName>
    <durationDays>6</durationDays>
    <stackLimit>5</stackLimit>
    <nullifyingTraits>
      <li>Psychopath</li>
      <li>Bloodlust</li>
    </nullifyingTraits>
    <stages>
      <li>
        <label>innocent prisoner died</label>
        <description>One of our prisoners died despite being harmless. We should be able to take care of our prisoners. If we wanted them dead, we could have at least conducted an orderly execution rather than permit that barbarism.</description>
        <baseMoodEffect>-5</baseMoodEffect>
      </li>
    </stages>
  </ThoughtDef>

  <ThoughtDef ParentName="DeathMemory">
    <defName>KnowColonistDied</defName>
    <durationDays>6</durationDays>
    <stackLimit>5</stackLimit>
    <nullifyingTraits>
      <li>Psychopath</li>
      <li>Bloodlust</li>
    </nullifyingTraits>
    <stages>
      <li>
        <label>colonist died</label>
        <description>One of our people died. We should be able to take care of our people.</description>
        <baseMoodEffect>-3</baseMoodEffect>
      </li>
    </stages>
  </ThoughtDef>

  <!--===================== bonded animal died =====================-->

  <ThoughtDef ParentName="DeathMemory">
    <defName>BondedAnimalDied</defName>
		<showBubble>true</showBubble>
    <durationDays>20</durationDays>
    <stackLimit>5</stackLimit>
    <stackLimitForSameOtherPawn>1</stackLimitForSameOtherPawn>
    <nullifyingTraits>
      <li>Psychopath</li>
    </nullifyingTraits>
    <stages>
      <li>
        <label>bonded animal {0} died</label>
        <description>Such a tender, unique animal. This universe is evil!</description>
        <baseMoodEffect>-8</baseMoodEffect>
      </li>
    </stages>
  </ThoughtDef>

  <!--===================== friend/rival died =====================-->

  <ThoughtDef ParentName="DeathMemory">
    <defName>PawnWithGoodOpinionDied</defName>
    <durationDays>20</durationDays>
    <stackLimit>5</stackLimit>
    <stackLimitForSameOtherPawn>1</stackLimitForSameOtherPawn>
    <nullifyingTraits>
      <li>Psychopath</li>
    </nullifyingTraits>
    <stages>
      <li>
        <label>my friend {0} died</label>
        <description>Such a wonderful person, gone forever. The universe gets darker every day.</description>
        <baseMoodEffect>-10</baseMoodEffect>
      </li>
    </stages>
  </ThoughtDef>

  <ThoughtDef ParentName="DeathMemory">
    <defName>PawnWithBadOpinionDied</defName>
    <durationDays>10</durationDays>
    <stackLimit>5</stackLimit>
    <stackLimitForSameOtherPawn>1</stackLimitForSameOtherPawn>
    <stages>
      <li>
        <label>my rival {0} died</label>
        <description>Serves them right. At least there's some justice in this world.</description>
        <baseMoodEffect>10</baseMoodEffect>
      </li>
    </stages>
  </ThoughtDef>

  <!--===================== Family member died thoughts =====================-->

  <ThoughtDef Name="DeathMemoryFamily" ParentName="DeathMemory" Abstract="True">
    <durationDays>30.0</durationDays>
    <stackLimit>10</stackLimit>
		<showBubble>true</showBubble>
    <stackLimitForSameOtherPawn>1</stackLimitForSameOtherPawn>
	</ThoughtDef>
  
  <ThoughtDef ParentName="DeathMemoryFamily">
    <defName>MySonDied</defName>
    <stages>
      <li>
        <label>my son {0} died</label>
        <description>My son is dead. My own flesh and blood...</description>
        <baseMoodEffect>-20</baseMoodEffect>
      </li>
    </stages>
  </ThoughtDef>
  
  <ThoughtDef ParentName="DeathMemoryFamily">
    <defName>MyDaughterDied</defName>
    <stages>
      <li>
        <label>my daughter {0} died</label>
        <description>My daughter is dead. My own flesh and blood...</description>
        <baseMoodEffect>-20</baseMoodEffect>
      </li>
    </stages>
  </ThoughtDef>
  
  <ThoughtDef ParentName="DeathMemoryFamily">
    <defName>MyHusbandDied</defName>
    <stages>
      <li>
        <label>my husband {0} died</label>
        <description>My husband is dead. I am alone.</description>
        <baseMoodEffect>-20</baseMoodEffect>
      </li>
    </stages>
  </ThoughtDef>
  
  <ThoughtDef ParentName="DeathMemoryFamily">
    <defName>MyWifeDied</defName>
    <stages>
      <li>
        <label>my wife {0} died</label>
        <description>My wife is dead. I am alone.</description>
        <baseMoodEffect>-20</baseMoodEffect>
      </li>
    </stages>
  </ThoughtDef>
  
  <ThoughtDef ParentName="DeathMemoryFamily">
    <defName>MyFianceDied</defName>
    <stages>
      <li>
        <label>my fiance {0} died</label>
        <description>My fiance died. Such a man... my future is gone.</description>
        <baseMoodEffect>-18</baseMoodEffect>
      </li>
    </stages>
  </ThoughtDef>
  
  <ThoughtDef ParentName="DeathMemoryFamily">
    <defName>MyFianceeDied</defName>
    <stages>
      <li>
        <label>my fiancée {0} died</label>
        <description>My fiancée died. Such a woman... my future is gone.</description>
        <baseMoodEffect>-18</baseMoodEffect>
      </li>
    </stages>
  </ThoughtDef>
  
  <ThoughtDef ParentName="DeathMemoryFamily">
    <defName>MyLoverDied</defName>
    <stages>
      <li>
        <label>my lover {0} died</label>
        <description>My lover died. I am so alone.</description>
        <baseMoodEffect>-16</baseMoodEffect>
      </li>
    </stages>
  </ThoughtDef>
  
  <ThoughtDef ParentName="DeathMemoryFamily">
    <defName>MyBrotherDied</defName>
    <stages>
      <li>
        <label>my brother {0} died</label>
        <description>My brother died. My own flesh and blood...</description>
        <baseMoodEffect>-14</baseMoodEffect>
      </li>
    </stages>
  </ThoughtDef>
  
  <ThoughtDef ParentName="DeathMemoryFamily">
    <defName>MySisterDied</defName>
    <stages>
      <li>
        <label>my sister {0} died</label>
        <description>My sister died. My own flesh and blood...</description>
        <baseMoodEffect>-14</baseMoodEffect>
      </li>
    </stages>
  </ThoughtDef>

  <ThoughtDef ParentName="DeathMemoryFamily">
    <defName>MyGrandchildDied</defName>
    <stages>
      <li>
        <label>my grandchild {0} died</label>
        <description>My grandchild died. My own flesh and blood...</description>
        <baseMoodEffect>-12</baseMoodEffect>
      </li>
    </stages>
  </ThoughtDef>
  
  <ThoughtDef ParentName="DeathMemoryFamily">
    <defName>MyFatherDied</defName>
    <stages>
      <li>
        <label>my father {0} died</label>
        <description>My father died. He's gone forever.</description>
        <baseMoodEffect>-8</baseMoodEffect>
      </li>
    </stages>
  </ThoughtDef>
  
  <ThoughtDef ParentName="DeathMemoryFamily">
    <defName>MyMotherDied</defName>
    <stages>
      <li>
        <label>my mother {0} died</label>
        <description>My mother died. She's gone forever.</description>
        <baseMoodEffect>-8</baseMoodEffect>
      </li>
    </stages>
  </ThoughtDef>
  
  <ThoughtDef ParentName="DeathMemoryFamily">
    <defName>MyNieceDied</defName>
    <stages>
      <li>
        <label>my niece {0} died</label>
        <description>My niece died. Such a wonderful child.</description>
        <baseMoodEffect>-5</baseMoodEffect>
      </li>
    </stages>
  </ThoughtDef>
  
  <ThoughtDef ParentName="DeathMemoryFamily">
    <defName>MyNephewDied</defName>
    <stages>
      <li>
        <label>my nephew {0} died</label>
        <description>My nephew died. Such a wonderful child.</description>
        <baseMoodEffect>-5</baseMoodEffect>
      </li>
    </stages>
  </ThoughtDef>

  <ThoughtDef ParentName="DeathMemoryFamily">
    <defName>MyHalfSiblingDied</defName>
    <stages>
      <li>
        <label>my half-sibling {0} died</label>
        <description>My half-sibling died. My own flesh and blood...</description>
        <baseMoodEffect>-5</baseMoodEffect>
      </li>
    </stages>
  </ThoughtDef>
  
  <ThoughtDef ParentName="DeathMemoryFamily">
    <defName>MyAuntDied</defName>
    <stages>
      <li>
        <label>my aunt {0} died</label>
        <description>My aunt died.</description>
        <baseMoodEffect>-4</baseMoodEffect>
      </li>
    </stages>
  </ThoughtDef>
  
  <ThoughtDef ParentName="DeathMemoryFamily">
    <defName>MyUncleDied</defName>
    <stages>
      <li>
        <label>my uncle {0} died</label>
        <description>My uncle died.</description>
        <baseMoodEffect>-4</baseMoodEffect>
      </li>
    </stages>
  </ThoughtDef>
  
  <ThoughtDef ParentName="DeathMemoryFamily">
    <defName>MyGrandparentDied</defName>
    <stages>
      <li>
        <label>my grandparent {0} died</label>
        <description>My grandparent died.</description>
        <baseMoodEffect>-4</baseMoodEffect>
      </li>
    </stages>
  </ThoughtDef>
  
  <ThoughtDef ParentName="DeathMemoryFamily">
    <defName>MyCousinDied</defName>
    <stages>
      <li>
        <label>my cousin {0} died</label>
        <description>My cousin died. My own flesh and blood...</description>
        <baseMoodEffect>-4</baseMoodEffect>
      </li>
    </stages>
  </ThoughtDef>
  
  <ThoughtDef ParentName="DeathMemoryFamily">
    <defName>MyKinDied</defName>
    <stages>
      <li>
        <label>my kin {0} died</label>
        <description>My kin died.</description>
        <baseMoodEffect>-4</baseMoodEffect>
      </li>
    </stages>
  </ThoughtDef>
  
</Defs>
