﻿<?xml version="1.0" encoding="utf-8" ?>
<Defs>

  <ThoughtDef>
    <defName>MasochistPain</defName>
    <workerClass>ThoughtWorker_Pain</workerClass>
    <validWhileDespawned>true</validWhileDespawned>
    <requiredTraits>
      <li>Masochist</li>
    </requiredTraits>
    <stages>
      <li>
        <label>masochist in a little pain</label>
        <description>Ow... Heh heh heh... I could get used to this!</description>
        <baseMoodEffect>5</baseMoodEffect>
      </li>
      <li>
        <label>masochist in moderate pain</label>
        <description>Ughhh... It hurts, but I love it! Keep it coming!</description>
        <baseMoodEffect>10</baseMoodEffect>
      </li>
      <li>
        <label>masochist in acute pain</label>
        <description>Ouch... I think something's broken... But what an exquisite feeling!</description>
        <baseMoodEffect>15</baseMoodEffect>
      </li>
      <li>
        <label>masochist in exceptional pain</label>
        <description>Ahhh... Am I in heaven?</description>
        <baseMoodEffect>20</baseMoodEffect>
      </li>
    </stages>
  </ThoughtDef>

  <ThoughtDef>
    <defName>ProsthophileNoProsthetic</defName>
    <workerClass>ThoughtWorker_HasBionicBodyPart</workerClass>
    <validWhileDespawned>true</validWhileDespawned>
    <invert>true</invert>
    <requiredTraits>
      <li>Prosthophile</li>
    </requiredTraits>
    <stages>
      <li>
        <label>prosthophile lacks bionic bodypart</label>
        <description>Flesh is so limiting. I wish I had some kind of artificial body part.</description>
        <baseMoodEffect>-4</baseMoodEffect>
      </li>
    </stages>
  </ThoughtDef>

  <ThoughtDef>
    <defName>ProsthophileHappy</defName>
    <workerClass>ThoughtWorker_HasBionicBodyPart</workerClass>
    <validWhileDespawned>true</validWhileDespawned>
    <requiredTraits>
      <li>Prosthophile</li>
    </requiredTraits>
    <stages>
      <li>
        <label>prosthophile has bionic bodypart</label>
        <description>I'm a product of modern technology! I can do everything better!</description>
        <baseMoodEffect>14</baseMoodEffect>
      </li>
    </stages>
  </ThoughtDef>

  <ThoughtDef>
    <defName>ProsthophobeUnhappy</defName>
    <workerClass>ThoughtWorker_HasBionicBodyPart</workerClass>
    <validWhileDespawned>true</validWhileDespawned>
    <requiredTraits>
      <li>Prosthophobe</li>
    </requiredTraits>
    <stages>
      <li>
        <label>prosthophobe has bionic bodypart</label>
        <description>They turned me into a technological abomination... If only they had given me a choice...</description>
        <baseMoodEffect>-10</baseMoodEffect>
      </li>
    </stages>
  </ThoughtDef>

  <ThoughtDef>
    <defName>BrawlerUnhappy</defName>
    <workerClass>ThoughtWorker_IsCarryingRangedWeapon</workerClass>
    <validWhileDespawned>true</validWhileDespawned>
    <requiredTraits>
      <li>Brawler</li>
    </requiredTraits>
    <stages>
      <li>
        <label>brawler has ranged weapon</label>
        <description>I hate shooting from a distance. I want to get up close and personal!</description>
        <baseMoodEffect>-20</baseMoodEffect>
      </li>
    </stages>
  </ThoughtDef>

  <ThoughtDef>
    <defName>PyromaniacHappy</defName>
    <workerClass>ThoughtWorker_IsCarryingIncendiaryWeapon</workerClass>
    <validWhileDespawned>true</validWhileDespawned>
    <requiredTraits>
      <li>Pyromaniac</li>
    </requiredTraits>
    <stages>
      <li>
        <label>pyromaniac has incendiary weapon</label>
        <description>It makes me think of flame and fire. I'm so happy.</description>
        <baseMoodEffect>5</baseMoodEffect>
      </li>
    </stages>
  </ThoughtDef>

  <ThoughtDef>
    <defName>ClothedNudist</defName>
    <workerClass>ThoughtWorker_NudistNude</workerClass>
    <validWhileDespawned>true</validWhileDespawned>
    <invert>true</invert>
    <requiredTraits>
      <li>Nudist</li>
    </requiredTraits>
    <stages>
      <li>
        <label>constraining clothes</label>
        <description>I'm a nudist but I have to wear these clothes. It's not unbearable - but I still feel constrained and uncomfortable.</description>
        <baseMoodEffect>-3</baseMoodEffect>
      </li>
    </stages>
  </ThoughtDef>

  <ThoughtDef>
    <defName>HappyNude</defName>
    <workerClass>ThoughtWorker_NudistNude</workerClass>
    <validWhileDespawned>true</validWhileDespawned>
    <requiredTraits>
      <li>Nudist</li>
    </requiredTraits>
    <stages>
      <li>
        <label>happily nude</label>
        <description>I'm nude and loving it! I feel so free and unconstrained and in touch with my surroundings!</description>
        <baseMoodEffect>20</baseMoodEffect>
      </li>
    </stages>
  </ThoughtDef>

  <ThoughtDef>
    <defName>NightOwlDuringTheDay</defName>
    <workerClass>ThoughtWorker_IsDayForNightOwl</workerClass>
    <requiredTraits>
      <li>NightOwl</li>
    </requiredTraits>
    <stages>
      <li>
        <label>night owl in daytime</label>
        <description>I don't like working during the day.</description>
        <baseMoodEffect>-10</baseMoodEffect>
      </li>
    </stages>
  </ThoughtDef>

  <ThoughtDef>
    <defName>NightOwlDuringTheNight</defName>
    <workerClass>ThoughtWorker_IsNightForNightOwl</workerClass>
    <requiredTraits>
      <li>NightOwl</li>
    </requiredTraits>
    <stages>
      <li>
        <label>night owl at night</label>
        <description>I feel much better at night.</description>
        <baseMoodEffect>16</baseMoodEffect>
      </li>
    </stages>
  </ThoughtDef>
  
  <ThoughtDef>
    <defName>Greedy</defName>
    <workerClass>ThoughtWorker_Greedy</workerClass>
    <requiredTraits>
      <li>Greedy</li>
    </requiredTraits>
    <stages>
      <li> <!-- used if no bedroom at all -->
        <label>greedy for impressive bedroom</label>
        <description>I'm greedy. I want a really impressive bedroom.</description>
        <baseMoodEffect>-8</baseMoodEffect>
      </li>
      <li>
        <label>greedy for impressive bedroom</label>
        <description>I'm greedy. My room is pathetic! I want a really impressive bedroom.</description>
        <baseMoodEffect>-8</baseMoodEffect>
      </li>
      <li>
        <label>greedy for impressive bedroom</label>
        <description>I'm greedy. My room isn't nearly good enough. I want a really impressive bedroom.</description>
        <baseMoodEffect>-8</baseMoodEffect>
      </li>
      <li>
        <label>greedy for impressive bedroom</label>
        <description>I'm greedy. My room isn't good enough. I want a really impressive bedroom.</description>
        <baseMoodEffect>-6</baseMoodEffect>
      </li>
      <li>
        <label>greedy for impressive bedroom</label>
        <description>I'm greedy. My room isn't quite good enough. I want a really impressive bedroom.</description>
        <baseMoodEffect>-4</baseMoodEffect>
      </li>
      <li IsNull="True" /> <!-- slightly impressive -->
      <li IsNull="True" /> <!-- somewhat impressive -->
      <li IsNull="True" /> <!-- very impressive -->
      <li IsNull="True" /> <!-- extremely impressive -->
      <li IsNull="True" /> <!-- unbelievably impressive -->
      <li IsNull="True" /> <!-- wondrously impressive -->
    </stages>
  </ThoughtDef>
  
  <ThoughtDef>
    <defName>Jealous</defName>
    <workerClass>ThoughtWorker_BedroomJealous</workerClass>
    <requiredTraits>
      <li>Jealous</li>
    </requiredTraits>
    <stages>
      <li>
        <label>jealous of {0}'s bedroom</label>
        <description>I need to have the best one!</description>
        <baseMoodEffect>-8</baseMoodEffect>
      </li>
    </stages>
  </ThoughtDef>
  
  <ThoughtDef>
    <defName>Ascetic</defName>
    <workerClass>ThoughtWorker_Ascetic</workerClass>
    <requiredTraits>
      <li>Ascetic</li>
    </requiredTraits>
    <stages>
      <li>
        <label>ascetic has awful bedroom</label>
        <description>My bedroom is just how I want it to be. Very humble and simple.</description>
        <baseMoodEffect>5</baseMoodEffect>
      </li>
      <li>
        <label>ascetic has repulsive bedroom</label>
        <description>My bedroom is just how I want it to be. Very humble and simple.</description>
        <baseMoodEffect>4</baseMoodEffect>
      </li>
      <li>
        <label>ascetic has dull bedroom</label>
        <description>My bedroom is very humble and simple. I like it.</description>
        <baseMoodEffect>3</baseMoodEffect>
      </li>
      <li IsNull="True" /> <!-- mediocre -->
      <li IsNull="True" /> <!-- interesting -->
      <li>
        <label>ascetic has impressive bedroom</label>
        <description>I don't like having an impressive bedroom.</description>
        <baseMoodEffect>-5</baseMoodEffect>
      </li>
      <li>
        <label>ascetic has impressive bedroom</label>
        <description>I don't like having an impressive bedroom.</description>
        <baseMoodEffect>-5</baseMoodEffect>
      </li>
      <li>
        <label>ascetic has impressive bedroom</label>
        <description>I don't like having an impressive bedroom.</description>
        <baseMoodEffect>-5</baseMoodEffect>
      </li>
      <li>
        <label>ascetic has impressive bedroom</label>
        <description>I don't like having an impressive bedroom.</description>
        <baseMoodEffect>-5</baseMoodEffect>
      </li>
      <li>
        <label>ascetic has impressive bedroom</label>
        <description>I don't like having an impressive bedroom.</description>
        <baseMoodEffect>-5</baseMoodEffect>
      </li>
      <li>
        <label>ascetic has impressive bedroom</label>
        <description>I don't like having an impressive bedroom.</description>
        <baseMoodEffect>-5</baseMoodEffect>
      </li>
      <li>
        <label>ascetic has impressive bedroom</label>
        <description>I don't like having an impressive bedroom.</description>
        <baseMoodEffect>-5</baseMoodEffect>
      </li>
    </stages>
  </ThoughtDef>


</Defs>
