﻿<?xml version="1.0" encoding="utf-8" ?>
<Defs>

	<ThoughtDef>
		<defName>AteInImpressiveDiningRoom</defName>
		<durationDays>1</durationDays>
		<stackLimit>1</stackLimit>
		<stages>
			<li IsNull="True" />
			<!-- awful -->
			<li IsNull="True" />
			<!-- dull -->
			<li IsNull="True" />
			<!-- mediocre -->
			<li>
				<label>decent dining room</label>
				<description>I ate my meal in a decent dining room.</description>
				<baseMoodEffect>2</baseMoodEffect>
			</li>
			<li>
				<label>slightly impressive dining room</label>
				<description>I ate my meal in a slightly impressive dining room.</description>
				<baseMoodEffect>3</baseMoodEffect>
			</li>
			<li>
				<label>somewhat impressive dining room</label>
				<description>I ate my meal in an impressive dining room.</description>
				<baseMoodEffect>4</baseMoodEffect>
			</li>
			<li>
				<label>very impressive dining room</label>
				<description>I ate my meal in a very impressive dining room.</description>
				<baseMoodEffect>5</baseMoodEffect>
			</li>
			<li>
				<label>extremely impressive dining room</label>
				<description>I ate my meal in an extremely impressive dining room. I could stay there forever.</description>
				<baseMoodEffect>6</baseMoodEffect>
			</li>
			<li>
				<label>unbelievably impressive dining room</label>
				<description>I ate my meal in an unbelievably impressive dining room. I could stay there forever.</description>
				<baseMoodEffect>7</baseMoodEffect>
			</li>
			<li>
				<label>wondrously impressive dining room</label>
				<description>I ate my meal in a wonderful dining room. I could stay there forever.</description>
				<baseMoodEffect>8</baseMoodEffect>
			</li>
		</stages>
	</ThoughtDef>

	<ThoughtDef>
		<defName>JoyActivityInImpressiveRecRoom</defName>
		<durationDays>1</durationDays>
		<stackLimit>1</stackLimit>
		<stages>
			<li IsNull="True" />
			<!-- awful -->
			<li IsNull="True" />
			<!-- dull -->
			<li IsNull="True" />
			<!-- mediocre -->
			<li>
				<label>decent rec room</label>
				<description>I had fun in a decent rec room.</description>
				<baseMoodEffect>2</baseMoodEffect>
			</li>
			<li>
				<label>slightly impressive rec room</label>
				<description>I had fun in a nice rec room.</description>
				<baseMoodEffect>3</baseMoodEffect>
			</li>
			<li>
				<label>somewhat impressive rec room</label>
				<description>I had a great time in an impressive rec room.</description>
				<baseMoodEffect>4</baseMoodEffect>
			</li>
			<li>
				<label>very impressive rec room</label>
				<description>I had a great time in a very impressive rec room.</description>
				<baseMoodEffect>5</baseMoodEffect>
			</li>
			<li>
				<label>extremely impressive rec room</label>
				<description>I had a great time in an extremely impressive rec room. I could stay there forever.</description>
				<baseMoodEffect>6</baseMoodEffect>
			</li>
			<li>
				<label>unbelievably impressive rec room</label>
				<description>I had a great time in an unbelievably impressive rec room. I could stay there forever.</description>
				<baseMoodEffect>7</baseMoodEffect>
			</li>
			<li>
				<label>wondrously impressive rec room</label>
				<description>I had a great time in a wonderful rec room. I could stay there forever.</description>
				<baseMoodEffect>8</baseMoodEffect>
			</li>
		</stages>
	</ThoughtDef>

  <ThoughtDef>
    <defName>SleptInBedroom</defName>
    <durationDays>1</durationDays>
    <stackLimit>1</stackLimit>
    <stages>
      <li>
        <label>awful bedroom</label>
        <description>I had to sleep in an awful room.</description>
        <baseMoodEffect>-4</baseMoodEffect>
      </li>
      <li IsNull="True" />
      <!-- dull -->
      <li IsNull="True" />
      <!-- mediocre -->
      <li>
        <label>decent bedroom</label>
        <description>I got to sleep in a pretty decent bedroom.</description>
        <baseMoodEffect>2</baseMoodEffect>
      </li>
      <li>
        <label>slightly impressive bedroom</label>
        <description>I got to sleep in a slightly impressive bedroom. I like it.</description>
        <baseMoodEffect>3</baseMoodEffect>
      </li>
      <li>
        <label>impressive bedroom</label>
        <description>I slept in an impressive bedroom. It was great.</description>
        <baseMoodEffect>4</baseMoodEffect>
      </li>
      <li>
        <label>very impressive bedroom</label>
        <description>I slept in a very impressive bedroom. I love it.</description>
        <baseMoodEffect>5</baseMoodEffect>
      </li>
      <li>
        <label>extremely impressive bedroom</label>
        <description>I slept in an extremely impressive bedroom. It was marvelous.</description>
        <baseMoodEffect>6</baseMoodEffect>
      </li>
      <li>
        <label>unbelievably impressive bedroom</label>
        <description>I slept in an unbelievably impressive bedroom. It was truly astounding.</description>
        <baseMoodEffect>7</baseMoodEffect>
      </li>
      <li>
        <label>wondrously impressive bedroom</label>
        <description>I slept in a heavenly bedroom. It was wondrous.</description>
        <baseMoodEffect>8</baseMoodEffect>
      </li>
    </stages>
  </ThoughtDef>

  <ThoughtDef>
    <defName>SleptInBarracks</defName>
    <durationDays>1</durationDays>
    <stackLimit>1</stackLimit>
    <stages>
      <li>
        <label>awful barrack</label>
        <description>I had to sleep in an awful barrack. Not only was it a horrible room, but I also had to share it!</description>
        <baseMoodEffect>-9</baseMoodEffect>
      </li>
      <li>
        <label>dull barrack</label>
        <description>I had to sleep in a dull barrack. Not only that, but I also had to share it with other people.</description>
        <baseMoodEffect>-7</baseMoodEffect>
      </li>
      <li>
        <label>mediocre barrack</label>
        <description>I had to sleep in a mediocre barrack with other people around. I really don't like this.</description>
        <baseMoodEffect>-6</baseMoodEffect>
      </li>
      <li>
        <label>decent barrack</label>
        <description>I slept in a decent barrack, but I really dislike sharing a sleeping space.</description>
        <baseMoodEffect>-5</baseMoodEffect>
      </li>
      <li>
        <label>slightly impressive barrack</label>
        <description>I got to sleep in a pretty nice barrack. But I really don't like sharing a room with others.</description>
        <baseMoodEffect>-4</baseMoodEffect>
      </li>
      <li>
        <label>impressive barrack</label>
        <description>I got to sleep in an impressive barrack. It sucks that I had to share it, though.</description>
        <baseMoodEffect>-3</baseMoodEffect>
      </li>
      <li>
        <label>very impressive barrack</label>
        <description>I slept in a very impressive barrack. I'm annoyed I had to share it, though.</description>
        <baseMoodEffect>-2</baseMoodEffect>
      </li>
      <li>
        <label>extremely impressive barrack</label>
        <description>I slept in an extremely impressive barrack. It almost makes up for having to share it.</description>
        <baseMoodEffect>-1</baseMoodEffect>
      </li>
      <li>
        <label>unbelievably impressive barrack</label>
        <description>The barrack I slept in was so impressive that I don't even mind sharing it.</description>
        <baseMoodEffect>1</baseMoodEffect>
      </li>
      <li>
        <label>wondrously impressive barrack</label>
        <description>I slept in a barrack that was simply wondrous. Even sharing such a space makes me happy.</description>
        <baseMoodEffect>2</baseMoodEffect>
      </li>
    </stages>
  </ThoughtDef>

</Defs>
