﻿<?xml version="1.0" encoding="utf-8" ?>
<Defs>

	<ThoughtDef>
		<defName>AteInImpressiveDiningRoom</defName>
		<durationDays>0.25</durationDays>
		<stackLimit>1</stackLimit>
		<stages>
			<li IsNull="True" />
			<!-- awful -->
			<li IsNull="True" />
			<!-- dull -->
			<li IsNull="True" />
			<!-- mediocre -->
			<li>
				<label>decent dining room</label>
				<description>I ate my meal in a decent dining room.</description>
				<baseMoodEffect>2</baseMoodEffect>
			</li>
			<li>
				<label>slightly impressive dining room</label>
				<description>I ate my meal in a slightly impressive dining room.</description>
				<baseMoodEffect>3</baseMoodEffect>
			</li>
			<li>
				<label>somewhat impressive dining room</label>
				<description>I ate my meal in an impressive dining room.</description>
				<baseMoodEffect>4</baseMoodEffect>
			</li>
			<li>
				<label>very impressive dining room</label>
				<description>I ate my meal in a very impressive dining room.</description>
				<baseMoodEffect>5</baseMoodEffect>
			</li>
			<li>
				<label>extremely impressive dining room</label>
				<description>I ate my meal in an extremely impressive dining room. I could stay there forever.</description>
				<baseMoodEffect>6</baseMoodEffect>
			</li>
			<li>
				<label>unbelievably impressive dining room</label>
				<description>I ate my meal in an unbelievably impressive dining room. I could stay there forever.</description>
				<baseMoodEffect>7</baseMoodEffect>
			</li>
			<li>
				<label>wondrously impressive dining room</label>
				<description>I ate my meal in a wonderful dining room. I could stay there forever.</description>
				<baseMoodEffect>8</baseMoodEffect>
			</li>
		</stages>
	</ThoughtDef>

	<ThoughtDef>
		<defName>JoyActivityInImpressiveRecRoom</defName>
		<durationDays>0.25</durationDays>
		<stackLimit>1</stackLimit>
		<stages>
			<li IsNull="True" />
			<!-- awful -->
			<li IsNull="True" />
			<!-- dull -->
			<li IsNull="True" />
			<!-- mediocre -->
			<li>
				<label>decent rec room</label>
				<description>I had fun in a decent rec room.</description>
				<baseMoodEffect>2</baseMoodEffect>
			</li>
			<li>
				<label>slightly impressive rec room</label>
				<description>I had fun in a nice rec room.</description>
				<baseMoodEffect>3</baseMoodEffect>
			</li>
			<li>
				<label>somewhat impressive rec room</label>
				<description>I had a great time in an impressive rec room.</description>
				<baseMoodEffect>4</baseMoodEffect>
			</li>
			<li>
				<label>very impressive rec room</label>
				<description>I had a great time in a very impressive rec room.</description>
				<baseMoodEffect>5</baseMoodEffect>
			</li>
			<li>
				<label>extremely impressive rec room</label>
				<description>I had a great time in an extremely impressive rec room. I could stay there forever.</description>
				<baseMoodEffect>6</baseMoodEffect>
			</li>
			<li>
				<label>unbelievably impressive rec room</label>
				<description>I had a great time in an unbelievably impressive rec room. I could stay there forever.</description>
				<baseMoodEffect>7</baseMoodEffect>
			</li>
			<li>
				<label>wondrously impressive rec room</label>
				<description>I had a great time in a wonderful rec room. I could stay there forever.</description>
				<baseMoodEffect>8</baseMoodEffect>
			</li>
		</stages>
	</ThoughtDef>

  <ThoughtDef>
    <defName>SleptInBedroom</defName>
    <durationDays>1</durationDays>
    <stackLimit>1</stackLimit>
    <stages>
      <li>
        <label>awful bedroom</label>
        <description>My bedroom is an awful place.</description>
        <baseMoodEffect>-4</baseMoodEffect>
      </li>
      <li IsNull="True" />
      <!-- dull -->
      <li IsNull="True" />
      <!-- mediocre -->
      <li>
        <label>decent bedroom</label>
        <description>My bedroom is very interesting. I like it.</description>
        <baseMoodEffect>2</baseMoodEffect>
      </li>
      <li>
        <label>slightly impressive bedroom</label>
        <description>My bedroom is actually slightly impressive. I like it.</description>
        <baseMoodEffect>3</baseMoodEffect>
      </li>
      <li>
        <label>impressive bedroom</label>
        <description>My bedroom is impressive. I love it!</description>
        <baseMoodEffect>4</baseMoodEffect>
      </li>
      <li>
        <label>very impressive bedroom</label>
        <description>My bedroom is very impressive. This is the best place ever!</description>
        <baseMoodEffect>5</baseMoodEffect>
      </li>
      <li>
        <label>extremely impressive bedroom</label>
        <description>My bedroom is extremely impressive. This is the best place ever!</description>
        <baseMoodEffect>6</baseMoodEffect>
      </li>
      <li>
        <label>unbelievably impressive bedroom</label>
        <description>My bedroom is unbelievably impressive. This is the best place ever!</description>
        <baseMoodEffect>7</baseMoodEffect>
      </li>
      <li>
        <label>wondrously impressive bedroom</label>
        <description>My bedroom is the best place one can ever imagine. It's wonderful.</description>
        <baseMoodEffect>8</baseMoodEffect>
      </li>
    </stages>
  </ThoughtDef>

  <ThoughtDef>
    <defName>SleptInBarracks</defName>
    <durationDays>1</durationDays>
    <stackLimit>1</stackLimit>
    <stages>
      <li>
        <label>awful barrack</label>
        <description>My barrack is an awful place, and I have to share it!</description>
        <baseMoodEffect>-9</baseMoodEffect>
      </li>
      <li>
        <label>dull barrack</label>
        <description>I'm living in a dull barrack with other people.</description>
        <baseMoodEffect>-7</baseMoodEffect>
      </li>
      <li>
        <label>mediocre barrack</label>
        <description>My barrack is mediocre, and I have to share it too. I really don't like this.</description>
        <baseMoodEffect>-6</baseMoodEffect>
      </li>
      <li>
        <label>decent barrack</label>
        <description>My barrack is decent, but I really dislike sharing a sleeping space.</description>
        <baseMoodEffect>-5</baseMoodEffect>
      </li>
      <li>
        <label>slightly impressive barrack</label>
        <description>My barrack is a nice place. But I really don't like sharing a room with others.</description>
        <baseMoodEffect>-4</baseMoodEffect>
      </li>
      <li>
        <label>impressive barrack</label>
        <description>My barrack is impressive. It sucks that I have to share it, though.</description>
        <baseMoodEffect>-3</baseMoodEffect>
      </li>
      <li>
        <label>very impressive barrack</label>
        <description>My barrack is very impressive. I'm annoyed I have to share it, though.</description>
        <baseMoodEffect>-2</baseMoodEffect>
      </li>
      <li>
        <label>extremely impressive barrack</label>
        <description>My barrack is extremely impressive. It almost makes up for having to share it.</description>
        <baseMoodEffect>-1</baseMoodEffect>
      </li>
      <li>
        <label>unbelievably impressive barrack</label>
        <description>My barrack is unbelievably impressive. I don't even mind sharing it.</description>
        <baseMoodEffect>1</baseMoodEffect>
      </li>
      <li>
        <label>wondrously impressive barrack</label>
        <description>My barrack is the best place one can ever imagine. It makes me happy, even sharing it.</description>
        <baseMoodEffect>2</baseMoodEffect>
      </li>
    </stages>
  </ThoughtDef>

  
</Defs>
