﻿<?xml version="1.0" encoding="utf-8" ?>
<Defs>

  <ThoughtDef>
    <defName>NeedFood</defName>
    <workerClass>ThoughtWorker_NeedFood</workerClass>
    <validWhileDespawned>true</validWhileDespawned>
    <stages>
      <li>
        <label>hungry</label>
        <description>I'm really hungry.</description>
        <baseMoodEffect>-6</baseMoodEffect>
      </li>
      <li>
        <label>ravenously hungry</label>
        <description>These hunger pangs are hard to ignore.</description>
        <baseMoodEffect>-12</baseMoodEffect>
      </li>
      <li>
        <label>malnourished</label>
        <description>It's been so long since I ate. I'm all fuzzy and it's hard to focus. My body is starting to waste away.</description>
        <baseMoodEffect>-20</baseMoodEffect>
      </li>
      <li>
        <label>badly malnourished</label>
        <description>I can feel my body wasting away. My stomach hurts like never before.</description>
        <baseMoodEffect>-26</baseMoodEffect>
      </li>
      <li>
        <label>starving</label>
        <description>I can barely think about anything but food. My skin is stretching over my bones. Am I going to die?</description>
        <baseMoodEffect>-32</baseMoodEffect>
      </li>
      <li>
        <label>advanced starvation</label>
        <description>I can barely move or think about anything but food. My stomach hurts like never before. I feel like I'm going to pass out.</description>
        <baseMoodEffect>-38</baseMoodEffect>
      </li>
      <li>
        <label>extreme starvation</label>
        <description>Food... food... anything... please...</description>
        <baseMoodEffect>-44</baseMoodEffect>
      </li>
    </stages>
  </ThoughtDef>

  <ThoughtDef>
    <defName>NeedRest</defName>
    <workerClass>ThoughtWorker_NeedRest</workerClass>
    <stages>
      <li>
        <label>drowsy</label>
        <description>I haven't slept in a while. It's hard to keep focus.</description>
        <baseMoodEffect>-6</baseMoodEffect>
      </li>
      <li>
        <label>tired</label>
        <description>I'm so tired. I just want to lay down and rest for a few minutes...</description>
        <baseMoodEffect>-12</baseMoodEffect>
      </li>
      <li>
        <label>exhausted</label>
        <description>I'm so exhausted I can barely stand. My eyelids have lead weights on them. Let me sleep...</description>
        <baseMoodEffect>-18</baseMoodEffect>
      </li>
    </stages>
  </ThoughtDef>

  <ThoughtDef>
    <defName>NeedJoy</defName>
    <workerClass>ThoughtWorker_NeedJoy</workerClass>
    <stages>
      <li>
        <label>recreation-starved</label>
        <description>It's been so long since I did anything for fun on my own time.</description>
        <baseMoodEffect>-20</baseMoodEffect>
      </li>
      <li>
        <label>recreation-deprived</label>
        <description>We need more variation in recreation activities, and I need time to enjoy them. This place is really dull.</description>
        <baseMoodEffect>-10</baseMoodEffect>
      </li>
      <li>
        <label>recreation unfulfilled</label>
        <description>We need more variation in the recreation activities, and I need time to enjoy them.</description>
        <baseMoodEffect>-5</baseMoodEffect>
      </li>
      <li>
        <label>recreation satisfied</label>
        <description>I've been having a great time doing various things I like to do.</description>
        <baseMoodEffect>5</baseMoodEffect>
      </li>
      <li>
        <label>recreation fully satisfied</label>
        <description>I've been enjoying myself so much, I love it!</description>
        <baseMoodEffect>10</baseMoodEffect>
      </li>
    </stages>
  </ThoughtDef>


  <ThoughtDef>
    <defName>NeedComfort</defName>
    <workerClass>ThoughtWorker_NeedComfort</workerClass>
    <stages>
      <li>
        <label>uncomfortable</label>
        <description>I've been kind of uncomfortable recently. We need to get something soft to sit on around here.</description>
        <baseMoodEffect>-3</baseMoodEffect>
      </li>
      <li>
        <label>comfortable</label>
        <description>I've been comfortable recently.</description>
        <baseMoodEffect>4</baseMoodEffect>
      </li>
      <li>
        <label>quite comfortable</label>
        <description>I've been very comfortable recently.</description>
        <baseMoodEffect>6</baseMoodEffect>
      </li>
      <li>
        <label>extremely comfortable</label>
        <description>I've been extremely comfortable recently. This place is so cushy!</description>
        <baseMoodEffect>8</baseMoodEffect>
      </li>
      <li>
        <label>luxuriantly comfortable</label>
        <description>I am resting on clouds of heaven.</description>
        <baseMoodEffect>10</baseMoodEffect>
      </li>
    </stages>
  </ThoughtDef>

  <ThoughtDef>
    <defName>NeedBeauty</defName>
    <workerClass>ThoughtWorker_NeedBeauty</workerClass>
    <stages>
      <li>
        <label>hideous environment</label>
        <description>This place is unbearably grotesque. I can't look at this any more.</description>
        <baseMoodEffect>-15</baseMoodEffect>
      </li>
      <li>
        <label>ugly environment</label>
        <description>This place is really ugly. I wish I didn't have to look at this any more.</description>
        <baseMoodEffect>-10</baseMoodEffect>
      </li>
      <li>
        <label>unsightly environment</label>
        <description>This place is kind of unsightly. I wish I didn't have to look at all this.</description>
        <baseMoodEffect>-5</baseMoodEffect>
      </li>
      <li>
        <label>pretty environment</label>
        <description>This place look nice.</description>
        <baseMoodEffect>5</baseMoodEffect>
      </li>
      <li>
        <label>beautiful environment</label>
        <description>I really like this place. It's beautiful.</description>
        <baseMoodEffect>10</baseMoodEffect>
      </li>
      <li>
        <label>gorgeous environment</label>
        <description>This place is beautiful. It lifts me up and makes me love life.</description>
        <baseMoodEffect>15</baseMoodEffect>
      </li>
    </stages>
  </ThoughtDef>

  <ThoughtDef>
    <defName>NeedRoomSize</defName>
    <workerClass>ThoughtWorker_NeedRoomSize</workerClass>
    <stages>
      <li>
        <label>confined interior</label>
        <description>This space is so tiny. I feel like a rat in a cage.</description>
        <baseMoodEffect>-10</baseMoodEffect>
      </li>
      <li>
        <label>cramped interior</label>
        <description>This room is too small. I wish I had more space to move around and breathe.</description>
        <baseMoodEffect>-5</baseMoodEffect>
      </li>
      <li>
        <label>spacious interior</label>
        <description>This room is so expansive, I feel free.</description>
        <baseMoodEffect>5</baseMoodEffect>
      </li>
    </stages>
  </ThoughtDef>

  <ThoughtDef>
    <defName>NeedOutdoors</defName>
    <workerClass>ThoughtWorker_NeedOutdoors</workerClass>
    <stages>
      <li>
        <label>entombed underground</label>
        <description>I've been underground too long. I feel like the weight of this mountain is crushing me. I need to see the sky and feel the wind.</description>
        <baseMoodEffect>-15</baseMoodEffect>
      </li>
      <li>
        <label>trapped underground</label>
        <description>How long have I been underground? I need to get out in the fresh air and spend some time under the sky.</description>
        <baseMoodEffect>-12</baseMoodEffect>
      </li>
      <li>
        <label>cabin fever</label>
        <description>I've spent so long indoors I feel like the roof is pressing in. I need to get out and see the sky.</description>
        <baseMoodEffect>-9</baseMoodEffect>
      </li>
      <li>
        <label>trapped indoors</label>
        <description>It's been too long since I've seen the sky.</description>
        <baseMoodEffect>-6</baseMoodEffect>
      </li>
      <li>
        <label>stuck indoors</label>
        <description>I'd like to go outside and get some fresh air.</description>
        <baseMoodEffect>-3</baseMoodEffect>
      </li>
    </stages>
  </ThoughtDef>

</Defs>
