﻿<?xml version="1.0" encoding="utf-8" ?>
<Defs>

  <TrainableDef>
    <defName>Obedience</defName>
    <label>obedience</label>
    <description>The animal can be assigned a master who it will follow and defend.</description>
    <icon>UI/Icons/Trainables/Obedience</icon>
    <listPriority>1000</listPriority>
    <difficulty>100</difficulty>
    <requiredTrainableIntelligence>Simple</requiredTrainableIntelligence>
    <steps>1</steps>
    <defaultTrainable>true</defaultTrainable>
    <tags>
      <li>Basic</li>
    </tags>
  </TrainableDef>

  <TrainableDef>
    <defName>Release</defName>
    <label>release</label>
    <description>The animal can be released to attack distant targets instead of just defending the master.</description>
    <icon>UI/Icons/Trainables/Release</icon>
    <listPriority>800</listPriority>
    <difficulty>100</difficulty>
    <requiredTrainableIntelligence>Intermediate</requiredTrainableIntelligence>
    <steps>2</steps>
    <prerequisites>
      <li>Obedience</li>
    </prerequisites>
    <defaultTrainable>true</defaultTrainable>
    <tags>
      <li>Combat</li>
    </tags>
  </TrainableDef>

  <TrainableDef>
    <defName>Rescue</defName>
    <label>rescue</label>
    <description>The animal will rescue wounded allies and drag them to safety.</description>
    <icon>UI/Icons/Trainables/Rescue</icon>
    <listPriority>600</listPriority>
    <difficulty>200</difficulty>
    <requiredTrainableIntelligence>Advanced</requiredTrainableIntelligence>
    <steps>2</steps>
    <prerequisites>
      <li>Obedience</li>
    </prerequisites>
    <minBodySize>0.65</minBodySize>
    <defaultTrainable>true</defaultTrainable>
    <tags>
      <li>Combat</li>
      <li>Help</li>
    </tags>
  </TrainableDef>

  <TrainableDef>
    <defName>Haul</defName>
    <label>haul</label>
    <description>The animal will randomly haul items from time to time (though it can't be directed to haul specific items).</description>
    <icon>UI/Icons/Trainables/Haul</icon>
    <listPriority>400</listPriority>
    <difficulty>300</difficulty>
    <requiredTrainableIntelligence>Advanced</requiredTrainableIntelligence>
    <steps>7</steps>
    <prerequisites>
      <li>Obedience</li>
    </prerequisites>
    <minBodySize>0.40</minBodySize>
    <defaultTrainable>true</defaultTrainable>
    <tags>
      <li>Work</li>
    </tags>
  </TrainableDef>
  
</Defs>
