﻿<?xml version="1.0" encoding="utf-8" ?>
<TerrainDefs>

  <TerrainDef>
    <defName>Sand</defName>
    <label>sand</label>
    <texturePath>Terrain/Surfaces/Sand</texturePath>
    <EdgeType>FadeRough</EdgeType>
    <RenderPrecedence>350</RenderPrecedence>
    <PathCost>4</PathCost>
    <statBases>
      <Beauty>-1</Beauty>
      <Cleanliness>-1</Cleanliness>
    </statBases>
    <ScatterType>SoftDry</ScatterType>
    <affordances>
      <li>Light</li>
      <li>Heavy</li>
      <li>Diggable</li>
    </affordances>
    <TerrainFilthDef>FilthSand</TerrainFilthDef>
    <Fertility>0.06</Fertility>
    <TakeFootprints>True</TakeFootprints>
  </TerrainDef>

  <TerrainDef>
    <defName>Soil</defName>
    <label>soil</label>
    <texturePath>Terrain/Surfaces/Soil</texturePath>
    <EdgeType>FadeRough</EdgeType>
    <RenderPrecedence>340</RenderPrecedence>
    <PathCost>2</PathCost>
    <statBases>
      <Beauty>-1</Beauty>
      <Cleanliness>-1</Cleanliness>
    </statBases>
    <ScatterType>Rocky</ScatterType>
    <affordances>
      <li>Light</li>
      <li>Heavy</li>
      <li>GrowSoil</li>
      <li>Diggable</li>
    </affordances>
    <TerrainFilthDef>FilthDirt</TerrainFilthDef>
    <Fertility>1.0</Fertility>
    <TakeFootprints>True</TakeFootprints>
  </TerrainDef>

  <TerrainDef>
    <defName>MarshyTerrain</defName>
    <label>marshy soil</label>
    <texturePath>Terrain/Surfaces/MarshyTerrain</texturePath>
    <EdgeType>FadeRough</EdgeType>
    <RenderPrecedence>337</RenderPrecedence>
    <PathCost>15</PathCost>
    <statBases>
      <Beauty>-2</Beauty>
      <Cleanliness>-2</Cleanliness>
    </statBases>
    <ScatterType>Rocky</ScatterType>
    <affordances>
      <li>Light</li>
      <li>Heavy</li>
      <li>GrowSoil</li>
      <li>Diggable</li>
    </affordances>
    <TerrainFilthDef>FilthDirt</TerrainFilthDef>
    <Fertility>0.7</Fertility>
    <TakeFootprints>True</TakeFootprints>
    <driesTo>Soil</driesTo>
  </TerrainDef>

  <TerrainDef>
    <defName>SoilRich</defName>
    <label>rich soil</label>
    <texturePath>Terrain/Surfaces/SoilRich</texturePath>
    <EdgeType>FadeRough</EdgeType>
    <RenderPrecedence>335</RenderPrecedence>
    <PathCost>2</PathCost>
    <statBases>
      <Beauty>-1</Beauty>
      <Cleanliness>-1</Cleanliness>
    </statBases>
    <affordances>
      <li>Light</li>
      <li>Heavy</li>
      <li>GrowSoil</li>
      <li>Diggable</li>
    </affordances>
    <TerrainFilthDef>FilthDirt</TerrainFilthDef>
    <Fertility>1.4</Fertility>
    <TakeFootprints>True</TakeFootprints>
  </TerrainDef>

  <TerrainDef>
    <defName>Mud</defName>
    <label>mud</label>
    <texturePath>Terrain/Surfaces/Mud</texturePath>
    <EdgeType>FadeRough</EdgeType>
    <RenderPrecedence>330</RenderPrecedence>
    <PathCost>12</PathCost>
    <statBases>
      <Beauty>-2</Beauty>
      <Cleanliness>-2</Cleanliness>
    </statBases>
    <TerrainFilthDef>FilthDirt</TerrainFilthDef>
    <Fertility>0</Fertility>
    <TakeFootprints>True</TakeFootprints>
    <acceptFilth>false</acceptFilth>
    <avoidWander>true</avoidWander>
    <driesTo>Soil</driesTo>
  </TerrainDef>

  <TerrainDef>
    <defName>Marsh</defName>
    <label>marsh</label>
    <texturePath>Terrain/Surfaces/Marsh</texturePath>
    <EdgeType>FadeRough</EdgeType>
    <RenderPrecedence>325</RenderPrecedence>
    <PathCost>23</PathCost>
    <statBases>
      <Beauty>-2</Beauty>
      <Cleanliness>-2</Cleanliness>
    </statBases>
    <TerrainFilthDef>FilthDirt</TerrainFilthDef>
    <Fertility>0</Fertility>
    <TakeFootprints>True</TakeFootprints>
    <acceptFilth>false</acceptFilth>
    <avoidWander>true</avoidWander>
    <driesTo>Soil</driesTo>
  </TerrainDef>

  <TerrainDef>
    <defName>Gravel</defName>
    <label>gravel</label>
    <texturePath>Terrain/Surfaces/Gravel</texturePath>
    <EdgeType>FadeRough</EdgeType>
    <RenderPrecedence>320</RenderPrecedence>
    <PathCost>2</PathCost>
    <statBases>
      <Beauty>-1</Beauty>
      <Cleanliness>-1</Cleanliness>
    </statBases>
    <ScatterType>Rocky</ScatterType>
    <affordances>
      <li>Light</li>
      <li>Heavy</li>
      <li>GrowSoil</li>
      <li>Diggable</li>
    </affordances>
    <TerrainFilthDef>FilthDirt</TerrainFilthDef>
    <Fertility>0.7</Fertility>
    <TakeFootprints>True</TakeFootprints>
  </TerrainDef>

  <TerrainDef>
    <defName>MossyTerrain</defName>
    <label>lichen-covered dirt</label>
    <texturePath>Terrain/Surfaces/Mossy</texturePath>
    <EdgeType>FadeRough</EdgeType>
    <RenderPrecedence>315</RenderPrecedence>
    <PathCost>3</PathCost>
    <statBases>
      <Beauty>-1</Beauty>
      <Cleanliness>-1</Cleanliness>
    </statBases>
    <TerrainFilthDef>FilthDirt</TerrainFilthDef>
    <affordances>
      <li>Light</li>
      <li>Heavy</li>
      <li>GrowSoil</li>
      <li>Diggable</li>
    </affordances>
    <Fertility>1</Fertility>
    <TakeFootprints>True</TakeFootprints>
    <acceptFilth>true</acceptFilth>
    <avoidWander>false</avoidWander>
  </TerrainDef>

  <TerrainDef>
    <defName>Ice</defName>
    <label>Ice</label>
    <texturePath>Terrain/Surfaces/Ice</texturePath>
    <EdgeType>FadeRough</EdgeType>
    <RenderPrecedence>350</RenderPrecedence>
    <PathCost>12</PathCost>
    <statBases>
      <Beauty>-1</Beauty>
    </statBases>
    <ScatterType>SoftGray</ScatterType>
    <affordances>
      <li>Light</li>
      <li>Heavy</li>
      <li>Diggable</li>
    </affordances>
    <TerrainFilthDef>FilthDirt</TerrainFilthDef>
    <Fertility>0.00</Fertility>
    <TakeFootprints>True</TakeFootprints>
  </TerrainDef>

</TerrainDefs>