﻿<?xml version="1.0" encoding="utf-8" ?>
<TerrainDefs>
	
  <TerrainDef>
    <defName>BrokenAsphalt</defName>
    <label>broken asphalt</label>
    <texturePath>Terrain/Surfaces/BrokenAsphalt</texturePath>
    <layerable>true</layerable>
    <EdgeType>FadeRough</EdgeType>
    <RenderPrecedence>370</RenderPrecedence>
    <PathCost>0</PathCost>
    <resourcesFractionWhenDeconstructed>0</resourcesFractionWhenDeconstructed>
    <statBases>
      <Beauty>-1</Beauty>
      <Cleanliness>-1</Cleanliness>
    </statBases>
    <ScatterType>Rocky</ScatterType>
    <affordances>
      <li>Light</li>
      <li>Heavy</li>
    </affordances>
    <Fertility>0.0</Fertility>
    <tags>
      <li>Road</li>
    </tags>
  </TerrainDef>
  
  <TerrainDef>
    <defName>PackedDirt</defName>
    <label>packed dirt</label>
    <texturePath>Terrain/Surfaces/PackedDirt</texturePath>
    <EdgeType>FadeRough</EdgeType>
    <RenderPrecedence>360</RenderPrecedence>
    <PathCost>1</PathCost>
    <resourcesFractionWhenDeconstructed>0</resourcesFractionWhenDeconstructed>
    <statBases>
      <Beauty>-1</Beauty>
      <Cleanliness>-1</Cleanliness>
    </statBases>
    <ScatterType>Rocky</ScatterType>
    <affordances>
      <li>Light</li>
      <li>Heavy</li>
    </affordances>
    <TerrainFilthDef>FilthDirt</TerrainFilthDef>
    <Fertility>0.0</Fertility>
		<tags>
			<li>Road</li>
		</tags>
  </TerrainDef>
	
</TerrainDefs>