﻿<?xml version="1.0" encoding="utf-8" ?>
<TerrainDefs>

  <TerrainDef>
    <defName>WaterDeep</defName>
    <label>deep water</label>
    <texturePath>Terrain/Surfaces/WaterDeepRamp</texturePath>
    <waterDepthShader>Map/WaterDepth</waterDepthShader>
    <EdgeType>Water</EdgeType>
    <RenderPrecedence>395</RenderPrecedence>
		<passability>Impassable</passability>
    <PathCost>300</PathCost>
    <acceptFilth>false</acceptFilth>
    <fertility>0</fertility>
    <avoidWander>true</avoidWander>
    <changeable>false</changeable>
		<holdSnow>false</holdSnow>
    <takeSplashes>true</takeSplashes>
    <tags>
      <li>Water</li>
    </tags>
  </TerrainDef>

  <TerrainDef>
    <defName>WaterOceanDeep</defName>
    <label>deep ocean water</label>
    <texturePath>Terrain/Surfaces/WaterDeepRamp</texturePath>
    <waterDepthShader>Map/WaterDepth</waterDepthShader>
    <EdgeType>Water</EdgeType>
    <RenderPrecedence>397</RenderPrecedence>
    <passability>Impassable</passability>
    <PathCost>300</PathCost>
    <acceptFilth>false</acceptFilth>
    <fertility>0</fertility>
    <avoidWander>true</avoidWander>
    <changeable>false</changeable>
    <holdSnow>false</holdSnow>
    <takeSplashes>true</takeSplashes>
    <tags>
      <li>Water</li>
    </tags>
  </TerrainDef>

  <TerrainDef>
    <defName>WaterMovingDeep</defName>
    <label>deep moving water</label>
    <texturePath>Terrain/Surfaces/WaterDeepRamp</texturePath>
    <waterDepthShader>Map/WaterDepth</waterDepthShader>
    <EdgeType>Water</EdgeType>
    <RenderPrecedence>399</RenderPrecedence>
    <passability>Impassable</passability>
    <PathCost>300</PathCost>
    <acceptFilth>false</acceptFilth>
    <fertility>0</fertility>
    <avoidWander>true</avoidWander>
    <changeable>false</changeable>
    <holdSnow>false</holdSnow>
    <takeSplashes>true</takeSplashes>
    <tags>
      <li>River</li>
      <li>Water</li>
    </tags>
  </TerrainDef>
  
  <TerrainDef>
    <defName>WaterShallow</defName>
    <label>shallow water</label>
    <texturePath>Terrain/Surfaces/WaterShallowRamp</texturePath>
    <waterDepthShader>Map/WaterDepth</waterDepthShader>
    <EdgeType>Water</EdgeType>
    <RenderPrecedence>394</RenderPrecedence>
    <PathCost>12</PathCost>
    <acceptFilth>false</acceptFilth>
    <fertility>0</fertility>
    <avoidWander>true</avoidWander>
    <changeable>false</changeable>
    <holdSnow>false</holdSnow>
    <driesTo>Gravel</driesTo>
    <takeSplashes>true</takeSplashes>
    <tags>
      <li>Water</li>
    </tags>
  </TerrainDef>

  <TerrainDef>
    <defName>WaterOceanShallow</defName>
    <label>shallow ocean water</label>
    <texturePath>Terrain/Surfaces/WaterShallowRamp</texturePath>
    <waterDepthShader>Map/WaterDepth</waterDepthShader>
    <EdgeType>Water</EdgeType>
    <RenderPrecedence>396</RenderPrecedence>
    <PathCost>12</PathCost>
    <acceptFilth>false</acceptFilth>
    <fertility>0</fertility>
    <avoidWander>true</avoidWander>
    <changeable>false</changeable>
    <holdSnow>false</holdSnow>
    <driesTo>Gravel</driesTo>
    <takeSplashes>true</takeSplashes>
    <tags>
      <li>Water</li>
    </tags>
  </TerrainDef>

  <TerrainDef>
    <defName>WaterMovingShallow</defName>
    <label>shallow moving water</label>
    <texturePath>Terrain/Surfaces/WaterShallowRamp</texturePath>
    <waterDepthShader>Map/WaterDepth</waterDepthShader>
    <EdgeType>Water</EdgeType>
    <RenderPrecedence>398</RenderPrecedence>
    <PathCost>12</PathCost>
    <acceptFilth>false</acceptFilth>
    <fertility>0</fertility>
    <avoidWander>true</avoidWander>
    <changeable>false</changeable>
    <holdSnow>false</holdSnow>
    <takeSplashes>true</takeSplashes>
    <tags>
      <li>River</li>
      <li>Water</li>
    </tags>
  </TerrainDef>
  
</TerrainDefs>