﻿<?xml version="1.0" encoding="utf-8" ?>
<Defs>

  <TerrainDef Name="BurnedFloorBase" Abstract="True">
    <layerable>true</layerable>
    <affordances>
      <li>Light</li>
      <li>SmoothHard</li>
    </affordances>
    <pathCost>9</pathCost>
    <fertility>0</fertility>
    <acceptTerrainSourceFilth>True</acceptTerrainSourceFilth>
    <terrainAffordanceNeeded>Light</terrainAffordanceNeeded>
    <statBases>
      <Beauty>-6</Beauty>
    </statBases>
  </TerrainDef>

  <TerrainDef ParentName="BurnedFloorBase">
    <defName>BurnedWoodPlankFloor</defName>
    <label>burned wood floor</label>
    <renderPrecedence>251</renderPrecedence>
    <description>Burned-out wood plank flooring.</description>
    <texturePath>Terrain/Surfaces/BurnedWoodFloor</texturePath>
		<EdgeType>FadeRough</EdgeType>
	</TerrainDef>
  
  <TerrainDef ParentName="BurnedFloorBase">
    <defName>BurnedCarpet</defName>
    <label>burned carpet</label>
    <renderPrecedence>201</renderPrecedence>
    <description>Burned-out carpet.</description>
    <texturePath>Terrain/Surfaces/BurnedCarpet</texturePath>
		<EdgeType>FadeRough</EdgeType>
	</TerrainDef>

</Defs>