﻿<?xml version="1.0" encoding="utf-8" ?>
<TerrainDefs>


  <TerrainDef Name="FloorBase" Abstract="True">
    <layerable>true</layerable>
    <affordances>
      <li>Light</li>
      <li>Heavy</li>
      <li>SmoothHard</li>
    </affordances>
    <statBases>
      <WorkToBuild>135</WorkToBuild>
    </statBases>
    <designationCategory>Floors</designationCategory>
    <Fertility>0</Fertility>
    <constructEffect>ConstructDirt</constructEffect>
    <AcceptTerrainSourceFilth>True</AcceptTerrainSourceFilth>
    <terrainAffordanceNeeded>Light</terrainAffordanceNeeded>
  </TerrainDef>

  

  <!-- ================= Misc ================= -->

	<TerrainDef ParentName="FloorBase">
		<defName>Concrete</defName>
		<label>concrete</label>
		<Description>Quick-poured concrete. Fast to walk on, cheap, and very quick to pour, but quite ugly.</Description>
		<texturePath>Terrain/Surfaces/Concrete</texturePath>
		<EdgeType>Hard</EdgeType>
		<RenderPrecedence>70</RenderPrecedence>
		<statBases>
			<Beauty>-1</Beauty>
			<WorkToBuild>100</WorkToBuild>
		</statBases>
		<CostList>
			<Steel>1</Steel>
		</CostList>
		<designationHotkey>Misc6</designationHotkey>
	</TerrainDef>

	<TerrainDef ParentName="FloorBase">
		<DefName>PavedTile</DefName>
		<label>paved tile</label>
		<RenderPrecedence>230</RenderPrecedence>
		<Description>Utilitarian concrete tiles. Cheap and quick to move around on, but neutral in terms of looks and slow to build.</Description>
		<texturePath>Terrain/Surfaces/PavedTile</texturePath>
		<statBases>
			<WorkToBuild>400</WorkToBuild>
		</statBases>
		<CostList>
			<Steel>2</Steel>
		</CostList>
		<designationHotkey>Misc5</designationHotkey>
	</TerrainDef>

	<TerrainDef  ParentName="FloorBase">
		<DefName>WoodPlankFloor</DefName>
		<label>wood floor</label>
		<RenderPrecedence>250</RenderPrecedence>
		<Description>Wood plank flooring. For that warm, homey feeling.</Description>
		<texturePath>Terrain/Surfaces/WoodFloor</texturePath>
		<burnedDef>BurnedWoodPlankFloor</burnedDef>
		<statBases>
			<WorkToBuild>85</WorkToBuild>
			<Flammability>0.22</Flammability>
		</statBases>
		<CostList>
			<WoodLog>3</WoodLog>
		</CostList>
		<constructEffect>ConstructWood</constructEffect>
		<designationHotkey>Misc7</designationHotkey>
	</TerrainDef>
	
	<TerrainDef ParentName="FloorBase">
    <DefName>MetalTile</DefName>
    <label>metal tile</label>
    <RenderPrecedence>240</RenderPrecedence>
    <Description>Metal tiles, for that spaceship look. Pretty, but labor and material-intensive.</Description>
    <texturePath>Terrain/Surfaces/GenericFloorTile</texturePath>
    <color>(0.369, 0.369, 0.369)</color>
    <statBases>
      <WorkToBuild>700</WorkToBuild>
			<Beauty>1</Beauty>
    </statBases>
    <CostList>
      <Steel>7</Steel>
    </CostList>
    <constructEffect>ConstructMetal</constructEffect>
    <designationHotkey>Misc1</designationHotkey>
  </TerrainDef>
  
  <TerrainDef ParentName="FloorBase">
    <DefName>SilverTile</DefName>
    <label>silver tile</label>
    <RenderPrecedence>241</RenderPrecedence>
    <Description>Expensive and slow to build, but very pretty. Fits perfectly into luxurious rooms.</Description>
    <texturePath>Terrain/Surfaces/GenericFloorTile</texturePath>
    <color>(0.45, 0.45, 0.45)</color>
    <statBases>
      <Beauty>2</Beauty>
      <WorkToBuild>1200</WorkToBuild>
    </statBases>
    <CostList>
      <Silver>85</Silver>
    </CostList>
    <constructEffect>ConstructMetal</constructEffect>
    <designationHotkey>Misc2</designationHotkey>
  </TerrainDef>
  
  <TerrainDef ParentName="FloorBase">
    <DefName>GoldTile</DefName>
    <label>gold tile</label>
    <RenderPrecedence>242</RenderPrecedence>
    <Description>The most beautiful and impressive kind of floor. Very expensive and requires a lot of work to build.</Description>
    <texturePath>Terrain/Surfaces/GenericFloorTile</texturePath>
    <color>(0.65, 0.65, 0.35)</color>
    <statBases>
      <Beauty>4</Beauty>
      <WorkToBuild>1800</WorkToBuild>
    </statBases>
    <CostList>
      <Gold>85</Gold>
    </CostList>
    <constructEffect>ConstructMetal</constructEffect>
    <designationHotkey>Misc3</designationHotkey>
  </TerrainDef>
  
  <TerrainDef ParentName="FloorBase">
    <DefName>SterileTile</DefName>
    <label>sterile tile</label>
    <RenderPrecedence>243</RenderPrecedence>
    <Description>Sterile tiles help keep the room clean. Very useful in hospitals to prevent patients from getting various infections. Neutral in terms of looks and very slow to build.</Description>
    <texturePath>Terrain/Surfaces/GenericFloorTile</texturePath>
    <color>(0.71, 0.71, 0.71)</color>
    <statBases>
      <Cleanliness>0.6</Cleanliness>
      <WorkToBuild>1650</WorkToBuild>
    </statBases>
    <CostList>
      <Steel>3</Steel>
      <Silver>15</Silver>
    </CostList>
    <constructEffect>ConstructMetal</constructEffect>
    <designationHotkey>Misc4</designationHotkey>
  </TerrainDef>

  <!-- ================= Carpets ================= -->

    <TerrainDef Name="CarpetBase" ParentName="FloorBase" Abstract="True">
    <texturePath>Terrain/Surfaces/Carpet</texturePath>
    <researchPrerequisites><li>CarpetMaking</li></researchPrerequisites>
    <burnedDef>BurnedCarpet</burnedDef>
    <CostList>
      <Cloth>7</Cloth>
    </CostList>
    <statBases>
      <Beauty>2</Beauty>
      <Flammability>0.32</Flammability>
    </statBases>
    </TerrainDef>
  
  <TerrainDef ParentName="CarpetBase">
    <DefName>CarpetRed</DefName>
    <label>red carpet</label>
    <RenderPrecedence>200</RenderPrecedence>
    <Description>Plush carpet in a lovely rose hue.</Description>
    <color>(118,49,57)</color>
    <designationHotkey>Misc8</designationHotkey>
  </TerrainDef>

  <TerrainDef ParentName="CarpetBase">
    <DefName>CarpetGreen</DefName>
    <label>green carpet</label>
    <RenderPrecedence>199</RenderPrecedence>
    <Description>Naturalistic-feeling green carpet.</Description>
    <color>(89,105,62)</color>
    <designationHotkey>Misc9</designationHotkey>
  </TerrainDef>

  <TerrainDef ParentName="CarpetBase">
    <DefName>CarpetBlue</DefName>
    <label>blue carpet</label>
    <RenderPrecedence>198</RenderPrecedence>
    <Description>Toe-hugging plush carpet in a cool blue color.</Description>
    <color>(24,65,121)</color>
    <designationHotkey>Misc10</designationHotkey>
  </TerrainDef>

  <TerrainDef ParentName="CarpetBase">
    <DefName>CarpetCream</DefName>
    <label>cream carpet</label>
    <RenderPrecedence>197</RenderPrecedence>
    <Description>Inviting cream-colored carpet.</Description>
    <color>(195,192,176)</color>
    <designationHotkey>Misc11</designationHotkey>
  </TerrainDef>

  <TerrainDef ParentName="CarpetBase">
    <DefName>CarpetDark</DefName>
    <label>dark carpet</label>
    <RenderPrecedence>196</RenderPrecedence>
    <Description>Professional-looking dark gray carpet.</Description>
    <color>(81,81,81)</color>
    <designationHotkey>Misc12</designationHotkey>
  </TerrainDef>


</TerrainDefs>