﻿<?xml version="1.0" encoding="utf-8" ?>
<Defs>

  <TerrainDef Abstract="True" ParentName="FloorBase" Name="TileStoneBase">
    <RenderPrecedence>220</RenderPrecedence>
    <Description>Refined, carefully-cut stone tiles for a castle feeling. Pretty to look at, but they take a long time to lay.</Description>
    <texturePath>Terrain/Surfaces/TileStone</texturePath>
    <statBases>
      <WorkToBuild>1100</WorkToBuild>
      <Beauty>1</Beauty>
    </statBases>
  </TerrainDef>
  
  <TerrainDef ParentName="TileStoneBase">
    <DefName>TileSandstone</DefName>
    <label>sandstone tile</label>
    <color>(126,104,94)</color>
    <CostList>
      <BlocksSandstone>4</BlocksSandstone>
    </CostList>
  </TerrainDef>

  <TerrainDef ParentName="TileStoneBase">
    <DefName>TileGranite</DefName>
    <label>granite tile</label>
    <color>(105,95,97)</color>
    <CostList>
      <BlocksGranite>4</BlocksGranite>
    </CostList>
  </TerrainDef>

  <TerrainDef ParentName="TileStoneBase">
    <DefName>TileLimestone</DefName>
    <label>limestone tile</label>
    <color>(158,153,135)</color>
    <CostList>
      <BlocksLimestone>4</BlocksLimestone>
    </CostList>
  </TerrainDef>

  <TerrainDef ParentName="TileStoneBase">
    <DefName>TileSlate</DefName>
    <label>slate tile</label>
    <color>(100,100,100)</color>
    <CostList>
      <BlocksSlate>4</BlocksSlate>
  </CostList>
  </TerrainDef>

  <TerrainDef ParentName="TileStoneBase">
    <DefName>TileMarble</DefName>
    <label>marble tile</label>
    <color>(132,135,132)</color>
    <CostList>
      <BlocksMarble>4</BlocksMarble>
    </CostList>
  </TerrainDef>


	<TerrainDef Abstract="True" ParentName="FloorBase" Name="FlagstoneBase">
		<RenderPrecedence>220</RenderPrecedence>
		<Description>Roughly-cut stone tiles. Not super pretty, but they make good surfaces for roads and outdoor walkways. Deconstructing flagstone yields no resources.</Description>
		<texturePath>Terrain/Surfaces/Flagstone</texturePath>
		<resourcesFractionWhenDeconstructed>0</resourcesFractionWhenDeconstructed>
		<statBases>
			<WorkToBuild>500</WorkToBuild>
			<Beauty>0</Beauty>
		</statBases>
    <tags>
      <li>Road</li>
    </tags>
	</TerrainDef>

	<TerrainDef ParentName="FlagstoneBase">
		<DefName>FlagstoneSandstone</DefName>
		<label>sandstone flagstone</label>
		<color>(126,104,94)</color>
		<CostList>
			<BlocksSandstone>4</BlocksSandstone>
		</CostList>
	</TerrainDef>

	<TerrainDef ParentName="FlagstoneBase">
		<DefName>FlagstoneGranite</DefName>
		<label>granite flagstone</label>
		<color>(105,95,97)</color>
		<CostList>
			<BlocksGranite>4</BlocksGranite>
		</CostList>
	</TerrainDef>

	<TerrainDef ParentName="FlagstoneBase">
		<DefName>FlagstoneLimestone</DefName>
		<label>limestone flagstone</label>
		<color>(158,153,135)</color>
		<CostList>
			<BlocksLimestone>4</BlocksLimestone>
		</CostList>
	</TerrainDef>

	<TerrainDef ParentName="FlagstoneBase">
		<DefName>FlagstoneSlate</DefName>
		<label>slate flagstone</label>
		<color>(105,105,105)</color>
		<CostList>
			<BlocksSlate>4</BlocksSlate>
		</CostList>
	</TerrainDef>

	<TerrainDef ParentName="FlagstoneBase">
		<DefName>FlagstoneMarble</DefName>
		<label>marble flagstone</label>
		<color>(132,135,132)</color>
		<CostList>
			<BlocksMarble>4</BlocksMarble>
		</CostList>
	</TerrainDef>
	
	
	
	
</Defs>