﻿<?xml version="1.0" encoding="utf-8" ?>
<Defs>
  
  <DamageDef Name="LocalInjuryBase" Abstract="True">
    <workerClass>DamageWorker_AddInjury</workerClass>
  </DamageDef>

  <DamageDef ParentName="LocalInjuryBase" Name="CutBase">
    <defName>Cut</defName>
    <label>cut</label>
    <externalViolence>true</externalViolence>
    <deathMessage>{0} has been cut to death.</deathMessage>
    <hediff>Cut</hediff>
    <hediffSkin>Cut</hediffSkin>
    <hediffSolid>Crack</hediffSolid>
    <harmAllLayersUntilOutside>true</harmAllLayersUntilOutside>
    <impactSoundType>Slice</impactSoundType>
    <armorCategory>Sharp</armorCategory>
  </DamageDef>

	<!-- Surgical cut: Makes it possible to remove inner organs without harming outer body parts -->
	<DamageDef ParentName="CutBase">
		<defName>SurgicalCut</defName>
		<label>surgical cut</label>
		<deathMessage>{0} has died during surgery.</deathMessage>
		<hediff>SurgicalCut</hediff>
		<harmAllLayersUntilOutside>false</harmAllLayersUntilOutside>
		<hasForcefulImpact>false</hasForcefulImpact>
		<canInterruptJobs>false</canInterruptJobs>
		<impactSoundType />
		<armorCategory />
	</DamageDef>

	<!-- Execution cut: Makes it possible to distinguish execution damage from others -->
	<DamageDef ParentName="CutBase">
		<defName>ExecutionCut</defName>
		<label>execution cut</label>
		<execution>true</execution>
		<deathMessage>{0} has been executed by cutting.</deathMessage>
		<hasForcefulImpact>false</hasForcefulImpact>
		<canInterruptJobs>false</canInterruptJobs>
    <impactSoundType />
    <armorCategory />
	</DamageDef>



	<DamageDef ParentName="LocalInjuryBase">
    <defName>Crush</defName>
    <label>crush</label>
    <externalViolence>true</externalViolence>
    <deathMessage>{0} has been crushed to death.</deathMessage>
    <hediff>Crush</hediff>
    <hediffSkin>Cut</hediffSkin>
    <hediffSolid>Crack</hediffSolid>
    <harmAllLayersUntilOutside>true</harmAllLayersUntilOutside>
    <impactSoundType>Blunt</impactSoundType>
    <armorCategory>Blunt</armorCategory>
  </DamageDef>

  <DamageDef ParentName="LocalInjuryBase">
    <defName>Blunt</defName>
    <label>blunt</label>
    <externalViolence>true</externalViolence>
    <deathMessage>{0} has been beaten to death.</deathMessage>
    <hediff>Crush</hediff>
    <hediffSkin>Bruise</hediffSkin>
    <hediffSolid>Crack</hediffSolid>
    <harmAllLayersUntilOutside>true</harmAllLayersUntilOutside>
    <hasChanceToAdditionallyDamageInnerSolidParts>true</hasChanceToAdditionallyDamageInnerSolidParts>
    <impactSoundType>Blunt</impactSoundType>
    <armorCategory>Blunt</armorCategory>
  </DamageDef>

  <DamageDef ParentName="LocalInjuryBase">
    <defName>Stab</defName>
    <label>stab</label>
    <externalViolence>true</externalViolence>
    <deathMessage>{0} has been stabbed to death.</deathMessage>
    <hediff>Stab</hediff>
    <hediffSolid>Crack</hediffSolid>
    <harmAllLayersUntilOutside>true</harmAllLayersUntilOutside>
    <impactSoundType>Slice</impactSoundType>
    <armorCategory>Sharp</armorCategory>
  </DamageDef>

  <DamageDef ParentName="LocalInjuryBase">
    <defName>Bullet</defName>
    <label>bullet</label>
    <externalViolence>true</externalViolence>
    <deathMessage>{0} has been shot to death.</deathMessage>
    <hediff>Gunshot</hediff>
    <harmAllLayersUntilOutside>true</harmAllLayersUntilOutside>
    <impactSoundType>Bullet</impactSoundType>
    <armorCategory>Sharp</armorCategory>
  </DamageDef>

  <DamageDef ParentName="LocalInjuryBase">
    <defName>Arrow</defName>
    <label>arrow</label>
    <externalViolence>true</externalViolence>
    <deathMessage>{0} has been shot to death.</deathMessage>
    <hediff>Cut</hediff>
    <hediffSolid>Crack</hediffSolid>
    <harmAllLayersUntilOutside>true</harmAllLayersUntilOutside>
    <impactSoundType>Bullet</impactSoundType>
    <armorCategory>Sharp</armorCategory>
  </DamageDef>

  <DamageDef ParentName="LocalInjuryBase">
    <defName>Scratch</defName>
    <label>scratch</label>
    <externalViolence>true</externalViolence>
    <deathMessage>{0} has been torn to death.</deathMessage>
    <hediff>Scratch</hediff>
    <hediffSolid>Crack</hediffSolid>
    <harmAllLayersUntilOutside>true</harmAllLayersUntilOutside>
    <impactSoundType>Slice</impactSoundType>
    <armorCategory>Sharp</armorCategory>
  </DamageDef>

  <DamageDef Name="Bite" ParentName="LocalInjuryBase">
    <defName>Bite</defName>
    <label>bite</label>
    <externalViolence>true</externalViolence>
    <deathMessage>{0} has been bitten to death.</deathMessage>
    <hediff>Bite</hediff>
    <hediffSolid>Crack</hediffSolid>
    <harmAllLayersUntilOutside>true</harmAllLayersUntilOutside>
    <impactSoundType>Slice</impactSoundType>
    <armorCategory>Sharp</armorCategory>
  </DamageDef>
  
  <DamageDef ParentName="Bite">
    <defName>ToxicBite</defName>
    <label>toxic bite</label>
    <additionalHediffs>
      <li>
        <hediff>ToxicBuildup</hediff>
        <severityPerDamageDealt>0.001</severityPerDamageDealt>
      </li>
    </additionalHediffs>
  </DamageDef>

  <DamageDef ParentName="LocalInjuryBase">
    <defName>Bomb</defName>
    <label>bomb</label>
    <externalViolence>true</externalViolence>
    <isExplosive>true</isExplosive>
    <deathMessage>{0} has died in an explosion.</deathMessage>
    <hediff>Shredded</hediff>
    <hediffSolid>Crack</hediffSolid>
    <harmAllLayersUntilOutside>true</harmAllLayersUntilOutside>
    <impactSoundType>Blunt</impactSoundType>
    <armorCategory>Blunt</armorCategory>
    <spreadOut>true</spreadOut>
    <explosionDamage>50</explosionDamage>
    <explosionBuildingDamageFactor>2</explosionBuildingDamageFactor>
    <explosionAffectOutsidePartsOnly>false</explosionAffectOutsidePartsOnly>
    <explosionHeatEnergyPerCell>5</explosionHeatEnergyPerCell>
    <explosionCellMote>Mote_BlastDry</explosionCellMote>
    <explosionColorCenter>(1, 0.55, 0.3)</explosionColorCenter>
    <explosionColorEdge>(0.6, 0.55, 0.4)</explosionColorEdge>
    <soundExplosion>Explosion_Bomb</soundExplosion>
  </DamageDef>

  <DamageDef ParentName="LocalInjuryBase" Name="Flame">
    <defName>Flame</defName>
    <workerClass>DamageWorker_Flame</workerClass>
    <label>flame</label>
    <hasForcefulImpact>false</hasForcefulImpact>
    <makesBlood>false</makesBlood>
    <canInterruptJobs>false</canInterruptJobs>
    <externalViolence>true</externalViolence>
    <deathMessage>{0} has burned to death.</deathMessage>
    <hediff>Burn</hediff>
    <armorCategory>Heat</armorCategory>
    <spreadOut>true</spreadOut>
    <explosionDamage>10</explosionDamage>
    <explosionHeatEnergyPerCell>15</explosionHeatEnergyPerCell>
    <explosionCellMote>Mote_BlastFlame</explosionCellMote>
    <explosionColorCenter>(1, 0.7, 0.7)</explosionColorCenter>
    <explosionColorEdge>(1, 1, 0.7)</explosionColorEdge>
    <soundExplosion>Explosion_Flame</soundExplosion>
  </DamageDef>

  <!-- Burn is like Flame, but doesn't ignite anything -->
  <DamageDef ParentName="Flame">
    <defName>Burn</defName>
    <label>burn</label>
    <workerClass>DamageWorker_AddInjury</workerClass>
  </DamageDef>

  <DamageDef ParentName="LocalInjuryBase">
    <defName>Frostbite</defName>
    <label>frostbite</label>
    <externalViolence>false</externalViolence>
    <deathMessage>{0} has succumbed to frostbite.</deathMessage>
    <hediff>Frostbite</hediff>
    <harmAllLayersUntilOutside>true</harmAllLayersUntilOutside>
    <armorCategory>Heat</armorCategory>
  </DamageDef>

</Defs>