﻿<?xml version="1.0" encoding="utf-8" ?>
<Defs>

  <DamageDef>
    <defName>Deterioration</defName>
    <label>deterioration</label>
    <hasForcefulImpact>false</hasForcefulImpact>
    <makesBlood>false</makesBlood>
    <canInterruptJobs>false</canInterruptJobs>
  </DamageDef>

  <DamageDef>
    <defName>Mining</defName>
    <label>mining</label>
  </DamageDef>

  <DamageDef>
    <defName>Rotting</defName>
    <label>rotting</label>
    <hasForcefulImpact>false</hasForcefulImpact>
    <makesBlood>false</makesBlood>
    <canInterruptJobs>false</canInterruptJobs>
  </DamageDef>

  <DamageDef>
    <defName>Extinguish</defName>
    <label>extinguish</label>
    <workerClass>DamageWorker_Extinguish</workerClass>
    <canInterruptJobs>false</canInterruptJobs>
    <makesBlood>false</makesBlood>
    <explosionDamage>999999</explosionDamage>
    <explosionCellMote>Mote_BlastExtinguisher</explosionCellMote>
    <explosionColorEdge>(1, 1, 1, 0.05)</explosionColorEdge>
    <soundExplosion>Explosion_Stun</soundExplosion>
  </DamageDef>

  <DamageDef>
    <defName>Smoke</defName>
    <label>smoke</label>
    <canInterruptJobs>false</canInterruptJobs>
    <makesBlood>false</makesBlood>
    <explosionDamage>0</explosionDamage>
    <explosionCellMote>Mote_BlastExtinguisher</explosionCellMote>
    <explosionColorEdge>(1, 1, 1, 0.05)</explosionColorEdge>
    <harmsHealth>false</harmsHealth>
    <soundExplosion>Explosion_Smoke</soundExplosion>
  </DamageDef>

</Defs>