﻿<?xml version="1.0" encoding="utf-8" ?>
<Defs>

  <GameConditionDef>
    <defName>SolarFlare</defName>
    <label>solar flare</label>
    <description>A solar flare is blasting the planet. The electromagnetic interference prevents most electrical devices from working.</description>
    <endMessage>The solar flare is ending.</endMessage>
    <canBePermanent>true</canBePermanent>
  </GameConditionDef>

  <GameConditionDef>
    <defName>Eclipse</defName>
    <conditionClass>GameCondition_Eclipse</conditionClass>
    <label>eclipse</label>
    <description>An eclipse is shadowing the surface. It will be dark, even during the daytime.</description>
    <endMessage>The eclipse is ending.</endMessage>
    <canBePermanent>true</canBePermanent>
  </GameConditionDef>

  <GameConditionDef>
    <defName>PsychicDrone</defName>
    <conditionClass>GameCondition_PsychicEmanation</conditionClass>
    <label>psychic drone</label>
    <description>A distant, powerful AI is emitting waves of psychic force that are driving people towards insanity.</description>
    <defaultDroneLevel>BadMedium</defaultDroneLevel>
    <endMessage>The psychic drone is ending.</endMessage>
    <exclusiveConditions>
      <li>PsychicSoothe</li>
    </exclusiveConditions>
    <canBePermanent>true</canBePermanent>
  </GameConditionDef>

  <GameConditionDef>
    <defName>PsychicSoothe</defName>
    <conditionClass>GameCondition_PsychicEmanation</conditionClass>
    <label>psychic soothe</label>
    <description>A distant, powerful AI is emitting waves of psychic force that are calming people and stabilizing their minds.</description>
    <defaultDroneLevel>GoodMedium</defaultDroneLevel>
    <endMessage>The psychic soothe is ending.</endMessage>
    <exclusiveConditions>
      <li>PsychicDrone</li>
    </exclusiveConditions>
    <canBePermanent>true</canBePermanent>
  </GameConditionDef>

  <GameConditionDef>
    <defName>ToxicFallout</defName>
    <conditionClass>GameCondition_ToxicFallout</conditionClass>
    <label>toxic fallout</label>
    <description>A plume of toxic dust from some distant source is slowly settling over this entire region. Any living thing not under a roof will be slowly poisoned, and items left outside will corrode.</description>
    <endMessage>The worst of the toxic fallout has settled.</endMessage>
    <canBePermanent>true</canBePermanent>
  </GameConditionDef>

  <GameConditionDef>
    <defName>VolcanicWinter</defName>
    <conditionClass>GameCondition_VolcanicWinter</conditionClass>
    <label>volcanic winter</label>
    <description>A distant volcano has choked the atmosphere with volcanic particles, significantly reducing the amount of light which reaches the surface. Temperatures will be colder and plants will grow slower.</description>
    <endMessage>Most of the volcanic ash has settled.</endMessage>
    <canBePermanent>true</canBePermanent>
  </GameConditionDef>

  <GameConditionDef>
    <defName>HeatWave</defName>
    <conditionClass>GameCondition_HeatWave</conditionClass>
    <label>heat wave</label>
    <description>An extreme wave of heat is baking the area.</description>
    <endMessage>The heat wave is over.</endMessage>
    <exclusiveConditions>
      <li>ColdSnap</li>
      <li>VolcanicWinter</li>
    </exclusiveConditions>
  </GameConditionDef>

  <GameConditionDef>
    <defName>ColdSnap</defName>
    <conditionClass>GameCondition_ColdSnap</conditionClass>
    <label>cold snap</label>
    <description>An unusual cold snap is freezing the region.</description>
    <endMessage>The cold snap is over.</endMessage>
    <exclusiveConditions>
      <li>HeatWave</li>
    </exclusiveConditions>
  </GameConditionDef>
  
  <GameConditionDef>
    <defName>Flashstorm</defName>
    <conditionClass>GameCondition_Flashstorm</conditionClass>
    <label>flashstorm</label>
    <description>A freak localized storm is blasting a small area with repeated lightning strikes.</description>
    <endMessage>The flashstorm is over.</endMessage>
    <preventRain>true</preventRain>
    <canBePermanent>true</canBePermanent>
  </GameConditionDef>

  <GameConditionDef>
    <defName>ClimateCycle</defName>
    <conditionClass>GameCondition_ClimateCycle</conditionClass>
    <label>climate cycle</label>
    <description>A multi-year climate cycle due to an elliptical orbit.</description>
    <canBePermanent>true</canBePermanent>
  </GameConditionDef>

  <GameConditionDef>
    <defName>Planetkiller</defName>
    <conditionClass>GameCondition_Planetkiller</conditionClass>
    <label>planetkiller</label>
    <description>An interstellar planetkiller weapon is approaching this planet. It will smash the planet apart like a rifle bullet hitting an egg, annihilating all life.</description>
  </GameConditionDef>
  
  <GameConditionDef>
    <defName>Aurora</defName>
    <conditionClass>GameCondition_Aurora</conditionClass>
    <label>aurora</label>
    <description>An aurora is lighting up the sky. The breathtaking display will boost the mood of anyone outside to see it.</description>
    <endMessage>The aurora is ending.</endMessage>
    <canBePermanent>true</canBePermanent>
  </GameConditionDef>

</Defs>