﻿<?xml version="1.0" encoding="utf-8" ?>
<Defs>

  <ThingDef Name="BodyPartBase" Abstract="True">
    <thingClass>ThingWithComps</thingClass>
    <category>Item</category>
    <useHitPoints>true</useHitPoints>
    <selectable>true</selectable>
    <statBases>
      <MaxHitPoints>50</MaxHitPoints>
      <Flammability>1.0</Flammability>
			<Beauty>-4</Beauty>
		</statBases>
    <altitudeLayer>Item</altitudeLayer>
    <tickerType>Never</tickerType>
    <alwaysHaulable>true</alwaysHaulable>
    <isBodyPartOrImplant>true</isBodyPartOrImplant>
    <tradeTags>
      <li>BodyPartOrImplant</li>
    </tradeTags>
    <comps>
      <li Class="CompProperties_Forbiddable"/>
    </comps>
    <pathCost>10</pathCost>
  </ThingDef>

  <ThingDef ParentName="BodyPartBase" Name="BodyPartNaturalBase" Abstract="True">
    <thingCategories>
      <li>BodyPartsNatural</li>
    </thingCategories>
		<statBases>
			<DeteriorationRate>4.0</DeteriorationRate>
		</statBases>
  </ThingDef>

  <ThingDef ParentName="BodyPartBase" Name="BodyPartArtificialBase" Abstract="True">
    <thingCategories>
      <li>BodyPartsArtificial</li>
    </thingCategories>
		<statBases>
			<DeteriorationRate>2.0</DeteriorationRate>
		</statBases>
  </ThingDef>

  <!-- natural -->

  <ThingDef ParentName="BodyPartNaturalBase">
    <defName>Heart</defName>
    <label>heart</label>
    <description>Supplies blood and oxygen to all parts of the body. Ready to find a new owner.</description>
    <graphicData>
      <texPath>Things/Item/BodyPart/Organ</texPath>
      <graphicClass>Graphic_Single</graphicClass>
    </graphicData>
    <statBases>
      <MarketValue>500</MarketValue>
      <Mass>1</Mass>
    </statBases>
  </ThingDef>

  <ThingDef ParentName="BodyPartNaturalBase">
    <defName>Lung</defName>
    <label>lung</label>
    <description>Essential part of the respiratory system.</description>
    <graphicData>
      <texPath>Things/Item/BodyPart/Organ</texPath>
      <graphicClass>Graphic_Single</graphicClass>
    </graphicData>
    <statBases>
      <MarketValue>400</MarketValue>
      <Mass>1</Mass>
    </statBases>
  </ThingDef>

  <ThingDef ParentName="BodyPartNaturalBase">
    <defName>Kidney</defName>
    <label>kidney</label>
    <description>Filters and removes waste products from the blood.</description>
    <graphicData>
      <texPath>Things/Item/BodyPart/Organ</texPath>
      <graphicClass>Graphic_Single</graphicClass>
    </graphicData>
    <statBases>
      <MarketValue>250</MarketValue>
      <Mass>1</Mass>
    </statBases>
  </ThingDef>

  <ThingDef ParentName="BodyPartNaturalBase">
    <defName>Liver</defName>
    <label>liver</label>
    <description>Plays an important role in metabolism.</description>
    <graphicData>
      <texPath>Things/Item/BodyPart/Organ</texPath>
      <graphicClass>Graphic_Single</graphicClass>
    </graphicData>
    <statBases>
      <MarketValue>500</MarketValue>
      <Mass>2</Mass>
    </statBases>
  </ThingDef>

  <!-- artificial - simple prosthetics -->

  <ThingDef ParentName="BodyPartArtificialBase">
    <defName>SimpleProstheticLeg</defName>
    <label>simple prosthetic leg</label>
    <description>Simple prosthesis made to replace missing leg. Not very comfortable but quite efficient.</description>
    <graphicData>
      <texPath>Things/Item/BodyPart/ArtificialOrgan</texPath>
      <graphicClass>Graphic_Single</graphicClass>
    </graphicData>
    <statBases>
      <MarketValue>400</MarketValue>
      <Mass>8</Mass>
    </statBases>
    <techHediffsTags>
      <li>Simple</li>
    </techHediffsTags>
  </ThingDef>

  <ThingDef ParentName="BodyPartArtificialBase">
    <defName>SimpleProstheticArm</defName>
    <label>simple prosthetic arm</label>
    <description>Simple but durable arm prosthesis.</description>
    <graphicData>
      <texPath>Things/Item/BodyPart/ArtificialOrgan</texPath>
      <graphicClass>Graphic_Single</graphicClass>
    </graphicData>
    <statBases>
      <MarketValue>400</MarketValue>
      <Mass>5</Mass>
    </statBases>
    <techHediffsTags>
      <li>Simple</li>
    </techHediffsTags>
  </ThingDef>

  <!-- artificial - bionics -->

  <ThingDef ParentName="BodyPartArtificialBase">
    <defName>BionicEye</defName>
    <label>bionic eye</label>
    <description>Advanced piece of technology made not only to fully replace natural eye, but also to give supernatural vision abilities.</description>
    <graphicData>
      <texPath>Things/Item/BodyPart/ArtificialOrgan</texPath>
      <graphicClass>Graphic_Single</graphicClass>
    </graphicData>
    <itemGeneratorTags>
      <li>SpecialReward</li>
    </itemGeneratorTags>
    <statBases>
      <MarketValue>1500</MarketValue>
      <Mass>0.3</Mass>
    </statBases>
    <techHediffsTags>
      <li>Advanced</li>
    </techHediffsTags>
  </ThingDef>

  <ThingDef ParentName="BodyPartArtificialBase">
    <defName>BionicArm</defName>
    <label>bionic arm</label>
    <description>One of the most sophisticated arm replacements. Gives extreme strength to its user.</description>
    <graphicData>
      <texPath>Things/Item/BodyPart/ArtificialOrgan</texPath>
      <graphicClass>Graphic_Single</graphicClass>
    </graphicData>
    <itemGeneratorTags>
      <li>SpecialReward</li>
    </itemGeneratorTags>
    <statBases>
      <MarketValue>1500</MarketValue>
      <Mass>5</Mass>
    </statBases>
    <techHediffsTags>
      <li>Advanced</li>
    </techHediffsTags>
  </ThingDef>

  <ThingDef ParentName="BodyPartArtificialBase">
    <defName>BionicLeg</defName>
    <label>bionic leg</label>
    <description>Bionic leg uses cutting-edge technology to give its owner extreme walking comfort and strength.</description>
    <graphicData>
      <texPath>Things/Item/BodyPart/ArtificialOrgan</texPath>
      <graphicClass>Graphic_Single</graphicClass>
    </graphicData>
    <itemGeneratorTags>
      <li>SpecialReward</li>
    </itemGeneratorTags>
    <statBases>
      <MarketValue>1500</MarketValue>
      <Mass>8</Mass>
    </statBases>
    <techHediffsTags>
      <li>Advanced</li>
    </techHediffsTags>
  </ThingDef>

  <ThingDef ParentName="BodyPartArtificialBase">
    <defName>PowerClaw</defName>
    <label>power claw</label>
    <description>Powerful hand replacement consisting of three deadly claws.</description>
    <graphicData>
      <texPath>Things/Item/BodyPart/ArtificialOrgan</texPath>
      <graphicClass>Graphic_Single</graphicClass>
    </graphicData>
    <itemGeneratorTags>
      <li>SpecialReward</li>
    </itemGeneratorTags>
    <statBases>
      <MarketValue>1500</MarketValue>
      <Mass>4</Mass>
    </statBases>
    <techHediffsTags>
      <li>AdvancedWeapon</li>
    </techHediffsTags>
  </ThingDef>
  
  <ThingDef ParentName="BodyPartArtificialBase">
    <defName>ScytherBlade</defName>
    <label>scyther blade</label>
    <description>Hand replacement with a telescoping blade. Scavenged from a dead scyther mechanoid. Not very comfortable, but quite effective as a close-range weapon.</description>
    <graphicData>
      <texPath>Things/Item/BodyPart/ArtificialOrgan</texPath>
      <graphicClass>Graphic_Single</graphicClass>
    </graphicData>
    <statBases>
      <MarketValue>2000</MarketValue>
      <Mass>4</Mass>
			<DeteriorationRate>0.5</DeteriorationRate>
    </statBases>
    <techHediffsTags>
      <li>SpecialWeapon</li>
    </techHediffsTags>
    <tradeability>Sellable</tradeability>
  </ThingDef>
  
</Defs>
