﻿<?xml version="1.0" encoding="utf-8" ?>
<Defs>

  <ThingDef Name="MealBase" Abstract="True">
    <thingClass>ThingWithComps</thingClass>
    <category>Item</category>
    <useHitPoints>true</useHitPoints>
    <selectable>true</selectable>
    <statBases>
      <MaxHitPoints>50</MaxHitPoints>
      <Flammability>1.0</Flammability>
			<Beauty>-4</Beauty>
			<Mass>0.44</Mass>
			<DeteriorationRate>10</DeteriorationRate>
		</statBases>
    <altitudeLayer>Item</altitudeLayer>
    <stackLimit>10</stackLimit>
    <tickerType>Rare</tickerType>
    <socialPropernessMatters>true</socialPropernessMatters>
    <thingCategories>
      <li>FoodMeals</li>
    </thingCategories>
    <alwaysHaulable>true</alwaysHaulable>
    <comps>
      <li Class="CompProperties_Forbiddable" />
      <li Class="CompProperties_Ingredients" />
      <li Class="CompProperties_FoodPoisonable" />
    </comps>
    <pathCost>15</pathCost>
    <resourceReadoutPriority>Last</resourceReadoutPriority>
    <drawGUIOverlay>true</drawGUIOverlay>
    <ingestible>
      <foodType>Meal</foodType>
      <maxNumToIngestAtOnce>1</maxNumToIngestAtOnce>
      <optimalityOffsetHumanlikes>16</optimalityOffsetHumanlikes>
    </ingestible>
  </ThingDef>

  <ThingDef ParentName="MealBase" Name="MealRottable" Abstract="True">
    <comps>
      <li Class="CompProperties_Rottable">
        <daysToRotStart>4</daysToRotStart>
        <rotDestroys>true</rotDestroys>
      </li>
    </comps>
  </ThingDef>

  <ThingDef ParentName="MealBase">
    <defName>MealSurvivalPack</defName>
    <label>packaged survival meal</label>
    <description>A high-quality packaged meal, manufactured for use in survival situations.</description>
    <graphicData>
      <texPath>Things/Item/Meal/SurvivalPack</texPath>
      <graphicClass>Graphic_Single</graphicClass>
    </graphicData>
    <statBases>
      <DeteriorationRate>0.5</DeteriorationRate>
      <MarketValue>25</MarketValue>
      <Mass>0.4</Mass>
      <WorkToMake>1400</WorkToMake>
    </statBases>
    <ingestible>
      <preferability>MealSimple</preferability>
			<nutrition>0.90</nutrition>
      <optimalityOffsetHumanlikes>-5</optimalityOffsetHumanlikes>
      <optimalityOffsetFeedingAnimals>-5</optimalityOffsetFeedingAnimals>
			<ingestEffect>EatVegetarian</ingestEffect>
      <ingestSound>Meal_Eat</ingestSound>
    </ingestible>
  </ThingDef>

  <ThingDef ParentName="MealRottable">
    <defName>MealNutrientPaste</defName>
    <label>nutrient paste meal</label>
    <description>A synthetic mixture of protein, carbohydrates, and vitamins, amino acids and minerals. Everything the body needs, and absolutely disgusting.</description>
    <graphicData>
      <texPath>Things/Item/Meal/NutrientPaste</texPath>
      <graphicClass>Graphic_Single</graphicClass>
    </graphicData>
    <statBases>
      <MarketValue>12</MarketValue>
    </statBases>
    <ingestible>
      <preferability>MealAwful</preferability>
			<tasteThought>AteAwfulMeal</tasteThought>
			<nutrition>0.90</nutrition>
      <ingestEffect>EatVegetarian</ingestEffect>
      <ingestSound>Meal_Eat</ingestSound>
    </ingestible>
  </ThingDef>

  <ThingDef ParentName="MealRottable">
    <defName>MealSimple</defName>
    <label>simple meal</label>
    <description>A simple meal quickly cooked from a few ingredients.</description>
    <graphicData>
      <texPath>Things/Item/Meal/Simple</texPath>
      <graphicClass>Graphic_Single</graphicClass>
    </graphicData>
    <statBases>
      <MarketValue>18</MarketValue>
      <WorkToMake>300</WorkToMake>
    </statBases>
    <ingestible>
      <preferability>MealSimple</preferability>
			<nutrition>0.90</nutrition>
			<ingestEffect>EatVegetarian</ingestEffect>
      <ingestSound>Meal_Eat</ingestSound>
    </ingestible>
  </ThingDef>

  <ThingDef ParentName="MealRottable">
    <defName>MealFine</defName>
    <label>fine meal</label>
    <description>A complex dish assembled with care from a wide selection of ingredients.</description>
    <graphicData>
      <texPath>Things/Item/Meal/Fine</texPath>
      <graphicClass>Graphic_Single</graphicClass>
    </graphicData>
    <statBases>
      <MarketValue>24</MarketValue>
      <WorkToMake>450</WorkToMake>
    </statBases>
    <ingestible>
      <preferability>MealFine</preferability>
			<tasteThought>AteFineMeal</tasteThought>
			<nutrition>0.90</nutrition>
      <ingestEffect>EatVegetarian</ingestEffect>
      <ingestSound>Meal_Eat</ingestSound>
    </ingestible>
  </ThingDef>

  <ThingDef ParentName="MealRottable">
    <defName>MealLavish</defName>
    <label>lavish meal</label>
    <description>A masterpiece of the culinary arts, this meal nourishes the body, mind, and soul.</description>
    <graphicData>
      <texPath>Things/Item/Meal/Lavish</texPath>
      <graphicClass>Graphic_Single</graphicClass>
    </graphicData>
    <statBases>
      <MarketValue>30</MarketValue>
      <WorkToMake>800</WorkToMake>
    </statBases>
    <ingestible>
      <preferability>MealLavish</preferability>
			<tasteThought>AteLavishMeal</tasteThought>
      <nutrition>1.00</nutrition>
      <ingestEffect>EatVegetarian</ingestEffect>
      <ingestSound>Meal_Eat</ingestSound>
    </ingestible>
  </ThingDef>

  <ThingDef ParentName="OrganicProductBase">
    <defName>Kibble</defName>
    <label>kibble</label>
    <thingCategories>
      <li>Foods</li>
    </thingCategories>
    <description>Kibble animal feed made from mixed meat and plant sources. Humans can eat it, but they really, really don't like it.</description>
    <graphicData>
      <texPath>Things/Item/Resource/Kibble</texPath>
    </graphicData>
    <socialPropernessMatters>true</socialPropernessMatters>
    <statBases>
      <MarketValue>1.3</MarketValue>
      <Mass>0.015</Mass>
    </statBases>
    <ingestible>
      <foodType>Kibble</foodType>
      <preferability>RawBad</preferability>
			<tasteThought>AteKibble</tasteThought>
			<optimalityOffsetHumanlikes>-30</optimalityOffsetHumanlikes>
      <optimalityOffsetFeedingAnimals>15</optimalityOffsetFeedingAnimals>
      <nutrition>0.05</nutrition>
      <ingestEffect>EatVegetarian</ingestEffect>
      <ingestSound>RawVegetable_Eat</ingestSound>
    </ingestible>
    <comps>
      <li Class="CompProperties_Ingredients" />
    </comps>
  </ThingDef>

  <ThingDef ParentName="OrganicProductBase">
    <defName>Pemmican</defName>
    <label>pemmican</label>
    <thingClass>ThingWithComps</thingClass>
    <thingCategories>
      <li>Foods</li>
    </thingCategories>
    <description>A preserved mashed mixture of fat and plant food. Tastes bland, but not offensive. It lasts a very long time without refrigeration.</description>
    <graphicData>
      <texPath>Things/Item/Resource/Pemmican</texPath>
      <graphicClass>Graphic_Single</graphicClass>
    </graphicData>
    <socialPropernessMatters>true</socialPropernessMatters>
    <statBases>
      <MarketValue>1.5</MarketValue>
      <Mass>0.018</Mass>
      <WorkToMake>700</WorkToMake>
			<DeteriorationRate>2</DeteriorationRate>
    </statBases>
    <ingestible>
      <foodType>Meal</foodType>
      <preferability>MealSimple</preferability>
      <nutrition>0.05</nutrition>
      <ingestEffect>EatVegetarian</ingestEffect>
      <ingestSound>Meal_Eat</ingestSound>
			<optimalityOffsetHumanlikes>6</optimalityOffsetHumanlikes>
		</ingestible>
    <comps>
      <li Class="CompProperties_Rottable">
        <daysToRotStart>80</daysToRotStart>
        <rotDestroys>true</rotDestroys>
      </li>
      <li Class="CompProperties_Ingredients" />
      <li Class="CompProperties_FoodPoisonable" />
    </comps>
  </ThingDef>

</Defs>
