﻿<?xml version="1.0" encoding="utf-8" ?>
<Defs>

  <ThingDef ParentName="ResourceBase" Name="ArtifactBase" Abstract="True">
    <thingClass>ThingWithComps</thingClass>
    <thingCategories>
      <li>Artifacts</li>
    </thingCategories>
    <tradeTags>
      <li>Artifact</li>
    </tradeTags>
    <statBases>
      <Mass>0.5</Mass>
		</statBases>
    <comps>
      <li Class="CompProperties_Usable">
        <useJob>UseArtifact</useJob>
        <useLabel>Activate</useLabel>
      </li>
      <li Class="CompProperties_UseEffect">
        <compClass>CompUseEffect_Artifact</compClass>
      </li>
      <li Class="CompProperties_UseEffect">
        <compClass>CompUseEffect_DestroySelf</compClass>
      </li>
    </comps>
  </ThingDef>

  <ThingDef ParentName="ArtifactBase">
    <defName>PsychicInsanityLance</defName>
    <label>psychic insanity lance</label>
    <description>One-use artifact that drives any character into a berserk state from any distance - even through walls.</description>
    <graphicData>
      <texPath>Things/Item/Artifact/PsychicInsanityLance</texPath>
      <graphicClass>Graphic_Single</graphicClass>
    </graphicData>
    <resourceReadoutPriority>Middle</resourceReadoutPriority>
    <stackLimit>1</stackLimit>
    <tradeNeverStack>true</tradeNeverStack>
    <useHitPoints>true</useHitPoints>
    <statBases>
      <MarketValue>500</MarketValue>
      <MaxHitPoints>80</MaxHitPoints>
    </statBases>
    <drawGUIOverlay>false</drawGUIOverlay>
    <comps>
      <li Class="CompProperties_Targetable">
        <compClass>CompTargetable_SinglePawn</compClass>
        <psychicSensitiveTargetsOnly>true</psychicSensitiveTargetsOnly>
      </li>
      <li>
        <compClass>CompTargetEffect_Berserk</compClass>
      </li>
      <li>
        <compClass>CompTargetEffect_GoodwillImpact</compClass>
      </li>
    </comps>
  </ThingDef>
  
  <ThingDef ParentName="ArtifactBase">
    <defName>PsychicShockLance</defName>
    <label>psychic shock lance</label>
    <description>One-use artifact that directs psychic disturbances towards one character, dropping them into a state of psychic shock for some time. Large risk of brain damage.</description>
    <graphicData>
      <texPath>Things/Item/Artifact/PsychicShockLance</texPath>
      <graphicClass>Graphic_Single</graphicClass>
    </graphicData>
    <resourceReadoutPriority>Middle</resourceReadoutPriority>
    <stackLimit>1</stackLimit>
    <tradeNeverStack>true</tradeNeverStack>
    <useHitPoints>true</useHitPoints>
    <statBases>
      <MarketValue>500</MarketValue>
      <MaxHitPoints>80</MaxHitPoints>
    </statBases>
    <drawGUIOverlay>false</drawGUIOverlay>
    <comps>
      <li Class="CompProperties_Targetable">
        <compClass>CompTargetable_SinglePawn</compClass>
        <psychicSensitiveTargetsOnly>true</psychicSensitiveTargetsOnly>
      </li>
      <li>
        <compClass>CompTargetEffect_PsychicShock</compClass>
      </li>
      <li>
        <compClass>CompTargetEffect_BrainDamageChance</compClass>
      </li>
      <li>
        <compClass>CompTargetEffect_GoodwillImpact</compClass>
      </li>
    </comps>
  </ThingDef>

  <ThingDef ParentName="ArtifactBase">
    <defName>PsychicAnimalPulser</defName>
    <label>psychic animal pulser</label>
    <description>One-use artifact that drives all animals in the region into a manhunting rage.</description>
    <graphicData>
      <texPath>Things/Item/Artifact/PsychicAnimalPulser</texPath>
      <graphicClass>Graphic_Single</graphicClass>
    </graphicData>
    <resourceReadoutPriority>Middle</resourceReadoutPriority>
    <stackLimit>1</stackLimit>
    <tradeNeverStack>true</tradeNeverStack>
    <useHitPoints>true</useHitPoints>
    <statBases>
      <MarketValue>750</MarketValue>
      <MaxHitPoints>80</MaxHitPoints>
    </statBases>
    <drawGUIOverlay>false</drawGUIOverlay>
    <comps>
      <li Class="CompProperties_Targetable">
        <compClass>CompTargetable_AllAnimalsOnTheMap</compClass>
        <psychicSensitiveTargetsOnly>true</psychicSensitiveTargetsOnly>
        <doCameraShake>true</doCameraShake>
      </li>
      <li>
        <compClass>CompTargetEffect_Manhunter</compClass>
      </li>
      <li>
        <compClass>CompTargetEffect_GoodwillImpact</compClass>
      </li>
    </comps>
  </ThingDef>
  
  <ThingDef ParentName="ArtifactBase">
    <defName>PsychicSoothePulser</defName>
    <label>psychic soothe pulser</label>
    <description>One-use artifact which gives a temporary mood boost to everyone on the map.</description>
    <graphicData>
      <texPath>Things/Item/Artifact/PsychicSoothePulser</texPath>
      <graphicClass>Graphic_Single</graphicClass>
    </graphicData>
    <resourceReadoutPriority>Middle</resourceReadoutPriority>
    <stackLimit>1</stackLimit>
    <tradeNeverStack>true</tradeNeverStack>
    <useHitPoints>true</useHitPoints>
    <statBases>
      <MarketValue>400</MarketValue>
      <MaxHitPoints>80</MaxHitPoints>
    </statBases>
    <drawGUIOverlay>false</drawGUIOverlay>
    <comps>
      <li Class="CompProperties_Targetable">
        <compClass>CompTargetable_AllPawnsOnTheMap</compClass>
        <psychicSensitiveTargetsOnly>true</psychicSensitiveTargetsOnly>
        <doCameraShake>true</doCameraShake>
      </li>
      <li>
        <compClass>CompTargetEffect_MoodBoost</compClass>
      </li>
    </comps>
  </ThingDef>
  
</Defs>
