﻿<?xml version="1.0" encoding="utf-8" ?>
<Defs>

  <ThingDef Name="ShellBase" ParentName="ResourceBase" Abstract="True">
    <soundInteract>Metal_Drop</soundInteract>
    <soundDrop>Standard_Drop</soundDrop>
    <tickerType>Normal</tickerType>
    <stackLimit>25</stackLimit>
    <techLevel>Industrial</techLevel>
    <statBases>
      <MaxHitPoints>70</MaxHitPoints>
      <MarketValue>10</MarketValue>
      <Mass>3.5</Mass>
      <Flammability>1.0</Flammability>
      <DeteriorationRate>1.5</DeteriorationRate>
    </statBases>
    <thingCategories>
      <li>MortarShells</li>
    </thingCategories>
    <tradeTags>
      <li>MortarShell</li>
    </tradeTags>
  </ThingDef>

  <ThingDef Name="MakeableShellBase" ParentName="ShellBase" Abstract="True">
    <recipeMaker>
      <workSpeedStat>SmithingSpeed</workSpeedStat>
      <effectWorking>Cook</effectWorking>
      <soundWorking>Recipe_Machining</soundWorking>
      <workAmount>800</workAmount>
      <targetCountAdjustment>5</targetCountAdjustment>
      <workSkill>Crafting</workSkill>
      <recipeUsers>
        <li>TableMachining</li>
      </recipeUsers>
    </recipeMaker>
  </ThingDef>

  <!-- High-explosive -->

  <ThingDef ParentName="MakeableShellBase">
    <defName>Shell_HighExplosive</defName>
    <label>high-explosive shell</label>
    <description>A shell filled with high explosives. Can be fired from mortars or installed as a trap. Explodes when damaged.</description>
    <graphicData>
      <texPath>Things/Item/Resource/Shell/Shell_HighExplosive</texPath>
      <graphicClass>Graphic_Single</graphicClass>
    </graphicData>
    <comps>
      <li Class="CompProperties_Explosive">
        <explosiveRadius>2.9</explosiveRadius>
        <explosiveDamageType>Bomb</explosiveDamageType>
        <explosiveExpandPerStackcount>0.4</explosiveExpandPerStackcount>
        <startWickHitPointsPercent>0.333</startWickHitPointsPercent>
        <wickTicks>
          <min>10</min>
          <max>30</max>
        </wickTicks>
      </li>
    </comps>
    <projectileWhenLoaded>Bullet_Shell_HighExplosive</projectileWhenLoaded>
    <costList>
      <Steel>20</Steel>
      <Chemfuel>10</Chemfuel>
    </costList>
  </ThingDef>
  
  <ThingDef ParentName="BaseBullet">
    <defName>Bullet_Shell_HighExplosive</defName>
    <label>high-explosive shell</label>
    <graphicData>
      <texPath>Things/Projectile/ShellHighExplosive</texPath>
      <graphicClass>Graphic_Single</graphicClass>
      <shaderType>TransparentPostLight</shaderType>
    </graphicData>
    <thingClass>Projectile_Explosive</thingClass>
    <projectile>
      <damageDef>Bomb</damageDef>
      <damageAmountBase>50</damageAmountBase>
      <speed>41</speed>
      <explosionRadius>3.5</explosionRadius>
      <flyOverhead>true</flyOverhead>
      <soundHitThickRoof>ArtilleryHitThickRoof</soundHitThickRoof>
      <soundExplode>MortarBomb_Explode</soundExplode>
      <soundImpactAnticipate>MortarRound_PreImpact</soundImpactAnticipate>
      <soundAmbient>MortarRound_Ambient</soundAmbient>
    </projectile>
  </ThingDef>

  <!-- Incendiary -->

  <ThingDef ParentName="MakeableShellBase">
    <defName>Shell_Incendiary</defName>
    <label>incendiary shell</label>
    <description>A shell filled with flammable gel and a small explosive charge. Starts fires when detonated. Can be fired from mortars or installed as a trap. Explodes when damaged.</description>
    <graphicData>
      <texPath>Things/Item/Resource/Shell/Shell_Incendiary</texPath>
      <graphicClass>Graphic_Single</graphicClass>
    </graphicData>
    <comps>
      <li Class="CompProperties_Explosive">
        <explosiveRadius>2.9</explosiveRadius>
        <explosiveDamageType>Flame</explosiveDamageType>
        <explosiveExpandPerStackcount>0.4</explosiveExpandPerStackcount>
        <startWickHitPointsPercent>0.333</startWickHitPointsPercent>
        <wickTicks>
          <min>10</min>
          <max>30</max>
        </wickTicks>
      </li>
    </comps>
    <projectileWhenLoaded>Bullet_Shell_Incendiary</projectileWhenLoaded>
    <costList>
      <Steel>5</Steel>
      <Chemfuel>30</Chemfuel>
    </costList>
  </ThingDef>
  
  <ThingDef ParentName="BaseBullet">
    <defName>Bullet_Shell_Incendiary</defName>
    <label>incendiary shell</label>
    <graphicData>
      <texPath>Things/Projectile/ShellIncendiary</texPath>
      <graphicClass>Graphic_Single</graphicClass>
      <shaderType>TransparentPostLight</shaderType>
    </graphicData>
    <thingClass>Projectile_Explosive</thingClass>
    <projectile>
      <damageDef>Flame</damageDef>
      <damageAmountBase>10</damageAmountBase>
      <speed>41</speed>
      <explosionRadius>2.9</explosionRadius>
      <preExplosionSpawnThingDef>FilthFuel</preExplosionSpawnThingDef>
      <preExplosionSpawnChance>0.25</preExplosionSpawnChance>
      <flyOverhead>true</flyOverhead>
      <soundHitThickRoof>ArtilleryHitThickRoof</soundHitThickRoof>
      <soundExplode>MortarIncendiary_Explode</soundExplode>
      <soundImpactAnticipate>MortarRound_PreImpact</soundImpactAnticipate>
      <soundAmbient>MortarRound_Ambient</soundAmbient>
      <ai_IsIncendiary>true</ai_IsIncendiary>
    </projectile>
  </ThingDef>

  <!-- EMP -->

  <ThingDef ParentName="MakeableShellBase">
    <defName>Shell_EMP</defName>
    <label>EMP shell</label>
    <description>A shell filled with batteries and antennas, for generating an EMP pulse when detonated. Electromagnetic pulses temporarily disable electrical circuits. Can be fired from mortars or installed as a trap. Explodes when damaged.</description>
    <graphicData>
      <texPath>Things/Item/Resource/Shell/Shell_EMP</texPath>
      <graphicClass>Graphic_Single</graphicClass>
    </graphicData>
    <comps>
      <li Class="CompProperties_Explosive">
        <explosiveRadius>8.5</explosiveRadius>
        <explosiveDamageType>EMP</explosiveDamageType>
        <explosiveExpandPerStackcount>0.4</explosiveExpandPerStackcount>
        <startWickHitPointsPercent>0.333</startWickHitPointsPercent>
        <wickTicks>
          <min>10</min>
          <max>30</max>
        </wickTicks>
      </li>
    </comps>
    <projectileWhenLoaded>Bullet_Shell_EMP</projectileWhenLoaded>
    <costList>
      <Steel>5</Steel>
      <Component>1</Component>
    </costList>
  </ThingDef>

  <ThingDef ParentName="BaseBullet">
    <defName>Bullet_Shell_EMP</defName>
    <label>EMP shell</label>
    <graphicData>
      <texPath>Things/Projectile/ShellEMP</texPath>
      <graphicClass>Graphic_Single</graphicClass>
      <shaderType>TransparentPostLight</shaderType>
    </graphicData>
    <thingClass>Projectile_Explosive</thingClass>
    <projectile>
      <damageDef>EMP</damageDef>
      <damageAmountBase>360</damageAmountBase>
      <speed>41</speed>
      <explosionRadius>8.5</explosionRadius>
      <flyOverhead>true</flyOverhead>
      <soundHitThickRoof>ArtilleryHitThickRoof</soundHitThickRoof>
      <soundExplode>Explosion_EMP</soundExplode>
      <soundImpactAnticipate>MortarRound_PreImpact</soundImpactAnticipate>
      <soundAmbient>MortarRound_Ambient</soundAmbient>
    </projectile>
  </ThingDef>

  <!-- Firefoam -->

  <ThingDef ParentName="MakeableShellBase">
    <defName>Shell_Firefoam</defName>
    <label>firefoam shell</label>
    <description>A pressurized shell filled with fire-extinguishing foam. Can be fired from mortars or installed as a trap. Explodes when damaged.</description>
    <graphicData>
      <texPath>Things/Item/Resource/Shell/Shell_Firefoam</texPath>
      <graphicClass>Graphic_Single</graphicClass>
    </graphicData>
    <comps>
      <li Class="CompProperties_Explosive">
        <explosiveRadius>5</explosiveRadius>
        <explosiveDamageType>Extinguish</explosiveDamageType>
        <explosiveExpandPerStackcount>0.4</explosiveExpandPerStackcount>
        <startWickHitPointsPercent>0.333</startWickHitPointsPercent>
        <postExplosionSpawnThingDef>FilthFireFoam</postExplosionSpawnThingDef>
        <postExplosionSpawnChance>1</postExplosionSpawnChance>
        <postExplosionSpawnThingCount>3</postExplosionSpawnThingCount>
        <applyDamageToExplosionCellsNeighbors>true</applyDamageToExplosionCellsNeighbors>
        <explosionEffect>ExtinguisherExplosion</explosionEffect>
        <wickTicks>
          <min>10</min>
          <max>30</max>
        </wickTicks>
      </li>
    </comps>
    <projectileWhenLoaded>Bullet_Shell_Firefoam</projectileWhenLoaded>
    <costList>
      <Steel>25</Steel>
    </costList>
  </ThingDef>

  <ThingDef ParentName="BaseBullet">
    <defName>Bullet_Shell_Firefoam</defName>
    <label>firefoam shell</label>
    <graphicData>
      <texPath>Things/Projectile/ShellFirefoam</texPath>
      <graphicClass>Graphic_Single</graphicClass>
      <shaderType>TransparentPostLight</shaderType>
    </graphicData>
    <thingClass>Projectile_Explosive</thingClass>
    <projectile>
      <damageDef>Extinguish</damageDef>
      <speed>41</speed>
      <explosionRadius>5</explosionRadius>
      <flyOverhead>true</flyOverhead>
      <soundHitThickRoof>ArtilleryHitThickRoof</soundHitThickRoof>
      <soundExplode>Explosion_EMP</soundExplode>
      <soundImpactAnticipate>MortarRound_PreImpact</soundImpactAnticipate>
      <soundAmbient>MortarRound_Ambient</soundAmbient>
      <postExplosionSpawnThingDef>FilthFireFoam</postExplosionSpawnThingDef>
      <postExplosionSpawnChance>1</postExplosionSpawnChance>
      <postExplosionSpawnThingCount>3</postExplosionSpawnThingCount>
      <applyDamageToExplosionCellsNeighbors>true</applyDamageToExplosionCellsNeighbors>
      <explosionEffect>ExtinguisherExplosion</explosionEffect>
    </projectile>
  </ThingDef>

  <!-- Antigrain warhead -->

  <ThingDef ParentName="ShellBase">
    <defName>Shell_AntigrainWarhead</defName>
    <label>antigrain warhead</label>
    <description>A tiny ultra-tech warhead usually used by spacecraft or glitterworld war machines. Powered by a grain of antimatter, it creates a huge explosion and starts fires around the target. Can be fired from mortars or installed as a trap. Explodes when damaged.</description>
    <graphicData>
      <texPath>Things/Item/Resource/Shell/Shell_AntigrainWarhead</texPath>
      <graphicClass>Graphic_Single</graphicClass>
    </graphicData>
    <tradeability>Sellable</tradeability>
    <statBases>
      <MarketValue>1500</MarketValue>
    </statBases>
    <itemGeneratorTags>
      <li>SpecialReward</li>
    </itemGeneratorTags>
    <comps>
      <li Class="CompProperties_Explosive">
        <explosiveRadius>15</explosiveRadius>
        <explosiveDamageType>Bomb</explosiveDamageType>
        <damageAmountBase>400</damageAmountBase>
        <explosiveExpandPerStackcount>0.4</explosiveExpandPerStackcount>
        <startWickHitPointsPercent>0.333</startWickHitPointsPercent>
        <chanceToStartFire>0.22</chanceToStartFire>
        <dealMoreDamageAtCenter>true</dealMoreDamageAtCenter>
        <explosionEffect>GiantExplosion</explosionEffect>
        <explosionSound>Explosion_GiantBomb</explosionSound>
        <wickTicks>
          <min>10</min>
          <max>30</max>
        </wickTicks>
      </li>
    </comps>
    <projectileWhenLoaded>Bullet_Shell_AntigrainWarhead</projectileWhenLoaded>
  </ThingDef>
  
  <ThingDef ParentName="BaseBullet">
    <defName>Bullet_Shell_AntigrainWarhead</defName>
    <label>antigrain warhead</label>
    <graphicData>
      <texPath>Things/Projectile/ShellAntigrainWarhead</texPath>
      <graphicClass>Graphic_Single</graphicClass>
      <shaderType>TransparentPostLight</shaderType>
    </graphicData>
    <thingClass>Projectile_Explosive</thingClass>
    <projectile>
      <damageDef>Bomb</damageDef>
      <damageAmountBase>400</damageAmountBase>
      <speed>41</speed>
      <explosionRadius>15</explosionRadius>
      <explosionChanceToStartFire>0.22</explosionChanceToStartFire>
      <explosionDealMoreDamageAtCenter>true</explosionDealMoreDamageAtCenter>
      <explosionEffect>GiantExplosion</explosionEffect>
      <flyOverhead>true</flyOverhead>
      <soundHitThickRoof>ArtilleryHitThickRoof</soundHitThickRoof>
      <soundExplode>Explosion_GiantBomb</soundExplode>
      <soundImpactAnticipate>MortarRound_PreImpact</soundImpactAnticipate>
      <soundAmbient>MortarRound_Ambient</soundAmbient>
    </projectile>
  </ThingDef>

</Defs>
