﻿<?xml version="1.0" encoding="utf-8" ?>
<Defs>

  <ThingDef Name="ImplantBase" Abstract="True">
    <label>implant</label>
    <thingClass>ThingWithComps</thingClass>
    <category>Item</category>
    <useHitPoints>true</useHitPoints>
    <selectable>true</selectable>
    <statBases>
      <MaxHitPoints>50</MaxHitPoints>
      <Flammability>1.0</Flammability>
			<DeteriorationRate>2.0</DeteriorationRate>
			<Beauty>-4</Beauty>
		</statBases>
    <altitudeLayer>Item</altitudeLayer>
    <tickerType>Never</tickerType>
    <alwaysHaulable>true</alwaysHaulable>
    <isBodyPartOrImplant>true</isBodyPartOrImplant>
    <tradeTags>
      <li>BodyPartOrImplant</li>
    </tradeTags>
    <comps>
      <li Class="CompProperties_Forbiddable"/>
    </comps>
    <thingCategories>
      <li>BodyPartsArtificial</li>
    </thingCategories>
    <pathCost>10</pathCost>
  </ThingDef>

  <ThingDef ParentName="ImplantBase">
    <defName>Joywire</defName>
    <label>joywire</label>
    <description>This little brain implant will make you feel happy and relaxed, though you might end up a bit drowsy as a result.</description>
    <graphicData>
      <texPath>Things/Item/Implant/Implant</texPath>
      <graphicClass>Graphic_Single</graphicClass>
    </graphicData>
    <itemGeneratorTags>
      <li>SpecialReward</li>
    </itemGeneratorTags>
    <statBases>
      <MarketValue>800</MarketValue>
      <Mass>0.2</Mass>
    </statBases>
    <techHediffsTags>
      <li>Advanced</li>
    </techHediffsTags>
  </ThingDef>
  
  <ThingDef ParentName="ImplantBase">
    <defName>Painstopper</defName>
    <label>painstopper</label>
    <description>This brain implant will make you not feel pain.</description>
    <graphicData>
      <texPath>Things/Item/Implant/Implant</texPath>
      <graphicClass>Graphic_Single</graphicClass>
    </graphicData>
    <itemGeneratorTags>
      <li>SpecialReward</li>
    </itemGeneratorTags>
    <statBases>
      <MarketValue>800</MarketValue>
      <Mass>0.08</Mass>
    </statBases>
    <techHediffsTags>
      <li>Advanced</li>
    </techHediffsTags>
  </ThingDef>
  
</Defs>
