﻿<?xml version="1.0" encoding="utf-8" ?>
<Defs>

  <!--=============== Medicine ====================-->

  <ThingDef ParentName="ResourceBase">
    <defName>MedicineHerbal</defName>
    <label>herbal medicine</label>
    <description>A pack of herbal concoctions extracted from the healroot plant. It is less potent than industrial pharmaceuticals, but much better than nothing.</description>
    <thingClass>Medicine</thingClass>
    <graphicData>
      <texPath>Things/Item/Resource/MedicineHerbal</texPath>
      <graphicClass>Graphic_Single</graphicClass>
      <drawSize>(0.85,0.85)</drawSize>
    </graphicData>
    <soundInteract>Standard_Drop</soundInteract>
    <soundDrop>Standard_Drop</soundDrop>
		<techLevel>Neolithic</techLevel>
		<statBases>
      <MaxHitPoints>60</MaxHitPoints>
      <MarketValue>10</MarketValue>
      <Mass>0.35</Mass>
      <Flammability>1.3</Flammability>
      <MedicalPotency>0.60</MedicalPotency>
      <MedicalQualityMax>0.70</MedicalQualityMax>
      <DeteriorationRate>6</DeteriorationRate>
    </statBases>
    <thingCategories>
      <li>Medicine</li>
    </thingCategories>
    <tickerType>Rare</tickerType>
    <comps>
      <li Class="CompProperties_Rottable">
        <daysToRotStart>150</daysToRotStart>
				<rotDestroys>true</rotDestroys>
			</li>
    </comps>
  </ThingDef>

  <ThingDef ParentName="ResourceBase">
    <defName>MedicineIndustrial</defName>
    <label>medicine</label>
    <description>A kit of industrial-era medical equipment. It contains basic drugs, tools for suturing and bone setting, diagnostic devices, and various pads and fluids.</description>
    <thingClass>Medicine</thingClass>
    <graphicData>
      <texPath>Things/Item/Resource/MedicineIndustrial</texPath>
      <graphicClass>Graphic_Single</graphicClass>
      <drawSize>(0.85,0.85)</drawSize>
    </graphicData>
    <soundInteract>Standard_Drop</soundInteract>
    <soundDrop>Standard_Drop</soundDrop>
		<techLevel>Industrial</techLevel>
		<statBases>
      <MaxHitPoints>60</MaxHitPoints>
      <MarketValue>18</MarketValue>
      <Mass>0.5</Mass>
      <Flammability>0.7</Flammability>
      <MedicalPotency>1.00</MedicalPotency>
      <MedicalQualityMax>1.00</MedicalQualityMax>
      <DeteriorationRate>2</DeteriorationRate>
      <WorkToMake>700</WorkToMake>
    </statBases>
    <thingCategories>
      <li>Medicine</li>
    </thingCategories>
    <costList>
      <MedicineHerbal>1</MedicineHerbal>
      <Neutroamine>1</Neutroamine>
      <Cloth>3</Cloth>
    </costList>
    <recipeMaker>
      <workSpeedStat>DrugProductionSpeed</workSpeedStat>
      <workSkill>Intellectual</workSkill>
      <recipeUsers>
        <li>DrugLab</li>
      </recipeUsers>
      <researchPrerequisite>MedicineProduction</researchPrerequisite>
      <skillRequirements>
				<Crafting>4</Crafting>
        <Intellectual>4</Intellectual>
      </skillRequirements>
    </recipeMaker>
  </ThingDef>

  <ThingDef ParentName="ResourceBase">
    <defName>MedicineUltratech</defName>
    <label>ultratech medicine</label>
    <description>A kit of advanced ultra-tech medical supplies, probably manufactured on a distant glitterworld. It contains advanced polymorphic drugs, nanite diagnostic and healing assisters, a mini-imager, and various multi-use tools.</description>
    <thingClass>Medicine</thingClass>
    <graphicData>
      <texPath>Things/Item/Resource/MedicineUltratech</texPath>
      <graphicClass>Graphic_Single</graphicClass>
      <drawSize>(0.85,0.85)</drawSize>
    </graphicData>
    <soundInteract>Standard_Drop</soundInteract>
    <soundDrop>Standard_Drop</soundDrop>
		<techLevel>Ultra</techLevel>
    <statBases>
			<MaxHitPoints>60</MaxHitPoints>
      <MarketValue>50</MarketValue>
      <Mass>0.5</Mass>
      <Flammability>0.7</Flammability>
      <MedicalPotency>1.60</MedicalPotency>
      <MedicalQualityMax>1.30</MedicalQualityMax>
			<DeteriorationRate>2.0</DeteriorationRate>
		</statBases>
    <thingCategories>
      <li>Medicine</li>
    </thingCategories>
    <tradeTags>
      <li>ExoticMisc</li>
    </tradeTags>
  </ThingDef>


  <!--=============== ComponentIndustrial ====================-->
  
  <ThingDef ParentName="ResourceBase">
    <defName>ComponentIndustrial</defName>
    <label>component</label>
    <description>Miscellaneous gears, capacitors, circuit boards, tubes, wheels, sensors, wires, chips, processors, and other electronic and industrial parts. Necessary for assembling complex machines or electronics.</description>
    <graphicData>
      <texPath>Things/Item/Resource/ComponentIndustrial</texPath>
      <graphicClass>Graphic_Single</graphicClass>
      <drawSize>0.90</drawSize>
    </graphicData>
    <soundInteract>Metal_Drop</soundInteract>
    <soundDrop>Standard_Drop</soundDrop>
    <stackLimit>50</stackLimit>
    <statBases>
      <MaxHitPoints>70</MaxHitPoints>
      <MarketValue>32</MarketValue>
      <Mass>0.6</Mass>
      <Flammability>0.6</Flammability>
			<DeteriorationRate>2.0</DeteriorationRate>
		</statBases>
    <intricate>true</intricate>
    <thingCategories>
      <li>Manufactured</li>
    </thingCategories>
  </ThingDef>

  <ThingDef ParentName="ResourceBase">
    <defName>ComponentSpacer</defName>
    <label>advanced component</label>
    <description>Advanced computing and energy-directing machinery, miniaturized and hardened for the most demanding applications.</description>
    <graphicData>
      <texPath>Things/Item/Resource/ComponentSpacer</texPath>
      <graphicClass>Graphic_Single</graphicClass>
      <drawSize>0.85</drawSize>
    </graphicData>
    <soundInteract>Metal_Drop</soundInteract>
    <soundDrop>Standard_Drop</soundDrop>
    <stackLimit>50</stackLimit>
    <statBases>
      <MaxHitPoints>70</MaxHitPoints>
      <MarketValue>200</MarketValue>
      <Mass>0.6</Mass>
      <Flammability>0.6</Flammability>
      <DeteriorationRate>2.0</DeteriorationRate>
    </statBases>
    <intricate>true</intricate>
    <thingCategories>
      <li>Manufactured</li>
    </thingCategories>
    <tradeTags>
      <li>ExoticMisc</li>
    </tradeTags>
  </ThingDef>
  
  <!--=============== Neutroamine ====================-->
  
  <ThingDef ParentName="ResourceBase">
    <defName>Neutroamine</defName>
    <label>neutroamine</label>
    <description>A synthetic precursor chemical. While it is useless on its own, many drugs require neutroamine as an ingredient.</description>
    <graphicData>
      <texPath>Things/Item/Resource/Neutroamine</texPath>
      <graphicClass>Graphic_Single</graphicClass>
    </graphicData>
    <stackLimit>150</stackLimit>
    <statBases>
      <MaxHitPoints>50</MaxHitPoints>
      <MarketValue>6</MarketValue>
      <Mass>0.02</Mass>
      <Flammability>0.7</Flammability>
			<DeteriorationRate>1.0</DeteriorationRate>
		</statBases>
    <thingCategories>
      <li>Manufactured</li>
    </thingCategories>
  </ThingDef>
  
  <!--=============== Chemfuel ====================-->
  
  <ThingDef ParentName="ResourceBase">
    <defName>Chemfuel</defName>
    <label>chemfuel</label>
    <description>A volatile liquid chemical. Used to fuel engines and rockets, or to transmute into propellant for projectiles, or as an incendiary weapon.</description>
		<tickerType>Normal</tickerType>
    <graphicData>
      <texPath>Things/Item/Resource/Chemfuel</texPath>
      <graphicClass>Graphic_Single</graphicClass>
      <drawSize>0.85</drawSize>
    </graphicData>
    <stackLimit>150</stackLimit>
		<deepCommonality>2</deepCommonality>
		<deepCountPerCell>300</deepCountPerCell>
    <deepLumpSizeRange>
      <min>6</min>
      <max>24</max>
    </deepLumpSizeRange>
		<statBases>
      <MaxHitPoints>50</MaxHitPoints>
      <MarketValue>2.1</MarketValue>
      <Mass>0.05</Mass>
      <Flammability>2.0</Flammability>
			<DeteriorationRate>1.0</DeteriorationRate>
		</statBases>
    <thingCategories>
      <li>Manufactured</li>
    </thingCategories>
		<comps>
			<li Class="CompProperties_Explosive">
				<explosiveRadius>1.1</explosiveRadius>
				<explosiveDamageType>Flame</explosiveDamageType>
				<explosiveExpandPerStackcount>0.037</explosiveExpandPerStackcount>
				<startWickOnDamageTaken>Flame</startWickOnDamageTaken>
				<startWickHitPointsPercent>0.333</startWickHitPointsPercent>
				<preExplosionSpawnThingDef>Filth_Fuel</preExplosionSpawnThingDef>
				<preExplosionSpawnChance>1</preExplosionSpawnChance>
				<wickTicks>
					<min>70</min>
					<max>150</max>
				</wickTicks>
			</li>
		</comps>
  </ThingDef>
  
</Defs>
