﻿<?xml version="1.0" encoding="utf-8" ?>
<Defs>

  <!--=============== Medicine ====================-->

  <ThingDef ParentName="ResourceBase">
    <defName>HerbalMedicine</defName>
    <label>herbal medicine</label>
    <description>A pack of herbal concoctions typically extracted from the healroot plant. Less potent than industrial pharmaceuticals, but much better than nothing.</description>
    <thingClass>Medicine</thingClass>
    <graphicData>
      <texPath>Things/Item/Resource/MedicineHerbal</texPath>
      <graphicClass>Graphic_Single</graphicClass>
    </graphicData>
    <soundInteract>Standard_Drop</soundInteract>
    <soundDrop>Standard_Drop</soundDrop>
		<techLevel>Neolithic</techLevel>
		<statBases>
      <MaxHitPoints>60</MaxHitPoints>
      <MarketValue>10</MarketValue>
      <Mass>0.35</Mass>
      <Flammability>1.0</Flammability>
      <MedicalPotency>0.60</MedicalPotency>
      <DeteriorationRate>6</DeteriorationRate>
    </statBases>
    <thingCategories>
      <li>Medicine</li>
    </thingCategories>
    <tickerType>Rare</tickerType>
    <comps>
      <li Class="CompProperties_Rottable">
        <daysToRotStart>150</daysToRotStart>
				<rotDestroys>true</rotDestroys>
			</li>
    </comps>
  </ThingDef>

  <ThingDef ParentName="ResourceBase">
    <defName>Medicine</defName>
    <label>medicine</label>
    <description>Medical staff use these supplies to heal the wounded.</description>
    <thingClass>Medicine</thingClass>
    <graphicData>
      <texPath>Things/Item/Resource/Medicine</texPath>
      <graphicClass>Graphic_Single</graphicClass>
    </graphicData>
    <soundInteract>Standard_Drop</soundInteract>
    <soundDrop>Standard_Drop</soundDrop>
		<techLevel>Industrial</techLevel>
		<statBases>
      <MaxHitPoints>60</MaxHitPoints>
      <MarketValue>18</MarketValue>
      <Mass>0.5</Mass>
      <Flammability>1.0</Flammability>
      <MedicalPotency>1.00</MedicalPotency>
      <DeteriorationRate>2</DeteriorationRate>
      <WorkToMake>700</WorkToMake>
    </statBases>
    <thingCategories>
      <li>Medicine</li>
    </thingCategories>
    <costList>
      <HerbalMedicine>1</HerbalMedicine>
      <Neutroamine>1</Neutroamine>
      <Cloth>3</Cloth>
    </costList>
    <recipeMaker>
      <workSpeedStat>DrugProductionSpeed</workSpeedStat>
      <workSkill>Intellectual</workSkill>
      <recipeUsers>
        <li>DrugLab</li>
      </recipeUsers>
      <researchPrerequisite>MedicineProduction</researchPrerequisite>
      <skillRequirements>
				<Medicine>6</Medicine>
				<Crafting>3</Crafting>
      </skillRequirements>
    </recipeMaker>
  </ThingDef>

  <ThingDef ParentName="ResourceBase">
    <defName>GlitterworldMedicine</defName>
    <label>glitterworld medicine</label>
    <description>Advanced medical supplies from a high-tech glitterworld.</description>
    <thingClass>Medicine</thingClass>
    <graphicData>
      <texPath>Things/Item/Resource/MedicineGlitterworld</texPath>
      <graphicClass>Graphic_Single</graphicClass>
    </graphicData>
    <soundInteract>Standard_Drop</soundInteract>
    <soundDrop>Standard_Drop</soundDrop>
		<techLevel>Ultra</techLevel>
    <statBases>
			<MaxHitPoints>60</MaxHitPoints>
      <MarketValue>100</MarketValue>
      <Mass>0.5</Mass>
      <Flammability>1.0</Flammability>
      <MedicalPotency>2.2</MedicalPotency>
			<DeteriorationRate>2.0</DeteriorationRate>
		</statBases>
    <thingCategories>
      <li>Medicine</li>
    </thingCategories>
    <tradeTags>
      <li>Exotic</li>
    </tradeTags>
  </ThingDef>


  <!--=============== Component ====================-->
  
  <ThingDef ParentName="ResourceBase">
    <defName>Component</defName>
    <label>component</label>
    <description>Miscellaneous gears, capacitors, circuit boards, tubes, wheels, sensors, wires, chips, processors, and other electronic and industrial parts. Necessary for assembling complex machines or electronics.</description>
    <graphicData>
      <texPath>Things/Item/Resource/Component</texPath>
      <graphicClass>Graphic_Single</graphicClass>
    </graphicData>
    <soundInteract>Metal_Drop</soundInteract>
    <soundDrop>Standard_Drop</soundDrop>
    <stackLimit>50</stackLimit>
    <statBases>
      <MaxHitPoints>70</MaxHitPoints>
      <MarketValue>21</MarketValue>
      <Mass>0.6</Mass>
      <Flammability>1.0</Flammability>
			<DeteriorationRate>2.0</DeteriorationRate>
		</statBases>
    <intricate>true</intricate>
    <thingCategories>
      <li>Manufactured</li>
    </thingCategories>
  </ThingDef>

  <ThingDef ParentName="ResourceBase">
    <defName>AdvancedComponent</defName>
    <label>advanced component</label>
    <description>High-quality electronic equipment, miniaturized and hardened for the most stressful applications.</description>
    <graphicData>
      <texPath>Things/Item/Resource/AdvancedComponent</texPath>
      <graphicClass>Graphic_Single</graphicClass>
    </graphicData>
    <soundInteract>Metal_Drop</soundInteract>
    <soundDrop>Standard_Drop</soundDrop>
    <stackLimit>50</stackLimit>
    <statBases>
      <MaxHitPoints>70</MaxHitPoints>
      <MarketValue>80</MarketValue>
      <Mass>0.6</Mass>
      <Flammability>1.0</Flammability>
      <DeteriorationRate>2.0</DeteriorationRate>
    </statBases>
    <intricate>true</intricate>
    <thingCategories>
      <li>Manufactured</li>
    </thingCategories>
  </ThingDef>
  
  <!--=============== Neutroamine ====================-->
  
  <ThingDef ParentName="ResourceBase">
    <defName>Neutroamine</defName>
    <label>neutroamine</label>
    <description>A synthetic precursor chemical. Useless on its own, many drugs require neutroamine as an ingredient.</description>
    <graphicData>
      <texPath>Things/Item/Resource/Neutroamine</texPath>
      <graphicClass>Graphic_Single</graphicClass>
    </graphicData>
    <stackLimit>400</stackLimit>
    <statBases>
      <MaxHitPoints>50</MaxHitPoints>
      <MarketValue>6</MarketValue>
      <Mass>0.02</Mass>
      <Flammability>1.0</Flammability>
			<DeteriorationRate>1.0</DeteriorationRate>
		</statBases>
    <thingCategories>
      <li>Manufactured</li>
    </thingCategories>
  </ThingDef>
  
  <!--=============== Chemfuel ====================-->
  
  <ThingDef ParentName="ResourceBase">
    <defName>Chemfuel</defName>
    <label>chemfuel</label>
    <description>Volatile liquid chemical compound. Used to fuel rockets and other machines.</description>
		<tickerType>Normal</tickerType>
    <graphicData>
      <texPath>Things/Item/Resource/Chemfuel</texPath>
      <graphicClass>Graphic_Single</graphicClass>
    </graphicData>
    <stackLimit>400</stackLimit>
		<deepCommonality>2</deepCommonality>
		<deepCountPerCell>300</deepCountPerCell>
		<statBases>
      <MaxHitPoints>50</MaxHitPoints>
      <MarketValue>3</MarketValue>
      <Mass>0.05</Mass>
      <Flammability>1.0</Flammability>
			<DeteriorationRate>1.0</DeteriorationRate>
		</statBases>
    <thingCategories>
      <li>Manufactured</li>
    </thingCategories>
		<comps>
			<li Class="CompProperties_Explosive">
				<explosiveRadius>1.1</explosiveRadius>
				<explosiveDamageType>Flame</explosiveDamageType>
				<explosiveExpandPerStackcount>0.037</explosiveExpandPerStackcount>
				<startWickOnDamageTaken>Flame</startWickOnDamageTaken>
				<startWickHitPointsPercent>0.333</startWickHitPointsPercent>
				<preExplosionSpawnThingDef>FilthFuel</preExplosionSpawnThingDef>
				<preExplosionSpawnChance>1</preExplosionSpawnChance>
				<wickTicks>
					<min>70</min>
					<max>150</max>
				</wickTicks>
			</li>
		</comps>
  </ThingDef>
  
</Defs>
