﻿<?xml version="1.0" encoding="utf-8" ?>
<Defs>

  <!--=====================================================================-->
  <!--=============================== Misc ================================-->
  <!--=====================================================================-->

  <ThingDef ParentName="OrganicProductBase">
    <defName>Milk</defName>
    <label>milk</label>
    <description>Milk from an animal.</description>
    <graphicData>
      <texPath>Things/Item/Resource/Milk</texPath>
    </graphicData>
    <socialPropernessMatters>true</socialPropernessMatters>
    <statBases>
      <MarketValue>3.1</MarketValue>
      <Mass>0.045</Mass>
			<MaxHitPoints>60</MaxHitPoints>
    </statBases>
    <comps>
			<li Class="CompProperties_FoodPoisoningChance">
				<humanlikeOnly>true</humanlikeOnly>
			</li>
      <li Class="CompProperties_Rottable">
        <daysToRotStart>14</daysToRotStart>
				<rotDestroys>true</rotDestroys>
      </li>
    </comps>
    <ingestible>
      <preferability>RawTasty</preferability>
      <foodType>AnimalProduct, Fluid</foodType>
      <nutrition>0.05</nutrition>
    </ingestible>
    <thingCategories>
      <li>AnimalProductRaw</li>
    </thingCategories>
  </ThingDef>

  <ThingDef ParentName="OrganicProductBase">
    <defName>InsectJelly</defName>
    <label>insect jelly</label>
    <description>Jelly stored and used as food by oversized insects. It is smooth, rich, and brings joy to those who consume it. Because of its unique biological properties, it can nourish almost any creature and never rots.</description>
    <graphicData>
      <texPath>Things/Item/Resource/AnimalProductRaw/InsectJelly</texPath>
    </graphicData>
    <socialPropernessMatters>true</socialPropernessMatters>
    <statBases>
      <MarketValue>8.0</MarketValue>
      <Mass>0.025</Mass>
    </statBases>
    <ingestible>
      <foodType>AnimalProduct</foodType>
      <preferability>MealFine</preferability>
      <nutrition>0.05</nutrition>
      <joy>0.08</joy>
      <joyKind>Gluttonous</joyKind>
      <ingestEffect>EatVegetarian</ingestEffect>
      <ingestSound>Meal_Eat</ingestSound>
    </ingestible>
    <thingCategories>
      <li>AnimalProductRaw</li>
    </thingCategories>
  </ThingDef>

  <!--=====================================================================-->
  <!--=============================== Eggs ================================-->
  <!--=====================================================================-->

  <ThingDef Abstract="True" Name="EggBase" ParentName="OrganicProductBase" >
    <graphicData>
      <texPath>Things/Item/Resource/AnimalProductRaw/EggBirdSmall</texPath>
      <graphicClass>Graphic_StackCount</graphicClass>
    </graphicData>
    <ingestible>
      <foodType>AnimalProduct</foodType>
      <nutrition>0.25</nutrition>
      <ingestEffect>EatMeat</ingestEffect>
      <ingestSound>RawMeat_Eat</ingestSound>
      <tasteThought>AteRawFood</tasteThought>
    </ingestible>
    <socialPropernessMatters>true</socialPropernessMatters>
    <statBases>
      <Mass>0.15</Mass>
			<MaxHitPoints>20</MaxHitPoints>
			<DeteriorationRate>2</DeteriorationRate>
    </statBases>
    <comps>
      <li Class="CompProperties_Rottable">
        <daysToRotStart>15</daysToRotStart>
        <rotDestroys>true</rotDestroys>
        <disableIfHatcher>true</disableIfHatcher>
      </li>
      <li Class="CompProperties_FoodPoisoningChance">
        <humanlikeOnly>true</humanlikeOnly>
      </li>
    </comps>
  </ThingDef>

  <ThingDef Abstract="True" Name="EggUnfertBase" ParentName="EggBase" >
    <ingestible>
      <preferability>RawBad</preferability>
    </ingestible>
    <thingCategories>
      <li>EggsUnfertilized</li>
    </thingCategories>
  </ThingDef>

  <ThingDef Abstract="True" Name="EggFertBase" ParentName="EggBase" >
    <tickerType>Normal</tickerType>
    <ingestible>
      <preferability>DesperateOnly</preferability>
    </ingestible>
    <thingCategories>
      <li>EggsFertilized</li>
    </thingCategories>
		<comps>
			<li Class="CompProperties_TemperatureRuinable">
				<minSafeTemperature>0</minSafeTemperature>
				<maxSafeTemperature>50</maxSafeTemperature>
				<progressPerDegreePerTick>0.00003</progressPerDegreePerTick>
			</li>
		</comps>
  </ThingDef>

  <!-- Chicken -->
  
  <ThingDef ParentName="EggUnfertBase">
    <defName>EggChickenUnfertilized</defName>
    <label>chicken egg (unfert.)</label>
    <description>Unfertilized chicken egg. It can be eaten raw, but it's much, much better cooked.</description>
    <graphicData>
      <color>(228,185,135)</color>
    </graphicData>
    <statBases>
      <MarketValue>7.0</MarketValue>
    </statBases>
  </ThingDef>

  <ThingDef ParentName="EggFertBase">
    <defName>EggChickenFertilized</defName>
    <label>chicken egg (fert.)</label>
    <description>Fertilized chicken egg. If all goes well, it should hatch into a chick. It can be eaten raw, but it's much better cooked.</description>
    <graphicData>
      <color>(245,245,245)</color>
    </graphicData>
    <statBases>
      <MarketValue>7.0</MarketValue>
    </statBases>
    <comps>
      <li Class="CompProperties_Hatcher">
        <hatcherDaystoHatch>3.5</hatcherDaystoHatch>
        <hatcherPawn>Chicken</hatcherPawn>
      </li>
    </comps>
  </ThingDef>

  <!-- Cobra -->
  
  <ThingDef ParentName="EggFertBase">
    <defName>EggCobraFertilized</defName>
    <label>cobra egg (fert.)</label>
    <description>Fertilized cobra egg. If all goes well, it should hatch into a baby cobra. It can be eaten raw, but it's much better cooked.</description>
    <graphicData>
      <texPath>Things/Item/Resource/AnimalProductRaw/EggOval</texPath>
      <color>(245,245,245)</color>
    </graphicData>
    <statBases>
      <MarketValue>40.0</MarketValue>
    </statBases>
    <comps>
      <li Class="CompProperties_Hatcher">
        <hatcherDaystoHatch>4.5</hatcherDaystoHatch>
        <hatcherPawn>Cobra</hatcherPawn>
      </li>
		</comps>
  </ThingDef>

  <!-- Iguana -->

  <ThingDef ParentName="EggFertBase">
    <defName>EggIguanaFertilized</defName>
    <label>iguana egg (fert.)</label>
    <description>Fertilized iguana egg. If all goes well, it should hatch into a baby iguana. It can be eaten raw, but it's much better cooked.</description>
    <graphicData>
      <texPath>Things/Item/Resource/AnimalProductRaw/EggOval</texPath>
      <color>(245,245,245)</color>
    </graphicData>
    <statBases>
      <MarketValue>25.0</MarketValue>
    </statBases>
    <comps>
      <li Class="CompProperties_Hatcher">
        <hatcherDaystoHatch>3.5</hatcherDaystoHatch>
        <hatcherPawn>Iguana</hatcherPawn>
      </li>
    </comps>
  </ThingDef>

  <!-- Tortoise -->

  <ThingDef ParentName="EggFertBase">
    <defName>EggTortoiseFertilized</defName>
    <label>tortoise egg (fert.)</label>
    <description>Fertilized tortoise egg. If all goes well, it should hatch into a baby tortoise. It can be eaten raw, but it's much better cooked.</description>
    <graphicData>
      <texPath>Things/Item/Resource/AnimalProductRaw/EggRound</texPath>
      <color>(245,245,245)</color>
      <drawSize>0.8</drawSize>
    </graphicData>
    <statBases>
      <MarketValue>23.0</MarketValue>
    </statBases>
    <comps>
      <li Class="CompProperties_Hatcher">
        <hatcherDaystoHatch>3.5</hatcherDaystoHatch>
        <hatcherPawn>Tortoise</hatcherPawn>
      </li>
    </comps>
  </ThingDef>

  <!-- Cassowary -->

  <ThingDef ParentName="EggFertBase">
    <defName>EggCassowaryFertilized</defName>
    <label>cassowary egg (fert.)</label>
    <description>Fertilized cassowary egg. If all goes well, it should hatch into a baby cassowary. It can be eaten raw, but it's much better cooked.</description>
    <graphicData>
      <color>(125,138,97)</color>
      <drawSize>1.2</drawSize>
    </graphicData>
    <statBases>
      <MarketValue>19.0</MarketValue>
    </statBases>
    <comps>
      <li Class="CompProperties_Hatcher">
        <hatcherDaystoHatch>7</hatcherDaystoHatch>
        <hatcherPawn>Cassowary</hatcherPawn>
      </li>
    </comps>
  </ThingDef>

  <!-- Emu -->

  <ThingDef ParentName="EggFertBase">
    <defName>EggEmuFertilized</defName>
    <label>emu egg (fert.)</label>
    <description>Fertilized emu egg. If all goes well, it should hatch into a baby emu. It can be eaten raw, but it's much better cooked.</description>
    <graphicData>
      <color>(48,104,100)</color>
      <drawSize>1.2</drawSize>
    </graphicData>
    <statBases>
      <MarketValue>18.0</MarketValue>
    </statBases>
    <comps>
      <li Class="CompProperties_Hatcher">
        <hatcherDaystoHatch>6</hatcherDaystoHatch>
        <hatcherPawn>Emu</hatcherPawn>
      </li>
    </comps>
  </ThingDef>
  
  <!-- Ostrich -->

  <ThingDef ParentName="EggFertBase">
    <defName>EggOstrichFertilized</defName>
    <label>ostrich egg (fert.)</label>
    <description>Fertilized ostrich egg. If all goes well, it should hatch into a baby ostrich. It can be eaten raw, but it's much better cooked.</description>
    <graphicData>
      <color>(230,230,230)</color>
      <drawSize>1.3</drawSize>
    </graphicData>
    <statBases>
      <MarketValue>23.0</MarketValue>
    </statBases>
    <comps>
			<li Class="CompProperties_Hatcher">
				<hatcherDaystoHatch>8</hatcherDaystoHatch>
				<hatcherPawn>Ostrich</hatcherPawn>
			</li>
		</comps>
	</ThingDef>

	<!-- Turkey -->

	<ThingDef ParentName="EggFertBase">
		<defName>EggTurkeyFertilized</defName>
		<label>turkey egg (fert.)</label>
		<description>Fertilized turkey egg. If all goes well, it should hatch into a baby turkey. It can be eaten raw, but it's much better cooked.</description>
		<graphicData>
			<color>(236,217,184)</color>
			<drawSize>1.1</drawSize>
		</graphicData>
		<statBases>
			<MarketValue>11.0</MarketValue>
		</statBases>
		<comps>
      <li Class="CompProperties_Hatcher">
        <hatcherDaystoHatch>5</hatcherDaystoHatch>
        <hatcherPawn>Turkey</hatcherPawn>
      </li>
    </comps>
  </ThingDef>
  
  
  
</Defs>
