﻿<?xml version="1.0" encoding="utf-8" ?>
<Defs>

  <IncidentDef Name="DiseaseIncident" Abstract="True">
    <workerClass>IncidentWorker_DiseaseHuman</workerClass>
    <category>DiseaseHuman</category>
    <targetTypes>
      <li>Map_PlayerHome</li>
      <li>Map_TempIncident</li>
      <li>Map_Misc</li>
      <li>Map_RaidBeacon</li>
      <li>Caravan</li>
    </targetTypes>
    <diseaseVictimFractionRange>
      <min>0.2</min>
      <max>0.5</max>
    </diseaseVictimFractionRange>
  </IncidentDef>
  
  <IncidentDef ParentName="DiseaseIncident">
    <defName>Disease_Flu</defName>
    <label>flu</label>
	  <diseaseIncident>Flu</diseaseIncident>
  </IncidentDef>

  <IncidentDef ParentName="DiseaseIncident">
    <defName>Disease_Plague</defName>
    <label>plague</label>
	  <diseaseIncident>Plague</diseaseIncident>
  </IncidentDef>
  
  <IncidentDef ParentName="DiseaseIncident">
    <defName>Disease_Malaria</defName>
    <label>malaria</label>
	  <diseaseIncident>Malaria</diseaseIncident>
  </IncidentDef>
  
  <IncidentDef ParentName="DiseaseIncident">
    <defName>Disease_SleepingSickness</defName>
    <label>sleeping sickness</label>
	  <diseaseIncident>SleepingSickness</diseaseIncident>
  </IncidentDef>
  
  <IncidentDef ParentName="DiseaseIncident">
    <defName>Disease_FibrousMechanites</defName>
    <label>fibrous mechanites</label>
    <diseaseIncident>FibrousMechanites</diseaseIncident>
  </IncidentDef>
  
  <IncidentDef ParentName="DiseaseIncident">
    <defName>Disease_SensoryMechanites</defName>
    <label>sensory mechanites</label>
    <diseaseIncident>SensoryMechanites</diseaseIncident>
  </IncidentDef>

  <IncidentDef ParentName="DiseaseIncident">
    <defName>Disease_GutWorms</defName>
    <label>gut worms</label>
    <diseaseIncident>GutWorms</diseaseIncident>
    <diseasePartsToAffect>
      <li>Stomach</li>
    </diseasePartsToAffect>
  </IncidentDef>
  
  <IncidentDef ParentName="DiseaseIncident">
    <defName>Disease_MuscleParasites</defName>
    <label>muscle parasites</label>
    <diseaseIncident>MuscleParasites</diseaseIncident>
  </IncidentDef>

  <IncidentDef Name="DiseaseAnimalIncident" Abstract="True" ParentName="DiseaseIncident">
    <workerClass>IncidentWorker_DiseaseAnimal</workerClass>
    <category>DiseaseAnimal</category>
    <diseaseVictimFractionRange>
      <min>0.3</min>
      <max>0.7</max>
    </diseaseVictimFractionRange>
  </IncidentDef>

  <IncidentDef ParentName="DiseaseAnimalIncident">
    <defName>Disease_AnimalFlu</defName>
    <label>flu (animals)</label>
    <diseaseIncident>Animal_Flu</diseaseIncident>
  </IncidentDef>

  <IncidentDef ParentName="DiseaseAnimalIncident">
    <defName>Disease_AnimalPlague</defName>
    <label>plague (animals)</label>
    <diseaseIncident>Animal_Plague</diseaseIncident>
  </IncidentDef>
  
</Defs>
