﻿<?xml version="1.0" encoding="utf-8" ?>
<Defs>

  <!-- =============================== Threats =============================== -->

  <IncidentDef>
    <defName>Ambush</defName>
    <label>ambush</label>
    <category>ThreatBig</category>
    <targetTags>
      <li>Caravan</li>
      <li>Map_TempIncident</li>
    </targetTags>
    <workerClass>IncidentWorker_Ambush_EnemyFaction</workerClass>
    <pointsScaleable>true</pointsScaleable>
    <minRefireDays>0.17</minRefireDays>
    <letterText>{0} has been ambushed by {1} from {2}!</letterText>
    <letterLabel>Caravan ambushed</letterLabel>
    <letterDef>ThreatBig</letterDef>
    <tale>CaravanAmbushedByHumanlike</tale>
    <mtbDaysByBiome>
      <TemperateForest>20</TemperateForest>
      <BorealForest>20</BorealForest>
      <TropicalRainforest>20</TropicalRainforest>
      <AridShrubland>20</AridShrubland>
      <Desert>30</Desert>
      <Tundra>30</Tundra>
      <TropicalSwamp>30</TropicalSwamp>
      <TemperateSwamp>30</TemperateSwamp>
      <ColdBog>35</ColdBog>
      <ExtremeDesert>35</ExtremeDesert>
      <IceSheet>40</IceSheet>
      <SeaIce>60</SeaIce>
    </mtbDaysByBiome>
  </IncidentDef>
  
  <IncidentDef>
    <defName>ManhunterAmbush</defName>
    <label>manhunter ambush</label>
    <category>ThreatBig</category>
    <targetTags>
      <li>Caravan</li>
      <li>Map_TempIncident</li>
    </targetTags>
    <workerClass>IncidentWorker_Ambush_ManhunterPack</workerClass>
    <pointsScaleable>true</pointsScaleable>
    <minRefireDays>0.17</minRefireDays>
    <letterText>{0} has been ambushed by manhunting {1}!</letterText>
    <letterLabel>Caravan ambushed (manhunters)</letterLabel>
    <letterDef>ThreatBig</letterDef>
    <tale>CaravanAmbushedByManhunter</tale>
    <mtbDaysByBiome>
      <TemperateForest>20</TemperateForest>
      <BorealForest>20</BorealForest>
      <TropicalRainforest>20</TropicalRainforest>
      <AridShrubland>20</AridShrubland>
      <Desert>30</Desert>
      <Tundra>30</Tundra>
      <TropicalSwamp>30</TropicalSwamp>
      <TemperateSwamp>30</TemperateSwamp>
      <ColdBog>35</ColdBog>
      <ExtremeDesert>35</ExtremeDesert>
      <IceSheet>40</IceSheet>
      <SeaIce>60</SeaIce>
    </mtbDaysByBiome>
  </IncidentDef>
  
  <WorldObjectDef>
    <defName>Ambush</defName>
    <label>ambush</label>
    <description>An ongoing ambush battle.</description>
    <worldObjectClass>CaravansBattlefield</worldObjectClass>
    <texture>World/WorldObjects/Ambush</texture>
    <expandingIcon>true</expandingIcon>
    <expandingIconTexture>World/WorldObjects/Expanding/Ambush</expandingIconTexture>
    <expandingIconPriority>80</expandingIconPriority>
    <expandMore>true</expandMore>
    <blockExitGridUntilBattleIsWon>true</blockExitGridUntilBattleIsWon>
    <isTempIncidentMapOwner>true</isTempIncidentMapOwner>
    <IncidentTargetTags>
      <li>Map_TempIncident</li>
    </IncidentTargetTags>
    <comps>
      <li Class="WorldObjectCompProperties_FormCaravan" />
      <li Class="WorldObjectCompProperties_TimedForcedExit" />
    </comps>
  </WorldObjectDef>

  <!--================================ Good ================================-->
  
  <IncidentDef>
    <defName>CaravanMeeting</defName>
    <label>caravan meeting</label>
    <category>Misc</category>
    <targetTags>
      <li>Caravan</li>
      <li>Map_TempIncident</li>
    </targetTags>
    <workerClass>IncidentWorker_CaravanMeeting</workerClass>
    <minRefireDays>0.17</minRefireDays>
    <tale>CaravanMeeting</tale>
    <mtbDaysByBiome>
      <TemperateForest>10</TemperateForest>
      <BorealForest>10</BorealForest>
      <AridShrubland>10</AridShrubland>
      <TropicalRainforest>10</TropicalRainforest>
      <Desert>15</Desert>
      <Tundra>15</Tundra>
      <TropicalSwamp>15</TropicalSwamp>
      <TemperateSwamp>15</TemperateSwamp>
      <ColdBog>25</ColdBog>
      <ExtremeDesert>25</ExtremeDesert>
      <IceSheet>35</IceSheet>
      <SeaIce>80</SeaIce>
    </mtbDaysByBiome>
  </IncidentDef>

  <!--==================================== Bad ==================================-->

  <IncidentDef>
    <defName>CaravanDemand</defName>
    <label>payment demand</label>
    <category>ThreatSmall</category>
    <targetTags>
      <li>Caravan</li>
    </targetTags>
    <workerClass>IncidentWorker_CaravanDemand</workerClass>
    <pointsScaleable>true</pointsScaleable>
    <tale>CaravanDemand</tale>
    <mtbDaysByBiome>
      <TemperateForest>20</TemperateForest>
      <BorealForest>20</BorealForest>
      <TropicalRainforest>20</TropicalRainforest>
      <AridShrubland>20</AridShrubland>
      <Desert>30</Desert>
      <Tundra>30</Tundra>
      <TropicalSwamp>30</TropicalSwamp>
      <TemperateSwamp>30</TemperateSwamp>
      <ColdBog>35</ColdBog>
      <ExtremeDesert>35</ExtremeDesert>
      <IceSheet>40</IceSheet>
      <SeaIce>60</SeaIce>
    </mtbDaysByBiome>
  </IncidentDef>
  
</Defs>
