﻿<?xml version="1.0" encoding="utf-8" ?>
<Defs>

  <IncidentDef Name="DiseaseIncident" Abstract="True">
    <workerClass>IncidentWorker_DiseaseHuman</workerClass>
    <category>DiseaseHuman</category>
    <targetTags>
      <li>Map_PlayerHome</li>
      <li>Map_TempIncident</li>
      <li>Map_Misc</li>
      <li>Map_RaidBeacon</li>
      <li>Caravan</li>
    </targetTags>
    <diseaseVictimFractionRange>
      <min>0.2</min>
      <max>0.5</max>
    </diseaseVictimFractionRange>
    <letterText>{0} of your {1} have gotten sick from {2}.\n\nEnsure you have a medical bed and a doctor. Make sure that they get proper treatment and spend as much time in bed as possible.\n\nThe following {1} have gotten sick:\n\n{3}</letterText>
    <letterDef>NegativeEvent</letterDef>
  </IncidentDef>
  
  <IncidentDef ParentName="DiseaseIncident">
    <defName>Disease_Flu</defName>
    <label>flu</label>
	  <diseaseIncident>Flu</diseaseIncident>
    <letterLabel>Disease (flu)</letterLabel>
  </IncidentDef>

  <IncidentDef ParentName="DiseaseIncident">
    <defName>Disease_Plague</defName>
    <label>plague</label>
	  <diseaseIncident>Plague</diseaseIncident>
    <letterLabel>Disease (plague)</letterLabel>
  </IncidentDef>
  
  <IncidentDef ParentName="DiseaseIncident">
    <defName>Disease_Malaria</defName>
    <label>malaria</label>
	  <diseaseIncident>Malaria</diseaseIncident>
    <letterLabel>Disease (malaria)</letterLabel>
  </IncidentDef>
  
  <IncidentDef ParentName="DiseaseIncident">
    <defName>Disease_SleepingSickness</defName>
    <label>sleeping sickness</label>
	  <diseaseIncident>SleepingSickness</diseaseIncident>
    <letterLabel>Disease (sleeping sickness)</letterLabel>
  </IncidentDef>
  
  <IncidentDef ParentName="DiseaseIncident">
    <defName>Disease_FibrousMechanites</defName>
    <label>fibrous mechanites</label>
    <diseaseIncident>FibrousMechanites</diseaseIncident>
    <letterLabel>Disease (fibrous mechanites)</letterLabel>
  </IncidentDef>
  
  <IncidentDef ParentName="DiseaseIncident">
    <defName>Disease_SensoryMechanites</defName>
    <label>sensory mechanites</label>
    <diseaseIncident>SensoryMechanites</diseaseIncident>
    <letterLabel>Disease (sensory mechanites)</letterLabel>
  </IncidentDef>

  <IncidentDef ParentName="DiseaseIncident">
    <defName>Disease_GutWorms</defName>
    <label>gut worms</label>
    <diseaseIncident>GutWorms</diseaseIncident>
    <diseasePartsToAffect>
      <li>Stomach</li>
    </diseasePartsToAffect>
    <letterLabel>Disease (gut worms)</letterLabel>
  </IncidentDef>
  
  <IncidentDef ParentName="DiseaseIncident">
    <defName>Disease_MuscleParasites</defName>
    <label>muscle parasites</label>
    <diseaseIncident>MuscleParasites</diseaseIncident>
    <letterLabel>Disease (muscle parasites)</letterLabel>
  </IncidentDef>

  <IncidentDef Name="DiseaseAnimalIncident" Abstract="True" ParentName="DiseaseIncident">
    <workerClass>IncidentWorker_DiseaseAnimal</workerClass>
    <category>DiseaseAnimal</category>
    <diseaseVictimFractionRange>
      <min>0.3</min>
      <max>0.7</max>
    </diseaseVictimFractionRange>
    <letterText>{0} of your animals have gotten sick from {2}.\n\nMake sure that they get proper treatment and rest as much as possible.\n\nThe following animals have gotten sick:\n\n{3}</letterText>
    <letterDef>NegativeEvent</letterDef>
  </IncidentDef>

  <IncidentDef ParentName="DiseaseAnimalIncident">
    <defName>Disease_AnimalFlu</defName>
    <label>flu (animals)</label>
    <diseaseIncident>Animal_Flu</diseaseIncident>
    <letterLabel>Animal disease (flu)</letterLabel>
  </IncidentDef>

  <IncidentDef ParentName="DiseaseAnimalIncident">
    <defName>Disease_AnimalPlague</defName>
    <label>plague (animals)</label>
    <diseaseIncident>Animal_Plague</diseaseIncident>
    <letterLabel>Animal disease (plague)</letterLabel>
  </IncidentDef>
  
</Defs>
