﻿<?xml version="1.0" encoding="utf-8" ?>
<Defs>

  <RaidStrategyDef Name="ImmediateAttack">
    <defName>ImmediateAttack</defName>
    <workerClass>RaidStrategyWorker_ImmediateAttack</workerClass>
    <selectionWeightPerPointsCurve>
      <points>
        <li>(100,0.75)</li>
        <li>(700,0.25)</li>
      </points>
    </selectionWeightPerPointsCurve>
    <pointsFactorCurve>
      <points>
        <li>0, 1</li>
      </points>
    </pointsFactorCurve>
    <arriveModes>
      <li>EdgeDrop</li>
      <li>EdgeWalkIn</li>
      <li>CenterDrop</li>
      <li>RandomDrop</li>
      <li>EdgeDropGroups</li>
      <li>EdgeWalkInGroups</li>
    </arriveModes>
    <letterLabelEnemy>Raid</letterLabelEnemy>
    <arrivalTextEnemy>They are attacking immediately.</arrivalTextEnemy>
    <letterLabelFriendly>Friendlies</letterLabelFriendly>
    <arrivalTextFriendly>They are moving in to help you immediately.</arrivalTextFriendly>
  </RaidStrategyDef>

  <RaidStrategyDef ParentName="ImmediateAttack">
    <defName>ImmediateAttackFriendly</defName>
    <workerClass>RaidStrategyWorker_ImmediateAttackFriendly</workerClass>
    <pawnsCanBringFood>True</pawnsCanBringFood>
  </RaidStrategyDef>

  <RaidStrategyDef>
    <defName>ImmediateAttackSmart</defName>
    <workerClass>RaidStrategyWorker_ImmediateAttackSmart</workerClass>
    <selectionWeightPerPointsCurve>
      <points>
        <li>(100,0)</li>
        <li>(700,0.75)</li>
      </points>
    </selectionWeightPerPointsCurve>
    <pointsFactorCurve>
      <points>
        <li>0, 0.95</li>
      </points>
    </pointsFactorCurve>
    <arriveModes>
      <li>EdgeDrop</li>
      <li>EdgeWalkIn</li>
      <li>CenterDrop</li>
      <li>RandomDrop</li>
      <li>EdgeDropGroups</li>
      <li>EdgeWalkInGroups</li>
    </arriveModes>
    <letterLabelEnemy>Raid</letterLabelEnemy>
    <arrivalTextEnemy>They are attacking immediately.\n\nWatch out - they appear to be unusually clever with their tactics. They'll avoid your turrets' fields of fire and notice some of your traps.</arrivalTextEnemy>
    <letterLabelFriendly>Friendlies</letterLabelFriendly>
    <arrivalTextFriendly>They are moving in to help you immediately.</arrivalTextFriendly>
  </RaidStrategyDef>

  <RaidStrategyDef>
    <defName>StageThenAttack</defName>
    <workerClass>RaidStrategyWorker_StageThenAttack</workerClass>
    <selectionWeightPerPointsCurve>
      <points>
        <li>(0,1.25)</li>
      </points>
    </selectionWeightPerPointsCurve>
    <pointsFactorCurve>
      <points>
        <li>0, 1</li>
      </points>
    </pointsFactorCurve>
    <arriveModes>
      <li>EdgeDrop</li>
      <li>EdgeWalkIn</li>
      <li>EdgeDropGroups</li>
      <li>EdgeWalkInGroups</li>
    </arriveModes>
    <letterLabelEnemy>Raid</letterLabelEnemy>
    <arrivalTextEnemy>They will prepare for a while, then attack.\n\nPrepare a defense or attack them pre-emptively.</arrivalTextEnemy>
    <letterLabelFriendly>Friendlies</letterLabelFriendly>
    <arrivalTextFriendly>They will prepare for a while before moving in to help you.</arrivalTextFriendly>
  </RaidStrategyDef>

  <RaidStrategyDef>
    <defName>ImmediateAttackSappers</defName>
    <workerClass>RaidStrategyWorker_ImmediateAttackSappers</workerClass>
    <minPawns>2</minPawns>
    <selectionWeightPerPointsCurve>
      <points>
        <li>(100,  0.00)</li>
        <li>(700,  1.50)</li>
        <li>(1400, 2.00)</li>
        <li>(2800, 2.50)</li>
      </points>
    </selectionWeightPerPointsCurve>
    <pointsFactorCurve>
      <points>
        <li>0, 0.85</li>
        <li>5000, 0.60</li>
      </points>
    </pointsFactorCurve>
    <arriveModes>
      <li>EdgeDrop</li>
      <li>EdgeWalkIn</li>
      <li>EdgeDropGroups</li>
      <li>EdgeWalkInGroups</li>
    </arriveModes>
    <letterLabelEnemy>Raid</letterLabelEnemy>
    <arrivalTextEnemy>It looks like they want to use sappers to tunnel around your defenses.</arrivalTextEnemy>
  </RaidStrategyDef>

  <RaidStrategyDef Abstract="True" Name="SiegeBase">
    <pointsFactorCurve>
      <points>
        <li>0, 0.80</li>
        <li>5000, 0.65</li>
      </points>
    </pointsFactorCurve>
  </RaidStrategyDef>

  <RaidStrategyDef ParentName="SiegeBase">
    <defName>Siege</defName>
    <workerClass>RaidStrategyWorker_Siege</workerClass>
    <minPawns>4</minPawns>
    <arriveModes>
      <li>EdgeDrop</li>
      <li>EdgeWalkIn</li>
    </arriveModes>
    <selectionWeightPerPointsCurve>
      <points>
        <li>(300,  0)</li>
        <li>(700,  2)</li>
        <li>(1400, 3)</li>
        <li>(2800, 5)</li>
      </points>
    </selectionWeightPerPointsCurve>
    <letterLabelEnemy>Siege</letterLabelEnemy>
    <arrivalTextEnemy>It looks like they want to besiege the colony and pound you with mortars from a distance. You can try to wait them out - or go get them.</arrivalTextEnemy>
    <letterLabelFriendly>Friendlies</letterLabelFriendly>
    <arrivalTextFriendly>It looks like they want to use siege tactics to help you.</arrivalTextFriendly>
  </RaidStrategyDef>

  <RaidStrategyDef ParentName="SiegeBase">
    <defName>SiegeMechanoid</defName>
    <workerClass>RaidStrategyWorker_SiegeMechanoid</workerClass>
    <arriveModes>
      <li>MechClusterDrop</li>
    </arriveModes>
    <selectionWeightPerPointsCurve>
      <points>
        <li>(799,  0)</li>
        <li>(800,  0.15)</li> <!-- Besides ImmediateAttack, this is the only alternative for mechs -->
      </points>
    </selectionWeightPerPointsCurve>
    <letterLabelEnemy>Mechanoid Siege</letterLabelEnemy>
    <arrivalTextEnemy>Rather than attack directly, the mechanoids are setting up a mech cluster near the colony. You must attack them in order to finally remove the threat.</arrivalTextEnemy>
  </RaidStrategyDef>

</Defs>
