﻿<?xml version="1.0" encoding="utf-8" ?>
<Defs>

	<StorytellerDef Name="BaseStoryteller" Abstract="True">
		<populationIntentFromTimeCurve>
			<points>
				<li>( 0, 0.05)</li>
				<li>( 6, 0.15)</li>
				<li>(15, 1.00)</li>
			</points>
		</populationIntentFromTimeCurve>
    <pointsFactorFromAdaptDays>
      <points>
        <li>(-40, 0.60)</li> <!-- 1% per day -->
        <li>(  0, 1.00)</li>
        <li>( 60, 1.60)</li> <!-- 1% per day -->
        <li>(600, 7.00)</li> <!-- 1% per day -->
      </points>
    </pointsFactorFromAdaptDays>
    <adaptDaysMin>-60</adaptDaysMin>
    <adaptDaysGameStartGraceDays>20</adaptDaysGameStartGraceDays>
    <adaptDaysLossFromColonistLostByPostPopulation>
      <points>
        <li>( 0, 30)</li> <!-- 30 days at normal pops; slightly lower at really high pop -->
        <li>(12, 30)</li>
        <li>(24, 24)</li>
      </points>
    </adaptDaysLossFromColonistLostByPostPopulation>
    <adaptDaysLossFromColonistViolentlyDownedByPopulation>
      <points>
        <li>(1,  9)</li>
        <li>(2,  7)</li>
        <li>(3,  5)</li>
        <li>(12, 4)</li>
        <li>(24, 3)</li>
      </points>
    </adaptDaysLossFromColonistViolentlyDownedByPopulation>
    <adaptDaysGrowthRateCurve>
      <points>
        <li>(-30.01,6)</li>
        <li>(-30,   3)</li>
        <li>(-0.01, 3)</li>
        <li>(0,     1)</li>
        <li>(59.99, 1)</li>
        <li>(60,    0.5)</li>
        <li>(99.99, 0.5)</li>
        <li>(100,   0.25)</li>
      </points>
    </adaptDaysGrowthRateCurve>
    <comps>
      <li Class="StorytellerCompProperties_DeepDrillInfestation">
        <baseMtbDaysPerDrill>20</baseMtbDaysPerDrill>
        <allowedTargetTypes>
          <li>Map_PlayerHome</li>
          <li>Map_TempIncident</li>
          <li>Map_Misc</li>
          <li>Map_RaidBeacon</li>
        </allowedTargetTypes>
      </li>
    </comps>
	</StorytellerDef>
	
  <StorytellerDef ParentName="BaseStoryteller">
		<defName>Cassandra</defName>
    <label>Cassandra Classic</label>
    <description>Cassandra creates story events on a classic increasing curve of challenge and tension. She'll push you with dangerous events, then give breathing room, then come back to push once more.</description>
    <portraitLarge>UI/HeroArt/Storytellers/CassandraClassic</portraitLarge>
    <portraitTiny>UI/HeroArt/Storytellers/CassandraClassicTiny</portraitTiny>
    <listOrder>20</listOrder>
		<populationIntentFromPopCurve>
			<points>
				<li>0, 8</li>
				<li>1, 2</li>
				<li>5, 1</li>
				<li>9, 0.5</li>
				<li>13, 0</li>
				<li>18, -1</li>
			</points>
		</populationIntentFromPopCurve>
    <comps>
      <li Class="StorytellerCompProperties_ClassicIntro"/>
      <li Class="StorytellerCompProperties_ThreatCycle">
        <minDaysPassed>5</minDaysPassed>
        <mtbDaysThreatSmall>3.75</mtbDaysThreatSmall>
        <mtbDaysThreatBig>1.20</mtbDaysThreatBig>
        <threatOffDays>6.0</threatOffDays>
        <threatOnDays>4.6</threatOnDays>
        <minDaysBetweenThreatBigs>1.9</minDaysBetweenThreatBigs>
      </li>
      <li Class="StorytellerCompProperties_CategoryMTB">
        <category>Misc</category>
        <allowedTargetTypes>
          <li>Map_PlayerHome</li>
        </allowedTargetTypes>
        <minDaysPassed>5</minDaysPassed>
        <mtbDays>3</mtbDays>
			</li>
      <li Class="StorytellerCompProperties_CategoryMTB">
        <category>WorldQuest</category>
        <allowedTargetTypes>
          <li>World</li>
        </allowedTargetTypes>
        <minDaysPassed>6</minDaysPassed>
        <mtbDays>8</mtbDays>
        <mtbDaysFactorByDaysPassedCurve>
          <points>
            <li>(6, 5)</li>
            <li>(40, 1)</li>
          </points>
        </mtbDaysFactorByDaysPassedCurve>
      </li>
      <li Class="StorytellerCompProperties_CategoryMTB">
        <category>Misc</category>
        <allowedTargetTypes>
          <li>World</li>
        </allowedTargetTypes>
        <minDaysPassed>15</minDaysPassed>
        <mtbDays>15</mtbDays>
      </li>
      <li Class="StorytellerCompProperties_CategoryIndividualMTBByBiome">
        <category>Misc</category>
        <allowedTargetTypes>
          <li>Caravan</li>
          <li>Map_TempIncident</li>
        </allowedTargetTypes>
      </li>
      <li Class="StorytellerCompProperties_FactionInteraction">
        <minDaysPassed>5</minDaysPassed>
        <baseMtbDays>6</baseMtbDays>
        <allowedTargetTypes>
          <li>Map_PlayerHome</li>
        </allowedTargetTypes>
      </li>
      <li Class="StorytellerCompProperties_AllyAssistance">
        <baseMtbDays>6</baseMtbDays>
      </li>
      <li Class="StorytellerCompProperties_SingleMTB">
        <incident>OrbitalTraderArrival</incident>
        <mtbDays>13</mtbDays>
      </li>
      <li Class="StorytellerCompProperties_ShipChunkDrop"/>
      <li Class="StorytellerCompProperties_Disease">
        <minDaysPassed>7</minDaysPassed>
        <incidentCategory>DiseaseHuman</incidentCategory>
      </li>
      <li Class="StorytellerCompProperties_Disease">
        <minDaysPassed>7</minDaysPassed>
        <incidentCategory>DiseaseAnimal</incidentCategory>
      </li>
      <li Class="StorytellerCompProperties_CategoryIndividualMTBByBiome">
        <category>ThreatSmall</category>
        <allowedTargetTypes>
          <li>Caravan</li>
          <li>Map_TempIncident</li>
        </allowedTargetTypes>
        <applyCaravanVisibility>true</applyCaravanVisibility>
      </li>
      <li Class="StorytellerCompProperties_CategoryIndividualMTBByBiome">
        <category>ThreatBig</category>
        <allowedTargetTypes>
          <li>Caravan</li>
          <li>Map_TempIncident</li>
        </allowedTargetTypes>
        <applyCaravanVisibility>true</applyCaravanVisibility>
      </li>
      <li Class="StorytellerCompProperties_JourneyOffer"/>
      <li Class="StorytellerCompProperties_ThreatCycle">
        <allowedTargetTypes>
          <li>Map_RaidBeacon</li>
        </allowedTargetTypes>
        <mode>RaidBeacon</mode>
        <threatOffDays>0.8</threatOffDays>
        <threatOnDays>0.6</threatOnDays>
        <minDaysBetweenThreatBigs>0.05</minDaysBetweenThreatBigs>
        <minDaysBeforeNonRaidThreatBig>0</minDaysBeforeNonRaidThreatBig>
        <mtbDaysThreatSmall>1000000</mtbDaysThreatSmall>  <!-- effectively disabled -->
        <mtbDaysThreatBig>0.37</mtbDaysThreatBig>
        <threatSmallCategory>RaidBeacon</threatSmallCategory>
        <threatBigCategory>RaidBeacon</threatBigCategory>
      </li>
    </comps>
  </StorytellerDef>

	<StorytellerDef ParentName="BaseStoryteller">
		<defName>Phoebe</defName>
    <label>Phoebe Chillax</label>
		<description>Phoebe gives lots of time between disasters to build your colony. But beware - at high difficulties, she'll hit as hard as anyone.</description>
    <portraitLarge>UI/HeroArt/Storytellers/PhoebeFriendly</portraitLarge>
    <portraitTiny>UI/HeroArt/Storytellers/PhoebeFriendlyTiny</portraitTiny>
    <listOrder>30</listOrder>
		<populationIntentFromPopCurve>
			<points>
				<li>0, 8</li>
				<li>1, 2</li>
				<li>5, 1</li>
				<li>9, 0.5</li>
				<li>13, 0</li>
				<li>18, -1</li>
			</points>
		</populationIntentFromPopCurve>
    <comps>
      <li Class="StorytellerCompProperties_ClassicIntro"/>
      <li Class="StorytellerCompProperties_ThreatCycle">
        <minDaysPassed>5</minDaysPassed>
        <mtbDaysThreatSmall>8</mtbDaysThreatSmall>
        <mtbDaysThreatBig>1.25</mtbDaysThreatBig>
        <threatOffDays>8.0</threatOffDays>
        <threatOnDays>8.0</threatOnDays>
        <minDaysBetweenThreatBigs>12.5</minDaysBetweenThreatBigs>
			</li>
      <li Class="StorytellerCompProperties_CategoryMTB">
        <category>Misc</category>
        <allowedTargetTypes>
          <li>Map_PlayerHome</li>
        </allowedTargetTypes>
				<minDaysPassed>5</minDaysPassed>
				<mtbDays>3</mtbDays>
			</li>
      <li Class="StorytellerCompProperties_CategoryMTB">
        <category>WorldQuest</category>
        <allowedTargetTypes>
          <li>World</li>
        </allowedTargetTypes>
        <minDaysPassed>6</minDaysPassed>
        <mtbDays>8</mtbDays>
        <mtbDaysFactorByDaysPassedCurve>
          <points>
            <li>(6, 5)</li>
            <li>(40, 1)</li>
          </points>
        </mtbDaysFactorByDaysPassedCurve>
      </li>
      <li Class="StorytellerCompProperties_CategoryMTB">
        <category>Misc</category>
        <allowedTargetTypes>
          <li>World</li>
        </allowedTargetTypes>
        <minDaysPassed>15</minDaysPassed>
        <mtbDays>15</mtbDays>
      </li>
      <li Class="StorytellerCompProperties_CategoryIndividualMTBByBiome">
        <allowedTargetTypes>
          <li>Caravan</li>
          <li>Map_TempIncident</li>
        </allowedTargetTypes>
        <category>Misc</category>
      </li>
			<li Class="StorytellerCompProperties_FactionInteraction">
        <minDaysPassed>5</minDaysPassed>
        <baseMtbDays>6</baseMtbDays>
      </li>
      <li Class="StorytellerCompProperties_AllyAssistance">
        <baseMtbDays>6</baseMtbDays>
      </li>
      <li Class="StorytellerCompProperties_SingleMTB">
        <incident>OrbitalTraderArrival</incident>
        <mtbDays>13</mtbDays>
      </li>
      <li Class="StorytellerCompProperties_ShipChunkDrop"/>
      <li Class="StorytellerCompProperties_Disease">
        <minDaysPassed>12</minDaysPassed>
        <incidentCategory>DiseaseHuman</incidentCategory>
      </li>
      <li Class="StorytellerCompProperties_Disease">
        <minDaysPassed>12</minDaysPassed>
        <incidentCategory>DiseaseAnimal</incidentCategory>
      </li>
      <li Class="StorytellerCompProperties_CategoryIndividualMTBByBiome">
        <category>ThreatSmall</category>
        <allowedTargetTypes>
          <li>Caravan</li>
          <li>Map_TempIncident</li>
        </allowedTargetTypes>
        <applyCaravanVisibility>true</applyCaravanVisibility>
      </li>
      <li Class="StorytellerCompProperties_CategoryIndividualMTBByBiome">
        <category>ThreatBig</category>
        <allowedTargetTypes>
          <li>Caravan</li>
          <li>Map_TempIncident</li>
        </allowedTargetTypes>
        <applyCaravanVisibility>true</applyCaravanVisibility>
      </li>
      <li Class="StorytellerCompProperties_JourneyOffer"/>
      <li Class="StorytellerCompProperties_ThreatCycle">
        <allowedTargetTypes>
          <li>Map_RaidBeacon</li>
        </allowedTargetTypes>
        <mode>RaidBeacon</mode>
        <threatOffDays>0.8</threatOffDays>
        <threatOnDays>0.6</threatOnDays>
        <minDaysBetweenThreatBigs>0.05</minDaysBetweenThreatBigs>
        <minDaysBeforeNonRaidThreatBig>0</minDaysBeforeNonRaidThreatBig>
        <mtbDaysThreatSmall>1000000</mtbDaysThreatSmall>
        <!-- effectively disabled -->
        <mtbDaysThreatBig>0.37</mtbDaysThreatBig>
        <threatSmallCategory>RaidBeacon</threatSmallCategory>
        <threatBigCategory>RaidBeacon</threatBigCategory>
      </li>
    </comps>
  </StorytellerDef>

	<StorytellerDef ParentName="BaseStoryteller">
		<defName>Randy</defName>
    <label>Randy Random</label>
		<description>Randy doesn't follow rules. He'll generate random events, and he doesn't care if they make a story of triumph or utter hopelessness. It's all drama to him.\n\nWarning: Since Randy is truly random, he will sometimes send extremely difficult or unfair groups of events at you. It makes for high drama - and unavoidable sacrifices.</description>
    <portraitLarge>UI/HeroArt/Storytellers/RandyRandom</portraitLarge>
    <portraitTiny>UI/HeroArt/Storytellers/RandyRandomTiny</portraitTiny>
    <listOrder>40</listOrder>
		<populationIntentFromPopCurve>
			<points>
				<li>0, 8</li>
				<li>1, 2</li>
				<li>5, 1</li>
				<li>9, 0.5</li>
				<li>13, 0</li>
				<li>50, -1</li>
			</points>
		</populationIntentFromPopCurve>
		<comps>
      <li Class="StorytellerCompProperties_RandomMain">
        <allowedTargetTypes>
          <li>Map_PlayerHome</li>
        </allowedTargetTypes>
				<minDaysPassed>1</minDaysPassed>
        <mtbDays>1.13</mtbDays>
        <maxThreatBigIntervalDays>13</maxThreatBigIntervalDays>
				<minIncChancePopulationIntentFactor>0.2</minIncChancePopulationIntentFactor>
				<categoryWeights>
          <Misc>5.5</Misc>
          <OrbitalVisitor>1</OrbitalVisitor>
					<ThreatBig>1</ThreatBig>
					<ThreatSmall>0.9</ThreatSmall>
					<FactionArrival>1</FactionArrival>
					<ShipChunkDrop>0.5</ShipChunkDrop>
        </categoryWeights>
      </li>
      <li Class="StorytellerCompProperties_AllyAssistance">
        <baseMtbDays>6</baseMtbDays>
      </li>
      <li Class="StorytellerCompProperties_CategoryMTB">
        <category>WorldQuest</category>
        <allowedTargetTypes>
          <li>World</li>
        </allowedTargetTypes>
        <minDaysPassed>6</minDaysPassed>
        <mtbDays>8</mtbDays>
        <mtbDaysFactorByDaysPassedCurve>
          <points>
            <li>(6, 5)</li>
            <li>(40, 1)</li>
          </points>
        </mtbDaysFactorByDaysPassedCurve>
      </li>
      <li Class="StorytellerCompProperties_CategoryMTB">
        <category>Misc</category>
        <allowedTargetTypes>
          <li>World</li>
        </allowedTargetTypes>
        <minDaysPassed>1</minDaysPassed>
        <mtbDays>15</mtbDays>
      </li>
      <li Class="StorytellerCompProperties_CategoryIndividualMTBByBiome">
        <category>Misc</category>
        <allowedTargetTypes>
          <li>Caravan</li>
          <li>Map_TempIncident</li>
        </allowedTargetTypes>
      </li>
      <li Class="StorytellerCompProperties_Disease">
        <minDaysPassed>0</minDaysPassed>
        <incidentCategory>DiseaseHuman</incidentCategory>
      </li>
      <li Class="StorytellerCompProperties_Disease">
        <minDaysPassed>0</minDaysPassed>
        <incidentCategory>DiseaseAnimal</incidentCategory>
      </li>
      <li Class="StorytellerCompProperties_CategoryIndividualMTBByBiome">
        <category>ThreatSmall</category>
        <allowedTargetTypes>
          <li>Caravan</li>
          <li>Map_TempIncident</li>
        </allowedTargetTypes>
        <applyCaravanVisibility>true</applyCaravanVisibility>
      </li>
      <li Class="StorytellerCompProperties_CategoryIndividualMTBByBiome">
        <category>ThreatBig</category>
        <allowedTargetTypes>
          <li>Caravan</li>
          <li>Map_TempIncident</li>
        </allowedTargetTypes>
        <applyCaravanVisibility>true</applyCaravanVisibility>
      </li>
      <li Class="StorytellerCompProperties_JourneyOffer"/>
      <li Class="StorytellerCompProperties_ThreatCycle">
        <allowedTargetTypes>
          <li>Map_RaidBeacon</li>
        </allowedTargetTypes>
        <mode>RaidBeacon</mode>
        <threatOffDays>0.8</threatOffDays>
        <threatOnDays>0.6</threatOnDays>
        <minDaysBetweenThreatBigs>0.05</minDaysBetweenThreatBigs>
        <minDaysBeforeNonRaidThreatBig>0</minDaysBeforeNonRaidThreatBig>
        <mtbDaysThreatSmall>1000000</mtbDaysThreatSmall>
        <!-- effectively disabled -->
        <mtbDaysThreatBig>0.37</mtbDaysThreatBig>
        <threatSmallCategory>RaidBeacon</threatSmallCategory>
        <threatBigCategory>RaidBeacon</threatBigCategory>
      </li>
    </comps>
  </StorytellerDef>

	<StorytellerDef ParentName="BaseStoryteller">
    <defName>Tutor</defName>
    <label>Tutor Hidden</label>
		<populationIntentFromPopCurve>
			<points>
				<li>0, 0</li>
			</points>
		</populationIntentFromPopCurve>
    <listVisible>false</listVisible>
    <listOrder>1000</listOrder>
    <tutorialMode>true</tutorialMode>
    <disableAdaptiveTraining>true</disableAdaptiveTraining>
    <disableAlerts>true</disableAlerts>
    <disablePermadeath>true</disablePermadeath>
    <forcedDifficulty>Easy</forcedDifficulty>
    <comps Inherit="False" />
  </StorytellerDef>

</Defs>
