﻿<?xml version="1.0" encoding="utf-8" ?>
<Defs>

  <NeedDef>
    <defName>Mood</defName>
    <needClass>Need_Mood</needClass>
    <label>mood</label>
    <description>Mood represents how happy or stressed someone is. If mood gets too low, the person may suffer a mental break. Depending on how low his mood is, someone who has a mental break may hide in his room for a day, or may go on a murder spree.</description>
    <showOnNeedList>false</showOnNeedList>
    <minIntelligence>Humanlike</minIntelligence>
    <baseLevel>0.32</baseLevel>
    <seekerRisePerHour>0.12</seekerRisePerHour>
    <seekerFallPerHour>0.04</seekerFallPerHour>
    <listPriority>1000</listPriority>
    <major>true</major>
    <freezeWhileSleeping>true</freezeWhileSleeping>
    <showForCaravanMembers>true</showForCaravanMembers>
  </NeedDef>

  <NeedDef>
    <defName>Food</defName>
    <needClass>Need_Food</needClass>
    <label>food</label>
    <description>Food is the amount of nutrition a creature has consumed recently. If it is at zero, a creature will become increasingly malnourished and eventually die.</description>
    <listPriority>800</listPriority>
    <major>true</major>
    <showForCaravanMembers>true</showForCaravanMembers>
    <scaleBar>true</scaleBar>
  </NeedDef>

  <NeedDef>
    <defName>Rest</defName>
    <needClass>Need_Rest</needClass>
    <label>rest</label>
    <description>Rest is how much sleep a creature has gotten recently. If it is at zero, a creature will eventually fall asleep on the spot.</description>
    <listPriority>700</listPriority>
    <major>true</major>
    <showForCaravanMembers>true</showForCaravanMembers>
  </NeedDef>

  <NeedDef>
    <defName>Joy</defName>
    <needClass>Need_Joy</needClass>
    <label>recreation</label>
    <description>Recreation represents the need to do something pleasurable from time to time, like playing games or socializing. Repeating the same kind of activity makes it less effective in gaining recreation, so it's important to provide a variety of recreation activities.</description>
    <minIntelligence>Humanlike</minIntelligence>
    <colonistsOnly>true</colonistsOnly>
		<neverOnPrisoner>true</neverOnPrisoner>
    <listPriority>500</listPriority>
    <major>true</major>
    <freezeWhileSleeping>true</freezeWhileSleeping>
  </NeedDef>
  
  <NeedDef>
    <defName>Beauty</defName>
    <needClass>Need_Beauty</needClass>
    <label>beauty</label>
    <description>Beauty reflects how visually pleasing a person has found their surroundings recently. Beautiful things like art improve beauty when viewed, while ugly things like filth and rough stone surfaces reduce it.</description>
    <minIntelligence>Humanlike</minIntelligence>
    <colonistAndPrisonersOnly>true</colonistAndPrisonersOnly>
    <baseLevel>0.4</baseLevel>
    <seekerRisePerHour>0.32</seekerRisePerHour>
    <seekerFallPerHour>0.08</seekerFallPerHour>
    <listPriority>300</listPriority>
    <freezeWhileSleeping>true</freezeWhileSleeping>
  </NeedDef>

  <NeedDef>
    <defName>Comfort</defName>
    <needClass>Need_Comfort</needClass>
    <label>comfort</label>
    <description>Comfort is gained by sitting in or sleeping on comfortable furniture. It is acquired while laying in bed, sitting in a chair while working, or other times.</description>
    <minIntelligence>Humanlike</minIntelligence>
    <colonistAndPrisonersOnly>true</colonistAndPrisonersOnly>
    <seekerRisePerHour>0.60</seekerRisePerHour>
    <seekerFallPerHour>0.04</seekerFallPerHour>
    <listPriority>200</listPriority>
  </NeedDef>

  <NeedDef>
    <defName>Outdoors</defName>
    <needClass>Need_Outdoors</needClass>
    <label>outdoors</label>
    <description>Outdoors expresses the need not to be cooped up inside. It is harmed by long periods inside, especially underground. It improves when someone spends time under the sky, especially outdoors. It's not about the size of the rooms, but the need to be outside from time to time. Lack of outdoors time is a significant challenge for people who dwell in tight underground bases.</description>
    <minIntelligence>Humanlike</minIntelligence>
    <colonistAndPrisonersOnly>true</colonistAndPrisonersOnly>
    <listPriority>100</listPriority>
    <freezeWhileSleeping>true</freezeWhileSleeping>
  </NeedDef>

  <NeedDef>
    <defName>RoomSize</defName>
    <needClass>Need_RoomSize</needClass>
    <label>room size</label>
    <showOnNeedList>false</showOnNeedList>
    <minIntelligence>Humanlike</minIntelligence>
    <colonistAndPrisonersOnly>true</colonistAndPrisonersOnly>
    <seekerRisePerHour>0.90</seekerRisePerHour>
    <seekerFallPerHour>0.90</seekerFallPerHour>
    <listPriority>100</listPriority>
  </NeedDef>

</Defs>
