﻿<?xml version="1.0" encoding="utf-8" ?>
<Defs>

  <InteractionDef>
    <defName>RomanceAttempt</defName>
    <label>romance attempt</label>
    <workerClass>InteractionWorker_RomanceAttempt</workerClass>
    <symbol>Things/Mote/SpeechSymbols/Romance</symbol>
    <logRulesInitiator>
      <rulesStrings>
        <li>logentry->Attempted to woo [other_nameShortIndef] into a romance.</li>
      </rulesStrings>
    </logRulesInitiator>
    <logRulesRecipient>
      <rulesStrings>
        <li>logentry->Was wooed by [other_nameShortIndef].</li>
      </rulesStrings>
    </logRulesRecipient>
  </InteractionDef>

  <InteractionDef>
    <defName>Breakup</defName>
    <label>breakup</label>
    <workerClass>InteractionWorker_Breakup</workerClass>
    <symbol>Things/Mote/SpeechSymbols/Breakup</symbol>
    <logRulesInitiator>
      <rulesStrings>
        <li>logentry->Broke up with [other_nameShortIndef].</li>
      </rulesStrings>
    </logRulesInitiator>
    <logRulesRecipient>
      <rulesStrings>
        <li>logentry->Was broken up with by [other_nameShortIndef].</li>
      </rulesStrings>
    </logRulesRecipient>
  </InteractionDef>

  <InteractionDef>
    <defName>MarriageProposal</defName>
    <label>marriage proposal</label>
    <workerClass>InteractionWorker_MarriageProposal</workerClass>
    <symbol>Things/Mote/SpeechSymbols/MarriageProposal</symbol>
    <logRulesInitiator>
      <rulesStrings>
        <li>logentry->Proposed marriage to [other_nameShortIndef].</li>
      </rulesStrings>
    </logRulesInitiator>
    <logRulesRecipient>
      <rulesStrings>
        <li>logentry->Was proposed to by [other_nameShortIndef].</li>
      </rulesStrings>
    </logRulesRecipient>
  </InteractionDef>

</Defs>