﻿<?xml version="1.0" encoding="utf-8" ?>
<Defs>
  <QuestScriptDef>
    <defName>LongRangeMineralScannerLump</defName>
    <autoAccept>true</autoAccept>
    <defaultChallengeRating>1</defaultChallengeRating>
    <isRootSpecial>true</isRootSpecial>
    <questNameRules>
      <rulesStrings>
        <li>questName->The [subName]</li>
        <li>questName->[subName]</li>

        <li>subName->[adj] Resources</li>
        <li>subName->[adj] Minerals</li>
        <li>subName->[adj] Ores</li>
        <li>subName->[adj] Wealth</li>
        <li>subName->[adj] Mineables</li>
        <li>subName->[adj] Lump</li>
        <li>subName->[adj] Mining Project</li>

        <li>adj->Distant</li>
        <li>adj->Far</li>
        <li>adj->Long-Range</li>
        <li>adj->Unknown</li>
        <li>adj->Discovered</li>
        <li>adj->Scanned</li>
        <li>adj->Detected</li>
        <li>adj->Found</li>
      </rulesStrings>
    </questNameRules>
    <questDescriptionRules>
      <rulesStrings>
        <li>questDescription->Using your long-range mineral scanner, [worker_definite] has found a lump of [targetMineable_label] nearby.\n\nUnfortunately, it won't last - others will mine it first in [timeoutTicks_duration] if we don't.\n\n[allSitePartsDescriptionsExceptFirst]</li>
      </rulesStrings>
    </questDescriptionRules>
    <root Class="QuestNode_Sequence">
      <nodes>
        <li Class="QuestNode_SubScript">
          <def>Util_GetDefaultRewardValueFromPoints</def>
        </li>

        <li Class="QuestNode_GetSiteTile">
          <storeAs>siteTile</storeAs>
          <preferCloserTiles>true</preferCloserTiles>
        </li>

        <li Class="QuestNode_ViolentQuestsAllowed">
          <node Class="QuestNode_Set">
            <name>siteThreatChance</name>
            <value>0.4</value>
          </node>
          <elseNode Class="QuestNode_Set">
            <name>siteThreatChance</name>
            <value>0</value>
          </elseNode>          
        </li>

        <li Class="QuestNode_GetSitePartDefsByTagsAndFaction">
          <storeAs>sitePartDefs</storeAs>
          <storeFactionAs>siteFaction</storeFactionAs>
          <sitePartsTags>
            <li>
              <tag>PreciousLump</tag>
            </li>
            <li>
              <tag>MineralScannerPreciousLumpThreat</tag>
              <chance>$siteThreatChance</chance>
            </li>
          </sitePartsTags>
        </li>

        <li Class="QuestNode_GetDefaultSitePartsParams">
          <tile>$siteTile</tile>
          <faction>$siteFaction</faction>
          <sitePartDefs>$sitePartDefs</sitePartDefs>
          <storeSitePartsParamsAs>sitePartsParams</storeSitePartsParamsAs>
        </li>

        <li Class="QuestNode_SubScript">
          <def>Util_GenerateSite</def>
          <parms>
            <hiddenSitePartsPossible>true</hiddenSitePartsPossible>
          </parms>
        </li>
        
        <li Class="QuestNode_SpawnWorldObjects">
          <worldObjects>$site</worldObjects>
        </li>

        <li Class="QuestNode_Set">
          <name>timeoutTicks</name>
          <value>$(30*60000)</value>
        </li>
        <li Class="QuestNode_WorldObjectTimeout">
          <worldObject>$site</worldObject>
          <delayTicks>$timeoutTicks</delayTicks>
          <isQuestTimeout>true</isQuestTimeout>
          <inSignalDisable>site.MapGenerated</inSignalDisable>
          <node Class="QuestNode_Sequence">
            <nodes>
              <li Class="QuestNode_Letter">
                <label>Quest expired: [resolvedQuestName]</label>
                <text>Others have mined the lump of [targetMineable_label]. The quest [resolvedQuestName] has expired.</text>
              </li>
              <li Class="QuestNode_End">
                <outcome>Fail</outcome>
              </li>
            </nodes>
          </node>
        </li>

        <li Class="QuestNode_NoWorldObject">
          <worldObject>$site</worldObject>
          <node Class="QuestNode_End" />
        </li>
      </nodes>
    </root>
  </QuestScriptDef>
</Defs>