﻿<?xml version="1.0" encoding="utf-8" ?>
<Defs>

	<!--=============================== Tier 1: pre-electricity ===================================-->

  <ResearchProjectDef>
    <defName>RecurveBow</defName>
    <label>recurve bow</label>
    <description>Advanced construction techniques allow for production of the recurve bow, an effective and inexpensive ranged weapon.</description>
    <baseCost>200</baseCost>
    <techLevel>Neolithic</techLevel>
    <tags>
      <li>TribalStart</li>
    </tags>
    <researchViewX>1</researchViewX>
    <researchViewY>5</researchViewY>
  </ResearchProjectDef>
  
	<ResearchProjectDef>
		<defName>Pemmican</defName>
		<label>pemmican</label>
		<description>Make pemmican, a preserved mixture of meat and plant matter that doesn't go bad for a long time. Great for traveling.</description>
		<baseCost>500</baseCost>
		<techLevel>Neolithic</techLevel>
		<tags>
			<li>TribalStart</li>
		</tags>
		<researchViewX>0</researchViewX>
		<researchViewY>1</researchViewY>
	</ResearchProjectDef>

	<ResearchProjectDef>
		<defName>PassiveCooler</defName>
		<label>passive cooler</label>
		<description>Make passive coolers, a way to cool indoor spaces without using electricity.</description>
		<baseCost>400</baseCost>
		<techLevel>Neolithic</techLevel>
		<tags>
			<li>TribalStart</li>
		</tags>
		<researchViewX>0</researchViewX>
		<researchViewY>2</researchViewY>
	</ResearchProjectDef>
  
	<ResearchProjectDef>
		<defName>Devilstrand</defName>
		<label>devilstrand</label>
		<description>Allows colonists to plant devilstrand, a slow-growing mushroom that yields a valuable plant fiber.</description>
		<baseCost>500</baseCost>
		<techLevel>Neolithic</techLevel>
		<researchViewX>0</researchViewX>
		<researchViewY>0</researchViewY>
	</ResearchProjectDef>

  <ResearchProjectDef>
    <defName>PsychoidBrewing</defName>
    <label>psychoid brewing</label>
    <description>With preparation, psychoid leaves can be boiled in water, producing a mildly euphoric and addictive tea.</description>
    <baseCost>400</baseCost>
    <techLevel>Neolithic</techLevel>
    <tags>
      <li>TribalStart</li>
    </tags>
    <researchViewX>1</researchViewX>
    <researchViewY>1</researchViewY>
  </ResearchProjectDef>
  
	<ResearchProjectDef>
		<defName>Brewing</defName>
		<label>brewing</label>
		<description>Allows you to build a brewery to transform hops into tasty, tasty beer.</description>
		<baseCost>700</baseCost>
		<techLevel>Neolithic</techLevel>
		<researchViewX>1</researchViewX>
		<researchViewY>2</researchViewY>
	</ResearchProjectDef>

	<ResearchProjectDef>
		<defName>Bedrolls</defName>
		<label>bedrolls</label>
		<description>Allows you to make bedrolls.</description>
		<baseCost>400</baseCost>
		<techLevel>Neolithic</techLevel>
		<researchViewX>1</researchViewX>
		<researchViewY>3</researchViewY>
		<tags>
			<li>TribalStart</li>
		</tags>
	</ResearchProjectDef>

	<ResearchProjectDef>
		<defName>Beds</defName>
		<label>beds</label>
		<description>Allows you to build beds.</description>
		<baseCost>700</baseCost>
		<techLevel>Medieval</techLevel>
		<researchViewX>1</researchViewX>
		<researchViewY>4</researchViewY>
		<tags>
			<li>ClassicStart</li>
		</tags>
	</ResearchProjectDef>

	<ResearchProjectDef>
		<defName>CarpetMaking</defName>
		<label>carpet making</label>
		<description>Allows colonists to build carpets to increase the quality of their environments.</description>
		<baseCost>1200</baseCost>
		<techLevel>Medieval</techLevel>
		<researchViewX>0</researchViewX>
		<researchViewY>3</researchViewY>
	</ResearchProjectDef>

	<ResearchProjectDef>
		<defName>Smithing</defName>
		<label>smithing</label>
		<description>Build smithies for crafting metal weapons and tools.\n\nAllows you to craft simple weapons like knives, gladii, and maces.</description>
		<baseCost>700</baseCost>
		<techLevel>Medieval</techLevel>
		<researchViewX>2</researchViewX>
		<researchViewY>4</researchViewY>
	</ResearchProjectDef>

	<ResearchProjectDef>
		<defName>Stonecutting</defName>
		<label>stonecutting</label>
		<description>Build stonecutting tables, which allow you to refine rock chunks into stone blocks that can be used for construction.</description>
		<baseCost>300</baseCost>
		<techLevel>Medieval</techLevel>
		<tags>
			<li>ClassicStart</li>
		</tags>
		<researchViewX>0</researchViewX>
		<researchViewY>5</researchViewY>
	</ResearchProjectDef>

	<ResearchProjectDef>
		<defName>ComplexClothing</defName>
		<label>complex clothing</label>
		<description>Sew complicated garments like pants, dusters, and cowboy hats.</description>
		<baseCost>500</baseCost>
		<techLevel>Medieval</techLevel>
		<tags>
			<li>ClassicStart</li>
		</tags>
		<researchViewX>0</researchViewX>
		<researchViewY>4</researchViewY>
	</ResearchProjectDef>

	<ResearchProjectDef>
		<defName>DrugProduction</defName>
		<label>drug production</label>
		<description>The basics of drug preparation and synthesis. Allows creation of the drug lab. Further research is required to make specific drugs.</description>
		<baseCost>500</baseCost>
		<techLevel>Industrial</techLevel>
		<researchViewX>1</researchViewX>
		<researchViewY>0</researchViewY>
	</ResearchProjectDef>

	<ResearchProjectDef>
		<defName>Electricity</defName>
		<label>electricity</label>
		<description>Generate and use electricity for cooking and other simple tasks.</description>
		<baseCost>1200</baseCost>
		<techLevel>Industrial</techLevel>
		<tags>
			<li>ClassicStart</li>
		</tags>
		<researchViewX>3</researchViewX>
		<researchViewY>2.5</researchViewY>
	</ResearchProjectDef>

</Defs>
