﻿<?xml version="1.0" encoding="utf-8" ?>
<Defs>

	<!--================================ Tier 2: Non-electric ====================================-->

	<ResearchProjectDef>
		<defName>PsychiteRefining</defName>
		<label>psychite refining</label>
		<description>Learn to refine psychoid leaves into flake and yayo, different forms of the euphoric drug psychite.</description>
		<baseCost>400</baseCost>
		<techLevel>Industrial</techLevel>
		<prerequisites>
			<li>DrugProduction</li>
		</prerequisites>
		<researchViewX>2</researchViewX>
		<researchViewY>0.5</researchViewY>
	</ResearchProjectDef>

	<ResearchProjectDef>
		<defName>WakeUpProduction</defName>
		<label>wake-up production</label>
		<description>Your chemists learn the formulas and techniques for synthesizing wake-up, a work performance-enhancing drug.</description>
		<baseCost>600</baseCost>
		<techLevel>Industrial</techLevel>
		<prerequisites>
			<li>DrugProduction</li>
		</prerequisites>
		<researchViewX>2</researchViewX>
		<researchViewY>1.25</researchViewY>
	</ResearchProjectDef>

	<ResearchProjectDef>
		<defName>GoJuiceProduction</defName>
		<label>go-juice production</label>
		<description>Learn to produce the synthetic combat-performance-enhancing drug go-juice.</description>
		<baseCost>1000</baseCost>
		<techLevel>Industrial</techLevel>
		<prerequisites>
			<li>DrugProduction</li>
		</prerequisites>
		<researchViewX>2</researchViewX>
		<researchViewY>2</researchViewY>
	</ResearchProjectDef>

	<ResearchProjectDef>
		<defName>PenoxycylineProduction</defName>
		<label>penoxycyline production</label>
		<description>Learn to produce penoxycline, a disease prevention drug.</description>
		<baseCost>500</baseCost>
		<techLevel>Industrial</techLevel>
		<prerequisites>
			<li>DrugProduction</li>
		</prerequisites>
		<researchViewX>2</researchViewX>
		<researchViewY>2.75</researchViewY>
	</ResearchProjectDef>

	<ResearchProjectDef>
		<defName>LongBlades</defName>
		<label>long blades</label>
		<description>Craft longswords and spears.</description>
		<baseCost>500</baseCost>
		<techLevel>Medieval</techLevel>
		<prerequisites>
			<li>Smithing</li>
		</prerequisites>
		<researchViewX>3</researchViewX>
		<researchViewY>4</researchViewY>
	</ResearchProjectDef>

	<ResearchProjectDef>
		<defName>Greatbows</defName>
		<label>greatbows</label>
		<description>Learn to produce powerful greatbows.</description>
		<baseCost>800</baseCost>
		<techLevel>Medieval</techLevel>
		<prerequisites>
			<li>RecurveBow</li>
			<li>Smithing</li>
		</prerequisites>
		<researchViewX>3</researchViewX>
		<researchViewY>5</researchViewY>
	</ResearchProjectDef>

	<!--================================ Tier 2: Basic electricity ====================================-->

	<ResearchProjectDef>
		<defName>Batteries</defName>
		<label>batteries</label>
		<description>Build batteries for storing electricity.</description>
		<baseCost>400</baseCost>
		<techLevel>Industrial</techLevel>
		<prerequisites>
			<li>Electricity</li>
		</prerequisites>
		<tags>
			<li>ClassicStart</li>
		</tags>
		<researchViewX>4</researchViewX>
		<researchViewY>1.25</researchViewY>
	</ResearchProjectDef>

	<ResearchProjectDef>
		<defName>Refining</defName>
		<label>refining</label>
		<description>Build refineries to make chemfuel from wood.</description>
		<baseCost>1200</baseCost>
		<techLevel>Industrial</techLevel>
		<prerequisites>
			<li>Electricity</li>
		</prerequisites>
		<researchViewX>4</researchViewX>
		<researchViewY>3.6</researchViewY>
	</ResearchProjectDef>
	
	<ResearchProjectDef>
		<defName>NutrientPaste</defName>
		<label>nutrient paste</label>
		<description>Build nutrient paste dispensers which efficiently produce edible meals from raw nutritive feedstocks.</description>
		<baseCost>600</baseCost>
		<techLevel>Industrial</techLevel>
		<prerequisites>
			<li>Electricity</li>
		</prerequisites>
		<tags>
			<li>ClassicStart</li>
		</tags>
		<researchViewX>5</researchViewX>
		<researchViewY>0.5</researchViewY>
	</ResearchProjectDef>

	<ResearchProjectDef>
		<defName>SolarPanels</defName>
		<label>solar panels</label>
		<description>Build solar panels for electrical generation.</description>
		<baseCost>600</baseCost>
		<techLevel>Industrial</techLevel>
		<prerequisites>
			<li>Electricity</li>
		</prerequisites>
		<tags>
			<li>ClassicStart</li>
		</tags>
		<researchViewX>4</researchViewX>
		<researchViewY>2</researchViewY>
	</ResearchProjectDef>

	<ResearchProjectDef>
		<defName>AirConditioning</defName>
		<label>air conditioning</label>
		<description>Build air conditions to cool rooms in the heat, or to keep freezers.</description>
		<baseCost>600</baseCost>
		<techLevel>Industrial</techLevel>
		<prerequisites>
			<li>Electricity</li>
		</prerequisites>
		<tags>
			<li>ClassicStart</li>
		</tags>
		<researchViewX>4</researchViewX>
		<researchViewY>2.9</researchViewY>
	</ResearchProjectDef>

	<ResearchProjectDef>
		<defName>Autodoors</defName>
		<label>autodoors</label>
		<description>Build autodoors which open to permit movement without slowing anyone down.</description>
		<baseCost>400</baseCost>
		<techLevel>Industrial</techLevel>
		<prerequisites>
			<li>Electricity</li>
		</prerequisites>
		<researchViewX>5</researchViewX>
		<researchViewY>2.9</researchViewY>
	</ResearchProjectDef>

	<ResearchProjectDef>
		<defName>Hydroponics</defName>
		<label>hydroponics</label>
		<description>Allows you to build hydroponics basins to rapidly grow crops indoors regardless of the terrain or weather outside.</description>
		<baseCost>700</baseCost>
		<techLevel>Industrial</techLevel>
		<prerequisites>
			<li>Electricity</li>
		</prerequisites>
		<researchViewX>4</researchViewX>
		<researchViewY>0.5</researchViewY>
	</ResearchProjectDef>

	<ResearchProjectDef>
		<defName>ElectricSmelting</defName>
		<label>electric smelting</label>
		<description>Build electric smithy and smelters.\n\nThe electric smithy allows smithing items without fuel. The electric smelters uses heat and strong electromagnets to extract useful metal from slag chunks and other items.</description>
		<baseCost>1700</baseCost>
		<techLevel>Industrial</techLevel>
		<prerequisites>
			<li>Electricity</li>
		</prerequisites>
		<researchViewX>5</researchViewX>
		<researchViewY>1.25</researchViewY>
	</ResearchProjectDef>

  <ResearchProjectDef>
    <defName>PackagedSurvivalMeal</defName>
    <label>packaged survival meal</label>
    <description>Learn to produce packaged survival meals, a preserved and sealed food that never goes bad. Great for traveling.</description>
    <baseCost>2000</baseCost>
    <techLevel>Industrial</techLevel>
    <prerequisites>
      <li>NutrientPaste</li>
    </prerequisites>
    <researchViewX>6</researchViewX>
    <researchViewY>0.5</researchViewY>
  </ResearchProjectDef>
  
	<ResearchProjectDef>
		<defName>ElectricCremation</defName>
		<label>electric cremation</label>
		<description>Build crematoriums which can vaporize unwanted corpses.</description>
		<baseCost>500</baseCost>
		<techLevel>Industrial</techLevel>
		<prerequisites>
			<li>ElectricSmelting</li>
		</prerequisites>
		<researchViewX>6</researchViewX>
		<researchViewY>1.25</researchViewY>
	</ResearchProjectDef>

	<ResearchProjectDef>
		<defName>ColoredLights</defName>
		<label>colored lights</label>
		<description>Allows colonists to construct colored lights for decorative purposes.</description>
		<baseCost>500</baseCost>
		<techLevel>Industrial</techLevel>
		<prerequisites>
			<li>Electricity</li>
		</prerequisites>
		<researchViewX>5</researchViewX>
		<researchViewY>2</researchViewY>
	</ResearchProjectDef>

	<ResearchProjectDef>
		<defName>Machining</defName>
		<label>machining</label>
		<description>Build machining tables to craft guns and machinery or disassemble dead mechanoids.</description>
		<baseCost>800</baseCost>
		<techLevel>Industrial</techLevel>
		<prerequisites>
			<li>Electricity</li>
			<li>Smithing</li>
		</prerequisites>
		<researchViewX>4</researchViewX>
		<researchViewY>5</researchViewY>
	</ResearchProjectDef>
	
	<ResearchProjectDef>
		<defName>IEDs</defName>
		<label>IEDs</label>
		<description>Allows colonists to build improvised traps from explosive, EMP, firefoam, and antigrain warhead mortar shells.</description>
		<baseCost>1600</baseCost>
		<techLevel>Industrial</techLevel>
		<prerequisites>
			<li>Electricity</li>
		</prerequisites>
		<researchViewX>6</researchViewX>
		<researchViewY>3.6</researchViewY>
	</ResearchProjectDef>

	<ResearchProjectDef>
		<defName>IEDIncendiary</defName>
		<label>incendiary IEDs</label>
		<description>Allows colonists to build incendiary explosive traps from mortar shells.</description>
		<baseCost>1600</baseCost>
		<techLevel>Industrial</techLevel>
		<prerequisites>
			<li>Electricity</li>
		</prerequisites>
		<researchViewX>6</researchViewX>
		<researchViewY>4.3</researchViewY>
	</ResearchProjectDef>
	
	<ResearchProjectDef>
		<defName>Mortars</defName>
		<label>mortars</label>
		<description>Learn to build mortars which can lob shells long distances over walls.</description>
		<baseCost>2000</baseCost>
		<techLevel>Industrial</techLevel>
		<prerequisites>
			<li>Machining</li>
		</prerequisites>
		<researchViewX>5</researchViewX>
		<researchViewY>4.3</researchViewY>
	</ResearchProjectDef>

	<ResearchProjectDef>
		<defName>Gunsmithing</defName>
		<label>gunsmithing</label>
		<description>Craft simple manually operated guns like revolvers, pump shotguns, bolt-action rifles, and incendiary launchers.</description>
		<baseCost>700</baseCost>
		<techLevel>Industrial</techLevel>
		<prerequisites>
			<li>Machining</li>
		</prerequisites>
		<researchViewX>5</researchViewX>
		<researchViewY>5</researchViewY>
	</ResearchProjectDef>

	<ResearchProjectDef>
		<defName>BlowbackOperation</defName>
		<label>blowback operation</label>
		<description>Craft simple semi-automatic and automatic guns like autopistols, machine pistols, and heavy SMGs.</description>
		<baseCost>700</baseCost>
		<techLevel>Industrial</techLevel>
		<prerequisites>
			<li>Gunsmithing</li>
		</prerequisites>
		<researchViewX>6</researchViewX>
		<researchViewY>5</researchViewY>
	</ResearchProjectDef>

	<ResearchProjectDef>
		<defName>GasOperation</defName>
		<label>gas operation</label>
		<description>Craft more advanced semi-automatic and automatic guns like chain shotguns and LMGs.</description>
		<baseCost>1000</baseCost>
		<techLevel>Industrial</techLevel>
		<prerequisites>
			<li>BlowbackOperation</li>
		</prerequisites>
		<researchViewX>7</researchViewX>
		<researchViewY>5</researchViewY>
	</ResearchProjectDef>

	<ResearchProjectDef>
		<defName>PrecisionRifling</defName>
		<label>precision rifling</label>
		<description>Craft assault rifles and sniper rifles.</description>
		<baseCost>1400</baseCost>
		<techLevel>Industrial</techLevel>
		<prerequisites>
			<li>GasOperation</li>
		</prerequisites>
		<researchViewX>8</researchViewX>
		<researchViewY>5</researchViewY>
	</ResearchProjectDef>

  <ResearchProjectDef>
    <defName>SmokepopBelt</defName>
    <label>smokepop belts</label>
    <description>Learn to build smokepop belts which can provide an automatic defensive smokescreen.</description>
    <baseCost>1000</baseCost>
    <techLevel>Industrial</techLevel>
    <prerequisites>
      <li>Machining</li>
      <li>Refining</li>
    </prerequisites>
    <researchViewX>5</researchViewX>
    <researchViewY>3.6</researchViewY>
  </ResearchProjectDef>
  
	<ResearchProjectDef>
		<defName>MicroelectronicsBasics</defName>
		<label>microelectronics basics</label>
		<description>The basics of working with delicate, complex electronics. This unlocks the high-tech research bench, comms console, and other research projects like tube televisions, and cryptosleep caskets.</description>
		<baseCost>700</baseCost>
		<techLevel>Industrial</techLevel>
		<prerequisites>
			<li>Electricity</li>
      <li>Machining</li>
		</prerequisites>
		<researchViewX>6</researchViewX>
		<researchViewY>2.5</researchViewY>
	</ResearchProjectDef>

	<!--=============================== Tier 2.5 Microelectronics ===================================-->

	<ResearchProjectDef>
		<defName>TubeTelevision</defName>
		<label>tube television</label>
		<description>Allows the production of tube televisions.</description>
		<baseCost>800</baseCost>
		<techLevel>Industrial</techLevel>
		<prerequisites>
			<li>MicroelectronicsBasics</li>
		</prerequisites>
		<researchViewX>7</researchViewX>
		<researchViewY>3.6</researchViewY>
	</ResearchProjectDef>

	<ResearchProjectDef>
		<defName>GunTurrets</defName>
		<label>gun turrets</label>
		<description>Allows the production of automated gun turrets.</description>
		<baseCost>800</baseCost>
		<techLevel>Industrial</techLevel>
		<prerequisites>
			<li>MicroelectronicsBasics</li>
			<li>BlowbackOperation</li>
		</prerequisites>
		<researchViewX>7</researchViewX>
		<researchViewY>4.3</researchViewY>
	</ResearchProjectDef>

</Defs>
