﻿<?xml version="1.0" encoding="utf-8" ?>
<Defs>

	<!--=============================== Tier 3: Hi-tech research bench ===================================-->

	<ResearchProjectDef>
		<defName>Firefoam</defName>
		<label>firefoam</label>
		<description>Allows the construction of firefoam poppers; fire-safety buildings which spread fire-retardant foam in response to encroaching flames.</description>
		<baseCost>800</baseCost>
		<techLevel>Industrial</techLevel>
		<prerequisites>
			<li>MicroelectronicsBasics</li>
		</prerequisites>
		<requiredResearchBuilding>HiTechResearchBench</requiredResearchBuilding>
		<researchViewX>7</researchViewX>
		<researchViewY>2.9</researchViewY>
	</ResearchProjectDef>

	<ResearchProjectDef>
		<defName>MoisturePump</defName>
		<label>moisture pump</label>
		<description>Allows the construction of moisture pumps, which turn wet ground dry.</description>
		<baseCost>1200</baseCost>
		<techLevel>Industrial</techLevel>
		<prerequisites>
			<li>MicroelectronicsBasics</li>
		</prerequisites>
		<requiredResearchBuilding>HiTechResearchBench</requiredResearchBuilding>
		<researchViewX>8</researchViewX>
		<researchViewY>2.9</researchViewY>
	</ResearchProjectDef>

	<ResearchProjectDef>
		<defName>GeothermalPower</defName>
		<label>geothermal power</label>
		<description>Allows you to build geothermal power plants on top of steam geysers, for uninterrupted power.</description>
		<baseCost>1800</baseCost>
		<techLevel>Industrial</techLevel>
		<prerequisites>
			<li>MicroelectronicsBasics</li>
		</prerequisites>
		<requiredResearchBuilding>HiTechResearchBench</requiredResearchBuilding>
		<researchViewX>8</researchViewX>
		<researchViewY>3.6</researchViewY>
	</ResearchProjectDef>
	<ResearchProjectDef>
		<defName>HospitalBed</defName>
		<label>hospital bed</label>
		<description>Allows colonists to construct hospital beds which increase chance of successful medical work.</description>
		<baseCost>2000</baseCost>
		<techLevel>Industrial</techLevel>
		<prerequisites>
			<li>MicroelectronicsBasics</li>
		</prerequisites>
		<requiredResearchBuilding>HiTechResearchBench</requiredResearchBuilding>
		<researchViewX>7</researchViewX>
		<researchViewY>1.6</researchViewY>
	</ResearchProjectDef>

	<ResearchProjectDef>
		<defName>TransportPod</defName>
		<label>transport pod</label>
		<description>Construct launchable transport pods that you can use to launch people and supplies long distances across the planet's surface.</description>
		<baseCost>1100</baseCost>
		<techLevel>Industrial</techLevel>
		<prerequisites>
			<li>MicroelectronicsBasics</li>
		</prerequisites>
		<requiredResearchBuilding>HiTechResearchBench</requiredResearchBuilding>
		<researchViewX>7</researchViewX>
		<researchViewY>0.8</researchViewY>
	</ResearchProjectDef>

	<ResearchProjectDef>
		<defName>MedicineProduction</defName>
		<label>medicine production</label>
		<description>Produce medicine from herbal medicine, neutroamine, and cloth.</description>
		<baseCost>1500</baseCost>
		<techLevel>Industrial</techLevel>
		<prerequisites>
			<li>DrugProduction</li>
			<li>MicroelectronicsBasics</li>
		</prerequisites>
		<requiredResearchBuilding>HiTechResearchBench</requiredResearchBuilding>
		<researchViewX>7</researchViewX>
		<researchViewY>0</researchViewY>
	</ResearchProjectDef>

	<ResearchProjectDef>
		<defName>MultiAnalyzer</defName>
		<label>multi-analyzer</label>
		<description>Allows colonists to build multi-analyzers which increase research speed, and allow higher-level research projects, if placed near a research bench.</description>
		<baseCost>800</baseCost>
		<techLevel>Industrial</techLevel>
		<prerequisites>
			<li>MicroelectronicsBasics</li>
		</prerequisites>
		<requiredResearchBuilding>HiTechResearchBench</requiredResearchBuilding>
		<researchViewX>8</researchViewX>
		<researchViewY>2</researchViewY>
	</ResearchProjectDef>

	<ResearchProjectDef>
		<defName>LongRangeMineralScanner</defName>
		<label>long-range mineral scanner</label>
		<description>Allows the construction of long-range mineral scanners which automatically detect precious minerals like gold or jade in the nearby areas (but not in which the scanners were built).\n\nThe lumps are found on average once per 30 days within a radius of 30 tiles.\n\nBuilding more than one scanner in the same or nearby areas has little to no effect.</description>
		<baseCost>700</baseCost>
		<techLevel>Industrial</techLevel>
		<prerequisites>
			<li>MicroelectronicsBasics</li>
		</prerequisites>
		<requiredResearchBuilding>HiTechResearchBench</requiredResearchBuilding>
		<researchViewX>8</researchViewX>
		<researchViewY>0</researchViewY>
	</ResearchProjectDef>

</Defs>
