﻿<?xml version="1.0" encoding="utf-8" ?>
<Defs>


  <!--========================= Doors =============================-->

  <ThingDef ParentName="BuildingBase" Name="DoorBase" Abstract="True">
    <thingClass>Building_Door</thingClass>
    <category>Building</category>
    <altitudeLayer>DoorMoveable</altitudeLayer>
    <fillPercent>1</fillPercent>
    <useHitPoints>true</useHitPoints>
    <stuffCategories>
      <li>Metallic</li>
      <li>Woody</li>
      <li>Stony</li>
    </stuffCategories>
    <statBases>
      <MaxHitPoints>250</MaxHitPoints>
      <Flammability>1.0</Flammability>
    </statBases>
    <leaveResourcesWhenKilled>false</leaveResourcesWhenKilled>
    <selectable>true</selectable>
    <tickerType>Normal</tickerType>
    <rotatable>false</rotatable>
    <soundImpactDefault>BulletImpact_Metal</soundImpactDefault>
    <terrainAffordanceNeeded>Light</terrainAffordanceNeeded>
    <designationCategory>Structure</designationCategory>
    <holdsRoof>true</holdsRoof>
    <staticSunShadowHeight>1.0</staticSunShadowHeight>
    <blockLight>true</blockLight>
    <drawerType>RealtimeOnly</drawerType>
    <building>
			<isInert>true</isInert>
			<canPlaceOverWall>true</canPlaceOverWall>
      <soundDoorOpenPowered>Door_OpenPowered</soundDoorOpenPowered>
      <soundDoorClosePowered>Door_ClosePowered</soundDoorClosePowered>
      <soundDoorOpenManual>Door_OpenManual</soundDoorOpenManual>
      <soundDoorCloseManual>Door_CloseManual</soundDoorCloseManual>
      <blueprintClass>Blueprint_Door</blueprintClass>
      <blueprintGraphicData>
        <texPath>Things/Building/Door/Door_Blueprint</texPath>
      </blueprintGraphicData>
    </building>
    <comps>
      <li Class="CompProperties_Forbiddable"/>
    </comps>
		<placeWorkers>
			<li>PlaceWorker_DoorLearnOpeningSpeed</li>
		</placeWorkers>
  </ThingDef>

  <ThingDef ParentName="DoorBase">
    <defName>Door</defName>
    <label>door</label>
    <description>Divides rooms. Simple doors must be manually opened, which slows people down. The amount of slowdown depends on what the door is made of.</description>
    <statBases>
      <WorkToBuild>850</WorkToBuild>
    </statBases>
    <graphicData>
      <texPath>Things/Building/Door/DoorSimple_Mover</texPath>
      <graphicClass>Graphic_Single</graphicClass>
      <damageData>
        <!--  no damage marks because they don't move with the door
        <rect>(0,0.12,1,0.76)</rect>-->
        <enabled>false</enabled>
      </damageData>
    </graphicData>
    <uiIconPath>Things/Building/Door/DoorSimple_MenuIcon</uiIconPath>
    <costStuffCount>25</costStuffCount>
    <designationHotKey>Misc1</designationHotKey>
  </ThingDef>

  <ThingDef ParentName="DoorBase">
    <defName>Autodoor</defName>
    <label>autodoor</label>
    <description>Divides rooms. Powered operation allows people to move through the door without slowing down.</description>
    <statBases>
      <WorkToBuild>1100</WorkToBuild>
    </statBases>
    <graphicData>
      <texPath>Things/Building/Door/Autodoor_Mover</texPath>
      <graphicClass>Graphic_Single</graphicClass>
      <damageData>
      <!--  no damage marks because they don't move with the door
        <rect>(0,0.12,1,0.76)</rect>-->
        <enabled>false</enabled>
      </damageData>
    </graphicData>
    <uiIconPath>Things/Building/Door/Autodoor_MenuIcon</uiIconPath>
    <costList>
      <Steel>40</Steel>
      <ComponentIndustrial>2</ComponentIndustrial>
    </costList>
    <costStuffCount>25</costStuffCount>
    <comps>
      <li Class="CompProperties_Power">
        <compClass>CompPowerTrader</compClass>
        <basePowerConsumption>50</basePowerConsumption>
      </li>
      <li Class="CompProperties_Breakdownable"/>
    </comps>
    <designationHotKey>Misc2</designationHotKey>
    <researchPrerequisites>
      <li>Autodoors</li>
    </researchPrerequisites>
    <constructionSkillPrerequisite>6</constructionSkillPrerequisite>
  </ThingDef>





  <!--========================= Walls =============================-->



  <ThingDef ParentName="BuildingBase" Name="Wall">
    <defName>Wall</defName>
    <label>wall</label>
    <description>An impassable wall. Capable of holding up a roof.</description>
    <thingClass>Building</thingClass>
    <category>Building</category>
    <graphicData>
      <texPath>Things/Building/Linked/Wall</texPath>
      <graphicClass>Graphic_Appearances</graphicClass>
      <linkType>CornerFiller</linkType>
      <linkFlags>
        <li>Wall</li>
        <li>Rock</li>
      </linkFlags>
      <damageData>
        <cornerTL>Damage/Corner</cornerTL>
        <cornerTR>Damage/Corner</cornerTR>
        <cornerBL>Damage/Corner</cornerBL>
        <cornerBR>Damage/Corner</cornerBR>
        <edgeTop>Damage/Edge</edgeTop>
        <edgeBot>Damage/Edge</edgeBot>
        <edgeLeft>Damage/Edge</edgeLeft>
        <edgeRight>Damage/Edge</edgeRight>
      </damageData>
    </graphicData>
    <uiIconPath>Things/Building/Linked/WallSmooth_MenuIcon</uiIconPath>
    <statBases>
      <MaxHitPoints>350</MaxHitPoints>
      <WorkToBuild>150</WorkToBuild>
      <Flammability>1.0</Flammability>
    </statBases>
    <costStuffCount>5</costStuffCount>
    <leaveResourcesWhenKilled>false</leaveResourcesWhenKilled>
    <altitudeLayer>Building</altitudeLayer>
    <passability>Impassable</passability>
    <blockWind>true</blockWind>
    <castEdgeShadows>true</castEdgeShadows>
    <fillPercent>1</fillPercent>
    <coversFloor>true</coversFloor>
    <placingDraggableDimensions>1</placingDraggableDimensions>
    <tickerType>Never</tickerType>
    <rotatable>false</rotatable>
    <selectable>true</selectable>
    <neverMultiSelect>true</neverMultiSelect>
    <terrainAffordanceNeeded>Medium</terrainAffordanceNeeded>
    <holdsRoof>true</holdsRoof>
    <designationCategory>Structure</designationCategory>
    <staticSunShadowHeight>1.0</staticSunShadowHeight>
    <blockLight>true</blockLight>
    <canOverlapZones>false</canOverlapZones>
    <stuffCategories>
      <li>Metallic</li>
      <li>Woody</li>
      <li>Stony</li>
    </stuffCategories>
    <building>
      <isInert>true</isInert>
      <blueprintGraphicData>
        <texPath>Things/Building/Linked/Wall_Blueprint_Atlas</texPath>
      </blueprintGraphicData>
    </building>
    <damageMultipliers>
      <li>
        <damageDef>Bomb</damageDef>
        <multiplier>2</multiplier>
      </li>
    </damageMultipliers>
    <designationHotKey>Misc3</designationHotKey>
  </ThingDef>

</Defs>
