﻿<?xml version="1.0" encoding="utf-8" ?>
<Defs>

  <ThingDef ParentName="BuildingBase">
    <defName>PsychicEmanator</defName>
    <label>psychic emanator</label>
    <description>An ancient device that projects a soothing psychic field around itself. This improves the mood of anyone nearby. Works through walls.</description>
    <graphicData>
      <texPath>Things/Building/Special/PsychicEmanator</texPath>
      <graphicClass>Graphic_Single</graphicClass>
      <drawSize>(2, 2)</drawSize>
      <shadowData>
        <volume>(0.3, 0.6, 0.3)</volume>
        <offset>(0.0, 0.0, -0.1)</offset>
      </shadowData>
      <damageData>
        <rect>(0,0.75,1.0,0.5)</rect>
      </damageData>
    </graphicData>
    <costList>
      <Steel>50</Steel>
      <Component>7</Component>
    </costList>
    <comps>
      <li Class="CompProperties_Power">
        <compClass>CompPowerTrader</compClass>
        <startElectricalFires>true</startElectricalFires>
        <basePowerConsumption>200</basePowerConsumption>
        <shortCircuitInRain>false</shortCircuitInRain>
      </li>
      <li Class="CompProperties_Breakdownable"/>
      <li Class="CompProperties_Flickable"/>
    </comps>
    <altitudeLayer>Building</altitudeLayer>
    <statBases>
      <MarketValue>1400</MarketValue>
      <MaxHitPoints>100</MaxHitPoints>
      <Flammability>1.0</Flammability>
      <Beauty>-4</Beauty>
      <Mass>15</Mass>
      <WorkToBuild>2000</WorkToBuild>
    </statBases>
    <itemGeneratorTags>
      <li>SpecialReward</li>
    </itemGeneratorTags>
    <fillPercent>0.2</fillPercent>
    <leaveResourcesWhenKilled>false</leaveResourcesWhenKilled>
    <pathCost>25</pathCost>
    <rotatable>false</rotatable>
    <canOverlapZones>false</canOverlapZones>
    <minifiedDef>MinifiedFurniture</minifiedDef>
    <specialDisplayRadius>15</specialDisplayRadius>
    <tradeability>Sellable</tradeability>
  </ThingDef>

  <ThingDef ParentName="BuildingBase">
    <defName>VanometricPowerCell</defName>
    <label>vanometric power cell</label>
    <description>Generates free energy, forever, without using fuel. This technology is developed by archotech AIs, and is beyond even most glitterworld societies. While nobody knows exactly how it works, scholars believe it somehow extracts energy directly from fluctuations in the quantum foam.</description>
    <graphicData>
      <texPath>Things/Building/Special/VanometricPowerCell</texPath>
      <graphicClass>Graphic_Multi</graphicClass>
      <drawSize>(2, 3)</drawSize>
      <damageData>
        <cornerTL>Damage/Corner</cornerTL>
        <cornerTR>Damage/Corner</cornerTR>
        <cornerBL>Damage/Corner</cornerBL>
        <cornerBR>Damage/Corner</cornerBR>
      </damageData>
    </graphicData>
    <altitudeLayer>Building</altitudeLayer>
    <pathCost>70</pathCost>
    <fillPercent>0.4</fillPercent>
    <leaveResourcesWhenKilled>false</leaveResourcesWhenKilled>
    <canOverlapZones>false</canOverlapZones>
    <castEdgeShadows>true</castEdgeShadows>
    <staticSunShadowHeight>0.5</staticSunShadowHeight>
    <statBases>
      <MarketValue>1750</MarketValue>
      <MaxHitPoints>100</MaxHitPoints>
      <Flammability>1.0</Flammability>
      <Mass>20</Mass>
      <WorkToBuild>3000</WorkToBuild>
    </statBases>
    <tickerType>Normal</tickerType>
    <size>(1, 2)</size>
    <costList>
      <Steel>100</Steel>
      <Component>7</Component>
    </costList>
    <comps>
      <li Class="CompProperties_Power">
        <compClass>CompPowerPlant</compClass>
        <basePowerConsumption>-500</basePowerConsumption>
        <transmitsPower>true</transmitsPower>
      </li>
      <li Class="CompProperties_Glower">
        <glowRadius>3</glowRadius>
        <glowColor>(227,233,168,0)</glowColor>
      </li>
    </comps>
    <itemGeneratorTags>
      <li>SpecialReward</li>
    </itemGeneratorTags>
    <minifiedDef>MinifiedFurniture</minifiedDef>
    <tradeability>Sellable</tradeability>
  </ThingDef>

  <ThingDef ParentName="BuildingBase">
    <defName>InfiniteChemreactor</defName>
    <label>infinite chemreactor</label>
    <description>Slowly generates chemfuel by a complex series of chemical reactions, using atoms extracted from the air.</description>
    <graphicData>
      <texPath>Things/Building/Special/InfiniteChemreactor</texPath>
      <graphicClass>Graphic_Single</graphicClass>
      <drawSize>(3, 3)</drawSize>
      <shadowData>
        <volume>(1.8, 1.0, 0.2)</volume>
        <offset>(0.0, 0.0, -0.4)</offset>
      </shadowData>
    </graphicData>
    <costList>
      <Steel>200</Steel>
      <Component>8</Component>
    </costList>
    <comps>
      <li Class="CompProperties_Power">
        <compClass>CompPowerTrader</compClass>
        <startElectricalFires>true</startElectricalFires>
        <basePowerConsumption>300</basePowerConsumption>
      </li>
      <li Class="CompProperties_Breakdownable"/>
      <li Class="CompProperties_Flickable"/>
      <li Class="CompProperties_Spawner">
        <requiresPower>true</requiresPower>
        <thingToSpawn>Chemfuel</thingToSpawn>
        <spawnCount>75</spawnCount>
        <spawnIntervalRange><min>600000</min><max>600000</max></spawnIntervalRange>
        <writeTimeLeftToSpawn>true</writeTimeLeftToSpawn>
        <showMessageIfOwned>true</showMessageIfOwned>
      </li>
      <li Class="CompProperties_Explosive">
        <explosiveRadius>8</explosiveRadius>
        <explosiveDamageType>Flame</explosiveDamageType>
      </li>
    </comps>
    <altitudeLayer>Building</altitudeLayer>
    <statBases>
      <MarketValue>2000</MarketValue>
      <MaxHitPoints>200</MaxHitPoints>
      <Flammability>1.0</Flammability>
      <Beauty>-10</Beauty>
      <Mass>35</Mass>
      <WorkToBuild>8000</WorkToBuild>
    </statBases>
    <itemGeneratorTags>
      <li>SpecialReward</li>
    </itemGeneratorTags>
    <tickerType>Normal</tickerType>
    <size>(2, 2)</size>
    <fillPercent>1.0</fillPercent>
    <leaveResourcesWhenKilled>false</leaveResourcesWhenKilled>
    <passability>Impassable</passability>
    <rotatable>false</rotatable>
    <canOverlapZones>false</canOverlapZones>
    <minifiedDef>MinifiedFurniture</minifiedDef>
    <tradeability>Sellable</tradeability>
  </ThingDef>

</Defs>
