﻿<?xml version="1.0" encoding="utf-8" ?>
<Defs>

  <ThingDef ParentName="BuildingBase">
    <defName>Sandbags</defName>
    <label>sandbags</label>
    <thingClass>Building</thingClass>
    <category>Building</category>
    <graphicData>
      <texPath>Things/Building/Linked/Sandbags_Atlas</texPath>
      <graphicClass>Graphic_Single</graphicClass>
      <linkType>Basic</linkType>
      <linkFlags>
        <li>Sandbags</li>
      </linkFlags>
    </graphicData>
    <blueprintGraphicData>
      <texPath>Things/Building/Linked/Sandbags_Blueprint_Atlas</texPath>
    </blueprintGraphicData>
    <uiIconPath>Things/Building/Linked/Sandbags_MenuIcon</uiIconPath>
    <altitudeLayer>Building</altitudeLayer>
    <pathCost>40</pathCost>
    <pathCostIgnoreRepeat>true</pathCostIgnoreRepeat>
    <passability>PassThroughOnly</passability>
    <castEdgeShadows>true</castEdgeShadows>
    <fillPercent>0.65</fillPercent>
    <canOverlapZones>false</canOverlapZones>
    <statBases>
      <MaxHitPoints>450</MaxHitPoints>
      <Beauty>-10</Beauty>
      <WorkToBuild>180</WorkToBuild>
      <Flammability>0</Flammability>
    </statBases>
    <building>
			<ai_chillDestination>false</ai_chillDestination>
			<isInert>true</isInert>
    </building>
    <description>Cover from gunfire.</description>
    <placingDraggableDimensions>1</placingDraggableDimensions>
    <costList>
      <Steel>6</Steel>
    </costList>
    <filthLeaving>SandbagRubble</filthLeaving>
    <rotatable>false</rotatable>
    <selectable>true</selectable>
    <neverMultiSelect>true</neverMultiSelect>
    <terrainAffordanceNeeded>Light</terrainAffordanceNeeded>
    <designationCategory>Security</designationCategory>
    <staticSunShadowHeight>0.20</staticSunShadowHeight>
    <constructEffect>ConstructDirt</constructEffect>
    <repairEffect>ConstructDirt</repairEffect>
    <designationHotKey>Misc1</designationHotKey>
  </ThingDef>

  <!--=============== Improvised turret ===============-->
  
  <ThingDef ParentName="BuildingBase">
    <defName>TurretGun</defName>
    <label>improvised turret</label>
    <thingClass>Building_TurretGun</thingClass>
    <graphicData>
      <texPath>Things/Building/Security/TurretImprovised</texPath>
      <graphicClass>Graphic_Single</graphicClass>
      <drawSize>(3,3)</drawSize>
      <damageData>
        <rect>(0.2,0.2,0.6,0.6)</rect>
      </damageData>
    </graphicData>
    <minifiedDef>MinifiedFurniture</minifiedDef>
    <altitudeLayer>Building</altitudeLayer>
    <stealable>false</stealable>
    <rotatable>false</rotatable>
    <statBases>
      <MaxHitPoints>100</MaxHitPoints>
      <Flammability>1.0</Flammability>
      <WorkToBuild>2500</WorkToBuild>
      <Mass>100</Mass>
      <Beauty>-20</Beauty>
    </statBases>
    <tickerType>Normal</tickerType>
    <comps>
      <li Class="CompProperties_Explosive">
        <explosiveRadius>3.9</explosiveRadius>
        <explosiveDamageType>Bomb</explosiveDamageType>
        <chanceNeverExplodeFromDamage>0.5</chanceNeverExplodeFromDamage>
      </li>
      <li Class="CompProperties_Forbiddable"/>
      <li Class="CompProperties_Power">
        <compClass>CompPowerTrader</compClass>
        <basePowerConsumption>350</basePowerConsumption>
      </li>
      <li Class="CompProperties_Flickable"/>
      <li Class="CompProperties_Breakdownable"/>
    </comps>
    <description>An improvised turret that automatically fires at nearby enemies. Explodes when damaged. Its hacked-together AI brain isn't very smart, and can't be directly controlled, so beware of friendly fire.</description>
    <passability>PassThroughOnly</passability>
    <pathCost>50</pathCost>
    <fillPercent>0.4</fillPercent>
    <castEdgeShadows>true</castEdgeShadows>
    <hasTooltip>true</hasTooltip>
    <stuffCategories>
      <li>Metallic</li>
    </stuffCategories>
    <costStuffCount>75</costStuffCount>
    <costList>
      <Steel>100</Steel>
      <Component>3</Component>
    </costList>
    <terrainAffordanceNeeded>Light</terrainAffordanceNeeded>
    <designationCategory>Security</designationCategory>
    <specialDisplayRadius>25.9</specialDisplayRadius>
    <building>
			<ai_combatDangerous>true</ai_combatDangerous>
      <turretGunDef>Gun_TurretImprovised</turretGunDef>
      <turretBurstCooldownTime>5.15</turretBurstCooldownTime>
      <turretTopGraphicPath>Things/Building/Security/TurretImprovised_Top</turretTopGraphicPath>
    </building>
    <designationHotKey>Misc2</designationHotKey>
    <researchPrerequisites>
      <li>GunTurrets</li>
    </researchPrerequisites>
  </ThingDef>

  <ThingDef ParentName="BaseBullet">
    <defName>Bullet_TurretImprovised</defName>
    <label>improvised turret bullet</label>
    <graphicData>
      <texPath>Things/Projectile/Bullet_Small</texPath>
      <graphicClass>Graphic_Single</graphicClass>
    </graphicData>
    <projectile>
      <damageDef>Bullet</damageDef>
      <damageAmountBase>10</damageAmountBase>
      <speed>70</speed>
    </projectile>
  </ThingDef>

  <ThingDef ParentName="BaseHumanGun">
    <defName>Gun_TurretImprovised</defName>
    <label>improvised turret gun</label>
    <graphicData>
      <texPath>Things/Item/Equipment/WeaponRanged/ChargeRifle</texPath>
      <graphicClass>Graphic_Single</graphicClass>
    </graphicData>
    <menuHidden>true</menuHidden>
    <description>Jury-rigged gun attached to a turret.</description>
    <soundInteract>InteractRifle</soundInteract>
    <canBeSpawningInventory>false</canBeSpawningInventory>
    <tradeability>Never</tradeability>
    <destroyOnDrop>true</destroyOnDrop>
    <useHitPoints>false</useHitPoints>
    <statBases>
      <AccuracyTouch>0.80</AccuracyTouch>
      <AccuracyShort>0.64</AccuracyShort>
      <AccuracyMedium>0.41</AccuracyMedium>
      <AccuracyLong>0.22</AccuracyLong>
      <RangedWeapon_Cooldown>0.66</RangedWeapon_Cooldown>
      <DeteriorationRate>0</DeteriorationRate>
    </statBases>
    <weaponTags>
      <li>TurretGun</li>
    </weaponTags>
    <verbs>
      <li>
        <verbClass>Verb_Shoot</verbClass>
        <hasStandardCommand>true</hasStandardCommand>
        <defaultProjectile>Bullet_TurretImprovised</defaultProjectile>
        <warmupTime>1.5</warmupTime>
        <range>25.9</range>
        <ticksBetweenBurstShots>8</ticksBetweenBurstShots>
        <burstShotCount>3</burstShotCount>
        <soundCast>GunShotA</soundCast>
        <soundCastTail>GunTail_Light</soundCastTail>
        <muzzleFlashScale>9</muzzleFlashScale>
      </li>
    </verbs>
  </ThingDef>

  <!-- ================ Mortars ==================-->

  <ThingDef Name="BaseArtilleryBuilding" ParentName="BuildingBase" Abstract="True">
    <thingClass>Building_TurretGun</thingClass>
    <graphicData>
      <texPath>Things/Building/Security/TurretMortarBase</texPath>
      <graphicClass>Graphic_Single</graphicClass>
      <drawSize>(4,4)</drawSize>
      <damageData>
        <rect>(0.38,0.2,0.56375,0.8)</rect>
        <cornerTL>Damage/Corner</cornerTL>
      </damageData>
    </graphicData>
    <minifiedDef>MinifiedFurniture</minifiedDef>
    <altitudeLayer>Building</altitudeLayer>
    <hasInteractionCell>True</hasInteractionCell>
    <interactionCellOffset>(0,0,-1)</interactionCellOffset>
    <stealable>false</stealable>
    <size>(2,2)</size>
    <passability>PassThroughOnly</passability>
    <pathCost>50</pathCost>
    <fillPercent>0.4</fillPercent>
    <castEdgeShadows>true</castEdgeShadows>
    <stuffCategories>
      <li>Metallic</li>
    </stuffCategories>
    <tickerType>Normal</tickerType>
    <terrainAffordanceNeeded>Light</terrainAffordanceNeeded>
    <designationCategory>Security</designationCategory>
		<costStuffCount>50</costStuffCount>
		<costList>
			<Steel>100</Steel>
			<Component>3</Component>
		</costList>
    <inspectorTabs>
      <li>ITab_Shells</li>
    </inspectorTabs>
    <comps>
      <li Class="CompProperties_Forbiddable"/>
      <li Class="CompProperties_Mannable">
        <manWorkType>Violent</manWorkType>
      </li>
    </comps>
    <statBases>
      <MaxHitPoints>180</MaxHitPoints>
      <Flammability>1.0</Flammability>
      <WorkToBuild>1900</WorkToBuild>
      <Mass>100</Mass>
      <Beauty>-20</Beauty>
    </statBases>
    <building>
      <turretBurstWarmupTime>4.0</turretBurstWarmupTime>
			<turretBurstCooldownTime>28.0</turretBurstCooldownTime>
			<buildingTags>
				<li>Artillery</li>
			</buildingTags>
		</building>
    <placeWorkers>
      <li>PlaceWorker_NotUnderRoof</li>
    </placeWorkers>
    <researchPrerequisites>
      <li>Mortars</li>
    </researchPrerequisites>
  </ThingDef>

  <ThingDef Name="BaseArtilleryWeapon" Abstract="True">
    <category>Item</category>
    <thingClass>ThingWithComps</thingClass>
    <label>artillery error</label>
    <useHitPoints>false</useHitPoints>
    <equipmentType>Primary</equipmentType>
    <tickerType>Never</tickerType>
    <techLevel>Industrial</techLevel>
    <destroyOnDrop>True</destroyOnDrop>
		<canBeSpawningInventory>false</canBeSpawningInventory>
    <menuHidden>True</menuHidden>
    <tradeability>Never</tradeability>
    <weaponTags>
      <li>Artillery</li>
    </weaponTags>
    <comps>
      <li>
        <compClass>CompEquippable</compClass>
      </li>
      <li Class="CompProperties_ChangeableProjectile" />
    </comps>
    <building>
      <fixedStorageSettings>
        <filter>
          <categories>
            <li>MortarShells</li>
          </categories>
        </filter>
      </fixedStorageSettings>
      <defaultStorageSettings>
        <filter>
          <categories>
            <li>MortarShells</li>
          </categories>
          <exceptedThingDefs>
            <li>Shell_Firefoam</li>
            <li>Shell_AntigrainWarhead</li>
          </exceptedThingDefs>
        </filter>
      </defaultStorageSettings>
    </building>
  </ThingDef>

  <!--=============== Mortar turret ===============-->

  <ThingDef ParentName="BaseArtilleryBuilding">
    <defName>Turret_Mortar</defName>
    <label>mortar</label>
    <description>A mortar that launches all kinds of shells. Must be manned. Explodes when damaged.</description>
    <comps>
      <li Class="CompProperties_Explosive">
        <explosiveRadius>4.9</explosiveRadius>
        <explosiveDamageType>Bomb</explosiveDamageType>
      </li>
    </comps>
    <designationHotKey>Misc3</designationHotKey>
    <building>
      <turretGunDef>Artillery_Mortar</turretGunDef>
      <turretTopGraphicPath>Things/Building/Security/TurretMortar_Top</turretTopGraphicPath>
      <buildingTags>
        <li>Artillery_BaseDestroyer</li>
      </buildingTags>
    </building>
  </ThingDef>
  
  <ThingDef ParentName="BaseArtilleryWeapon">
    <defName>Artillery_Mortar</defName>
    <label>mortar</label>
    <description>Mortar launcher. Lobs bombs over walls. Very inaccurate but long-ranged.</description>
    <weaponTags>
      <li>Artillery_BaseDestroyer</li>
    </weaponTags>
    <verbs>
      <li>
        <verbClass>Verb_Shoot</verbClass>
        <forceNormalTimeSpeed>false</forceNormalTimeSpeed>
        <hasStandardCommand>true</hasStandardCommand>
        <warmupTime>5.8</warmupTime>
        <forcedMissRadius>11</forcedMissRadius>
        <requireLineOfSight>false</requireLineOfSight>
        <minRange>30</minRange>
        <range>500</range>
        <burstShotCount>1</burstShotCount>
        <soundCast>Mortar_LaunchA</soundCast>
        <muzzleFlashScale>16</muzzleFlashScale>
        <targetParams>
          <canTargetLocations>true</canTargetLocations>
        </targetParams>
      </li>
    </verbs>
  </ThingDef>

  <!--==================== Traps ======================== -->

  <ThingDef ParentName="BuildingBase">
    <defName>TrapDeadfall</defName>
    <label>deadfall trap</label>
    <thingClass>Building_TrapRearmable</thingClass>
    <graphicData>
      <texPath>Things/Building/Security/DeadfallArmed</texPath>
      <graphicClass>Graphic_Single</graphicClass>
      <damageData>
        <rect>(0,0,1,0.15)</rect>
      </damageData>
    </graphicData>
    <altitudeLayer>Building</altitudeLayer>
    <drawerType>RealtimeOnly</drawerType>
    <rotatable>false</rotatable>
    <tickerType>Normal</tickerType>
    <stealable>false</stealable>
    <statBases>
      <MaxHitPoints>40</MaxHitPoints>
      <WorkToBuild>2000</WorkToBuild>
      <Beauty>-4</Beauty>
      <TrapMeleeDamage>60</TrapMeleeDamage>
      <TrapSpringChance>0.8</TrapSpringChance>
    </statBases>
    <description>A suspended spiked weight held up by a delicate trigger. When the victim disturbs the trigger, the weight is released and falls on his head or torso.</description>
    <stuffCategories>
      <li>Metallic</li>
      <li>Woody</li>
      <li>Stony</li>
    </stuffCategories>
    <costStuffCount>70</costStuffCount>
    <designationCategory>Security</designationCategory>
    <designationHotKey>Misc6</designationHotKey>
    <building>
      <isTrap>true</isTrap>
      <trapDamageCategory>Sharp</trapDamageCategory>
      <trapUnarmedGraphicData>
        <texPath>Things/Building/Security/DeadfallUnarmed</texPath>
        <graphicClass>Graphic_Single</graphicClass>
        <shaderType>Cutout</shaderType>
      </trapUnarmedGraphicData>
    </building>
    <constructionSkillPrerequisite>3</constructionSkillPrerequisite>
  </ThingDef>

  <ThingDef Name="TrapIEDBase" ParentName="BuildingBase" Abstract="True">
    <thingClass>Building_TrapExplosive</thingClass>
    <graphicData>
      <graphicClass>Graphic_Single</graphicClass>
      <damageData>
        <rect>(0.1,0,0.8,0.3)</rect>
      </damageData>
    </graphicData>
    <altitudeLayer>Building</altitudeLayer>
    <drawerType>RealtimeOnly</drawerType>
    <rotatable>false</rotatable>
    <tickerType>Normal</tickerType>
    <stealable>false</stealable>
    <statBases>
      <MaxHitPoints>40</MaxHitPoints>
      <WorkToBuild>2000</WorkToBuild>
      <Beauty>-4</Beauty>
      <TrapSpringChance>0.8</TrapSpringChance>
    </statBases>
    <designationCategory>Security</designationCategory>
    <building>
      <isTrap>true</isTrap>
    </building>
    <constructionSkillPrerequisite>3</constructionSkillPrerequisite>
  </ThingDef>

  <ThingDef ParentName="TrapIEDBase">
    <defName>TrapIED_HighExplosive</defName>
    <label>IED trap</label>
    <description>A mortar shell connected to a homemade trigger. When someone disturbs the trigger, the shell explodes. The improvised trigger has a random delay that might allow a nimble enemy to escape.</description>
    <graphicData>
      <texPath>Things/Building/Security/IEDHighExplosive</texPath>
    </graphicData>
    <costList>
      <Shell_HighExplosive>1</Shell_HighExplosive>
      <Component>1</Component>
    </costList>
    <designationHotKey>Misc7</designationHotKey>
    <comps>
      <li Class="CompProperties_Explosive">
        <explosiveRadius>2.9</explosiveRadius>
        <explosiveDamageType>Bomb</explosiveDamageType>
        <startWickHitPointsPercent>0.2</startWickHitPointsPercent>
        <wickTicks>
          <min>15</min>
          <max>70</max>
        </wickTicks>
      </li>
    </comps>
    <researchPrerequisites><li>IEDs</li></researchPrerequisites>
  </ThingDef>

  <ThingDef ParentName="TrapIEDBase">
    <defName>TrapIED_Incendiary</defName>
    <label>IED incendiary trap</label>
    <description>Explosives mixed into an incendiary paste with a chemical trigger for dispersal. Its chemical trigger is simple and reliable.</description>
    <graphicData>
      <texPath>Things/Building/Security/IEDIncendiary</texPath>
    </graphicData>
    <costList>
      <Shell_Incendiary>1</Shell_Incendiary>
      <Component>1</Component>
    </costList>
    <designationHotKey>Misc8</designationHotKey>
    <comps>
      <li Class="CompProperties_Explosive">
        <explosiveRadius>2.9</explosiveRadius>
        <explosiveDamageType>Flame</explosiveDamageType>
        <startWickHitPointsPercent>0.2</startWickHitPointsPercent>
        <wickTicks>
          <min>10</min>
          <max>50</max>
        </wickTicks>
      </li>
    </comps>
    <researchPrerequisites><li>IEDIncendiary</li></researchPrerequisites>
  </ThingDef>
  
  <ThingDef ParentName="TrapIEDBase">
    <defName>TrapIED_EMP</defName>
    <label>IED EMP trap</label>
    <description>A simple trap consisting of an EMP shell and a homemade trigger. The explosion can paralyze mechanical creatures for a few seconds. Can be triggered even by those who are unaffacted by EMP explosions.</description>
    <graphicData>
      <texPath>Things/Building/Security/IEDEMP</texPath>
    </graphicData>
    <costList>
      <Shell_EMP>1</Shell_EMP>
      <Component>1</Component>
    </costList>
    <designationHotKey>Misc9</designationHotKey>
    <comps>
      <li Class="CompProperties_Explosive">
        <explosiveRadius>8.5</explosiveRadius>
        <explosiveDamageType>EMP</explosiveDamageType>
        <startWickHitPointsPercent>0.2</startWickHitPointsPercent>
        <wickTicks>
          <min>15</min>
          <max>70</max>
        </wickTicks>
      </li>
    </comps>
    <researchPrerequisites><li>IEDs</li></researchPrerequisites>
  </ThingDef>

  <ThingDef ParentName="TrapIEDBase">
    <defName>TrapIED_Firefoam</defName>
    <label>IED firefoam trap</label>
    <description>When someone touches the trigger, the trap explodes and sprays a fire-extinguishing foam around itself.</description>
    <graphicData>
      <texPath>Things/Building/Security/IEDFirefoam</texPath>
    </graphicData>
    <costList>
      <Shell_Firefoam>1</Shell_Firefoam>
      <Component>1</Component>
    </costList>
    <designationHotKey>Misc10</designationHotKey>
    <comps>
      <li Class="CompProperties_Explosive">
        <explosiveRadius>5</explosiveRadius>
        <explosiveDamageType>Extinguish</explosiveDamageType>
        <startWickHitPointsPercent>0.2</startWickHitPointsPercent>
        <postExplosionSpawnThingDef>FilthFireFoam</postExplosionSpawnThingDef>
        <postExplosionSpawnChance>1</postExplosionSpawnChance>
        <postExplosionSpawnThingCount>3</postExplosionSpawnThingCount>
        <applyDamageToExplosionCellsNeighbors>true</applyDamageToExplosionCellsNeighbors>
        <explosionEffect>ExtinguisherExplosion</explosionEffect>
        <wickTicks>
          <min>10</min>
          <max>35</max>
        </wickTicks>
      </li>
    </comps>
    <researchPrerequisites><li>IEDs</li></researchPrerequisites>
  </ThingDef>

  <ThingDef ParentName="TrapIEDBase">
    <defName>TrapIED_AntigrainWarhead</defName>
    <label>IED antigrain warhead trap</label>
    <description>A tiny warhead connected to a homemade trigger. Creates a huge explosion and starts fires around itself when disturbed.</description>
    <graphicData>
      <texPath>Things/Building/Security/IEDAntigrainWarhead</texPath>
    </graphicData>
    <costList>
      <Shell_AntigrainWarhead>1</Shell_AntigrainWarhead>
      <Component>1</Component>
    </costList>
    <designationHotKey>Misc11</designationHotKey>
    <comps>
      <li Class="CompProperties_Explosive">
        <explosiveRadius>15</explosiveRadius>
        <explosiveDamageType>Bomb</explosiveDamageType>
        <damageAmountBase>400</damageAmountBase>
        <startWickHitPointsPercent>0.2</startWickHitPointsPercent>
        <chanceToStartFire>0.22</chanceToStartFire>
        <dealMoreDamageAtCenter>true</dealMoreDamageAtCenter>
        <explosionEffect>GiantExplosion</explosionEffect>
        <explosionSound>Explosion_GiantBomb</explosionSound>
        <wickTicks>
          <min>15</min>
          <max>70</max>
        </wickTicks>
      </li>
    </comps>
    <researchPrerequisites><li>IEDs</li></researchPrerequisites>
  </ThingDef>

</Defs>
