﻿<?xml version="1.0" encoding="utf-8" ?>
<Defs>

  <ThingDef ParentName="BuildingBase">
    <defName>OrbitalTradeBeacon</defName>
    <label>orbital trade beacon</label>
    <thingClass>Building_OrbitalTradeBeacon</thingClass>
    <graphicData>
      <texPath>Things/Building/Misc/DropBeacon</texPath>
      <graphicClass>Graphic_Single</graphicClass>
      <shadowData>
        <volume>(0.3, 0.4, 0.3)</volume>
        <offset>(0,0,-0.1)</offset>
      </shadowData>
      <damageData>
        <rect>(0.2,0.2,0.6,0.6)</rect>
      </damageData>
    </graphicData>
    <altitudeLayer>Building</altitudeLayer>
    <minifiedDef>MinifiedFurniture</minifiedDef>
    <statBases>
      <MaxHitPoints>75</MaxHitPoints>
      <WorkToBuild>1300</WorkToBuild>
      <Flammability>1.0</Flammability>
    </statBases>
    <description>Required for orbital trading. You can only sell goods that are near an orbital trade beacon. Can be placed indoors.</description>
    <drawerType>MapMeshAndRealTime</drawerType>
    <drawPlaceWorkersWhileSelected>true</drawPlaceWorkersWhileSelected>
    <fillPercent>0.15</fillPercent>
    <costList>
      <Steel>50</Steel>
      <Component>1</Component>
    </costList>
    <comps>
      <li Class="CompProperties_Power">
        <compClass>CompPowerTrader</compClass>
        <basePowerConsumption>40</basePowerConsumption>
        <shortCircuitInRain>false</shortCircuitInRain>
      </li>
      <li Class="CompProperties_Flickable"/>
      <li Class="CompProperties_Breakdownable"/>
    </comps>
		<building>
			<ai_chillDestination>false</ai_chillDestination>
		</building>
    <leaveResourcesWhenKilled>false</leaveResourcesWhenKilled>
    <pathCost>8</pathCost>
    <designationCategory>Misc</designationCategory>
    <rotatable>false</rotatable>
    <placeWorkers>
      <li>PlaceWorker_ShowTradeBeaconRadius</li>
    </placeWorkers>
    <designationHotKey>Misc2</designationHotKey>
    <researchPrerequisites>
      <li>MicroelectronicsBasics</li>
    </researchPrerequisites>
  </ThingDef>

  <ThingDef ParentName="BuildingBase">
    <defName>CommsConsole</defName>
    <label>comms console</label>
    <thingClass>Building_CommsConsole</thingClass>
    <graphicData>
      <texPath>Things/Building/Misc/CommsConsole</texPath>
      <graphicClass>Graphic_Single</graphicClass>
      <drawSize>(5,4)</drawSize>
      <damageData>
        <rect>(0,0,3,1.8)</rect>
        <cornerBL>Damage/Corner</cornerBL>
        <cornerBR>Damage/Corner</cornerBR>
      </damageData>
    </graphicData>
    <altitudeLayer>Building</altitudeLayer>
    <passability>Impassable</passability>
    <blockWind>true</blockWind>
    <castEdgeShadows>true</castEdgeShadows>
    <fillPercent>1</fillPercent>
    <canOverlapZones>false</canOverlapZones>
    <statBases>
      <MaxHitPoints>250</MaxHitPoints>
      <WorkToBuild>2200</WorkToBuild>
      <Flammability>1.0</Flammability>
    </statBases>
    <description>Allows radio contact with remote traders as well as other factions for trade and diplomacy.</description>
    <size>(3,2)</size>
    <costList>
      <Steel>120</Steel>
      <Component>4</Component>
    </costList>
    <interactionCellOffset>(0,0,2)</interactionCellOffset>
    <hasInteractionCell>true</hasInteractionCell>
    <terrainAffordanceNeeded>Heavy</terrainAffordanceNeeded>
    <designationCategory>Misc</designationCategory>
		<building>
			<ai_chillDestination>false</ai_chillDestination>
		</building>
    <comps>
      <li Class="CompProperties_Power">
        <compClass>CompPowerTrader</compClass>
        <startElectricalFires>true</startElectricalFires>
        <basePowerConsumption>200</basePowerConsumption>
      </li>
      <li Class="CompProperties_Flickable"/>
      <li Class="CompProperties_Breakdownable"/>
    </comps>
    <staticSunShadowHeight>0.5</staticSunShadowHeight>
    <designationHotKey>Misc3</designationHotKey>
    <researchPrerequisites>
      <li>MicroelectronicsBasics</li>
    </researchPrerequisites>
    <constructionSkillPrerequisite>5</constructionSkillPrerequisite>
  </ThingDef>

  <ThingDef ParentName="BuildingBase">
    <defName>FirefoamPopper</defName>
    <label>firefoam popper</label>
    <description>When touched by fire or triggered by hand, this pops and sprays a fire-extinguishing foam in a circular field around itself.</description>
    <graphicData>
      <texPath>Things/Building/Misc/FirefoamPopper</texPath>
      <graphicClass>Graphic_Single</graphicClass>
      <shadowData>
        <volume>(0.25, 0.5, 0.25)</volume>
        <offset>(0,0,-0.1)</offset>
      </shadowData>
      <damageData>
        <rect>(0.2,0.2,0.6,0.6)</rect>
      </damageData>
    </graphicData>
    <comps>
      <li Class="CompProperties_Explosive">
        <explosiveRadius>9.9</explosiveRadius>
        <explosiveDamageType>Extinguish</explosiveDamageType>
        <startWickHitPointsPercent>-1</startWickHitPointsPercent>
        <startWickOnDamageTaken>Flame</startWickOnDamageTaken>
        <postExplosionSpawnThingDef>FilthFireFoam</postExplosionSpawnThingDef>
        <postExplosionSpawnChance>1</postExplosionSpawnChance>
        <postExplosionSpawnThingCount>3</postExplosionSpawnThingCount>
        <applyDamageToExplosionCellsNeighbors>true</applyDamageToExplosionCellsNeighbors>
        <explosionEffect>ExtinguisherExplosion</explosionEffect>
      </li>
      <li Class="CompProperties_Usable">
        <useJob>TriggerFirefoamPopper</useJob>
        <useLabel>Trigger firefoam popper</useLabel>
      </li>
      <li Class="CompProperties_UseEffect">
        <compClass>CompUseEffect_StartWick</compClass>
      </li>
    </comps>
    <tickerType>Normal</tickerType>
    <altitudeLayer>Building</altitudeLayer>
    <minifiedDef>MinifiedFurniture</minifiedDef>
    <statBases>
      <MaxHitPoints>50</MaxHitPoints>
      <WorkToBuild>1500</WorkToBuild>
      <Mass>10</Mass>
      <Flammability>1.0</Flammability>
      <Beauty>-8</Beauty>
    </statBases>
    <fillPercent>0.30</fillPercent>
    <costList>
      <Steel>75</Steel>
      <Component>1</Component>
    </costList>
    <specialDisplayRadius>9.9</specialDisplayRadius>
    <leaveResourcesWhenKilled>false</leaveResourcesWhenKilled>
    <pathCost>25</pathCost>
    <designationCategory>Misc</designationCategory>
    <rotatable>false</rotatable>
    <designationHotKey>Misc7</designationHotKey>
    <researchPrerequisites>
      <li>Firefoam</li>
    </researchPrerequisites>
    <constructionSkillPrerequisite>5</constructionSkillPrerequisite>
  </ThingDef>

  <ThingDef ParentName="BuildingBase">
    <defName>MoisturePump</defName>
    <label>moisture pump</label>
    <description>Very slowly removes moisture from nearby terrain, converting marshes or shallow water into dry ground. Does not affect deep water.</description>
    <graphicData>
      <texPath>Things/Building/Misc/MoisturePump</texPath>
      <graphicClass>Graphic_Single</graphicClass>
      <shadowData>
        <volume>(0.25, 0.5, 0.25)</volume>
        <offset>(0,0,-0.1)</offset>
      </shadowData>
      <damageData>
        <rect>(0.2,0.2,0.6,0.6)</rect>
      </damageData>
    </graphicData>
    <comps>
      <li Class="CompProperties_Power">
        <compClass>CompPowerTrader</compClass>
        <startElectricalFires>true</startElectricalFires>
        <basePowerConsumption>150</basePowerConsumption>
        <shortCircuitInRain>false</shortCircuitInRain>
      </li>
      <li Class="CompProperties_TerrainPumpDry">
        <radius>6.9</radius>
        <daysToRadius>60</daysToRadius>
      </li>
    </comps>
    <tickerType>Rare</tickerType>
    <altitudeLayer>Building</altitudeLayer>
    <statBases>
      <MaxHitPoints>50</MaxHitPoints>
      <WorkToBuild>1500</WorkToBuild>
      <Flammability>1.0</Flammability>
      <Beauty>-8</Beauty>
    </statBases>
    <fillPercent>0.15</fillPercent>
		<building>
			<ai_chillDestination>false</ai_chillDestination>
		</building>
    <costList>
      <Steel>75</Steel>
      <Component>5</Component>
    </costList>
    <specialDisplayRadius>6.9</specialDisplayRadius>
    <leaveResourcesWhenKilled>false</leaveResourcesWhenKilled>
    <pathCost>25</pathCost>
    <designationCategory>Misc</designationCategory>
    <rotatable>false</rotatable>
    <researchPrerequisites>
      <li>MoisturePump</li>
    </researchPrerequisites>
    <constructionSkillPrerequisite>6</constructionSkillPrerequisite>
  </ThingDef>

  <ThingDef ParentName="BuildingBase">
    <defName>GroundPenetratingScanner</defName>
    <label>ground-penetrating scanner</label>
    <description>A downward-facing penetrating radar, combined with sonar and magnetic imagers, allows you to detect (but not identify) minerals buried deep under the surface. Requires a huge amount of electricity.</description>
    <graphicData>
      <texPath>Things/Building/Misc/GroundPenetratingScanner</texPath>
      <graphicClass>Graphic_Single</graphicClass>
      <drawSize>(2,2)</drawSize>
      <shadowData>
        <volume>(1.4, 0.5, 1.4)</volume>
        <offset>(0,0,-0.1)</offset>
      </shadowData>
    </graphicData>
    <costList>
      <Steel>400</Steel>
      <Component>12</Component>
    </costList>
    <comps>
      <li Class="CompProperties_Power">
        <compClass>CompPowerTrader</compClass>
        <startElectricalFires>true</startElectricalFires>
        <basePowerConsumption>1500</basePowerConsumption>
        <shortCircuitInRain>false</shortCircuitInRain>
      </li>
      <li Class="CompProperties_Breakdownable"/>
      <li Class="CompProperties_Flickable"/>
      <li>
        <compClass>CompDeepScanner</compClass>
      </li>
    </comps>
    <altitudeLayer>Building</altitudeLayer>
    <statBases>
      <MaxHitPoints>50</MaxHitPoints>
      <WorkToBuild>1500</WorkToBuild>
      <Flammability>1.0</Flammability>
      <Beauty>-8</Beauty>
    </statBases>
    <fillPercent>0.40</fillPercent>
    <leaveResourcesWhenKilled>false</leaveResourcesWhenKilled>
    <pathCost>25</pathCost>
    <designationCategory>Misc</designationCategory>
    <rotatable>false</rotatable>
    <canOverlapZones>false</canOverlapZones>
    <size>(2,2)</size>
    <researchPrerequisites>
      <li>GroundPenetratingScanner</li>
    </researchPrerequisites>
    <constructionSkillPrerequisite>8</constructionSkillPrerequisite>
  </ThingDef>

  <ThingDef ParentName="BuildingBase">
    <defName>LongRangeMineralScanner</defName>
    <label>long-range mineral scanner</label>
    <description>Automatically detects precious minerals like gold or jade in the nearby areas (but not in which it was built). The lumps are found on average once per 30 days within a radius of 30 tiles. Building more than one scanner in the same or nearby areas has little to no effect.</description>
    <graphicData>
      <texPath>Things/Building/Misc/LongRangeMineralScanner</texPath>
      <graphicClass>Graphic_Single</graphicClass>
      <drawSize>(2, 2)</drawSize>
      <shadowData>
        <volume>(1.4, 0.5, 1.4)</volume>
        <offset>(0,0,-0.1)</offset>
      </shadowData>
    </graphicData>
    <costList>
      <Steel>200</Steel>
      <Component>8</Component>
    </costList>
    <comps>
      <li Class="CompProperties_Power">
        <compClass>CompPowerTrader</compClass>
        <startElectricalFires>true</startElectricalFires>
        <basePowerConsumption>200</basePowerConsumption>
        <shortCircuitInRain>false</shortCircuitInRain>
      </li>
      <li Class="CompProperties_Breakdownable"/>
      <li Class="CompProperties_Flickable"/>
      <li Class="CompProperties_LongRangeMineralScanner"/>
    </comps>
    <placeWorkers>
      <li>PlaceWorker_NotUnderRoof</li>
    </placeWorkers>
    <altitudeLayer>Building</altitudeLayer>
    <statBases>
      <MaxHitPoints>50</MaxHitPoints>
      <WorkToBuild>1000</WorkToBuild>
      <Flammability>1.0</Flammability>
      <Beauty>-8</Beauty>
    </statBases>
    <tickerType>Rare</tickerType>
    <fillPercent>0.40</fillPercent>
    <leaveResourcesWhenKilled>false</leaveResourcesWhenKilled>
    <pathCost>25</pathCost>
    <designationCategory>Misc</designationCategory>
    <rotatable>false</rotatable>
    <canOverlapZones>false</canOverlapZones>
    <size>(2, 2)</size>
    <researchPrerequisites>
      <li>LongRangeMineralScanner</li>
    </researchPrerequisites>
    <constructionSkillPrerequisite>8</constructionSkillPrerequisite>
  </ThingDef>

  <!--========================== Transport pods ============================-->
  
  <ThingDef ParentName="BuildingBase">
    <defName>PodLauncher</defName>
    <label>pod launcher</label>
    <description>A fueling port for launching one transport pod. Pod launchers can launch as a group - but the launchers must be placed adjacent to each other.</description>
    <graphicData>
      <texPath>Things/Building/Misc/PodLauncher</texPath>
      <graphicClass>Graphic_Single</graphicClass>
      <drawSize>(2,3)</drawSize>
    </graphicData>
    <size>(1,2)</size>
    <rotatable>true</rotatable>
    <altitudeLayer>Building</altitudeLayer>
    <passability>Impassable</passability>
    <castEdgeShadows>true</castEdgeShadows>
    <fillPercent>1.0</fillPercent>
    <designationCategory>Misc</designationCategory>
    <canOverlapZones>false</canOverlapZones>
    <building>
      <hasFuelingPort>true</hasFuelingPort>
    </building>
    <statBases>
      <MaxHitPoints>200</MaxHitPoints>
      <WorkToBuild>6000</WorkToBuild>
      <Flammability>0</Flammability>
    </statBases>
    <costList>
      <Steel>80</Steel>
      <Component>3</Component>
    </costList>
    <comps>
      <li Class="CompProperties_Refuelable">
        <fuelCapacity>150.0</fuelCapacity>
        <targetFuelLevelConfigurable>true</targetFuelLevelConfigurable>
        <initialConfigurableTargetFuelLevel>75</initialConfigurableTargetFuelLevel>
        <fuelFilter>
          <thingDefs>
            <li>Chemfuel</li>
          </thingDefs>
        </fuelFilter>
        <consumeFuelOnlyWhenUsed>true</consumeFuelOnlyWhenUsed>
        <autoRefuelPercent>1</autoRefuelPercent>
        <showFuelGizmo>true</showFuelGizmo>
        <drawOutOfFuelOverlay>false</drawOutOfFuelOverlay>
				<drawFuelGaugeInMap>true</drawFuelGaugeInMap>
      </li>
    </comps>
    <placeWorkers>
      <li>PlaceWorker_FuelingPort</li>
      <li>PlaceWorker_NotUnderRoof</li>
    </placeWorkers>
    <drawPlaceWorkersWhileSelected>true</drawPlaceWorkersWhileSelected>
		<researchPrerequisites>
			<li>TransportPod</li>
		</researchPrerequisites>
    <constructionSkillPrerequisite>6</constructionSkillPrerequisite>
  </ThingDef>
  
  <ThingDef ParentName="BuildingBase">
    <defName>TransportPod</defName>
    <label>transport pod</label>
    <description>A launchable suborbital-travel cargo pod capable of carrying people, items, or animals. Can be used for transport, surprise attacks, or reinforcing battles.</description>
    <graphicData>
      <texPath>Things/Special/DropPod</texPath>
      <graphicClass>Graphic_Single</graphicClass>
      <drawSize>(2,2)</drawSize>
    </graphicData>
    <size>(1,1)</size>
    <rotatable>false</rotatable>
    <tickerType>Normal</tickerType>
    <altitudeLayer>BuildingOnTop</altitudeLayer>
    <passability>PassThroughOnly</passability>
    <castEdgeShadows>false</castEdgeShadows>
    <fillPercent>0.5</fillPercent>
    <designationCategory>Misc</designationCategory>
    <iconDrawScale>1</iconDrawScale>
    <statBases>
      <MaxHitPoints>250</MaxHitPoints>
      <WorkToBuild>3000</WorkToBuild>
      <Flammability>0</Flammability>
    </statBases>
    <costList>
      <Steel>80</Steel>
      <Component>1</Component>
    </costList>
    <comps>
      <li Class="CompProperties_Transporter" />
      <li Class="CompProperties_Launchable" />
    </comps>
    <placeWorkers>
      <li>PlaceWorker_NeedsFuelingPort</li>
      <li>PlaceWorker_NotUnderRoof</li>
    </placeWorkers>
		<researchPrerequisites>
			<li>TransportPod</li>
		</researchPrerequisites>
    <constructionSkillPrerequisite>6</constructionSkillPrerequisite>
  </ThingDef>
  
  <!--========================== Facilities ============================-->

  <ThingDef ParentName="BuildingBase">
    <defName>MultiAnalyzer</defName>
    <label>multi-analyzer</label>
    <description>Increases research speed. Needs to be placed near hi-tech research bench. One research bench can be linked to only one multi-analyzer.</description>
    <graphicData>
      <texPath>Things/Building/Misc/MultiAnalyzer</texPath>
      <graphicClass>Graphic_Single</graphicClass>
      <drawSize>(2,2)</drawSize>
      <damageData>
        <rect>(0.15,0.15,1.7,1.7)</rect>
      </damageData>
    </graphicData>
    <researchPrerequisites><li>MultiAnalyzer</li></researchPrerequisites>
    <size>(2,2)</size>
    <rotatable>false</rotatable>
    <altitudeLayer>Building</altitudeLayer>
    <passability>PassThroughOnly</passability>
    <castEdgeShadows>true</castEdgeShadows>
    <fillPercent>0.5</fillPercent>
    <designationHotKey>Misc4</designationHotKey>
    <designationCategory>Misc</designationCategory>
    <minifiedDef>MinifiedFurniture</minifiedDef>
    <canOverlapZones>false</canOverlapZones>
    <statBases>
      <MaxHitPoints>200</MaxHitPoints>
      <WorkToBuild>5000</WorkToBuild>
      <Mass>100</Mass>
      <Flammability>1.0</Flammability>
    </statBases>
    <costList>
      <Steel>100</Steel>
      <Plasteel>50</Plasteel>
      <Gold>20</Gold>
    </costList>
    <comps>
      <li Class="CompProperties_Power">
        <compClass>CompPowerTrader</compClass>
        <startElectricalFires>true</startElectricalFires>
        <basePowerConsumption>200</basePowerConsumption>
      </li>
      <li Class="CompProperties_Flickable"/>
      <li Class="CompProperties_Facility">
        <statOffsets>
          <ResearchSpeedFactor>0.1</ResearchSpeedFactor>
        </statOffsets>
        <maxSimultaneous>1</maxSimultaneous>
      </li>
    </comps>
		<placeWorkers>
			<li>PlaceWorker_ShowFacilitiesConnections</li>
		</placeWorkers>
    <constructionSkillPrerequisite>8</constructionSkillPrerequisite>
  </ThingDef>

  <ThingDef ParentName="BuildingBase">
    <defName>VitalsMonitor</defName>
    <label>vitals monitor</label>
    <graphicData>
      <texPath>Things/Building/Misc/VitalsMonitor</texPath>
      <graphicClass>Graphic_Multi</graphicClass>
      <shadowData>
        <offset>(0,0,-0.3)</offset>
        <volume>(0.3, 0.3, 0.4)</volume>
      </shadowData>
      <damageData>
        <rectN>(0.078125,0.46875,0.859375,0.53125)</rectN>
        <rectS>(0.078125,0.46875,0.859375,0.53125)</rectS>
        <rectE>(0.125,0.46875,0.625,0.296875)</rectE>
        <rectW>(0.25,0.46875,0.625,0.296875)</rectW>
        <cornerTR>Damage/Corner</cornerTR>
      </damageData>
    </graphicData>
    <defaultPlacingRot>South</defaultPlacingRot>
    <researchPrerequisites><li>VitalsMonitor</li></researchPrerequisites>
    <altitudeLayer>Building</altitudeLayer>
    <passability>PassThroughOnly</passability>
    <fillPercent>0.2</fillPercent>
    <statBases>
      <MaxHitPoints>100</MaxHitPoints>
      <WorkToBuild>4000</WorkToBuild>
      <Mass>20</Mass>
      <Flammability>1.0</Flammability>
    </statBases>
    <description>Increases medical tend quality, surgery success chance, and immunity gain speed when placed directly adjacent to a hospital bed. Only works for hospital beds - normal beds will not benefit. Attaching more than one vitals monitor to the same bed will have no effect.</description>
    <size>(1,1)</size>
    <costList>
      <Steel>180</Steel>
    </costList>
    <designationCategory>Misc</designationCategory>
    <minifiedDef>MinifiedFurniture</minifiedDef>
		<building>
			<ai_chillDestination>false</ai_chillDestination>
		</building>
    <comps>
      <li Class="CompProperties_Power">
        <compClass>CompPowerTrader</compClass>
        <startElectricalFires>true</startElectricalFires>
        <basePowerConsumption>150</basePowerConsumption>
      </li>
      <li Class="CompProperties_Flickable"/>
      <li Class="CompProperties_Facility">
        <statOffsets>
          <MedicalTendQualityOffset>0.07</MedicalTendQualityOffset>
          <ImmunityGainSpeedFactor>0.02</ImmunityGainSpeedFactor>
					<SurgerySuccessChanceFactor>0.10</SurgerySuccessChanceFactor>
        </statOffsets>
        <maxSimultaneous>1</maxSimultaneous>
        <mustBePlacedAdjacent>true</mustBePlacedAdjacent>
      </li>
    </comps>
    <designationHotKey>Misc5</designationHotKey>
		<placeWorkers>
			<li>PlaceWorker_ShowFacilitiesConnections</li>
		</placeWorkers>
    <constructionSkillPrerequisite>8</constructionSkillPrerequisite>
  </ThingDef>

  <ThingDef ParentName="BuildingBase">
    <defName>ToolCabinet</defName>
    <label>tool cabinet</label>
    <graphicData>
      <texPath>Things/Building/Misc/ToolCabinet</texPath>
      <graphicClass>Graphic_Multi</graphicClass>
      <drawSize>(2,1)</drawSize>
      <color>(96,114,95)</color>
      <damageData>
        <cornerTL>Damage/Corner</cornerTL>
        <cornerTR>Damage/Corner</cornerTR>
        <cornerBL>Damage/Corner</cornerBL>
        <cornerBR>Damage/Corner</cornerBR>
      </damageData>
    </graphicData>
    <altitudeLayer>Building</altitudeLayer>
    <passability>PassThroughOnly</passability>
    <castEdgeShadows>true</castEdgeShadows>
    <staticSunShadowHeight>0.35</staticSunShadowHeight>
    <fillPercent>0.5</fillPercent>
    <canOverlapZones>false</canOverlapZones>
    <statBases>
      <MaxHitPoints>100</MaxHitPoints>
      <WorkToBuild>1800</WorkToBuild>
      <Mass>40</Mass>
      <Flammability>1.0</Flammability>
    </statBases>
    <description>Increases work speed. Needs to be placed near workbench. One workbench can be simultaneously linked to only two tools cabinets.</description>
    <size>(2,1)</size>
    <costList>
      <Steel>200</Steel>
    </costList>
    <designationCategory>Misc</designationCategory>
    <minifiedDef>MinifiedFurniture</minifiedDef>
    <comps>
      <li Class="CompProperties_Facility">
        <statOffsets>
          <WorkTableWorkSpeedFactor>0.06</WorkTableWorkSpeedFactor>
        </statOffsets>
        <maxSimultaneous>2</maxSimultaneous>
      </li>
    </comps>
    <designationHotKey>Misc6</designationHotKey>
		<placeWorkers>
			<li>PlaceWorker_ShowFacilitiesConnections</li>
		</placeWorkers>
  </ThingDef>
   
  <!--=========================== Graves ============================-->

  <ThingDef ParentName="BuildingBase">
    <defName>Grave</defName>
    <label>grave</label>
    <thingClass>Building_Grave</thingClass>
    <graphicData>
      <texPath>Things/Building/Misc/GraveEmpty</texPath>
      <graphicClass>Graphic_Multi</graphicClass>
      <drawSize>(3,4)</drawSize>
    </graphicData>
    <constructEffect>ConstructDirt</constructEffect>
    <altitudeLayer>FloorEmplacement</altitudeLayer>
    <useHitPoints>false</useHitPoints>
    <description>Place the dead in graves to give them a decent final resting place. Colonists will visit full graves to gain meditative joy.</description>
    <size>(1,2)</size>
    <tickerType>Rare</tickerType>
    <canOverlapZones>false</canOverlapZones>
    <statBases>
      <WorkToBuild>650</WorkToBuild>
    </statBases>
    <passability>PassThroughOnly</passability>
    <defaultPlacingRot>South</defaultPlacingRot>
    <building>
			<ai_chillDestination>false</ai_chillDestination>
      <isInert>true</isInert>
      <preventDeteriorationInside>true</preventDeteriorationInside>
      <fullGraveGraphicData>
				<texPath>Things/Building/Misc/GraveFull</texPath>
				<graphicClass>Graphic_Multi</graphicClass>
				<drawSize>(3,4)</drawSize>
			</fullGraveGraphicData>
      <fixedStorageSettings>
        <filter>
          <categories>
            <li>Corpses</li>
          </categories>
        </filter>
      </fixedStorageSettings>
      <defaultStorageSettings>
        <filter>
          <categories>
            <li>CorpsesHumanlike</li>
          </categories>
        </filter>
      </defaultStorageSettings>
    </building>
    <inspectorTabs>
      <li>ITab_Storage</li>
    </inspectorTabs>
    <terrainAffordanceNeeded>Diggable</terrainAffordanceNeeded>
    <designationCategory>Misc</designationCategory>
    <designationHotKey>Misc8</designationHotKey>
  </ThingDef>
  
  <ThingDef ParentName="BuildingBase">
    <defName>Sarcophagus</defName>
    <label>sarcophagus</label>
    <thingClass>Building_Sarcophagus</thingClass>
    <graphicData>
      <texPath>Things/Building/Misc/Sarcophagus</texPath>
      <graphicClass>Graphic_Multi</graphicClass>
      <drawSize>(3,4)</drawSize>
      <damageData>
        <cornerTL>Damage/Corner</cornerTL>
        <cornerTR>Damage/Corner</cornerTR>
        <cornerBL>Damage/Corner</cornerBL>
        <cornerBR>Damage/Corner</cornerBR>
      </damageData>
    </graphicData>
    <description>An ornamented burial receptacle for the honored dead.</description>
    <size>(1,2)</size>
    <pathCost>70</pathCost>
    <castEdgeShadows>true</castEdgeShadows>
    <fillPercent>0.5</fillPercent>
    <tickerType>Rare</tickerType>
    <canOverlapZones>false</canOverlapZones>
    <building>
			<ai_chillDestination>false</ai_chillDestination>
			<preventDeteriorationInside>true</preventDeteriorationInside>
      <fullGraveGraphicData>
				<texPath>Things/Building/Misc/SarcophagusFull</texPath>
				<graphicClass>Graphic_Multi</graphicClass>
				<drawSize>(3,4)</drawSize>
			</fullGraveGraphicData>
      <fixedStorageSettings>
        <filter>
          <categories>
            <li>Corpses</li>
          </categories>
        </filter>
      </fixedStorageSettings>
      <defaultStorageSettings>
        <filter>
          <categories>
            <li>CorpsesHumanlike</li>
          </categories>
          <specialFiltersToDisallow>
            <li>AllowCorpsesStranger</li>
          </specialFiltersToDisallow>
        </filter>
      </defaultStorageSettings>
    </building>
    <statBases>
      <WorkToBuild>2500</WorkToBuild>
      <MaxHitPoints>250</MaxHitPoints>
      <Flammability>1.0</Flammability>
      <Beauty>0</Beauty>
    </statBases>
    <stuffCategories>
      <li>Woody</li>
      <li>Metallic</li>
      <li>Stony</li>
    </stuffCategories>
    <inspectorTabs>
      <li>ITab_Storage</li>
      <li>ITab_Art</li>
    </inspectorTabs>
    <comps>
      <li>
        <compClass>CompQuality</compClass>
      </li>
      <li Class="CompProperties_Art">
        <nameMaker>ArtName_SarcophagusPlate</nameMaker>
        <descriptionMaker>ArtDescription_SarcophagusPlate</descriptionMaker>
        <mustBeFullGrave>true</mustBeFullGrave>
      </li>
    </comps>
    <costStuffCount>60</costStuffCount>
    <altitudeLayer>Building</altitudeLayer>
    <passability>PassThroughOnly</passability>
    <blockWind>true</blockWind>
    <terrainAffordanceNeeded>Heavy</terrainAffordanceNeeded>
    <staticSunShadowHeight>0.3</staticSunShadowHeight>
    <designationCategory>Misc</designationCategory>
    <designationHotKey>Misc9</designationHotKey>
  </ThingDef>

  <!--======================= Cryptosleep caskets ===========================-->

  <ThingDef ParentName="BuildingBase">
    <defName>CryptosleepCasket</defName>
    <label>cryptosleep casket</label>
    <thingClass>Building_CryptosleepCasket</thingClass>
    <graphicData>
      <texPath>Things/Building/Ship/ShipCryptosleepCasket</texPath>
      <graphicClass>Graphic_Multi</graphicClass>
      <drawSize>(2, 3)</drawSize>
    </graphicData>
    <researchPrerequisites><li>Cryptosleep</li></researchPrerequisites>
    <altitudeLayer>Building</altitudeLayer>
    <passability>PassThroughOnly</passability>
    <pathCost>70</pathCost>
    <blockWind>true</blockWind>
    <castEdgeShadows>true</castEdgeShadows>
    <fillPercent>0.5</fillPercent>
    <canOverlapZones>false</canOverlapZones>
    <statBases>
      <WorkToBuild>3200</WorkToBuild>
      <MaxHitPoints>250</MaxHitPoints>
      <Flammability>1.0</Flammability>
    </statBases>
    <tickerType>Normal</tickerType>
    <description>A self-powered sarcophagus designed to keep a person in a state of suspended animation for many years.</description>
    <size>(1,2)</size>
    <designationCategory>Misc</designationCategory>
    <hasInteractionCell>true</hasInteractionCell>
    <interactionCellOffset>(1,0,0)</interactionCellOffset>
    <defaultPlacingRot>South</defaultPlacingRot>
		<building>
			<ai_chillDestination>false</ai_chillDestination>
		</building>
    <costList>
      <Steel>180</Steel>
      <Uranium>5</Uranium>
      <Component>8</Component>
    </costList>
    <comps>
      <li Class="CompProperties_Explosive">
        <explosiveRadius>2.66</explosiveRadius>
        <explosiveDamageType>Flame</explosiveDamageType>
      </li>
    </comps>
    <terrainAffordanceNeeded>Heavy</terrainAffordanceNeeded>
    <staticSunShadowHeight>0.4</staticSunShadowHeight>
    <constructionSkillPrerequisite>8</constructionSkillPrerequisite>
  </ThingDef>

  <ThingDef ParentName="BuildingBase">
    <defName>AncientCryptosleepCasket</defName>
    <label>ancient cryptosleep casket</label>
    <thingClass>Building_AncientCryptosleepCasket</thingClass>
    <graphicData>
      <texPath>Things/Building/Ship/ShipCryptosleepCasket</texPath>
      <graphicClass>Graphic_Multi</graphicClass>
      <drawSize>(2,3)</drawSize>
    </graphicData>
    <altitudeLayer>Building</altitudeLayer>
    <passability>PassThroughOnly</passability>
    <pathCost>70</pathCost>
    <blockWind>true</blockWind>
    <castEdgeShadows>true</castEdgeShadows>
    <fillPercent>0.5</fillPercent>
    <canOverlapZones>false</canOverlapZones>
    <statBases>
      <MaxHitPoints>250</MaxHitPoints>
      <Flammability>1.0</Flammability>
    </statBases>
    <tickerType>Normal</tickerType>
    <description>This cryptosleep casket looks like it has been here for a very long time. Who knows what it might contain?</description>
    <size>(1,2)</size>
    <hasInteractionCell>true</hasInteractionCell>
    <interactionCellOffset>(1,0,0)</interactionCellOffset>
    <costList>
      <Steel>180</Steel>
      <Uranium>5</Uranium>
    </costList>
    <killedLeavings>
      <ChunkSlagSteel>1</ChunkSlagSteel>
      <Steel>25</Steel>
      <Uranium>3</Uranium>
    </killedLeavings>
		<building>
			<ai_chillDestination>false</ai_chillDestination>
		</building>
    <comps>
      <li Class="CompProperties_Explosive">
        <explosiveRadius>2.66</explosiveRadius>
        <explosiveDamageType>Flame</explosiveDamageType>
      </li>
    </comps>
    <leaveResourcesWhenKilled>false</leaveResourcesWhenKilled>
    <terrainAffordanceNeeded>Heavy</terrainAffordanceNeeded>
    <staticSunShadowHeight>0.4</staticSunShadowHeight>
  </ThingDef>

  <!--============================ Spots =============================-->

  <ThingDef ParentName="BuildingBase">
    <defName>MarriageSpot</defName>
    <label>marriage spot</label>
    <description>Designates a spot where marriage ceremonies will take place. Spectators can watch from either side.</description>
    <thingClass>Building_MarriageSpot</thingClass>
    <graphicData>
      <texPath>Things/Building/Misc/MarriageSpot</texPath>
      <graphicClass>Graphic_Single</graphicClass>
      <drawSize>(2,1)</drawSize>
    </graphicData>
    <altitudeLayer>FloorEmplacement</altitudeLayer>
    <statBases>
      <WorkToBuild>0</WorkToBuild>
    </statBases>
    <useHitPoints>False</useHitPoints>
		<scatterableOnMapGen>false</scatterableOnMapGen>
		<size>(2,1)</size>
    <designationCategory>Misc</designationCategory>
    <passability>Standable</passability>
    <building>
      <sowTag>SupportPlantsOnly</sowTag>
      <canPlaceOverImpassablePlant>false</canPlaceOverImpassablePlant>
      <ai_chillDestination>false</ai_chillDestination>
    </building>
    <designationHotKey>Misc10</designationHotKey>
  </ThingDef>
  
  <ThingDef ParentName="BuildingBase">
    <defName>PartySpot</defName>
    <label>party spot</label>
    <description>Designates a spot where parties will be centered. Parties use an area around the spot.</description>
    <graphicData>
      <texPath>Things/Building/Misc/PartySpot</texPath>
      <graphicClass>Graphic_Single</graphicClass>
    </graphicData>
    <altitudeLayer>FloorEmplacement</altitudeLayer>
    <statBases>
      <WorkToBuild>0</WorkToBuild>
    </statBases>
		<scatterableOnMapGen>false</scatterableOnMapGen>
		<useHitPoints>False</useHitPoints>
    <designationCategory>Misc</designationCategory>
    <passability>Standable</passability>
    <building>
      <sowTag>SupportPlantsOnly</sowTag>
      <canPlaceOverImpassablePlant>false</canPlaceOverImpassablePlant>
      <ai_chillDestination>false</ai_chillDestination>
    </building>
    <designationHotKey>Misc11</designationHotKey>
  </ThingDef>
  
  <ThingDef ParentName="BuildingBase">
    <defName>CaravanPackingSpot</defName>
    <label>caravan packing spot</label>
    <description>Designates a spot where caravans will be formed.</description>
    <graphicData>
      <texPath>Things/Building/Misc/CaravanPackingSpot</texPath>
      <graphicClass>Graphic_Single</graphicClass>
      <drawSize>(1,1)</drawSize>
    </graphicData>
    <altitudeLayer>FloorEmplacement</altitudeLayer>
    <statBases>
      <WorkToBuild>0</WorkToBuild>
    </statBases>
    <useHitPoints>false</useHitPoints>
		<scatterableOnMapGen>false</scatterableOnMapGen>
    <designationCategory>Misc</designationCategory>
    <passability>Standable</passability>
    <building>
      <sowTag>SupportPlantsOnly</sowTag>
      <canPlaceOverImpassablePlant>false</canPlaceOverImpassablePlant>
      <ai_chillDestination>false</ai_chillDestination>
    </building>
    <designationHotKey>Misc12</designationHotKey>
  </ThingDef>
  
</Defs>