<?xml version="1.0" encoding="utf-8" ?>
<Defs>

<!--
Some calculations for a retuning, Apr 3 2018

-There are 8 joy kinds: 2 with no gear, 4 from buildings, 2 from consumables. You'll generally have 3-6 kinds availabel.
-Joy falls 0.6 per day, but falls slower when low or very low.
-Each tolerance falls independently at a rate of 0.0833 / day
-Since tolerances fall independently, total tolerance fall rate for a pawn depends on the number of tolerances >0 at any time:
    1 kind  live: 0.08 / day
    2 kinds live: 0.17 / day
    3 kinds live: 0.25 / day
    4 kinds live: 0.33 / day
    5 kinds live: 0.42 / day
    6 kinds live: 0.50 / day

-B18 tuning:    Tolerance gain per joy 0.4
    You need to get 0.6 joy per day, thus gaining 0.24 tolerance per day.
    So you only really need to use 3 joykinds to stay ahead of that and remain in the satisfied range.

-1.0 tuning A:  Tolerance gain per joy 0.7
    You need to get 0.6 joy per day, gaining 0.42 tolerance per day.
    This is maintainable with 5 joy kinds.
    Otherwise you'll be in the "low" range with 4 kinds.
    And the very low range/low with 3 kinds.

-1.0 tuning B:  Tolerance gain per joy 0.65
    You need to get 0.6 joy per day, gaining 0.39 tolerance per day.
    0.7 seems a bit harsh, and I want the upper thersholds to be possible, so here I set tolerance gain per joy to 0.65

-1.0 tuning C:  Split tolerance drop rates per expectation level
    Tolerances fall at different rates depending on the expectation level.
    Low expectations retains the old behavior, others are easier and harder.
-->

  <ExpectationDef>
    <defName>ExtremelyLow</defName>
    <label>extremely low</label>
    <thoughtStage>5</thoughtStage>
    <maxMapWealth>15000</maxMapWealth>
    <joyKindsNeeded>2</joyKindsNeeded>
    <joyToleranceDropPerDay>0.18</joyToleranceDropPerDay>
  </ExpectationDef>

  <ExpectationDef>
    <defName>VeryLow</defName>
    <label>very low</label>
    <thoughtStage>4</thoughtStage>
    <maxMapWealth>31000</maxMapWealth>
    <joyKindsNeeded>3</joyKindsNeeded>
    <joyToleranceDropPerDay>0.13</joyToleranceDropPerDay>
  </ExpectationDef>

  <ExpectationDef>
    <defName>Low</defName>
    <label>low</label>
    <thoughtStage>3</thoughtStage>
    <maxMapWealth>81000</maxMapWealth>
    <joyKindsNeeded>3</joyKindsNeeded>
    <joyToleranceDropPerDay>0.11</joyToleranceDropPerDay>
  </ExpectationDef>

  <ExpectationDef>
    <defName>Moderate</defName>
    <label>moderate</label>
    <thoughtStage>2</thoughtStage>
    <maxMapWealth>182000</maxMapWealth>
    <joyKindsNeeded>4</joyKindsNeeded>
    <joyToleranceDropPerDay>0.10</joyToleranceDropPerDay>
  </ExpectationDef>

  <ExpectationDef>
    <defName>High</defName>
    <label>high</label>
    <thoughtStage>1</thoughtStage>
    <maxMapWealth>308000</maxMapWealth>
    <joyKindsNeeded>5</joyKindsNeeded>
    <joyToleranceDropPerDay>0.08</joyToleranceDropPerDay>
  </ExpectationDef>

  <ExpectationDef>
    <defName>SkyHigh</defName>
    <label>sky high</label>
    <thoughtStage>0</thoughtStage>
    <maxMapWealth>1000000000</maxMapWealth>
    <joyKindsNeeded>6</joyKindsNeeded>
    <joyToleranceDropPerDay>0.07</joyToleranceDropPerDay>
  </ExpectationDef>


  <ThoughtDef>
    <defName>LowExpectations</defName>
    <workerClass>ThoughtWorker_Expectations</workerClass>
    <stages>
      <li>
        <label>sky-high expectations</label>
        <description>This place is really rich. I should be made very comfortable here.</description>
        <baseMoodEffect>0</baseMoodEffect>
      </li>
      <li>
        <label>high expectations</label>
        <description>This place is almost rich. There's no reason I shouldn't have the things I want.</description>
        <baseMoodEffect>6</baseMoodEffect>
      </li>
      <li>
        <label>moderate expectations</label>
        <description>This place isn't quite rich. I can't expect to be totally pampered.</description>
        <baseMoodEffect>12</baseMoodEffect>
      </li>
      <li>
        <label>low expectations</label>
        <description>This place doesn't have the wealth for many luxuries. I can't expect great comforts.</description>
        <baseMoodEffect>18</baseMoodEffect>
      </li>
      <li>
        <label>very low expectations</label>
        <description>This place is poverty-stricken. I need to keep myself strong to survive.</description>
        <baseMoodEffect>24</baseMoodEffect>
      </li>
      <li>
        <label>extremely low expectations</label>
        <description>There's nothing here to make me comfortable. I'd better steel myself to survive.</description>
        <baseMoodEffect>30</baseMoodEffect>
      </li>
    </stages>
    <validWhileDespawned>true</validWhileDespawned>
  </ThoughtDef>

</Defs>