﻿<?xml version="1.0" encoding="utf-8" ?>
<Thoughts>

  <ThoughtDef>
    <defName>LowExpectations</defName>
    <workerClass>ThoughtWorker_Expectations</workerClass>
    <stages>
      <li>
        <label>moderate expectations</label>
        <description>This place isn't quite rich. I can't expect to be totally pampered.</description>
        <baseMoodEffect>6</baseMoodEffect>
      </li>
      <li>
        <label>low expectations</label>
        <description>This place doesn't have the wealth for many luxuries. I need to keep myself strong.</description>
        <baseMoodEffect>12</baseMoodEffect>
      </li>
      <li>
        <label>very low expectations</label>
        <description>This place is poverty-stricken. I can't expect any comfort here; I need to keep myself strong.</description>
        <baseMoodEffect>18</baseMoodEffect>
      </li>
      <li>
        <label>extremely low expectations</label>
        <description>I'm out here with little to no shelter. I'd better steel myself to survive.</description>
        <baseMoodEffect>25</baseMoodEffect>
      </li>
    </stages>
    <validWhileDespawned>true</validWhileDespawned>
  </ThoughtDef>
  
  <ThoughtDef>
    <defName>EnvironmentDark</defName>
    <workerClass>ThoughtWorker_Dark</workerClass>
    <stages>
      <li>
        <label>in darkness</label>
        <description>I've been in the dark for a while. I don't like it.</description>
        <baseMoodEffect>-3</baseMoodEffect>
      </li>
    </stages>
  </ThoughtDef>

  <ThoughtDef>
    <defName>CabinFever</defName>
    <workerClass>ThoughtWorker_CabinFever</workerClass>
    <stages>
      <li>
        <label>cabin fever (mild)</label>
        <description>I've been cooped up inside for days. I need to get outside.</description>
        <baseMoodEffect>-7</baseMoodEffect>
      </li>
       <li>
        <label>cabin fever (serious)</label>
        <description>I've been trapped like a rat in here for so long. I desperately need to get outside!</description>
        <baseMoodEffect>-15</baseMoodEffect>
      </li>   
    </stages>
  </ThoughtDef>

  <ThoughtDef>
    <defName>ApparelDamaged</defName>
    <workerClass>ThoughtWorker_ApparelDamaged</workerClass>
    <validWhileDespawned>true</validWhileDespawned>
    <stages>
      <li>
        <label>wearing worn-out apparel</label>
        <description>My outfit is looking pretty bad. Can't I get something decent to wear?</description>
        <baseMoodEffect>-3</baseMoodEffect>
      </li>
      <li>
        <label>wearing tattered apparel</label>
        <description>I'm wearing a tattered piece of trash. Can't I get something decent to wear?</description>
        <baseMoodEffect>-5</baseMoodEffect>
      </li>
    </stages>
  </ThoughtDef>

  <ThoughtDef>
    <defName>DeadMansApparel</defName>
    <workerClass>ThoughtWorker_DeadMansApparel</workerClass>
    <validWhileDespawned>true</validWhileDespawned>
    <stages>
      <li>
        <label>dead man's {0}</label>
        <description>I am wearing apparel that someone died in. It creeps me out and feels dirty.</description>
        <baseMoodEffect>-3</baseMoodEffect>
      </li>
			<li>
				<label>dead man's {0} (+1)</label>
				<description>I am wearing two pieces of apparel that someone died in. It creeps me out and feels dirty.</description>
				<baseMoodEffect>-5</baseMoodEffect>
			</li>
			<li>
				<label>dead man's {0} (+2)</label>
				<description>I am wearing three pieces of apparel that someone died in. It creeps me out and feels dirty.</description>
				<baseMoodEffect>-7</baseMoodEffect>
			</li>
			<li>
				<label>dead man's {0} etc</label>
				<description>I am wearing more than three pieces of apparel that someone died in. It creeps me out and feels dirty.</description>
				<baseMoodEffect>-8</baseMoodEffect>
			</li>
    </stages>
		<nullifyingTraits>
			<li>Bloodlust</li>
		</nullifyingTraits>
  </ThoughtDef>

  <ThoughtDef>
    <defName>HumanLeatherApparelSad</defName>
    <workerClass>ThoughtWorker_HumanLeatherApparel</workerClass>
    <validWhileDespawned>true</validWhileDespawned>
    <stages>
      <li>
        <label>human leather {0}</label>
        <description>Wearing human leather is disturbing. Who could do this?</description>
        <baseMoodEffect>-3</baseMoodEffect>
      </li>
			<li>
				<label>human leather {0} (+1)</label>
				<description>I'm dressed like an insane person.</description>
				<baseMoodEffect>-5</baseMoodEffect>
			</li>
			<li>
				<label>human leather {0} (+2)</label>
				<description>I think there may be a face on my clothes. Oh, no, my clothes *are* a face.</description>
				<baseMoodEffect>-7</baseMoodEffect>
			</li>
			<li>
				<label>human leather {0} etc</label>
				<description>I look like a freak from a horror show, and I feel like I'm in a horror show.</description>
				<baseMoodEffect>-8</baseMoodEffect>
			</li>
    </stages>
		<nullifyingTraits>
			<li>Bloodlust</li>
			<li>Cannibal</li>
		</nullifyingTraits>
  </ThoughtDef>
	
  <ThoughtDef>
    <defName>HumanLeatherApparelHappy</defName>
    <workerClass>ThoughtWorker_HumanLeatherApparel</workerClass>
    <validWhileDespawned>true</validWhileDespawned>
    <stages>
      <li>
        <label>human leather {0}</label>
        <description>I enjoy wearing the suffering of others.</description>
        <baseMoodEffect>+3</baseMoodEffect>
      </li>
			<li>
				<label>human leather {0} (+1)</label>
				<description>This will scare them. All will know my power.</description>
				<baseMoodEffect>+5</baseMoodEffect>
			</li>
			<li>
				<label>human leather {0} (+2)</label>
				<description>The faces on my clothes aren't smiling, but they make *me* happy.</description>
				<baseMoodEffect>+7</baseMoodEffect>
			</li>
			<li>
				<label>human leather {0} etc</label>
				<description>The flesh! The flesh signals my triumph!</description>
				<baseMoodEffect>+8</baseMoodEffect>
			</li>
    </stages>
		<requiredTraits>
			<li>Bloodlust</li>
			<li>Cannibal</li>
		</requiredTraits>
  </ThoughtDef>
	
  <ThoughtDef>
    <defName>Sick</defName>
    <workerClass>ThoughtWorker_Sick</workerClass>
    <validWhileDespawned>true</validWhileDespawned>
    <stages>
      <li>
        <label>sick</label>
        <description>I don't feel very well, I'm sick.</description>
        <baseMoodEffect>-5</baseMoodEffect>
      </li>
    </stages>
  </ThoughtDef>

  <ThoughtDef>
    <defName>EnvironmentCold</defName>
    <workerClass>ThoughtWorker_Cold</workerClass>
    <validWhileDespawned>true</validWhileDespawned>
    <stages>
      <li>
        <label>cold</label>
        <description>I'm uncomfortably cold.</description>
        <baseMoodEffect>-5</baseMoodEffect>
      </li>
       <li>
        <label>very cold</label>
        <description>I'm so cold. Shivering. Can't get warm.</description>
        <baseMoodEffect>-8</baseMoodEffect>
      </li>   
        <li>
        <label>freezing</label>
        <description>My teeth are chatting so hard I can barely speak. My toes are numb. I need to get warm.</description>
        <baseMoodEffect>-10</baseMoodEffect>
      </li>
    </stages>
  </ThoughtDef>

  <ThoughtDef>
    <defName>EnvironmentHot</defName>
    <workerClass>ThoughtWorker_Hot</workerClass>
    <validWhileDespawned>true</validWhileDespawned>
    <stages>
      <li>
        <label>hot</label>
        <description>This heat is unpleasant. I'm sweating.</description>
        <baseMoodEffect>-5</baseMoodEffect>
      </li>
      <li>
        <label>very hot</label>
        <description>I'm really overheated.</description>
        <baseMoodEffect>-10</baseMoodEffect>
      </li>    
        <li>
        <label>extremely hot</label>
        <description>I feel like I'm in an oven! I'm not sure how long I can handle this.</description>
        <baseMoodEffect>-15</baseMoodEffect>
      </li>
      <li>
        <label>burning up</label>
        <description>I'm burning up. I think I could die from this heat!</description>
        <baseMoodEffect>-20</baseMoodEffect>
      </li>     
    </stages>
  </ThoughtDef>

</Thoughts>
