﻿<?xml version="1.0" encoding="utf-8" ?>
<Defs>

  <ThoughtDef>
    <defName>NeedFood</defName>
    <workerClass>ThoughtWorker_NeedFood</workerClass>
    <validWhileDespawned>true</validWhileDespawned>
    <stages>
      <li>
        <label>hungry</label>
        <description>I'm really hungry.</description>
        <baseMoodEffect>-8</baseMoodEffect>
      </li>
      <li>
        <label>urgently hungry</label>
        <description>These hunger pangs are hard to ignore.</description>
        <baseMoodEffect>-14</baseMoodEffect>
      </li>
      <li>
        <label>starving (trivial)</label>
        <description>It's been so long since I ate. I'm all fuzzy and it's hard to focus.</description>
        <baseMoodEffect>-22</baseMoodEffect>
      </li>
      <li>
        <label>starving (minor)</label>
        <description>I can feel my body wasting away. My stomach hurts like never before.</description>
        <baseMoodEffect>-29</baseMoodEffect>
      </li>
      <li>
        <label>starving (moderate)</label>
        <description>I can barely think about anything but food. My skin is stretching over my bones. Am I going to die?</description>
        <baseMoodEffect>-36</baseMoodEffect>
      </li>
      <li>
        <label>starving (severe)</label>
        <description>I can barely move or think about anything but food. My stomach hurts like never before. I feel like I'm going to pass out.</description>
        <baseMoodEffect>-42</baseMoodEffect>
      </li>
      <li>
        <label>starving (extreme)</label>
        <description>Food... food... just a bite to eat... anything... please...</description>
        <baseMoodEffect>-50</baseMoodEffect>
      </li>
    </stages>
  </ThoughtDef>

  <ThoughtDef>
    <defName>NeedRest</defName>
    <workerClass>ThoughtWorker_NeedRest</workerClass>
    <stages>
      <li>
        <label>tired</label>
        <description>I haven't slept in a while.</description>
        <baseMoodEffect>-8</baseMoodEffect>
      </li>
      <li>
        <label>very tired</label>
        <description>I'm so tired. I just want to lay down and rest for a few minutes...</description>
        <baseMoodEffect>-12</baseMoodEffect>
      </li>
      <li>
        <label>exhausted</label>
        <description>I'm so exhausted I can barely stand. My eyelids have lead weights on them. Let me sleep...</description>
        <baseMoodEffect>-25</baseMoodEffect>
      </li>
    </stages>
  </ThoughtDef>

  <ThoughtDef>
    <defName>NeedJoy</defName>
    <workerClass>ThoughtWorker_NeedJoy</workerClass>
    <stages>
      <li>
        <label>totally joy-deprived</label>
        <description>It's been so long since I did anything I truly enjoyed.</description>
        <baseMoodEffect>-20</baseMoodEffect>
      </li>
      <li>
        <label>very joy-deprived</label>
        <description>I never get to relax and enjoy myself around here.</description>
        <baseMoodEffect>-10</baseMoodEffect>
      </li>
      <li>
        <label>joy-deprived</label>
        <description>I could really use a break for something enjoyable.</description>
        <baseMoodEffect>-5</baseMoodEffect>
      </li>
      <li>
        <label>joy-filled</label>
        <description>I've been having a great time here recently.</description>
        <baseMoodEffect>5</baseMoodEffect>
      </li>
      <li>
        <label>tons o' joy</label>
        <description>I've been enjoying myself so much, I love it!</description>
        <baseMoodEffect>10</baseMoodEffect>
      </li>
    </stages>
  </ThoughtDef>


  <ThoughtDef>
    <defName>NeedComfort</defName>
    <workerClass>ThoughtWorker_NeedComfort</workerClass>
    <stages>
      <li>
        <label>uncomfortable</label>
        <description>I've been kind of uncomfortable recently. We need to get something soft to sit on around here.</description>
        <baseMoodEffect>-3</baseMoodEffect>
      </li>
      <li>
        <label>comfortable</label>
        <description>I've been comfortable recently.</description>
        <baseMoodEffect>4</baseMoodEffect>
      </li>
      <li>
        <label>very comfortable</label>
        <description>I've been very comfortable recently.</description>
        <baseMoodEffect>6</baseMoodEffect>
      </li>
      <li>
        <label>extremely comfortable</label>
        <description>I've been extremely comfortable recently. This place is so cushy!</description>
        <baseMoodEffect>8</baseMoodEffect>
      </li>
      <li>
        <label>luxuriantly comfortable</label>
        <description>I am resting on clouds of heaven.</description>
        <baseMoodEffect>10</baseMoodEffect>
      </li>
    </stages>
  </ThoughtDef>

  <ThoughtDef>
    <defName>NeedBeauty</defName>
    <workerClass>ThoughtWorker_NeedBeauty</workerClass>
    <stages>
      <li>
        <label>hideous environment</label>
        <description>This place is unbearable. Get me out of here...</description>
        <baseMoodEffect>-15</baseMoodEffect>
      </li>
      <li>
        <label>very ugly environment</label>
        <description>This place is really unpleasant. I don't want to be here.</description>
        <baseMoodEffect>-10</baseMoodEffect>
      </li>
      <li>
        <label>ugly environment</label>
        <description>This place is unpleasant to be in.</description>
        <baseMoodEffect>-5</baseMoodEffect>
      </li>
      <li>
        <label>pleasant environment</label>
        <description>This place is nice.</description>
        <baseMoodEffect>5</baseMoodEffect>
      </li>
      <li>
        <label>very pleasant environment</label>
        <description>I really like this place. It's beautiful.</description>
        <baseMoodEffect>10</baseMoodEffect>
      </li>
      <li>
        <label>beautiful environment</label>
        <description>This place is beautiful. It lifts me up and makes me love life.</description>
        <baseMoodEffect>15</baseMoodEffect>
      </li>
    </stages>
  </ThoughtDef>

  <ThoughtDef>
    <defName>NeedSpace</defName>
    <workerClass>ThoughtWorker_NeedSpace</workerClass>
    <stages>
      <li>
        <label>very cramped interior</label>
        <description>I feel like a rat in a tiny cage.</description>
        <baseMoodEffect>-10</baseMoodEffect>
      </li>
      <li>
        <label>cramped interior</label>
        <description>I wish I had more space to move around and breathe.</description>
        <baseMoodEffect>-5</baseMoodEffect>
      </li>
      <li>
        <label>spacious interior</label>
        <description>This is a really comfortably open indoor space.</description>
        <baseMoodEffect>5</baseMoodEffect>
      </li>
    </stages>
  </ThoughtDef>

</Defs>