﻿<?xml version="1.0" encoding="utf-8" ?>
<Defs>

  <ThoughtDef>
    <defName>FeelingRandom</defName>
    <workerClass>ThoughtWorker_RandomMood</workerClass>
    <validWhileDespawned>true</validWhileDespawned>
    <stages>
      <li>
        <label>Feeling great</label>
        <description>For no apparent reason, I just feel great right now.</description>
        <baseMoodEffect>8</baseMoodEffect>
      </li>
      <li>
        <label>Feeling good</label>
        <description>For no apparent reason, I just feel good right now.</description>
        <baseMoodEffect>4</baseMoodEffect>
      </li>
      <li>
        <label>Feeling bad</label>
        <description>For no apparent reason, I just feel bad right now.</description>
        <baseMoodEffect>-4</baseMoodEffect>
      </li>
      <li>
        <label>Feeling terrible</label>
        <description>For no apparent reason, I just feel terrible right now.</description>
        <baseMoodEffect>-8</baseMoodEffect>
      </li>
    </stages>
  </ThoughtDef>

  
</Defs>