﻿<?xml version="1.0" encoding="utf-8" ?>
<Defs>

  <ThoughtDef>
    <defName>PrisonCell</defName>
    <workerClass>ThoughtWorker_PrisonCellImpressiveness</workerClass>
    <stages>
      <li>
        <label>awful prison cell</label>
        <description>My prison cell is an awful place.</description>
        <baseMoodEffect>-4</baseMoodEffect>
      </li>
      <li IsNull="True" /> <!-- dull -->
      <li IsNull="True" /> <!-- mediocre -->
      <li>
        <label>decent prison cell</label>
        <description>My prison cell is pretty decent.</description>
        <baseMoodEffect>2</baseMoodEffect>
      </li>
      <li>
        <label>slightly impressive prison cell</label>
        <description>My prison cell seems to be a nice place.</description>
        <baseMoodEffect>3</baseMoodEffect>
      </li>
      <li>
        <label>impressive prison celll</label>
        <description>My prison cell is impressive. I can't believe they are keeping me in a room like this.</description>
        <baseMoodEffect>4</baseMoodEffect>
      </li>
      <li>
        <label>very impressive prison cell</label>
        <description>My prison cell is very impressive. I can't believe they are keeping me in a room like this. I love it!</description>
        <baseMoodEffect>5</baseMoodEffect>
      </li>
      <li>
        <label>extremely impressive prison cell</label>
        <description>My prison cell is extremely impressive. I can't believe they are keeping me in a room like this. I love it!</description>
        <baseMoodEffect>6</baseMoodEffect>
      </li>
      <li>
        <label>unbelievably impressive prison cell</label>
        <description>My prison cell is unbelievably impressive. This is the best place ever!</description>
        <baseMoodEffect>7</baseMoodEffect>
      </li>
      <li>
        <label>wondrously impressive prison cell</label>
        <description>My prison cell is the best place one can ever imagine. I can stay here forever.</description>
        <baseMoodEffect>8</baseMoodEffect>
      </li>
    </stages>
  </ThoughtDef>

  <ThoughtDef>
    <defName>PrisonBarracks</defName>
    <workerClass>ThoughtWorker_PrisonBarracksImpressiveness</workerClass>
    <stages>
      <li>
        <label>awful barrack</label>
        <description>My prison barrack is an awful place.</description>
        <baseMoodEffect>-4</baseMoodEffect>
      </li>
			<li>
				<label>dull barrack</label>
				<description>I'm living in a dull barrack.</description>
				<baseMoodEffect>-2</baseMoodEffect>
			</li>
      <li IsNull="True" /> <!-- mediocre -->
      <li IsNull="True" /> <!-- decent -->
      <li>
				<label>slightly impressive barrack</label>
        <description>My prison barrack is slightly impressive.</description>
        <baseMoodEffect>1</baseMoodEffect>
      </li>
      <li>
        <label>somewhat impressive barrack</label>
        <description>My prison barrack is impressive. I like it.</description>
        <baseMoodEffect>2</baseMoodEffect>
      </li>
      <li>
        <label>very impressive barrack</label>
        <description>My prison barrack is very impressive. I like it.</description>
        <baseMoodEffect>3</baseMoodEffect>
      </li>
      <li>
        <label>extremely impressive barrack</label>
        <description>My prison barrack is extremely impressive. I can't believe they are keeping me in a place like this.</description>
        <baseMoodEffect>4</baseMoodEffect>
      </li>
      <li>
        <label>unbelievably impressive barrack</label>
        <description>My prison barrack is unbelievably impressive. I can't believe they are keeping me in a place like this.</description>
        <baseMoodEffect>5</baseMoodEffect>
      </li>
      <li>
        <label>wondrously impressive barrack</label>
        <description>My prison barrack is wonderful! I can't believe they are keeping me in a place like this.</description>
        <baseMoodEffect>6</baseMoodEffect>
      </li>
    </stages>
  </ThoughtDef>

	<ThoughtDef>
		<defName>HospitalPatientRoomStats</defName>
		<workerClass>ThoughtWorker_HospitalPatientRoomStats</workerClass>
		<stages>		
			<li>
				<label>awful hospital</label>
				<description>This hospital is awful.</description>
				<baseMoodEffect>-4</baseMoodEffect>
			</li>
			<li>
				<label>dull hospital</label>
				<description>I'm stuck in a dull hospital.</description>
				<baseMoodEffect>-2</baseMoodEffect>
			</li>
			<li IsNull="True" />
			<!-- mediocre -->
			<li IsNull="True" />
			<!-- decent -->
			<li>
				<label>slightly impressive hospital</label>
				<description>My hospital is slightly impressive. It makes me feel a bit better.</description>
				<baseMoodEffect>1</baseMoodEffect>
			</li>
			<li>
				<label>somewhat impressive hospital</label>
				<description>My hospital is impressive. It makes me feel better.</description>
				<baseMoodEffect>2</baseMoodEffect>
			</li>
			<li>
				<label>very impressive hospital</label>
				<description>My hospital is very impressive. It makes me feel better.</description>
				<baseMoodEffect>3</baseMoodEffect>
			</li>
			<li>
				<label>extremely impressive hospital</label>
				<description>My hospital is extremely impressive. It makes me feel better already.</description>
				<baseMoodEffect>4</baseMoodEffect>
			</li>
			<li>
				<label>unbelievably impressive hospital</label>
				<description>My hospital is unbelievably impressive. It makes me feel better already.</description>
				<baseMoodEffect>5</baseMoodEffect>
			</li>
			<li>
				<label>wondrously impressive hospital</label>
				<description>My hospital is wonderful! It makes me feel better already.</description>
				<baseMoodEffect>6</baseMoodEffect>
			</li>
		</stages>
	</ThoughtDef>

</Defs>