﻿<?xml version="1.0" encoding="utf-8" ?>
<Defs>

  <ThoughtDef>
    <defName>Joywire</defName>
    <workerClass>ThoughtWorker_Hediff</workerClass>
    <hediff>Joywire</hediff>
    <validWhileDespawned>true</validWhileDespawned>
    <stages>
      <li>
        <label>Joywire</label>
        <description>It feels amazing.</description>
        <baseMoodEffect>30</baseMoodEffect>
      </li>
    </stages>
  </ThoughtDef>

  <ThoughtDef>
    <defName>ArtifactMoodBoost</defName>
    <durationDays>1.0</durationDays>
    <stackLimit>4</stackLimit>
    <stackedEffectMultiplier>0.4</stackedEffectMultiplier>
    <stages>
      <li>
        <label>Strange feeling</label>
        <description>I feel strange, but also very relaxed.</description>
        <baseMoodEffect>15</baseMoodEffect>
      </li>
    </stages>
  </ThoughtDef>

  <ThoughtDef>
    <defName>PsychicDrone</defName>
    <workerClass>ThoughtWorker_PsychicDrone</workerClass>
    <effectMultiplyingStat>PsychicSensitivity</effectMultiplyingStat>
    <stages>
      <li>
        <label>psychic soothe (medium)</label>
        <description>It's like a calming voice at the back of my mind, soothing me, settling my nerves.</description>
        <baseMoodEffect>15</baseMoodEffect>
      </li>
      <li>
        <label>psychic drone (low)</label>
        <description>It's like a scratching at the back of my mind. A voice, whispering. I can only make out a few words, and I don't like them.</description>
        <baseMoodEffect>-7</baseMoodEffect>
      </li>
      <li>
        <label>psychic drone (medium)</label>
        <description>I feel like someone is always just out of sight, speaking to me. The voice changes but the message doesn't. I'm supposed to hurt people. Make it go away!</description>
        <baseMoodEffect>-15</baseMoodEffect>
      </li>
      <li>
        <label>psychic drone (high)</label>
        <description>The voice is unbearably loud. It's hard to concentrate. I find myself talking back to it, yelling at it. But it just keeps shouting!</description>
        <baseMoodEffect>-25</baseMoodEffect>
      </li>
      <li>
        <label>psychic drone (extreme)</label>
        <description>My heart pounds and I'm sweating. All I can think of is hurting and suffering and all these enemies around me. They're my nightmare, my nightmare, my nightmare...</description>
        <baseMoodEffect>-50</baseMoodEffect>
      </li>
    </stages>
  </ThoughtDef>

</Defs>