﻿<?xml version="1.0" encoding="utf-8" ?>
<Defs>

  <HistoryAutoRecorderDef>
    <defName>WealthTotal</defName>
    <label>wealth (total)</label>
    <graphColor>RGBA(1, 1, 0, 1)</graphColor>
    <recordTicksFrequency>30000</recordTicksFrequency>
    <workerClass>HistoryAutoRecorderWorker_WealthTotal</workerClass>
    <graphLabelY>Amount</graphLabelY>
  </HistoryAutoRecorderDef>

  <HistoryAutoRecorderDef>
    <defName>WealthItems</defName>
    <label>wealth (items)</label>
    <graphColor>RGBA(0.9, 0.7, 0, 1)</graphColor>
    <recordTicksFrequency>30000</recordTicksFrequency>
    <workerClass>HistoryAutoRecorderWorker_WealthItems</workerClass>
    <graphLabelY>Amount</graphLabelY>
  </HistoryAutoRecorderDef>

  <HistoryAutoRecorderDef>
    <defName>WealthBuildings</defName>
    <label>wealth (buildings)</label>
    <graphColor>RGBA(0.5, 0.7, 0, 1)</graphColor>
    <recordTicksFrequency>30000</recordTicksFrequency>
    <workerClass>HistoryAutoRecorderWorker_WealthBuildings</workerClass>
    <graphLabelY>Amount</graphLabelY>
  </HistoryAutoRecorderDef>

  <HistoryAutoRecorderDef>
    <defName>FreeColonists</defName>
    <label>free colonists</label>
    <graphColor>RGBA(0, 1, 0, 1)</graphColor>
    <recordTicksFrequency>30000</recordTicksFrequency>
    <workerClass>HistoryAutoRecorderWorker_FreeColonists</workerClass>
    <graphLabelY>Colonists</graphLabelY>
  </HistoryAutoRecorderDef>

  <HistoryAutoRecorderDef>
    <defName>Prisoners</defName>
    <label>prisoners</label>
    <graphColor>RGBA(1, 0, 0, 1)</graphColor>
    <recordTicksFrequency>30000</recordTicksFrequency>
    <workerClass>HistoryAutoRecorderWorker_Prisoners</workerClass>
    <graphLabelY>Prisoners</graphLabelY>
  </HistoryAutoRecorderDef>

  <HistoryAutoRecorderDef>
    <defName>ColonistMood</defName>
    <label>mood</label>
    <graphColor>RGBA(0, 1, 0, 1)</graphColor>
    <recordTicksFrequency>30000</recordTicksFrequency>
    <workerClass>HistoryAutoRecorderWorker_ColonistMood</workerClass>
    <graphLabelY>Percent</graphLabelY>
  </HistoryAutoRecorderDef>

</Defs>
