﻿<?xml version="1.0" encoding="utf-8" ?>
<Defs>

  <HistoryAutoRecorderGroupDef>
    <defName>Wealth</defName>
    <label>wealth</label>
	<historyAutoRecorderDefs>
	  <li>WealthTotal</li>
	  <li>WealthItems</li>
	  <li>WealthBuildings</li>
	</historyAutoRecorderDefs>
  </HistoryAutoRecorderGroupDef>
  
  <HistoryAutoRecorderGroupDef>
    <defName>Population</defName>
    <label>population</label>
	<integersOnly>true</integersOnly>
	<historyAutoRecorderDefs>
	  <li>FreeColonists</li>
	  <li>Prisoners</li>
	</historyAutoRecorderDefs>
  </HistoryAutoRecorderGroupDef>
  
  <HistoryAutoRecorderGroupDef>
    <defName>ColonistMood</defName>
    <label>colonist mood</label>
	<useFixedScale>true</useFixedScale>
	<fixedScale>(0, 100)</fixedScale>
	<historyAutoRecorderDefs>
	  <li>ColonistMood</li>
	  <!--<li>ColonistFear</li>-->
	</historyAutoRecorderDefs>
  </HistoryAutoRecorderGroupDef>
  
</Defs>
