﻿<?xml version="1.0" encoding="utf-8" ?>

<Defs>

  <ToolCapacityDef>
    <defName>Stab</defName>
  </ToolCapacityDef>
  
  <ToolCapacityDef>
    <defName>Cut</defName>
  </ToolCapacityDef>

  <ToolCapacityDef>
    <defName>Blunt</defName>
  </ToolCapacityDef>

  <ToolCapacityDef>
    <defName>Scratch</defName>
  </ToolCapacityDef>

  <ToolCapacityDef>
    <defName>Poke</defName>
  </ToolCapacityDef>

  <ToolCapacityDef>
    <defName>Bite</defName>
  </ToolCapacityDef>

  <ToolCapacityDef>
    <defName>ToxicBite</defName>
  </ToolCapacityDef>

  <ToolCapacityDef>
    <defName>KickMaterialInEyes</defName>
  </ToolCapacityDef>

</Defs>
