﻿<?xml version="1.0" encoding="utf-8" ?>
<Defs>

  <ThingDef ParentName="AnimalThingBase">
    <defName>Elephant</defName>
    <label>elephant</label>
    <description>The largest unmodified land animal. It can use its tusks as tools for moving objects - or as deadly weapons.</description>
    <statBases>
      <MoveSpeed>3.8</MoveSpeed>
      <ComfyTemperatureMin>-15</ComfyTemperatureMin>
      <MarketValue>1100</MarketValue>
    </statBases>
    <tools>
      <li>
        <label>tusk</label>
        <capacities>
          <li>Scratch</li>
          <li>Stab</li>
        </capacities>
        <power>23</power>
        <cooldownTime>2.4</cooldownTime>
        <linkedBodyPartsGroup>TuskAttackTool</linkedBodyPartsGroup>
      </li>
      <li>
        <label>left foot</label>
        <capacities>
          <li>Blunt</li>
        </capacities>
        <power>14</power>
        <cooldownTime>1.65</cooldownTime>
        <linkedBodyPartsGroup>FrontLeftLeg</linkedBodyPartsGroup>
      </li>
      <li>
        <label>right foot</label>
        <capacities>
          <li>Blunt</li>
        </capacities>
        <power>14</power>
        <cooldownTime>1.65</cooldownTime>
        <linkedBodyPartsGroup>FrontRightLeg</linkedBodyPartsGroup>
      </li>
      <li>
        <label>head</label>
        <capacities>
          <li>Blunt</li>
        </capacities>
        <power>12</power>
        <cooldownTime>1.65</cooldownTime>
        <linkedBodyPartsGroup>HeadAttackTool</linkedBodyPartsGroup>
        <commonality>0.2</commonality>
      </li>
    </tools>
    <race>
      <herdAnimal>true</herdAnimal>
      <body>QuadrupedAnimalWithHoovesTusksAndTrunk</body>
      <baseHungerRate>2.0</baseHungerRate>
      <baseBodySize>4.0</baseBodySize>
      <baseHealthScale>3.6</baseHealthScale>
      <foodType>VegetarianRoughAnimal</foodType>
      <leatherLabel>elephant skin</leatherLabel>
      <leatherColor>(130,126,119)</leatherColor>
      <leatherInsulation>0.65</leatherInsulation>
      <gestationPeriodDays>60</gestationPeriodDays>
      <wildness>0.75</wildness>
      <nuzzleMtbHours>120</nuzzleMtbHours>
      <manhunterOnTameFailChance>0.018</manhunterOnTameFailChance>
      <trainableIntelligence>Advanced</trainableIntelligence>
      <lifeExpectancy>50</lifeExpectancy>
      <packAnimal>true</packAnimal>
      <lifeStageAges>
        <li>
          <def>AnimalBaby</def>
          <minAge>0</minAge>
        </li>
        <li>
          <def>AnimalJuvenile</def>
          <minAge>0.8</minAge>
        </li>
        <li>
          <def>AnimalAdult</def>
          <minAge>2.0</minAge>
          <soundWounded>Pawn_Elephant_Injured</soundWounded>
          <soundDeath>Pawn_Elephant_Dead</soundDeath>
          <soundCall>Pawn_Elephant_Call</soundCall>
          <soundAngry>Pawn_Elephant_Angry</soundAngry>
        </li>
      </lifeStageAges>
      <soundMeleeHitPawn>Pawn_Melee_BigBash_HitPawn</soundMeleeHitPawn>
      <soundMeleeHitBuilding>Pawn_Melee_BigBash_HitBuilding</soundMeleeHitBuilding>
      <soundMeleeMiss>Pawn_Melee_BigBash_Miss</soundMeleeMiss>
    </race>
    <tradeTags>
      <li>StandardAnimal</li>
    </tradeTags>
  </ThingDef>
  <PawnKindDef ParentName="AnimalKindBase">
    <defName>Elephant</defName>
    <label>elephant</label>
    <race>Elephant</race>
    <combatPower>200</combatPower>
    <wildSpawn_spawnWild>true</wildSpawn_spawnWild>
    <wildSpawn_EcoSystemWeight>1</wildSpawn_EcoSystemWeight>
    <wildSpawn_GroupSizeRange>
      <min>3</min>
      <max>7</max>
    </wildSpawn_GroupSizeRange>
    <lifeStages>
      <li>
        <label>elephant calf</label>
        <bodyGraphicData>
          <texPath>Things/Pawn/Animal/Elephant/Elephant</texPath>
          <color>(130,126,119)</color>
          <drawSize>1.8</drawSize>
          <shadowData>
            <volume>(0.4, 0.3, 0.3)</volume>
            <offset>(0,0,-0.2)</offset>
          </shadowData>
        </bodyGraphicData>
        <dessicatedBodyGraphicData>
          <texPath>Things/Pawn/Animal/Muffalo/MuffaloDessicated</texPath>
          <drawSize>1.8</drawSize>
        </dessicatedBodyGraphicData>
      </li>
      <li>
        <bodyGraphicData>
          <texPath>Things/Pawn/Animal/Elephant/Elephant</texPath>
          <color>(130,126,119)</color>
          <drawSize>2.6</drawSize>
          <shadowData>
            <volume>(0.6, 0.45, 0.45)</volume>
            <offset>(0,0,-0.25)</offset>
          </shadowData>
        </bodyGraphicData>
        <dessicatedBodyGraphicData>
          <texPath>Things/Pawn/Animal/Muffalo/MuffaloDessicated</texPath>
          <drawSize>2.6</drawSize>
        </dessicatedBodyGraphicData>
      </li>
      <li>
        <bodyGraphicData>
          <texPath>Things/Pawn/Animal/Elephant/Elephant</texPath>
          <color>(130,126,119)</color>
          <drawSize>3.8</drawSize>
          <shadowData>
            <volume>(0.8, 0.6, 0.6)</volume>
            <offset>(0,0,-0.3)</offset>
          </shadowData>
        </bodyGraphicData>
        <dessicatedBodyGraphicData>
          <texPath>Things/Pawn/Animal/Muffalo/MuffaloDessicated</texPath>
          <drawSize>3.8</drawSize>
        </dessicatedBodyGraphicData>
        <butcherBodyPart>
          <bodyPartGroup>TuskAttackTool</bodyPartGroup>
          <thing>ElephantTusk</thing>
          <allowFemale>false</allowFemale>
        </butcherBodyPart>
      </li>
    </lifeStages>
  </PawnKindDef>

  <!-- =======================================================-->


  <ThingDef ParentName="AnimalThingBase">
    <defName>Megasloth</defName>
    <label>megasloth</label>
    <description>Giant, solitary herbivores. Long extinct after being wiped out by the natives of Earth's American continent, the megasloth was later brought back using advanced cloning and artificial gestators.</description>
    <statBases>
      <MoveSpeed>3.5</MoveSpeed>
      <ComfyTemperatureMin>-45</ComfyTemperatureMin>
      <MarketValue>1100</MarketValue>
    </statBases>
    <tools>
      <li>
        <label>left claw</label>
        <capacities>
          <li>Scratch</li>
        </capacities>
        <power>22</power>
        <cooldownTime>2.15</cooldownTime>
        <linkedBodyPartsGroup>FrontLeftPaw</linkedBodyPartsGroup>
      </li>
      <li>
        <label>right claw</label>
        <capacities>
          <li>Scratch</li>
        </capacities>
        <power>22</power>
        <cooldownTime>2.15</cooldownTime>
        <linkedBodyPartsGroup>FrontRightPaw</linkedBodyPartsGroup>
      </li>
      <li>
        <capacities>
          <li>Bite</li>
        </capacities>
        <power>18</power>
        <cooldownTime>2.2</cooldownTime>
        <linkedBodyPartsGroup>Teeth</linkedBodyPartsGroup>
      </li>
      <li>
        <label>head</label>
        <capacities>
          <li>Blunt</li>
        </capacities>
        <power>13</power>
        <cooldownTime>1.65</cooldownTime>
        <linkedBodyPartsGroup>HeadAttackTool</linkedBodyPartsGroup>
        <commonality>0.2</commonality>
      </li>
    </tools>
    <race>
      <body>QuadrupedAnimalWithPawsAndTail</body>
      <baseHungerRate>2.0</baseHungerRate>
      <baseBodySize>4.0</baseBodySize>
      <baseHealthScale>3.6</baseHealthScale>
      <foodType>VegetarianRoughAnimal</foodType>
      <leatherColor>(189,161,116)</leatherColor>
      <leatherInsulation>1.0</leatherInsulation>
      <gestationPeriodDays>60</gestationPeriodDays>
      <wildness>0.97</wildness>
      <manhunterOnTameFailChance>0.018</manhunterOnTameFailChance>
      <trainableIntelligence>Advanced</trainableIntelligence>
      <nuzzleMtbHours>120</nuzzleMtbHours>
      <lifeExpectancy>20</lifeExpectancy>
      <lifeStageAges>
        <li>
          <def>AnimalBaby</def>
          <minAge>0</minAge>
        </li>
        <li>
          <def>AnimalJuvenile</def>
          <minAge>1.0</minAge>
        </li>
        <li>
          <def>AnimalAdult</def>
          <minAge>3.0</minAge>
          <soundWounded>Pawn_Thrumbo_Pain</soundWounded>
          <soundDeath>Pawn_Thrumbo_Death</soundDeath>
          <soundCall>Pawn_Thrumbo_Call</soundCall>
          <soundAngry>Pawn_Thrumbo_Angry</soundAngry>
        </li>
      </lifeStageAges>
      <soundMeleeHitPawn>Pawn_Melee_BigBash_HitPawn</soundMeleeHitPawn>
      <soundMeleeHitBuilding>Pawn_Melee_BigBash_HitBuilding</soundMeleeHitBuilding>
      <soundMeleeMiss>Pawn_Melee_BigBash_Miss</soundMeleeMiss>
    </race>
    <comps>
      <li Class="CompProperties_Shearable">
        <woolDef>WoolMegasloth</woolDef>
        <shearIntervalDays>50</shearIntervalDays>
        <woolAmount>400</woolAmount>
      </li>
    </comps>
    <tradeTags>
      <li>StandardAnimal</li>
      <li>BadassAnimal</li>
    </tradeTags>
  </ThingDef>
  <PawnKindDef ParentName="AnimalKindBase">
    <defName>Megasloth</defName>
    <label>megasloth</label>
    <race>Megasloth</race>
    <combatPower>150</combatPower>
    <wildSpawn_spawnWild>true</wildSpawn_spawnWild>
    <wildSpawn_EcoSystemWeight>1</wildSpawn_EcoSystemWeight>
    <lifeStages>
      <li>
        <bodyGraphicData>
          <texPath>Things/Pawn/Animal/Megasloth/Megasloth</texPath>
          <drawSize>1.8</drawSize>
          <shadowData>
            <volume>(0.4, 0.3, 0.3)</volume>
            <offset>(0,0,-0.2)</offset>
          </shadowData>
        </bodyGraphicData>
        <dessicatedBodyGraphicData>
          <texPath>Things/Pawn/Animal/Muffalo/MuffaloDessicated</texPath>
          <drawSize>1.8</drawSize>
        </dessicatedBodyGraphicData>
      </li>
      <li>
        <bodyGraphicData>
          <texPath>Things/Pawn/Animal/Megasloth/Megasloth</texPath>
          <drawSize>2.6</drawSize>
          <shadowData>
            <volume>(0.6, 0.45, 0.45)</volume>
            <offset>(0,0,-0.25)</offset>
          </shadowData>
        </bodyGraphicData>
        <dessicatedBodyGraphicData>
          <texPath>Things/Pawn/Animal/Muffalo/MuffaloDessicated</texPath>
          <drawSize>2.6</drawSize>
        </dessicatedBodyGraphicData>
      </li>
      <li>
        <bodyGraphicData>
          <texPath>Things/Pawn/Animal/Megasloth/Megasloth</texPath>
          <drawSize>3.8</drawSize>
          <shadowData>
            <volume>(0.8, 0.6, 0.6)</volume>
            <offset>(0,0,-0.3)</offset>
          </shadowData>
        </bodyGraphicData>
        <dessicatedBodyGraphicData>
          <texPath>Things/Pawn/Animal/Muffalo/MuffaloDessicated</texPath>
          <drawSize>3.8</drawSize>
        </dessicatedBodyGraphicData>
      </li>
    </lifeStages>
  </PawnKindDef>


  <!-- ====================================================== -->

  <ThingDef ParentName="AnimalThingBase">
    <defName>Thrumbo</defName>
    <label>thrumbo</label>
    <description>A gigantic creature of unknown origin. The thrumbo is gentle by nature, but extremely dangerous when enraged. Its long fur is exceptionally beautiful and valuable, and its razor-sharp horn is very valuable in most markets. Legends say that an old thrumbo is the wisest creature in the universe - it simply chooses not to speak.</description>
    <statBases>
      <MoveSpeed>5.25</MoveSpeed>
      <ComfyTemperatureMin>-65</ComfyTemperatureMin>
      <MarketValue>4400</MarketValue>
      <MeatAmount>140</MeatAmount>
      <!-- more than implied by body size -->
    </statBases>
    <tools>
      <li>
        <label>horn</label>
        <capacities>
          <li>Scratch</li>
          <li>Stab</li>
        </capacities>
        <power>22</power>
        <cooldownTime>1.85</cooldownTime>
        <linkedBodyPartsGroup>HornAttackTool</linkedBodyPartsGroup>
      </li>
      <li>
        <capacities>
          <li>Bite</li>
        </capacities>
        <power>20</power>
        <cooldownTime>2.0</cooldownTime>
        <linkedBodyPartsGroup>Teeth</linkedBodyPartsGroup>
      </li>
      <li>
        <label>left foot</label>
        <capacities>
          <li>Blunt</li>
        </capacities>
        <power>14</power>
        <cooldownTime>1.65</cooldownTime>
        <linkedBodyPartsGroup>FrontLeftLeg</linkedBodyPartsGroup>
      </li>
      <li>
        <label>right foot</label>
        <capacities>
          <li>Blunt</li>
        </capacities>
        <power>14</power>
        <cooldownTime>1.65</cooldownTime>
        <linkedBodyPartsGroup>FrontRightLeg</linkedBodyPartsGroup>
      </li>
      <li>
        <label>head</label>
        <capacities>
          <li>Blunt</li>
        </capacities>
        <power>11</power>
        <cooldownTime>1.65</cooldownTime>
        <linkedBodyPartsGroup>HeadAttackTool</linkedBodyPartsGroup>
        <commonality>0.2</commonality>
      </li>
    </tools>
    <race>
      <body>QuadrupedAnimalWithHoovesAndHorn</body>
      <herdAnimal>true</herdAnimal>
      <herdMigrationAllowed>false</herdMigrationAllowed>
      <baseBodySize>3.5</baseBodySize>
      <baseHungerRate>4.5</baseHungerRate>
      <baseHealthScale>13.0</baseHealthScale>
      <foodType>VegetarianRoughAnimal, DendrovoreAnimal</foodType>
      <leatherColor>(233,233,233)</leatherColor>
      <leatherInsulation>1.35</leatherInsulation>
      <leatherCommonalityFactor>0.1</leatherCommonalityFactor>
      <leatherMarketValueFactor>7</leatherMarketValueFactor>
      <leatherLabel>thrumbofur</leatherLabel>
      <leatherStatFactors>
        <ArmorRating_Blunt>3.5</ArmorRating_Blunt>
        <ArmorRating_Sharp>4.0</ArmorRating_Sharp>
        <ArmorRating_Heat>3.2</ArmorRating_Heat>
      </leatherStatFactors>
      <trainableIntelligence>Advanced</trainableIntelligence>
      <gestationPeriodDays>80</gestationPeriodDays>
      <manhunterOnDamageChance>1</manhunterOnDamageChance>
      <manhunterOnTameFailChance>0.018</manhunterOnTameFailChance>
      <wildness>0.985</wildness>
      <lifeExpectancy>220</lifeExpectancy>
      <lifeStageAges>
        <li>
          <def>AnimalBaby</def>
          <minAge>0</minAge>
        </li>
        <li>
          <def>AnimalJuvenile</def>
          <minAge>2.0</minAge>
        </li>
        <li>
          <def>AnimalAdult</def>
          <minAge>4.0</minAge>
          <soundCall>Pawn_Thrumbo_Call</soundCall>
          <soundAngry>Pawn_Thrumbo_Angry</soundAngry>
          <soundWounded>Pawn_Thrumbo_Pain</soundWounded>
          <soundDeath>Pawn_Thrumbo_Death</soundDeath>
        </li>
      </lifeStageAges>
      <soundMeleeHitPawn>Pawn_Melee_BigBash_HitPawn</soundMeleeHitPawn>
      <soundMeleeHitBuilding>Pawn_Melee_BigBash_HitBuilding</soundMeleeHitBuilding>
      <soundMeleeMiss>Pawn_Melee_BigBash_Miss</soundMeleeMiss>
    </race>
  </ThingDef>

  <PawnKindDef ParentName="AnimalKindBase">
    <defName>Thrumbo</defName>
    <label>thrumbo</label>
    <race>Thrumbo</race>
    <combatPower>440</combatPower>
		<canArriveManhunter>false</canArriveManhunter>
    <wildSpawn_spawnWild>false</wildSpawn_spawnWild>
    <lifeStages>
      <li>
        <label>thrumbo calf</label>
        <labelPlural>thrumbo calves</labelPlural>
        <bodyGraphicData>
          <texPath>Things/Pawn/Animal/Thrumbo/Thrumbo</texPath>
          <drawSize>2.5</drawSize>
          <shadowData>
            <volume>(0.4, 0.3, 0.3)</volume>
            <offset>(0,0,-0.2)</offset>
          </shadowData>
        </bodyGraphicData>
        <dessicatedBodyGraphicData>
          <texPath>Things/Pawn/Animal/Dessicated/CritterDessicatedMedium</texPath>
          <drawSize>1.5</drawSize>
        </dessicatedBodyGraphicData>
      </li>
      <li>
        <bodyGraphicData>
          <texPath>Things/Pawn/Animal/Thrumbo/Thrumbo</texPath>
          <drawSize>4.0</drawSize>
          <shadowData>
            <volume>(0.7, 0.6, 0.4)</volume>
            <offset>(0,0,-0.25)</offset>
          </shadowData>
        </bodyGraphicData>
        <dessicatedBodyGraphicData>
          <texPath>Things/Pawn/Animal/Dessicated/CritterDessicatedMedium</texPath>
          <drawSize>1.75</drawSize>
        </dessicatedBodyGraphicData>
      </li>
      <li>
        <bodyGraphicData>
          <texPath>Things/Pawn/Animal/Thrumbo/Thrumbo</texPath>
          <drawSize>4.8</drawSize>
          <shadowData>
            <volume>(1, 0.8, 0.5)</volume>
            <offset>(0,0,-0.5)</offset>
          </shadowData>
        </bodyGraphicData>
        <dessicatedBodyGraphicData>
          <texPath>Things/Pawn/Animal/Dessicated/CritterDessicatedMedium</texPath>
          <drawSize>2</drawSize>
        </dessicatedBodyGraphicData>
        <butcherBodyPart>
          <bodyPartGroup>HornAttackTool</bodyPartGroup>
          <thing>ThrumboHorn</thing>
        </butcherBodyPart>
      </li>
    </lifeStages>
  </PawnKindDef>

  
  

</Defs>