﻿<?xml version="1.0" encoding="utf-8" ?>
<Defs>

  <ThingDef ParentName="BasePawn" Name="BaseMechanoid" Abstract="True">
    <soundImpactDefault>BulletImpactMetal</soundImpactDefault>
    <statBases>
      <PsychicSensitivity>0</PsychicSensitivity>
      <ToxicSensitivity>0</ToxicSensitivity>
      <Flammability>0</Flammability>
      <ComfyTemperatureMin>-100</ComfyTemperatureMin>
      <ComfyTemperatureMax>250</ComfyTemperatureMax>
    </statBases>
    <race>
      <fleshType>Mechanoid</fleshType>
      <needsRest>false</needsRest>
      <hasGenders>false</hasGenders>
      <foodType>None</foodType>
    </race>
  </ThingDef>

  <ThingDef ParentName="BaseMechanoid">
    <defName>Mechanoid_Centipede</defName>
    <label>centipede</label>
    <description>Heavy combat mechanoids that glide on dozens of tiny legs. Their heavy armor and firepower makes them very effective against bunched-up static defenders. They are somewhat vulnerable to mobile hit-and-run tactics.</description>
    <statBases>
      <MoveSpeed>1.33</MoveSpeed>
      <ArmorRating_Blunt>0.2</ArmorRating_Blunt>
      <ArmorRating_Sharp>0.7</ArmorRating_Sharp>
      <MeatAmount>0</MeatAmount>
    </statBases>
    <tools>
      <li>
        <label>head</label>
        <capacities>
          <li>Blunt</li>
        </capacities>
        <power>16</power>
        <cooldownTime>2.4</cooldownTime>
        <linkedBodyPartsGroup>HeadAttackTool</linkedBodyPartsGroup>
      </li>
    </tools>
    <race>
      <intelligence>ToolUser</intelligence>
      <thinkTreeMain>Mechanoid</thinkTreeMain>
      <body>MechanicalCentipede</body>
      <baseBodySize>2.0</baseBodySize>
      <baseHealthScale>2.5</baseHealthScale>
      <lifeStageAges>
        <li>
          <def>MechanoidFullyFormed</def>
          <minAge>0</minAge>
          <soundWounded>Pawn_Mech_Centipede_Wounded</soundWounded>
          <soundDeath>Pawn_Mech_Centipede_Death</soundDeath>
          <soundCall>Pawn_Mech_Centipede_Call</soundCall>
        </li>
      </lifeStageAges>
      <soundCallIntervalRange>
        <min>1000</min>
        <max>2000</max>
      </soundCallIntervalRange>
      <soundMeleeHitPawn>Pawn_Melee_MechanoidBash_HitPawn</soundMeleeHitPawn>
      <soundMeleeHitBuilding>Pawn_Melee_MechanoidBash_HitBuilding</soundMeleeHitBuilding>
      <soundMeleeMiss>Pawn_Melee_MechanoidBash_Miss</soundMeleeMiss>
    </race>
    <recipes>
      <li>ShutDownMechanoid</li>
    </recipes>
    <butcherProducts>
      <Steel>80</Steel>
      <Plasteel>50</Plasteel>
      <Component>2</Component>
    </butcherProducts>
  </ThingDef>


  <!-- Scyther -->
  <ThingDef ParentName="BaseMechanoid">
    <defName>Mechanoid_Scyther</defName>
    <label>scyther</label>
    <description>Fast, spindly, human-sized combat mechanoids. They usually carry one primary ranged weapon, and their bodies are adorned with two articulated blades to make them deadly in melee combat. They don't use cover. Best handled by concentrated, overwhelming force.</description>
    <statBases>
      <MoveSpeed>6.6</MoveSpeed>
      <ArmorRating_Blunt>0.1</ArmorRating_Blunt>
      <ArmorRating_Sharp>0.25</ArmorRating_Sharp>
      <MeatAmount>0</MeatAmount>
    </statBases>
    <tools>
      <li>
        <label>left blade</label>
        <capacities>
          <li>Cut</li>
          <li>Stab</li>
        </capacities>
        <power>20</power>
        <cooldownTime>1.65</cooldownTime>
        <linkedBodyPartsGroup>LeftBlade</linkedBodyPartsGroup>
        <alwaysTreatAsWeapon>true</alwaysTreatAsWeapon>
      </li>
      <li>
        <label>right blade</label>
        <capacities>
          <li>Cut</li>
          <li>Stab</li>
        </capacities>
        <power>20</power>
        <cooldownTime>1.65</cooldownTime>
        <linkedBodyPartsGroup>RightBlade</linkedBodyPartsGroup>
        <alwaysTreatAsWeapon>true</alwaysTreatAsWeapon>
      </li>
      <li>
        <label>head</label>
        <capacities>
          <li>Blunt</li>
        </capacities>
        <power>7</power>
        <cooldownTime>1.65</cooldownTime>
        <linkedBodyPartsGroup>HeadAttackTool</linkedBodyPartsGroup>
        <commonality>0.2</commonality>
      </li>
    </tools>
    <race>
      <intelligence>ToolUser</intelligence>
      <thinkTreeMain>Mechanoid</thinkTreeMain>
      <body>Scyther</body>
      <baseBodySize>1.0</baseBodySize>
      <baseHealthScale>0.8</baseHealthScale>
      <lifeStageAges>
        <li>
          <def>MechanoidFullyFormed</def>
          <minAge>0</minAge>
          <soundWounded>Pawn_Mech_Scyther_Wounded</soundWounded>
          <soundDeath>Pawn_Mech_Scyther_Death</soundDeath>
          <soundCall>Pawn_Mech_Scyther_Call</soundCall>
        </li>
      </lifeStageAges>
      <soundCallIntervalRange>
        <min>1000</min>
        <max>2000</max>
      </soundCallIntervalRange>
      <soundMeleeHitPawn>Pawn_Melee_MechanoidSlash_HitPawn</soundMeleeHitPawn>
      <soundMeleeHitBuilding>Pawn_Melee_MechanoidSlash_HitBuilding</soundMeleeHitBuilding>
      <soundMeleeMiss>Pawn_Melee_MechanoidSlash_Miss</soundMeleeMiss>
    </race>
    <recipes>
      <li>RemoveMechanoidBodyPart</li>
      <li>ShutDownMechanoid</li>
    </recipes>
    <butcherProducts>
      <Steel>40</Steel>
      <Plasteel>25</Plasteel>
      <Component>1</Component>
    </butcherProducts>
  </ThingDef>




</Defs>