﻿<?xml version="1.0" encoding="utf-8" ?>
<Defs>

  <ThingDef ParentName="AnimalThingBase" Name="BigCatThingBase" Abstract="True">
    <statBases>
      <MoveSpeed>5.0</MoveSpeed>
      <MarketValue>400</MarketValue>
    </statBases>
    <tools>
      <li>
        <label>left claw</label>
        <capacities>
          <li>Scratch</li>
        </capacities>
        <power>11</power>
        <cooldownTime>1.5</cooldownTime>
        <linkedBodyPartsGroup>FrontLeftPaw</linkedBodyPartsGroup>
        <surpriseAttack>
          <extraMeleeDamages>
            <li>
              <def>Stun</def>
              <amount>14</amount>
            </li>
          </extraMeleeDamages>
        </surpriseAttack>
      </li>
      <li>
        <label>right claw</label>
        <capacities>
          <li>Scratch</li>
        </capacities>
        <power>11</power>
        <cooldownTime>1.5</cooldownTime>
        <linkedBodyPartsGroup>FrontRightPaw</linkedBodyPartsGroup>
        <surpriseAttack>
          <extraMeleeDamages>
            <li>
              <def>Stun</def>
              <amount>14</amount>
            </li>
          </extraMeleeDamages>
        </surpriseAttack>
      </li>
      <li>
        <capacities>
          <li>Bite</li>
        </capacities>
        <power>15</power>
        <cooldownTime>1.85</cooldownTime>
        <linkedBodyPartsGroup>Teeth</linkedBodyPartsGroup>
        <surpriseAttack>
          <extraMeleeDamages>
            <li>
              <def>Stun</def>
              <amount>14</amount>
            </li>
          </extraMeleeDamages>
        </surpriseAttack>
      </li>
      <li>
        <label>head</label>
        <capacities>
          <li>Blunt</li>
        </capacities>
        <power>5</power>
        <cooldownTime>1.65</cooldownTime>
        <linkedBodyPartsGroup>HeadAttackTool</linkedBodyPartsGroup>
        <ensureLinkedBodyPartsGroupAlwaysUsable>true</ensureLinkedBodyPartsGroupAlwaysUsable>
        <commonality>0.2</commonality>
      </li>
    </tools>
    <race>
      <body>QuadrupedAnimalWithPawsAndTail</body>
      <herdAnimal>false</herdAnimal>
      <predator>true</predator>
      <maxPreyBodySize>1.0</maxPreyBodySize>
      <baseBodySize>1.4</baseBodySize>
      <baseHungerRate>0.3</baseHungerRate>
      <baseHealthScale>1.8</baseHealthScale>
      <foodType>CarnivoreAnimal, OvivoreAnimal</foodType>
      <leatherDef>Leather_Panthera</leatherDef>
      <wildness>0.80</wildness>
      <trainability>Advanced</trainability>
      <manhunterOnTameFailChance>0.08</manhunterOnTameFailChance>
      <manhunterOnDamageChance>0.055</manhunterOnDamageChance>
      <gestationPeriodDays>22.5</gestationPeriodDays>
      <lifeExpectancy>13</lifeExpectancy>
      <lifeStageAges>
        <li>
          <def>AnimalBaby</def>
          <minAge>0</minAge>
        </li>
        <li>
          <def>AnimalJuvenile</def>
          <minAge>0.25</minAge>
        </li>
        <li>
          <def>AnimalAdult</def>
          <minAge>0.5</minAge>
          <soundWounded>Pawn_Cougar_Injured</soundWounded>
          <soundDeath>Pawn_Cougar_Death</soundDeath>
          <soundAngry>Pawn_Cougar_Angry</soundAngry>
        </li>
      </lifeStageAges>
      <soundMeleeHitPawn>Pawn_Melee_BigBash_HitPawn</soundMeleeHitPawn>
      <soundMeleeHitBuilding>Pawn_Melee_BigBash_HitBuilding</soundMeleeHitBuilding>
      <soundMeleeMiss>Pawn_Melee_BigBash_Miss</soundMeleeMiss>
    </race>
    <tradeTags>
      <li>AnimalUncommon</li>
      <li>AnimalFighter</li>
    </tradeTags>
  </ThingDef>

  <PawnKindDef ParentName="AnimalKindBase" Name="BigCatKindBase" Abstract="True">
    <combatPower>150</combatPower>
    <ecoSystemWeight>0.50</ecoSystemWeight>
  </PawnKindDef>


  <!--===============================================-->

  <ThingDef ParentName="BigCatThingBase">
    <defName>Cougar</defName>
    <label>cougar</label>
    <description>One of the most dangerous big cats, cougars are solitary hunters with long, sharp teeth and claws. They stalk prey from hidden positions before pouncing.\n\nWhile humans are not their normal diet, they won't turn down a meal of vulnerable human meat.</description>
    <statBases>
      <ComfyTemperatureMin>-25</ComfyTemperatureMin>
    </statBases>
  </ThingDef>

  <PawnKindDef ParentName="BigCatKindBase">
    <defName>Cougar</defName>
    <label>cougar</label>
    <race>Cougar</race>
    <lifeStages>
      <li>
        <bodyGraphicData>
          <texPath>Things/Pawn/Animal/Cougar/Cougar</texPath>
          <drawSize>1.1</drawSize>
          <color>(177,136,112)</color>
        </bodyGraphicData>
        <dessicatedBodyGraphicData>
          <texPath>Things/Pawn/Animal/Dessicated/CritterDessicatedMedium</texPath>
          <drawSize>1.1</drawSize>
        </dessicatedBodyGraphicData>
      </li>
      <li>
        <bodyGraphicData>
          <texPath>Things/Pawn/Animal/Cougar/Cougar</texPath>
          <drawSize>1.4</drawSize>
          <color>(177,136,112)</color>
          <shadowData>
            <volume>(0.3, 0.3, 0.3)</volume>
            <offset>(0,0,-0.3)</offset>
          </shadowData>
        </bodyGraphicData>
        <dessicatedBodyGraphicData>
          <texPath>Things/Pawn/Animal/Dessicated/CritterDessicatedMedium</texPath>
          <drawSize>1.4</drawSize>
        </dessicatedBodyGraphicData>
      </li>
      <li>
        <bodyGraphicData>
          <texPath>Things/Pawn/Animal/Cougar/Cougar</texPath>
          <drawSize>2.18</drawSize>
          <color>(177,136,112)</color>
          <shadowData>
            <volume>(0.4, 0.4, 0.4)</volume>
            <offset>(0,0,-0.1)</offset>
          </shadowData>
        </bodyGraphicData>
        <dessicatedBodyGraphicData>
          <texPath>Things/Pawn/Animal/Dessicated/CritterDessicatedMedium</texPath>
          <drawSize>2.18</drawSize>
        </dessicatedBodyGraphicData>
      </li>
    </lifeStages>
  </PawnKindDef>

  <!--===============================================-->

  <ThingDef ParentName="BigCatThingBase">
    <defName>Panther</defName>
    <label>panther</label>
    <description>An agile and powerful big cat native to the jungles of old Earth. As solitary ambush predators, panthers are masters of taking down both large and small prey. Onlookers tend to focus on their graceful movements, while those in closer contact usually notice their skull-crushing strength.</description>
    <statBases>
      <ComfyTemperatureMin>-8</ComfyTemperatureMin>
      <ComfyTemperatureMax>50</ComfyTemperatureMax>
    </statBases>
  </ThingDef>

  <PawnKindDef ParentName="BigCatKindBase">
    <defName>Panther</defName>
    <label>panther</label>
    <race>Panther</race>
    <lifeStages>
      <li>
        <bodyGraphicData>
          <texPath>Things/Pawn/Animal/Cougar/Cougar</texPath>
          <drawSize>1.05</drawSize>
          <color>(60,60,60)</color>
        </bodyGraphicData>
        <dessicatedBodyGraphicData>
          <texPath>Things/Pawn/Animal/Dessicated/CritterDessicatedMedium</texPath>
          <drawSize>1.05</drawSize>
        </dessicatedBodyGraphicData>
      </li>
      <li>
        <bodyGraphicData>
          <texPath>Things/Pawn/Animal/Cougar/Cougar</texPath>
          <drawSize>1.35</drawSize>
          <color>(60,60,60)</color>
          <shadowData>
            <volume>(0.3, 0.3, 0.3)</volume>
            <offset>(0,0,-0.3)</offset>
          </shadowData>
        </bodyGraphicData>
        <dessicatedBodyGraphicData>
          <texPath>Things/Pawn/Animal/Dessicated/CritterDessicatedMedium</texPath>
          <drawSize>1.35</drawSize>
        </dessicatedBodyGraphicData>
      </li>
      <li>
        <bodyGraphicData>
          <texPath>Things/Pawn/Animal/Cougar/Cougar</texPath>
          <drawSize>2.12</drawSize>
          <color>(60,60,60)</color>
          <shadowData>
            <volume>(0.4, 0.4, 0.4)</volume>
            <offset>(0,0,-0.1)</offset>
          </shadowData>
        </bodyGraphicData>
        <dessicatedBodyGraphicData>
          <texPath>Things/Pawn/Animal/Dessicated/CritterDessicatedMedium</texPath>
          <drawSize>2.12</drawSize>
        </dessicatedBodyGraphicData>
      </li>
    </lifeStages>
  </PawnKindDef>


  <!--===============================================-->

  <ThingDef ParentName="AnimalThingBase">
    <defName>Lynx</defName>
    <label>lynx</label>
    <description>A wildcat larger than a housecat, but smaller than a cougar. Lynxes survive on a diet of small birds and animals. Their very warm fur keeps them safe from the brutally cold temperatures of their frozen territories.</description>
    <statBases>
      <MoveSpeed>5.0</MoveSpeed>
      <ComfyTemperatureMin>-50</ComfyTemperatureMin>
      <MarketValue>250</MarketValue>
    </statBases>
    <tools>
      <li>
        <label>left claw</label>
        <capacities>
          <li>Scratch</li>
        </capacities>
        <power>9</power>
        <cooldownTime>1.5</cooldownTime>
        <linkedBodyPartsGroup>FrontLeftPaw</linkedBodyPartsGroup>
        <surpriseAttack>
          <extraMeleeDamages>
            <li>
              <def>Stun</def>
              <amount>14</amount>
            </li>
          </extraMeleeDamages>
        </surpriseAttack>
      </li>
      <li>
        <label>right claw</label>
        <capacities>
          <li>Scratch</li>
        </capacities>
        <power>9</power>
        <cooldownTime>1.5</cooldownTime>
        <linkedBodyPartsGroup>FrontRightPaw</linkedBodyPartsGroup>
        <surpriseAttack>
          <extraMeleeDamages>
            <li>
              <def>Stun</def>
              <amount>14</amount>
            </li>
          </extraMeleeDamages>
        </surpriseAttack>
      </li>
      <li>
        <capacities>
          <li>Bite</li>
        </capacities>
        <power>11</power>
        <cooldownTime>1.85</cooldownTime>
        <linkedBodyPartsGroup>Teeth</linkedBodyPartsGroup>
        <surpriseAttack>
          <extraMeleeDamages>
            <li>
              <def>Stun</def>
              <amount>14</amount>
            </li>
          </extraMeleeDamages>
        </surpriseAttack>
      </li>
      <li>
        <label>head</label>
        <capacities>
          <li>Blunt</li>
        </capacities>
        <power>3</power>
        <cooldownTime>1.65</cooldownTime>
        <linkedBodyPartsGroup>HeadAttackTool</linkedBodyPartsGroup>
        <ensureLinkedBodyPartsGroupAlwaysUsable>true</ensureLinkedBodyPartsGroupAlwaysUsable>
        <commonality>0.2</commonality>
      </li>
    </tools>
    <race>
      <body>QuadrupedAnimalWithPawsAndTail</body>
      <herdAnimal>false</herdAnimal>
      <predator>true</predator>
      <maxPreyBodySize>1.0</maxPreyBodySize>
      <baseBodySize>0.8</baseBodySize>
      <baseHungerRate>0.19</baseHungerRate>
      <baseHealthScale>0.8</baseHealthScale>
      <foodType>CarnivoreAnimal, OvivoreAnimal</foodType>
      <leatherDef>Leather_Panthera</leatherDef>
      <wildness>0.80</wildness>
      <manhunterOnTameFailChance>0.08</manhunterOnTameFailChance>
      <manhunterOnDamageChance>0.055</manhunterOnDamageChance>
      <gestationPeriodDays>22.5</gestationPeriodDays>
      <lifeExpectancy>9</lifeExpectancy>
      <lifeStageAges>
        <li>
          <def>AnimalBaby</def>
          <minAge>0</minAge>
        </li>
        <li>
          <def>AnimalJuvenile</def>
          <minAge>0.2</minAge>
        </li>
        <li>
          <def>AnimalAdult</def>
          <minAge>0.4</minAge>
          <soundWounded>Pawn_Cougar_Injured</soundWounded>
          <soundDeath>Pawn_Cougar_Death</soundDeath>
          <soundAngry>Pawn_Cougar_Angry</soundAngry>
        </li>
      </lifeStageAges>
      <soundMeleeHitPawn>Pawn_Melee_BigBash_HitPawn</soundMeleeHitPawn>
      <soundMeleeHitBuilding>Pawn_Melee_BigBash_HitBuilding</soundMeleeHitBuilding>
      <soundMeleeMiss>Pawn_Melee_BigBash_Miss</soundMeleeMiss>
    </race>
    <tradeTags>
      <li>AnimalUncommon</li>
      <li>AnimalFighter</li>
    </tradeTags>
  </ThingDef>

  <PawnKindDef ParentName="AnimalKindBase">
    <defName>Lynx</defName>
    <label>lynx</label>
    <labelPlural>lynx</labelPlural>
    <race>Lynx</race>
    <combatPower>80</combatPower>
    <ecoSystemWeight>0.22</ecoSystemWeight>
    <lifeStages>
      <li>
        <label>lynx kitten</label>
        <bodyGraphicData>
          <texPath>Things/Pawn/Animal/Lynx/Lynx</texPath>
          <drawSize>1.1</drawSize>
          <color>(173,155,138)</color>
          <shaderType>CutoutComplex</shaderType>
        </bodyGraphicData>
        <dessicatedBodyGraphicData>
          <texPath>Things/Pawn/Animal/Dessicated/CritterDessicatedMedium</texPath>
          <drawSize>1.1</drawSize>
        </dessicatedBodyGraphicData>
      </li>
      <li>
        <bodyGraphicData>
          <texPath>Things/Pawn/Animal/Lynx/Lynx</texPath>
          <drawSize>1.4</drawSize>
          <color>(173,155,138)</color>
          <shaderType>CutoutComplex</shaderType>
          <shadowData>
            <volume>(0.3, 0.3, 0.3)</volume>
            <offset>(0,0,-0.3)</offset>
          </shadowData>
        </bodyGraphicData>
        <dessicatedBodyGraphicData>
          <texPath>Things/Pawn/Animal/Dessicated/CritterDessicatedMedium</texPath>
          <drawSize>1.4</drawSize>
        </dessicatedBodyGraphicData>
      </li>
      <li>
        <bodyGraphicData>
          <texPath>Things/Pawn/Animal/Lynx/Lynx</texPath>
          <drawSize>1.6</drawSize>
          <color>(173,155,138)</color>
          <shaderType>CutoutComplex</shaderType>
          <shadowData>
            <volume>(0.3, 0.3, 0.3)</volume>
            <offset>(0,0,-0.1)</offset>
          </shadowData>
        </bodyGraphicData>
        <dessicatedBodyGraphicData>
          <texPath>Things/Pawn/Animal/Dessicated/CritterDessicatedMedium</texPath>
          <drawSize>1.6</drawSize>
        </dessicatedBodyGraphicData>
      </li>
    </lifeStages>
  </PawnKindDef>

</Defs>
