﻿<?xml version="1.0" encoding="utf-8" ?>
<Defs>

  <ThingDef ParentName="AnimalThingBase">
    <defName>Cobra</defName>
    <label>cobra</label>
    <description>A large predatory snake. Cobras can be highly aggressive if provoked, and their bite injects toxic venom into the victim.</description>
    <statBases>
      <MoveSpeed>3.5</MoveSpeed>
      <MarketValue>150</MarketValue>
      <ComfyTemperatureMin>0</ComfyTemperatureMin>
      <ComfyTemperatureMax>60</ComfyTemperatureMax>
    </statBases>
    <tools>
      <li>
        <capacities>
          <li>ToxicBite</li>
        </capacities>
        <power>10</power>
        <cooldownTime>1.65</cooldownTime>
        <linkedBodyPartsGroup>Mouth</linkedBodyPartsGroup>
        <surpriseAttack>
          <extraMeleeDamages>
            <li>
              <def>Stun</def>
              <amount>14</amount>
            </li>
          </extraMeleeDamages>
        </surpriseAttack>
      </li>
      <li>
        <label>head</label>
        <capacities>
          <li>Blunt</li>
        </capacities>
        <power>1</power>
        <cooldownTime>1.65</cooldownTime>
        <linkedBodyPartsGroup>HeadAttackTool</linkedBodyPartsGroup>
        <ensureLinkedBodyPartsGroupAlwaysUsable>true</ensureLinkedBodyPartsGroupAlwaysUsable>
        <commonality>0.2</commonality>
      </li>
    </tools>
    <comps>
      <li Class="CompProperties_EggLayer">
        <eggFertilizedDef>EggCobraFertilized</eggFertilizedDef>
        <eggFertilizationCountMax>1</eggFertilizationCountMax>
        <eggLayIntervalDays>20.0</eggLayIntervalDays>
        <eggProgressUnfertilizedMax>0.5</eggProgressUnfertilizedMax>
        <eggCountRange>
          <min>1</min>
          <max>2</max>
        </eggCountRange>
      </li>
    </comps>
    <race>
      <body>Snake</body>
      <predator>true</predator>
      <maxPreyBodySize>0.35</maxPreyBodySize>
      <baseBodySize>0.25</baseBodySize>
      <baseHungerRate>0.07</baseHungerRate>
      <baseHealthScale>0.5</baseHealthScale>
      <foodType>CarnivoreAnimal, OvivoreAnimal</foodType>
      <leatherDef>Leather_Lizard</leatherDef>
      <meatLabel>cobraflesh</meatLabel>
      <wildness>0.75</wildness>
      <petness>0.05</petness>
      <manhunterOnTameFailChance>0.08</manhunterOnTameFailChance>
      <manhunterOnDamageChance>0.055</manhunterOnDamageChance>
      <nameOnTameChance>1</nameOnTameChance>
      <lifeExpectancy>20</lifeExpectancy>
      <lifeStageAges>
        <li>
          <def>AnimalBaby</def>
          <minAge>0</minAge>
        </li>
        <li>
          <def>AnimalJuvenile</def>
          <minAge>0.15</minAge>
        </li>
        <li>
          <def>AnimalAdult</def>
          <minAge>0.5</minAge>
          <soundWounded>Pawn_Cobra_Wounded</soundWounded>
          <soundDeath>Pawn_Cobra_Death</soundDeath>
          <soundCall>Pawn_Cobra_Call</soundCall>
          <soundAngry>Pawn_Cobra_Angry</soundAngry>
        </li>
      </lifeStageAges>
      <soundMeleeHitPawn>Pawn_Melee_SmallScratch_HitPawn</soundMeleeHitPawn>
      <soundMeleeHitBuilding>Pawn_Melee_SmallScratch_HitBuilding</soundMeleeHitBuilding>
      <soundMeleeMiss>Pawn_Melee_SmallScratch_Miss</soundMeleeMiss>
    </race>
    <tradeTags>
      <li>AnimalUncommon</li>
      <li>AnimalFighter</li>
    </tradeTags>
  </ThingDef>

  <PawnKindDef ParentName="AnimalKindBase">
    <defName>Cobra</defName>
    <label>cobra</label>
    <race>Cobra</race>
    <combatPower>65</combatPower>
    <ecoSystemWeight>0.25</ecoSystemWeight>
    <lifeStages>
      <li>
        <bodyGraphicData>
          <texPath>Things/Pawn/Animal/Cobra/Cobra</texPath>
          <drawSize>1</drawSize>
        </bodyGraphicData>
        <dessicatedBodyGraphicData>
          <texPath>Things/Pawn/Animal/Dessicated/CritterDessicatedSnake</texPath>
          <drawSize>1</drawSize>
        </dessicatedBodyGraphicData>
      </li>
      <li>
        <bodyGraphicData>
          <texPath>Things/Pawn/Animal/Cobra/Cobra</texPath>
          <drawSize>1.25</drawSize>
        </bodyGraphicData>
        <dessicatedBodyGraphicData>
          <texPath>Things/Pawn/Animal/Dessicated/CritterDessicatedSnake</texPath>
          <drawSize>1.25</drawSize>
        </dessicatedBodyGraphicData>
      </li>
      <li>
        <bodyGraphicData>
          <texPath>Things/Pawn/Animal/Cobra/Cobra</texPath>
          <drawSize>1.5</drawSize>
        </bodyGraphicData>
        <dessicatedBodyGraphicData>
          <texPath>Things/Pawn/Animal/Dessicated/CritterDessicatedSnake</texPath>
          <drawSize>1.5</drawSize>
        </dessicatedBodyGraphicData>
      </li>
    </lifeStages>
  </PawnKindDef>
  
  <!-- ====================================================== -->
  
  <ThingDef ParentName="AnimalThingBase">
    <defName>Monkey</defName>
    <label>monkey</label>
    <description>A small primate, the monkey can use its curly tail to grab on to branches, leaving its hands free to do other things. Monkeys are selfish but clever, and can be trained to carry out fairly complex tasks.</description>
    <statBases>
      <MoveSpeed>4.5</MoveSpeed>
      <MarketValue>100</MarketValue>
      <ComfyTemperatureMin>-5</ComfyTemperatureMin>
      <ComfyTemperatureMax>50</ComfyTemperatureMax>
    </statBases>
    <tools>
      <li>
        <label>left fist</label>
        <capacities>
          <li>Blunt</li>
        </capacities>
        <power>4</power>
        <cooldownTime>1.3</cooldownTime>
        <linkedBodyPartsGroup>LeftHand</linkedBodyPartsGroup>
      </li>
      <li>
        <label>right fist</label>
        <capacities>
          <li>Blunt</li>
        </capacities>
        <power>4</power>
        <cooldownTime>1.3</cooldownTime>
        <linkedBodyPartsGroup>RightHand</linkedBodyPartsGroup>
      </li>
      <li>
        <capacities>
          <li>Bite</li>
        </capacities>
        <power>3</power>
        <cooldownTime>1.65</cooldownTime>
        <linkedBodyPartsGroup>Teeth</linkedBodyPartsGroup>
      </li>
      <li>
        <label>head</label>
        <capacities>
          <li>Blunt</li>
        </capacities>
        <power>1</power>
        <cooldownTime>1.65</cooldownTime>
        <linkedBodyPartsGroup>HeadAttackTool</linkedBodyPartsGroup>
        <ensureLinkedBodyPartsGroupAlwaysUsable>true</ensureLinkedBodyPartsGroupAlwaysUsable>
        <commonality>0.2</commonality>
      </li>
    </tools>
    <race>
      <body>Monkey</body>
      <petness>0.50</petness>
      <herdAnimal>true</herdAnimal>
      <baseBodySize>0.35</baseBodySize>
      <baseHungerRate>0.25</baseHungerRate>
      <baseHealthScale>0.45</baseHealthScale>
      <foodType>OmnivoreRoughAnimal</foodType>
      <leatherDef>Leather_Light</leatherDef>
      <trainability>Advanced</trainability>
      <wildness>0.60</wildness>
      <nuzzleMtbHours>48</nuzzleMtbHours>
      <gestationPeriodDays>13</gestationPeriodDays>
      <lifeExpectancy>30</lifeExpectancy>
      <lifeStageAges>
        <li>
          <def>AnimalBaby</def>
          <minAge>0</minAge>
        </li>
        <li>
          <def>AnimalJuvenile</def>
          <minAge>0.2</minAge>
        </li>
        <li>
          <def>AnimalAdult</def>
          <minAge>0.4</minAge>
          <soundWounded>Pawn_Monkey_Wounded</soundWounded>
          <soundDeath>Pawn_Monkey_Death</soundDeath>
          <soundCall>Pawn_Monkey_Call</soundCall>
          <soundAngry>Pawn_Monkey_Angry</soundAngry>
        </li>
      </lifeStageAges>
      <soundMeleeHitPawn>Pawn_Melee_SmallScratch_HitPawn</soundMeleeHitPawn>
      <soundMeleeHitBuilding>Pawn_Melee_SmallScratch_HitBuilding</soundMeleeHitBuilding>
      <soundMeleeMiss>Pawn_Melee_SmallScratch_Miss</soundMeleeMiss>
    </race>
    <tradeTags>
      <li>AnimalUncommon</li>
    </tradeTags>
  </ThingDef>

  <PawnKindDef ParentName="AnimalKindBase">
    <defName>Monkey</defName>
    <label>monkey</label>
    <race>Monkey</race>
    <combatPower>35</combatPower>
    <ecoSystemWeight>0.30</ecoSystemWeight>
    <wildGroupSize>
      <min>3</min>
      <max>7</max>
    </wildGroupSize>
    <lifeStages>
      <li>
        <bodyGraphicData>
          <texPath>Things/Pawn/Animal/Monkey/Monkey</texPath>
          <drawSize>1</drawSize>
        </bodyGraphicData>
        <dessicatedBodyGraphicData>
          <texPath>Things/Pawn/Animal/Dessicated/CritterDessicatedMedium</texPath>
          <drawSize>1</drawSize>
        </dessicatedBodyGraphicData>
      </li>
      <li>
        <bodyGraphicData>
          <texPath>Things/Pawn/Animal/Monkey/Monkey</texPath>
          <drawSize>1.25</drawSize>
          <shadowData>
            <volume>(0.2, 0.2, 0.2)</volume>
            <offset>(0,0,-0.2)</offset>
          </shadowData>
        </bodyGraphicData>
        <dessicatedBodyGraphicData>
          <texPath>Things/Pawn/Animal/Dessicated/CritterDessicatedMedium</texPath>
          <drawSize>1.25</drawSize>
        </dessicatedBodyGraphicData>
      </li>
      <li>
        <bodyGraphicData>
          <texPath>Things/Pawn/Animal/Monkey/Monkey</texPath>
          <drawSize>1.5</drawSize>
          <shadowData>
            <volume>(0.3, 0.3, 0.3)</volume>
            <offset>(0,0,-0.2)</offset>
          </shadowData>
        </bodyGraphicData>
        <dessicatedBodyGraphicData>
          <texPath>Things/Pawn/Animal/Dessicated/CritterDessicatedMedium</texPath>
          <drawSize>1.5</drawSize>
        </dessicatedBodyGraphicData>
      </li>
    </lifeStages>
  </PawnKindDef>

  <!-- ====================================================== -->

  <ThingDef ParentName="AnimalThingBase">
    <defName>Boomalope</defName>
    <label>boomalope</label>
    <description>Engineered for chemicals production, the boomalope grows a large sac of volatile chemicals on its back. Though it is weak and fragile for its size, other animals have learned to avoid it because of the huge explosion it produces when it dies. It can be milked to produce chemfuel - very carefully.</description>
    <statBases>
      <MoveSpeed>3.5</MoveSpeed>
      <MarketValue>350</MarketValue>
      <ComfyTemperatureMin>-15</ComfyTemperatureMin>
    </statBases>
    <comps>
      <li Class="CompProperties_Milkable">
        <milkDef>Chemfuel</milkDef>
        <milkIntervalDays>2</milkIntervalDays>
        <milkAmount>12</milkAmount>
        <milkFemaleOnly>false</milkFemaleOnly>
      </li>
    </comps>
    <tools>
      <li>
        <label>head</label>
        <capacities>
          <li>Blunt</li>
        </capacities>
        <power>9</power>
        <cooldownTime>1.65</cooldownTime>
        <linkedBodyPartsGroup>HeadAttackTool</linkedBodyPartsGroup>
        <ensureLinkedBodyPartsGroupAlwaysUsable>true</ensureLinkedBodyPartsGroupAlwaysUsable>
        <commonality>0.2</commonality>
      </li>
    </tools>
    <race>
      <body>QuadrupedAnimalWithHoovesAndHump</body>
      <deathActionWorkerClass>DeathActionWorker_BigExplosion</deathActionWorkerClass>
      <executionRange>6</executionRange>
      <herdAnimal>true</herdAnimal>
      <baseBodySize>1.5</baseBodySize>
      <baseHungerRate>1.3</baseHungerRate>
      <baseHealthScale>0.65</baseHealthScale>
      <foodType>VegetarianRoughAnimal</foodType>
      <leatherDef>Leather_Plain</leatherDef>
      <wildness>0.6</wildness>
      <canBePredatorPrey>false</canBePredatorPrey>
      <gestationPeriodDays>24</gestationPeriodDays>
      <lifeExpectancy>15</lifeExpectancy>
      <lifeStageAges>
        <li>
          <def>AnimalBaby</def>
          <minAge>0</minAge>
        </li>
        <li>
          <def>AnimalJuvenile</def>
          <minAge>0.2</minAge>
        </li>
        <li>
          <def>AnimalAdult</def>
          <minAge>0.5</minAge>
          <soundWounded>Pawn_Muffalo_Wounded</soundWounded>
          <soundDeath>Pawn_Muffalo_Death</soundDeath>
          <soundCall>Pawn_Muffalo_Call</soundCall>
          <soundAngry>Pawn_Muffalo_Angry</soundAngry>
        </li>
      </lifeStageAges>
      <soundMeleeHitPawn>Pawn_Melee_BigBash_HitPawn</soundMeleeHitPawn>
      <soundMeleeHitBuilding>Pawn_Melee_BigBash_HitBuilding</soundMeleeHitBuilding>
      <soundMeleeMiss>Pawn_Melee_BigBash_Miss</soundMeleeMiss>
    </race>
    <tradeTags>
      <li>AnimalUncommon</li>
      <li>AnimalFighter</li>
    </tradeTags>
  </ThingDef>
  
  <PawnKindDef ParentName="AnimalKindBase">
    <defName>Boomalope</defName>
    <label>boomalope</label>
    <race>Boomalope</race>
    <combatPower>95</combatPower>
    <ecoSystemWeight>1.1</ecoSystemWeight>
    <wildGroupSize>
      <min>3</min>
      <max>6</max>
    </wildGroupSize>
    <lifeStages>
      <li>
        <label>boomalope calf</label>
        <labelPlural>boomalope calves</labelPlural>
        <bodyGraphicData>
          <texPath>Things/Pawn/Animal/Boomalope/Boomalope</texPath>
          <color>(176,150,106)</color>
          <drawSize>1.0</drawSize>
          <shaderType>CutoutComplex</shaderType>
          <shadowData>
            <volume>(0.4, 0.3, 0.3)</volume>
            <offset>(0,0,-0.2)</offset>
          </shadowData>
        </bodyGraphicData>
        <dessicatedBodyGraphicData>
          <texPath>Things/Pawn/Animal/Dessicated/CritterDessicatedMedium</texPath>
          <drawSize>1.3</drawSize>
        </dessicatedBodyGraphicData>
      </li>
      <li>
        <bodyGraphicData>
          <texPath>Things/Pawn/Animal/Boomalope/Boomalope</texPath>
          <color>(176,150,106)</color>
          <drawSize>1.5</drawSize>
          <shaderType>CutoutComplex</shaderType>
          <shadowData>
            <volume>(0.6, 0.45, 0.45)</volume>
            <offset>(0,0,-0.25)</offset>
          </shadowData>
        </bodyGraphicData>
        <dessicatedBodyGraphicData>
          <texPath>Things/Pawn/Animal/Dessicated/CritterDessicatedMedium</texPath>
          <drawSize>2</drawSize>
        </dessicatedBodyGraphicData>
      </li>
      <li>
        <bodyGraphicData>
          <texPath>Things/Pawn/Animal/Boomalope/Boomalope</texPath>
          <color>(176,150,106)</color>
          <drawSize>2.0</drawSize>
          <shaderType>CutoutComplex</shaderType>
          <shadowData>
            <volume>(0.8, 0.6, 0.6)</volume>
            <offset>(0,0,-0.3)</offset>
          </shadowData>
        </bodyGraphicData>
        <dessicatedBodyGraphicData>
          <texPath>Things/Pawn/Animal/Dessicated/CritterDessicatedMedium</texPath>
          <drawSize>2.5</drawSize>
        </dessicatedBodyGraphicData>
      </li>
    </lifeStages>
  </PawnKindDef>

</Defs>
