﻿<?xml version="1.0" encoding="utf-8" ?>
<Roofs>

  <RoofDef>
    <defName>RoofConstructed</defName>
    <label>constructed roof</label>
    <isThickRoof>false</isThickRoof>
    <filthLeaving>BuildingRubble</filthLeaving>
    <soundPunchThrough>PunchThroughRoofMetal</soundPunchThrough>
  </RoofDef>


  <RoofDef>
    <defName>RoofRockThin</defName>
    <label>rock roof (thin)</label>
    <isThickRoof>false</isThickRoof>
    <isNatural>true</isNatural>
    <filthLeaving>RockRubble</filthLeaving>
    <soundPunchThrough>RoofCollapse</soundPunchThrough>
  </RoofDef>


  <RoofDef>
    <defName>RoofRockThick</defName>
    <label>overhead mountain</label>
    <isThickRoof>true</isThickRoof>
    <isNatural>true</isNatural>
    <collapseLeavingThingDef>CollapsedRocks</collapseLeavingThingDef>
    <filthLeaving>RockRubble</filthLeaving>
  </RoofDef>

</Roofs>