﻿<?xml version="1.0" encoding="utf-8" ?>
<Defs>

	<SkillDef>
		<defName>Shooting</defName>
    <description>Use of all kinds of ranged weapons.</description>
    <skillLabel>shooting</skillLabel>
    <pawnCreatorSummaryVisible>true</pawnCreatorSummaryVisible>
  </SkillDef>

	<SkillDef>
		<defName>Melee</defName>
    <description>Use of all kinds of melee weapons as well as unarmed combat.</description>
    <skillLabel>melee</skillLabel>
    <disablingWorkTags>Violent</disablingWorkTags>
    <pawnCreatorSummaryVisible>true</pawnCreatorSummaryVisible>
	</SkillDef>

	<SkillDef>
		<defName>Social</defName>
    <description>Negotiating, convincing, manipulating, leading, and cheering up others.</description>
    <skillLabel>social</skillLabel>
	</SkillDef>

  <SkillDef>
    <defName>Animals</defName>
    <description>Taming, training, managing, and controlling animals.</description>
    <skillLabel>animals</skillLabel>
		<usuallyDefinedInBackstories>false</usuallyDefinedInBackstories>
  </SkillDef>
  
  <SkillDef>
    <defName>Medicine</defName>
    <description>Treating wounds and diseases and doing surgery.</description>
    <skillLabel>medicine</skillLabel>
    <pawnCreatorSummaryVisible>true</pawnCreatorSummaryVisible>
  </SkillDef>

  <SkillDef>
    <defName>Cooking</defName>
    <description>Creating meals from raw ingredients.</description>
    <skillLabel>cooking</skillLabel>
    <pawnCreatorSummaryVisible>true</pawnCreatorSummaryVisible>
  </SkillDef>

  <SkillDef>
    <defName>Construction</defName>
    <description>Better constructors build structures and furniture faster and of higher quality.</description>
    <skillLabel>construction</skillLabel>
    <pawnCreatorSummaryVisible>true</pawnCreatorSummaryVisible>
  </SkillDef>

  <SkillDef>
		<defName>Growing</defName>
    <description>Sowing, caring for, and harvesting crops.</description>
    <skillLabel>growing</skillLabel>
    <pawnCreatorSummaryVisible>true</pawnCreatorSummaryVisible>
	</SkillDef>

  <SkillDef>
		<defName>Mining</defName>
    <description>Digging tunnels and extracting mineral or buried resources.</description>
    <skillLabel>mining</skillLabel>
    <pawnCreatorSummaryVisible>true</pawnCreatorSummaryVisible>
	</SkillDef>
  
	<SkillDef>
		<defName>Artistic</defName>
    <description>Crafting art.</description>
    <skillLabel>artistic</skillLabel>
	</SkillDef>

	<SkillDef>
		<defName>Crafting</defName>
    <description>Crafting general items including weapons and tools.</description>
    <skillLabel>crafting</skillLabel>
	</SkillDef>
 
  <SkillDef>
    <defName>Intellectual</defName>
    <description>Investigating evidence, making connections, calculating and using logic.</description>
    <skillLabel>intellectual</skillLabel>
    <pawnCreatorSummaryVisible>true</pawnCreatorSummaryVisible>
  </SkillDef>


</Defs>
