<?xml version="1.0" encoding="utf-8"?>
<Defs>
  
  <SoundDef>
    <defName>PsycastPsychicEffect</defName>
    <context>MapOnly</context>
    <subSounds>
      <li>
        <grains>
          <li Class="AudioGrain_Folder">
            <clipFolderPath>Misc/Psycasts/Psycast_Psychic_Effect</clipFolderPath>
          </li>
        </grains>
        <volumeRange>30~30</volumeRange>
        <pitchRange>0.9~1.1</pitchRange>
      </li>
    </subSounds>
  </SoundDef>

  <SoundDef>
    <defName>PsycastSkipEffect</defName>
    <context>MapOnly</context>
    <subSounds>
      <li>
        <grains>
          <li Class="AudioGrain_Folder">
            <clipFolderPath>Misc/Psycasts/Psycast_Skip_Effect</clipFolderPath>
          </li>
        </grains>
        <volumeRange>30~30</volumeRange>
        <pitchRange>0.9~1.1</pitchRange>
      </li>
    </subSounds>
  </SoundDef>

  <SoundDef>
    <defName>PsycastPsychicPulse</defName>
    <context>MapOnly</context>
    <subSounds>
      <li>
        <grains>
          <li Class="AudioGrain_Folder">
            <clipFolderPath>Misc/Psycasts/Psycast_Psychic_Pulse</clipFolderPath>
          </li>
        </grains>
        <volumeRange>50~50</volumeRange>
        <pitchRange>0.9~1.1</pitchRange>
      </li>
    </subSounds>
  </SoundDef>

  <SoundDef>
    <defName>PsycastSkipPulse</defName>
    <context>MapOnly</context>
    <subSounds>
      <li>
        <grains>
          <li Class="AudioGrain_Folder">
            <clipFolderPath>Misc/Psycasts/Psycast_Skip_Pulse</clipFolderPath>
          </li>
        </grains>
        <volumeRange>50~50</volumeRange>
        <pitchRange>0.9~1.1</pitchRange>
      </li>
    </subSounds>
  </SoundDef>

  <SoundDef>
    <defName>PsycastWallraise</defName>
    <context>MapOnly</context>
    <subSounds>
      <li>
        <grains>
          <li Class="AudioGrain_Folder">
            <clipFolderPath>Misc/Psycasts/Wall_Raise</clipFolderPath>
          </li>
        </grains>
        <volumeRange>35~35</volumeRange>
        <pitchRange>0.9~1.1</pitchRange>
      </li>
    </subSounds>
  </SoundDef>

  <SoundDef>
    <defName>PsycastCastLoop</defName>
    <context>MapOnly</context>
    <maxSimultaneous>5</maxSimultaneous>
    <priorityMode>PrioritizeNearest</priorityMode>
    <sustain>True</sustain>
    <sustainFadeoutTime>0.1</sustainFadeoutTime>
    <subSounds>
      <li>
        <grains>
          <li Class="AudioGrain_Folder">
            <clipFolderPath>Misc/Psycasts/Psycast_Casting_Loop</clipFolderPath>
          </li>
        </grains>
        <volumeRange>20~25</volumeRange>
        <pitchRange>0.9~1.1</pitchRange>
        <sustainAttack>0.2</sustainAttack>
        <sustainSkipFirstAttack>False</sustainSkipFirstAttack>
        <sustainLoop>True</sustainLoop>
      </li>
    </subSounds>
  </SoundDef>

  <SoundDef>
    <defName>PsychicEntropyOverloaded</defName>
    <context>MapOnly</context>
    <subSounds>
      <li>
        <grains>
          <li Class="AudioGrain_Clip">
            <clipPath>Misc/Psycasts/Psychic_Entropy/Psychic_Entropy_Overloaded</clipPath>
          </li>
        </grains>
        <volumeRange>20~20</volumeRange>
      </li>
    </subSounds>
  </SoundDef>

  <SoundDef>
    <defName>PsychicEntropyHyperloaded</defName>
    <context>MapOnly</context>
    <subSounds>
      <li>
        <grains>
          <li Class="AudioGrain_Clip">
            <clipPath>Misc/Psycasts/Psychic_Entropy/Psychic_Entropy_Hyperloaded</clipPath>
          </li>
        </grains>
        <volumeRange>20~20</volumeRange>
      </li>
    </subSounds>
  </SoundDef>

  <SoundDef>
    <defName>PsychicEntropyBrainCharring</defName>
    <context>MapOnly</context>
    <subSounds>
      <li>
        <grains>
          <li Class="AudioGrain_Clip">
            <clipPath>Misc/Psycasts/Psychic_Entropy/Psychic_Entropy_BrainCharring</clipPath>
          </li>
        </grains>
        <volumeRange>20~20</volumeRange>
      </li>
    </subSounds>
  </SoundDef>

  <SoundDef>
    <defName>PsychicEntropyBrainRoasting</defName>
    <context>MapOnly</context>
    <subSounds>
      <li>
        <grains>
          <li Class="AudioGrain_Clip">
            <clipPath>Misc/Psycasts/Psychic_Entropy/Psychic_Entropy_BrainRoasting</clipPath>
          </li>
        </grains>
        <volumeRange>20~20</volumeRange>
      </li>
    </subSounds>
  </SoundDef>
  
</Defs>