﻿<?xml version="1.0" encoding="utf-8"?><Defs>

  <SoundDef>
    <defName>MeleeHit_BladelinkMonoSword</defName>  
    <context>MapOnly</context> 
    <maxSimultaneous>1</maxSimultaneous>  
    <subSounds>
      <li>
        <grains>
          <li Class="AudioGrain_Folder">
            <clipFolderPath>Impact/BladelinkMonoSword</clipFolderPath>
          </li>
        </grains>      
        <volumeRange>17~20</volumeRange>      
        <pitchRange>0.9152174~1.169566</pitchRange>
      </li>
    </subSounds>
  </SoundDef>

  <SoundDef>
    <defName>MeleeHit_BladelinkZeusHammer</defName>  
    <context>MapOnly</context> 
    <maxSimultaneous>1</maxSimultaneous>  
    <subSounds>
      <li>
        <grains>
          <li Class="AudioGrain_Folder">
            <clipFolderPath>Impact/BladelinkZeusHammer</clipFolderPath>
          </li>
        </grains>      
        <volumeRange>17~20</volumeRange>      
        <pitchRange>0.9152174~1.169566</pitchRange>
      </li>
    </subSounds>
  </SoundDef>

  <SoundDef>
    <defName>MeleeHit_BladelinkPlasmaSword</defName>  
    <context>MapOnly</context> 
    <maxSimultaneous>1</maxSimultaneous>  
    <subSounds>
      <li>
        <grains>
          <li Class="AudioGrain_Folder">
            <clipFolderPath>Impact/BladelinkPlasmaSword</clipFolderPath>
          </li>
        </grains>      
        <volumeRange>17~20</volumeRange>      
        <pitchRange>0.9152174~1.169566</pitchRange>
      </li>
    </subSounds>
  </SoundDef>

  <SoundDef>
    <defName>MeleeHit_MonoSword</defName>  
    <context>MapOnly</context> 
    <maxSimultaneous>1</maxSimultaneous>  
    <subSounds>
      <li>
        <grains>
          <li Class="AudioGrain_Folder">
            <clipFolderPath>Impact/MonoSword</clipFolderPath>
          </li>
        </grains>      
        <volumeRange>17~20</volumeRange>      
        <pitchRange>0.9152174~1.169566</pitchRange>
      </li>
    </subSounds>
  </SoundDef>

  <SoundDef>
    <defName>MeleeHit_ZeusHammer</defName>  
    <context>MapOnly</context> 
    <maxSimultaneous>1</maxSimultaneous>  
    <subSounds>
      <li>
        <grains>
          <li Class="AudioGrain_Folder">
            <clipFolderPath>Impact/ZeusHammer</clipFolderPath>
          </li>
        </grains>      
        <volumeRange>17~20</volumeRange>      
        <pitchRange>0.9152174~1.169566</pitchRange>
      </li>
    </subSounds>
  </SoundDef>

  <SoundDef>
    <defName>MeleeHit_PlasmaSword</defName>  
    <context>MapOnly</context> 
    <maxSimultaneous>1</maxSimultaneous>  
    <subSounds>
      <li>
        <grains>
          <li Class="AudioGrain_Folder">
            <clipFolderPath>Impact/PlasmaSword</clipFolderPath>
          </li>
        </grains>      
        <volumeRange>17~20</volumeRange>      
        <pitchRange>0.9152174~1.169566</pitchRange>
      </li>
    </subSounds>
  </SoundDef>

</Defs>
