﻿<?xml version="1.0" encoding="utf-8"?><Defs>

  <SoundDef>
    <defName>Shuttle_Landing</defName>  
    <context>MapOnly</context>
    <maxSimultaneous>1</maxSimultaneous>  
    <subSounds>
      <li>
        <grains>
          <li Class="AudioGrain_Folder">
            <clipFolderPath>Misc/Shuttle/Land</clipFolderPath>
          </li>
        </grains>
        <volumeRange>30~30</volumeRange>
      </li>
    </subSounds>
  </SoundDef>

  <SoundDef>
    <defName>Shuttle_Leaving</defName>  
    <context>MapOnly</context>
    <maxSimultaneous>1</maxSimultaneous>  
    <subSounds>
      <li>
        <grains>
          <li Class="AudioGrain_Folder">
            <clipFolderPath>Misc/Shuttle/Takeoff</clipFolderPath>
          </li>
        </grains>
        <volumeRange>30~30</volumeRange>
      </li>
    </subSounds>
  </SoundDef>

  <SoundDef>
    <defName>ActivatorProximityTriggered</defName>
    <context>MapOnly</context>
    <maxSimultaneous>1</maxSimultaneous>
    <subSounds>
      <li>
        <grains>
          <li Class="AudioGrain_Clip">
            <clipPath>Misc/ActivatorProximity/Triggered</clipPath>
          </li>
        </grains>
        <volumeRange>30~30</volumeRange>
        <pitchRange>1</pitchRange>
      </li>
    </subSounds>
  </SoundDef>
  
</Defs>
