﻿<?xml version="1.0" encoding="utf-8" ?>
<Defs>

  <!--======================= Install natural parts =========================-->

  <RecipeDef ParentName="SurgeryFlesh">
    <defName>InstallNaturalKidney</defName>
    <label>install kidney</label>
    <description>Install a biological kidney.</description>
    <workerClass>Recipe_InstallNaturalBodyPart</workerClass>
    <jobString>Installing kidney.</jobString>
    <workAmount>2500</workAmount>
    <skillRequirements>
      <Medicine>5</Medicine>
    </skillRequirements>
    <ingredients>
      <li>
        <filter>
          <categories>
            <li>Medicine</li>
          </categories>
        </filter>
        <count>2</count>
      </li>
      <li>
        <filter>
          <thingDefs>
            <li>Kidney</li>
          </thingDefs>
        </filter>
        <count>1</count>
      </li>
    </ingredients>
    <fixedIngredientFilter>
      <categories>
        <li>Medicine</li>
      </categories>
      <thingDefs>
        <li>Kidney</li>
      </thingDefs>
    </fixedIngredientFilter>
    <appliedOnFixedBodyParts>
      <li>Kidney</li>
    </appliedOnFixedBodyParts>
  </RecipeDef>

  <RecipeDef ParentName="SurgeryFlesh">
    <defName>InstallNaturalLiver</defName>
    <label>install liver</label>
    <description>Install a biological liver.</description>
    <workerClass>Recipe_InstallNaturalBodyPart</workerClass>
    <jobString>Installing liver.</jobString>
    <workAmount>2500</workAmount>
    <skillRequirements>
      <Medicine>5</Medicine>
    </skillRequirements>
    <ingredients>
      <li>
        <filter>
          <categories>
            <li>Medicine</li>
          </categories>
        </filter>
        <count>2</count>
      </li>
      <li>
        <filter>
          <thingDefs>
            <li>Liver</li>
          </thingDefs>
        </filter>
        <count>1</count>
      </li>
    </ingredients>
    <fixedIngredientFilter>
      <categories>
        <li>Medicine</li>
      </categories>
      <thingDefs>
        <li>Liver</li>
      </thingDefs>
    </fixedIngredientFilter>
    <appliedOnFixedBodyParts>
      <li>Liver</li>
    </appliedOnFixedBodyParts>
  </RecipeDef>

  <RecipeDef ParentName="SurgeryFlesh">
    <defName>InstallNaturalLung</defName>
    <label>install lung</label>
    <description>Install a lung.</description>
    <workerClass>Recipe_InstallNaturalBodyPart</workerClass>
    <jobString>Installing lung.</jobString>
    <workAmount>2500</workAmount>
    <skillRequirements>
      <Medicine>5</Medicine>
    </skillRequirements>
    <ingredients>
      <li>
        <filter>
          <categories>
            <li>Medicine</li>
          </categories>
        </filter>
        <count>2</count>
      </li>
      <li>
        <filter>
          <thingDefs>
            <li>Lung</li>
          </thingDefs>
        </filter>
        <count>1</count>
      </li>
    </ingredients>
    <fixedIngredientFilter>
      <categories>
        <li>Medicine</li>
      </categories>
      <thingDefs>
        <li>Lung</li>
      </thingDefs>
    </fixedIngredientFilter>
    <appliedOnFixedBodyParts>
      <li>Lung</li>
    </appliedOnFixedBodyParts>
  </RecipeDef>

  <RecipeDef ParentName="SurgeryFlesh">
    <defName>InstallNaturalHeart</defName>
    <label>install heart</label>
    <description>Install a biological heart.</description>
    <workerClass>Recipe_InstallNaturalBodyPart</workerClass>
    <jobString>Installing heart.</jobString>
    <workAmount>3700</workAmount>
    <deathOnFailedSurgeryChance>0.15</deathOnFailedSurgeryChance>
    <skillRequirements>
      <Medicine>8</Medicine>
    </skillRequirements>
    <ingredients>
      <li>
        <filter>
          <categories>
            <li>Medicine</li>
          </categories>
        </filter>
        <count>3</count>
      </li>
      <li>
        <filter>
          <thingDefs>
            <li>Heart</li>
          </thingDefs>
        </filter>
        <count>1</count>
      </li>
    </ingredients>
    <fixedIngredientFilter>
      <categories>
        <li>Medicine</li>
      </categories>
      <thingDefs>
        <li>Heart</li>
      </thingDefs>
    </fixedIngredientFilter>
    <appliedOnFixedBodyParts>
      <li>Heart</li>
    </appliedOnFixedBodyParts>
  </RecipeDef>

  <!--==================== Install artificial parts =======================-->

  <RecipeDef ParentName="SurgeryFlesh">
    <defName>InstallPegLeg</defName>
    <label>install peg leg</label>
    <description>Install a peg leg.</description>
    <workerClass>Recipe_InstallArtificialBodyPart</workerClass>
    <jobString>Installing peg leg.</jobString>
    <workAmount>1300</workAmount>
    <surgerySuccessChanceFactor>1.40</surgerySuccessChanceFactor>
    <skillRequirements>
      <Medicine>3</Medicine>
    </skillRequirements>
    <ingredients>
      <li>
        <filter>
          <categories>
            <li>Medicine</li>
          </categories>
        </filter>
        <count>1</count>
      </li>
      <li>
        <filter>
          <thingDefs>
            <li>WoodLog</li>
          </thingDefs>
        </filter>
        <count>1</count>
      </li>
    </ingredients>
    <fixedIngredientFilter>
      <categories>
        <li>Medicine</li>
      </categories>
      <thingDefs>
        <li>WoodLog</li>
      </thingDefs>
    </fixedIngredientFilter>
    <appliedOnFixedBodyParts>
      <li>Leg</li>
    </appliedOnFixedBodyParts>
    <addsHediff>PegLeg</addsHediff>
  </RecipeDef>

  <RecipeDef ParentName="SurgeryFlesh">
    <defName>InstallWoodenFoot</defName>
    <label>install wooden foot</label>
    <description>Install a wooden foot.</description>
    <workerClass>Recipe_InstallArtificialBodyPart</workerClass>
    <jobString>Installing wooden foot.</jobString>
    <workAmount>1000</workAmount>
    <surgerySuccessChanceFactor>1.40</surgerySuccessChanceFactor>
    <skillRequirements>
      <Medicine>3</Medicine>
    </skillRequirements>
    <ingredients>
      <li>
        <filter>
          <categories>
            <li>Medicine</li>
          </categories>
        </filter>
        <count>1</count>
      </li>
      <li>
        <filter>
          <thingDefs>
            <li>WoodLog</li>
          </thingDefs>
        </filter>
        <count>1</count>
      </li>
    </ingredients>
    <fixedIngredientFilter>
      <categories>
        <li>Medicine</li>
      </categories>
      <thingDefs>
        <li>WoodLog</li>
      </thingDefs>
    </fixedIngredientFilter>
    <appliedOnFixedBodyParts>
      <li>Foot</li>
    </appliedOnFixedBodyParts>
    <addsHediff>WoodenFoot</addsHediff>
  </RecipeDef>

  <RecipeDef ParentName="SurgeryFlesh">
    <defName>InstallDenture</defName>
    <label>install denture</label>
    <description>Install a denture.</description>
    <workerClass>Recipe_InstallArtificialBodyPart</workerClass>
    <jobString>Installing denture.</jobString>
    <workAmount>1500</workAmount>
    <surgerySuccessChanceFactor>1.40</surgerySuccessChanceFactor>
    <skillRequirements>
      <Medicine>2</Medicine>
    </skillRequirements>
    <ingredients>
      <li>
        <filter>
          <categories>
            <li>Medicine</li>
          </categories>
        </filter>
        <count>1</count>
      </li>
    </ingredients>
    <fixedIngredientFilter>
      <categories>
        <li>Medicine</li>
      </categories>
    </fixedIngredientFilter>
    <appliedOnFixedBodyParts>
      <li>Jaw</li>
    </appliedOnFixedBodyParts>
    <addsHediff>Denture</addsHediff>
  </RecipeDef>

  <RecipeDef ParentName="SurgeryFlesh">
    <defName>InstallSimpleProstheticLeg</defName>
    <label>install prosthetic leg</label>
    <description>Install a prosthetic leg.</description>
    <workerClass>Recipe_InstallArtificialBodyPart</workerClass>
    <jobString>Installing prosthetic leg.</jobString>
    <workAmount>2000</workAmount>
    <skillRequirements>
      <Medicine>3</Medicine>
    </skillRequirements>
    <ingredients>
      <li>
        <filter>
          <categories>
            <li>Medicine</li>
          </categories>
        </filter>
        <count>1</count>
      </li>
      <li>
        <filter>
          <thingDefs>
            <li>SimpleProstheticLeg</li>
          </thingDefs>
        </filter>
        <count>1</count>
      </li>
    </ingredients>
    <fixedIngredientFilter>
      <categories>
        <li>Medicine</li>
      </categories>
      <thingDefs>
        <li>SimpleProstheticLeg</li>
      </thingDefs>
    </fixedIngredientFilter>
    <appliedOnFixedBodyParts>
      <li>Leg</li>
    </appliedOnFixedBodyParts>
    <addsHediff>SimpleProstheticLeg</addsHediff>
  </RecipeDef>

  <RecipeDef ParentName="SurgeryFlesh">
    <defName>InstallSimpleProstheticArm</defName>
    <label>install prosthetic arm</label>
    <description>Install a prosthetic arm.</description>
    <workerClass>Recipe_InstallArtificialBodyPart</workerClass>
    <jobString>Installing prosthetic arm.</jobString>
    <workAmount>2000</workAmount>
    <skillRequirements>
      <Medicine>3</Medicine>
    </skillRequirements>
    <ingredients>
      <li>
        <filter>
          <categories>
            <li>Medicine</li>
          </categories>
        </filter>
        <count>1</count>
      </li>
      <li>
        <filter>
          <thingDefs>
            <li>SimpleProstheticArm</li>
          </thingDefs>
        </filter>
        <count>1</count>
      </li>
    </ingredients>
    <fixedIngredientFilter>
      <categories>
        <li>Medicine</li>
      </categories>
      <thingDefs>
        <li>SimpleProstheticArm</li>
      </thingDefs>
    </fixedIngredientFilter>
    <appliedOnFixedBodyParts>
      <li>Shoulder</li>
    </appliedOnFixedBodyParts>
    <addsHediff>SimpleProstheticArm</addsHediff>
  </RecipeDef>

  <RecipeDef ParentName="SurgeryFlesh">
    <defName>InstallSimpleProstheticHeart</defName>
    <label>install prosthetic heart</label>
    <description>Install a prosthetic heart.</description>
    <workerClass>Recipe_InstallArtificialBodyPart</workerClass>
    <jobString>Installing prosthetic heart.</jobString>
    <workAmount>2400</workAmount>
    <skillRequirements>
      <Medicine>3</Medicine>
    </skillRequirements>
    <ingredients>
      <li>
        <filter>
          <categories>
            <li>Medicine</li>
          </categories>
        </filter>
        <count>1</count>
      </li>
      <li>
        <filter>
          <thingDefs>
            <li>SimpleProstheticHeart</li>
          </thingDefs>
        </filter>
        <count>1</count>
      </li>
    </ingredients>
    <fixedIngredientFilter>
      <categories>
        <li>Medicine</li>
      </categories>
      <thingDefs>
        <li>SimpleProstheticHeart</li>
      </thingDefs>
    </fixedIngredientFilter>
    <appliedOnFixedBodyParts>
      <li>Heart</li>
    </appliedOnFixedBodyParts>
    <addsHediff>SimpleProstheticHeart</addsHediff>
  </RecipeDef>

  <RecipeDef ParentName="SurgeryFlesh">
    <defName>InstallCochlearImplant</defName>
    <label>install cochlear implant</label>
    <description>Install a cochlear implant.</description>
    <workerClass>Recipe_InstallArtificialBodyPart</workerClass>
    <jobString>Installing cochlear implant.</jobString>
    <workAmount>1500</workAmount>
    <skillRequirements>
      <Medicine>3</Medicine>
    </skillRequirements>
    <ingredients>
      <li>
        <filter>
          <categories>
            <li>Medicine</li>
          </categories>
        </filter>
        <count>1</count>
      </li>
      <li>
        <filter>
          <thingDefs>
            <li>CochlearImplant</li>
          </thingDefs>
        </filter>
        <count>1</count>
      </li>
    </ingredients>
    <fixedIngredientFilter>
      <categories>
        <li>Medicine</li>
      </categories>
      <thingDefs>
        <li>CochlearImplant</li>
      </thingDefs>
    </fixedIngredientFilter>
    <appliedOnFixedBodyParts>
      <li>Ear</li>
    </appliedOnFixedBodyParts>
    <addsHediff>CochlearImplant</addsHediff>
  </RecipeDef>

  <RecipeDef ParentName="SurgeryFlesh">
    <defName>InstallBionicArm</defName>
    <label>install bionic arm</label>
    <description>Install a bionic arm.</description>
    <workerClass>Recipe_InstallArtificialBodyPart</workerClass>
    <jobString>Installing bionic arm.</jobString>
    <workAmount>2500</workAmount>
    <skillRequirements>
      <Medicine>5</Medicine>
    </skillRequirements>
    <ingredients>
      <li>
        <filter>
          <categories>
            <li>Medicine</li>
          </categories>
        </filter>
        <count>2</count>
      </li>
      <li>
        <filter>
          <thingDefs>
            <li>BionicArm</li>
          </thingDefs>
        </filter>
        <count>1</count>
      </li>
    </ingredients>
    <fixedIngredientFilter>
      <categories>
        <li>Medicine</li>
      </categories>
      <thingDefs>
        <li>BionicArm</li>
      </thingDefs>
    </fixedIngredientFilter>
    <appliedOnFixedBodyParts>
      <li>Shoulder</li>
    </appliedOnFixedBodyParts>
    <addsHediff>BionicArm</addsHediff>
  </RecipeDef>

  <RecipeDef ParentName="SurgeryFlesh">
    <defName>InstallBionicLeg</defName>
    <label>install bionic leg</label>
    <description>Install a bionic leg.</description>
    <workerClass>Recipe_InstallArtificialBodyPart</workerClass>
    <jobString>Installing bionic leg.</jobString>
    <workAmount>2500</workAmount>
    <skillRequirements>
      <Medicine>5</Medicine>
    </skillRequirements>
    <ingredients>
      <li>
        <filter>
          <categories>
            <li>Medicine</li>
          </categories>
        </filter>
        <count>2</count>
      </li>
      <li>
        <filter>
          <thingDefs>
            <li>BionicLeg</li>
          </thingDefs>
        </filter>
        <count>1</count>
      </li>
    </ingredients>
    <fixedIngredientFilter>
      <categories>
        <li>Medicine</li>
      </categories>
      <thingDefs>
        <li>BionicLeg</li>
      </thingDefs>
    </fixedIngredientFilter>
    <appliedOnFixedBodyParts>
      <li>Leg</li>
    </appliedOnFixedBodyParts>
    <addsHediff>BionicLeg</addsHediff>
  </RecipeDef>

  <RecipeDef ParentName="SurgeryFlesh">
    <defName>InstallBionicSpine</defName>
    <label>install bionic spine</label>
    <description>Install a bionic spine.</description>
    <workerClass>Recipe_InstallArtificialBodyPart</workerClass>
    <jobString>Installing bionic spine.</jobString>
    <workAmount>3000</workAmount>
    <skillRequirements>
      <Medicine>5</Medicine>
    </skillRequirements>
    <ingredients>
      <li>
        <filter>
          <categories>
            <li>Medicine</li>
          </categories>
        </filter>
        <count>2</count>
      </li>
      <li>
        <filter>
          <thingDefs>
            <li>BionicSpine</li>
          </thingDefs>
        </filter>
        <count>1</count>
      </li>
    </ingredients>
    <fixedIngredientFilter>
      <categories>
        <li>Medicine</li>
      </categories>
      <thingDefs>
        <li>BionicSpine</li>
      </thingDefs>
    </fixedIngredientFilter>
    <appliedOnFixedBodyParts>
      <li>Spine</li>
    </appliedOnFixedBodyParts>
    <addsHediff>BionicSpine</addsHediff>
  </RecipeDef>

  <RecipeDef ParentName="SurgeryFlesh">
    <defName>InstallBionicHeart</defName>
    <label>install bionic heart</label>
    <description>Install a bionic heart.</description>
    <workerClass>Recipe_InstallArtificialBodyPart</workerClass>
    <jobString>Installing bionic heart.</jobString>
    <workAmount>2000</workAmount>
    <skillRequirements>
      <Medicine>5</Medicine>
    </skillRequirements>
    <ingredients>
      <li>
        <filter>
          <categories>
            <li>Medicine</li>
          </categories>
        </filter>
        <count>2</count>
      </li>
      <li>
        <filter>
          <thingDefs>
            <li>BionicHeart</li>
          </thingDefs>
        </filter>
        <count>1</count>
      </li>
    </ingredients>
    <fixedIngredientFilter>
      <categories>
        <li>Medicine</li>
      </categories>
      <thingDefs>
        <li>BionicHeart</li>
      </thingDefs>
    </fixedIngredientFilter>
    <appliedOnFixedBodyParts>
      <li>Heart</li>
    </appliedOnFixedBodyParts>
    <addsHediff>BionicHeart</addsHediff>
  </RecipeDef>

  <RecipeDef ParentName="SurgeryFlesh">
    <defName>InstallBionicStomach</defName>
    <label>install bionic stomach</label>
    <description>Install a bionic stomach.</description>
    <workerClass>Recipe_InstallArtificialBodyPart</workerClass>
    <jobString>Installing bionic stomach.</jobString>
    <workAmount>2000</workAmount>
    <skillRequirements>
      <Medicine>5</Medicine>
    </skillRequirements>
    <ingredients>
      <li>
        <filter>
          <categories>
            <li>Medicine</li>
          </categories>
        </filter>
        <count>2</count>
      </li>
      <li>
        <filter>
          <thingDefs>
            <li>BionicStomach</li>
          </thingDefs>
        </filter>
        <count>1</count>
      </li>
    </ingredients>
    <fixedIngredientFilter>
      <categories>
        <li>Medicine</li>
      </categories>
      <thingDefs>
        <li>BionicStomach</li>
      </thingDefs>
    </fixedIngredientFilter>
    <appliedOnFixedBodyParts>
      <li>Stomach</li>
    </appliedOnFixedBodyParts>
    <addsHediff>BionicStomach</addsHediff>
  </RecipeDef>

  <RecipeDef ParentName="SurgeryFlesh">
    <defName>InstallBionicEar</defName>
    <label>install bionic ear</label>
    <description>Install a bionic ear.</description>
    <workerClass>Recipe_InstallArtificialBodyPart</workerClass>
    <jobString>Installing bionic ear.</jobString>
    <workAmount>2000</workAmount>
    <skillRequirements>
      <Medicine>5</Medicine>
    </skillRequirements>
    <ingredients>
      <li>
        <filter>
          <categories>
            <li>Medicine</li>
          </categories>
        </filter>
        <count>2</count>
      </li>
      <li>
        <filter>
          <thingDefs>
            <li>BionicEar</li>
          </thingDefs>
        </filter>
        <count>1</count>
      </li>
    </ingredients>
    <fixedIngredientFilter>
      <categories>
        <li>Medicine</li>
      </categories>
      <thingDefs>
        <li>BionicEar</li>
      </thingDefs>
    </fixedIngredientFilter>
    <appliedOnFixedBodyParts>
      <li>Ear</li>
    </appliedOnFixedBodyParts>
    <addsHediff>BionicEar</addsHediff>
  </RecipeDef>

  <RecipeDef ParentName="SurgeryFlesh">
    <defName>InstallArchotechArm</defName>
    <label>install archotech arm</label>
    <description>Install an archotech arm.</description>
    <workerClass>Recipe_InstallArtificialBodyPart</workerClass>
    <jobString>Installing archotech arm.</jobString>
    <workAmount>3000</workAmount>
    <skillRequirements>
      <Medicine>3</Medicine>
    </skillRequirements>
    <ingredients>
      <li>
        <filter>
          <categories>
            <li>Medicine</li>
          </categories>
        </filter>
        <count>1</count>
      </li>
      <li>
        <filter>
          <thingDefs>
            <li>ArchotechArm</li>
          </thingDefs>
        </filter>
        <count>1</count>
      </li>
    </ingredients>
    <fixedIngredientFilter>
      <categories>
        <li>Medicine</li>
      </categories>
      <thingDefs>
        <li>ArchotechArm</li>
      </thingDefs>
    </fixedIngredientFilter>
    <appliedOnFixedBodyParts>
      <li>Shoulder</li>
    </appliedOnFixedBodyParts>
    <addsHediff>ArchotechArm</addsHediff>
  </RecipeDef>

  <RecipeDef ParentName="SurgeryFlesh">
    <defName>InstallArchotechLeg</defName>
    <label>install archotech leg</label>
    <description>Install an archotech leg.</description>
    <workerClass>Recipe_InstallArtificialBodyPart</workerClass>
    <jobString>Installing archotech leg.</jobString>
    <workAmount>3000</workAmount>
    <skillRequirements>
      <Medicine>3</Medicine>
    </skillRequirements>
    <ingredients>
      <li>
        <filter>
          <categories>
            <li>Medicine</li>
          </categories>
        </filter>
        <count>1</count>
      </li>
      <li>
        <filter>
          <thingDefs>
            <li>ArchotechLeg</li>
          </thingDefs>
        </filter>
        <count>1</count>
      </li>
    </ingredients>
    <fixedIngredientFilter>
      <categories>
        <li>Medicine</li>
      </categories>
      <thingDefs>
        <li>ArchotechLeg</li>
      </thingDefs>
    </fixedIngredientFilter>
    <appliedOnFixedBodyParts>
      <li>Leg</li>
    </appliedOnFixedBodyParts>
    <addsHediff>ArchotechLeg</addsHediff>
  </RecipeDef>

  <RecipeDef ParentName="SurgeryFlesh">
    <defName>InstallPowerClaw</defName>
    <label>install power claw</label>
    <description>Install a power claw.</description>
    <workerClass>Recipe_InstallArtificialBodyPart</workerClass>
    <jobString>Installing power claw.</jobString>
    <workAmount>2500</workAmount>
    <skillRequirements>
      <Medicine>5</Medicine>
    </skillRequirements>
    <ingredients>
      <li>
        <filter>
          <categories>
            <li>Medicine</li>
          </categories>
        </filter>
        <count>2</count>
      </li>
      <li>
        <filter>
          <thingDefs>
            <li>PowerClaw</li>
          </thingDefs>
        </filter>
        <count>1</count>
      </li>
    </ingredients>
    <fixedIngredientFilter>
      <categories>
        <li>Medicine</li>
      </categories>
      <thingDefs>
        <li>PowerClaw</li>
      </thingDefs>
    </fixedIngredientFilter>
    <appliedOnFixedBodyParts>
      <li>Hand</li>
    </appliedOnFixedBodyParts>
    <addsHediff>PowerClaw</addsHediff>
  </RecipeDef>

  <RecipeDef ParentName="SurgeryFlesh">
    <defName>InstallBionicEye</defName>
    <label>install bionic eye</label>
    <description>Install a bionic eye.</description>
    <workerClass>Recipe_InstallArtificialBodyPart</workerClass>
    <jobString>Installing bionic eye.</jobString>
    <workAmount>3500</workAmount>
    <deathOnFailedSurgeryChance>0.10</deathOnFailedSurgeryChance>
    <skillRequirements>
      <Medicine>7</Medicine>
    </skillRequirements>
    <ingredients>
      <li>
        <filter>
          <categories>
            <li>Medicine</li>
          </categories>
        </filter>
        <count>3</count>
      </li>
      <li>
        <filter>
          <thingDefs>
            <li>BionicEye</li>
          </thingDefs>
        </filter>
        <count>1</count>
      </li>
    </ingredients>
    <fixedIngredientFilter>
      <categories>
        <li>Medicine</li>
      </categories>
      <thingDefs>
        <li>BionicEye</li>
      </thingDefs>
    </fixedIngredientFilter>
    <appliedOnFixedBodyParts>
      <li>Eye</li>
    </appliedOnFixedBodyParts>
    <addsHediff>BionicEye</addsHediff>
  </RecipeDef>

  <RecipeDef ParentName="SurgeryFlesh">
    <defName>InstallArchotechEye</defName>
    <label>install archotech eye</label>
    <description>Install an archotech eye.</description>
    <workerClass>Recipe_InstallArtificialBodyPart</workerClass>
    <jobString>Installing archotech eye.</jobString>
    <workAmount>4000</workAmount>
    <skillRequirements>
      <Medicine>5</Medicine>
    </skillRequirements>
    <ingredients>
      <li>
        <filter>
          <categories>
            <li>Medicine</li>
          </categories>
        </filter>
        <count>1</count>
      </li>
      <li>
        <filter>
          <thingDefs>
            <li>ArchotechEye</li>
          </thingDefs>
        </filter>
        <count>1</count>
      </li>
    </ingredients>
    <fixedIngredientFilter>
      <categories>
        <li>Medicine</li>
      </categories>
      <thingDefs>
        <li>ArchotechEye</li>
      </thingDefs>
    </fixedIngredientFilter>
    <appliedOnFixedBodyParts>
      <li>Eye</li>
    </appliedOnFixedBodyParts>
    <addsHediff>ArchotechEye</addsHediff>
  </RecipeDef>

  <RecipeDef ParentName="SurgeryFlesh">
    <defName>InstallJoywire</defName>
    <label>install joywire</label>
    <description>Install a joywire.</description>
    <workerClass>Recipe_InstallImplant</workerClass>
    <jobString>Installing joywire.</jobString>
    <workAmount>3700</workAmount>
    <deathOnFailedSurgeryChance>0.10</deathOnFailedSurgeryChance>
    <skillRequirements>
      <Medicine>8</Medicine>
    </skillRequirements>
    <ingredients>
      <li>
        <filter>
          <categories>
            <li>Medicine</li>
          </categories>
        </filter>
        <count>3</count>
      </li>
      <li>
        <filter>
          <thingDefs>
            <li>Joywire</li>
          </thingDefs>
        </filter>
        <count>1</count>
      </li>
    </ingredients>
    <fixedIngredientFilter>
      <categories>
        <li>Medicine</li>
      </categories>
      <thingDefs>
        <li>Joywire</li>
      </thingDefs>
    </fixedIngredientFilter>
    <appliedOnFixedBodyParts>
      <li>Brain</li>
    </appliedOnFixedBodyParts>
    <addsHediff>Joywire</addsHediff>
  </RecipeDef>

  <RecipeDef ParentName="SurgeryFlesh">
    <defName>InstallPainstopper</defName>
    <label>install painstopper</label>
    <description>Install a painstopper.</description>
    <workerClass>Recipe_InstallImplant</workerClass>
    <jobString>Installing painstopper.</jobString>
    <workAmount>3700</workAmount>
    <deathOnFailedSurgeryChance>0.10</deathOnFailedSurgeryChance>
    <skillRequirements>
      <Medicine>8</Medicine>
    </skillRequirements>
    <ingredients>
      <li>
        <filter>
          <categories>
            <li>Medicine</li>
          </categories>
        </filter>
        <count>3</count>
      </li>
      <li>
        <filter>
          <thingDefs>
            <li>Painstopper</li>
          </thingDefs>
        </filter>
        <count>1</count>
      </li>
    </ingredients>
    <fixedIngredientFilter>
      <categories>
        <li>Medicine</li>
      </categories>
      <thingDefs>
        <li>Painstopper</li>
      </thingDefs>
    </fixedIngredientFilter>
    <appliedOnFixedBodyParts>
      <li>Brain</li>
    </appliedOnFixedBodyParts>
    <addsHediff>Painstopper</addsHediff>
  </RecipeDef>

</Defs>
