<?xml version="1.0" encoding="utf-8" ?>
<Defs>

  <DesignatorDropdownGroupDef>
    <defName>Floor_Carpet</defName>
  </DesignatorDropdownGroupDef>

  <DesignatorDropdownGroupDef>
    <defName>Floor_Carpet_Fine</defName>
  </DesignatorDropdownGroupDef>

  <DesignatorDropdownGroupDef>
    <defName>Floor_Tile</defName>
  </DesignatorDropdownGroupDef>

  <DesignatorDropdownGroupDef>
    <defName>Floor_Tile_Fine</defName>
  </DesignatorDropdownGroupDef>

  <DesignatorDropdownGroupDef>
    <defName>Floor_Flagstone</defName>
  </DesignatorDropdownGroupDef>

  <DesignatorDropdownGroupDef>
    <defName>StandingLampColored</defName>
  </DesignatorDropdownGroupDef>

</Defs>