<?xml version="1.0" encoding="utf-8" ?>
<Defs>
  
  <SiteCoreDef>
    <defName>DownedRefugee</defName>
    <label>incapacitated refugee</label>
		<description>A stranded, incapacitated person asking for help.</description>
    <siteTexture>World/WorldObjects/Sites/GenericSite</siteTexture>
    <expandingIconTexture>World/WorldObjects/Expanding/Sites/DownedRefugee</expandingIconTexture>
    <forceExitAndRemoveMapCountdownDurationDays>15</forceExitAndRemoveMapCountdownDurationDays>
  </SiteCoreDef>

  <GenStepDef>
    <defName>DownedRefugee</defName>
    <linkWithSite>DownedRefugee</linkWithSite>
    <order>1600</order>
    <genStep Class="GenStep_DownedRefugee">
      <count>1</count>
      <nearMapCenter>true</nearMapCenter>
    </genStep>
  </GenStepDef>

</Defs>
