<?xml version="1.0" encoding="utf-8" ?>
<Defs>
  
  <SiteCoreDef>
    <defName>ItemStash</defName>
    <label>item stash</label>
		<description>A stash of valuable items.</description>
    <siteTexture>World/WorldObjects/Sites/GenericSite</siteTexture>
    <expandingIconTexture>World/WorldObjects/Expanding/Sites/ItemStash</expandingIconTexture>
  </SiteCoreDef>

  <GenStepDef>
    <defName>ItemStash</defName>
    <linkWithSite>ItemStash</linkWithSite>
    <order>460</order>
    <genStep Class="GenStep_ItemStash">
      <count>1</count>
      <nearMapCenter>true</nearMapCenter>
    </genStep>
  </GenStepDef>

</Defs>
