﻿<?xml version="1.0" encoding="utf-8" ?>
<Defs>

  <IncidentCategoryDef>
    <defName>Special</defName>
  </IncidentCategoryDef>

  <IncidentCategoryDef>
    <defName>Misc</defName>
  </IncidentCategoryDef>

  <IncidentCategoryDef>
    <defName>ThreatSmall</defName>
    <needsParmsPoints>true</needsParmsPoints>
  </IncidentCategoryDef>

  <IncidentCategoryDef>
    <defName>ThreatBig</defName>
    <needsParmsPoints>true</needsParmsPoints>
    <tale>MajorThreat</tale>
  </IncidentCategoryDef>

  <IncidentCategoryDef>
    <defName>FactionArrival</defName>
  </IncidentCategoryDef>

  <IncidentCategoryDef>
    <defName>OrbitalVisitor</defName>
  </IncidentCategoryDef>

  <IncidentCategoryDef>
    <defName>ShipChunkDrop</defName>
  </IncidentCategoryDef>

  <IncidentCategoryDef>
    <defName>DiseaseHuman</defName>
  </IncidentCategoryDef>

  <IncidentCategoryDef>
    <defName>DiseaseAnimal</defName>
  </IncidentCategoryDef>

  <IncidentCategoryDef>
    <defName>AllyAssistance</defName>
  </IncidentCategoryDef>

  <IncidentCategoryDef>
    <defName>JourneyOffer</defName>
  </IncidentCategoryDef>

  <IncidentCategoryDef>
    <defName>RaidBeacon</defName>
    <needsParmsPoints>true</needsParmsPoints>
    <tale>MajorThreat</tale>
  </IncidentCategoryDef>

  <IncidentCategoryDef>
    <defName>WorldQuest</defName>
  </IncidentCategoryDef>

  <IncidentCategoryDef>
    <defName>DeepDrillInfestation</defName>
    <needsParmsPoints>true</needsParmsPoints>
  </IncidentCategoryDef>

</Defs>
