﻿<?xml version="1.0" encoding="utf-8" ?>
<Defs>

	<EffecterDef Name="Deflect_Metal">
		<defName>Deflect_Metal</defName>
		<children>
			<li>
				<subEffecterClass>SubEffecter_SoundTriggered</subEffecterClass>
				<soundDef>Deflect_Metal</soundDef>
        <spawnLocType>OnSource</spawnLocType>
			</li>
			<li>
				<subEffecterClass>SubEffecter_SprayerTriggered</subEffecterClass>
        <moteDef>Mote_SparkFlash</moteDef>
				<positionLerpFactor>0.6</positionLerpFactor>
				<chancePerTick>0.2</chancePerTick>
				<scale>
					<min>2.5</min>
					<max>4.5</max>
				</scale>
        <spawnLocType>OnSource</spawnLocType>
			</li>
      <li>
        <subEffecterClass>SubEffecter_SprayerTriggered</subEffecterClass>
        <positionRadius>0.2</positionRadius>
        <moteDef>Mote_AirPuff</moteDef>
        <burstCount>
          <min>4</min>
          <max>5</max>
        </burstCount>
        <speed>
          <min>0.4</min>
          <max>0.8</max>
        </speed>
        <scale>
          <min>0.5</min>
          <max>0.8</max>
        </scale>
        <spawnLocType>OnSource</spawnLocType>
      </li>
      <li>
        <subEffecterClass>SubEffecter_SprayerTriggered</subEffecterClass>
        <positionRadius>0.02</positionRadius>
        <moteDef>Mote_SparkThrownFast</moteDef>
        <burstCount>
          <min>4</min>
          <max>5</max>
        </burstCount>
        <speed>
          <min>3.3</min>
          <max>5</max>
        </speed>
        <scale>
          <min>0.1</min>
          <max>0.2</max>
        </scale>
        <spawnLocType>OnSource</spawnLocType>
      </li>
      <li>
        <subEffecterClass>SubEffecter_SprayerTriggered</subEffecterClass>
        <positionRadius>0.02</positionRadius>
        <moteDef>Mote_MicroSparksFast</moteDef>
        <burstCount>
          <min>1</min>
          <max>1</max>
        </burstCount>
        <speed>
          <min>0.3</min>
          <max>0.4</max>
        </speed>
        <rotationRate>
          <min>5</min>
          <max>10</max>
        </rotationRate>
        <scale>
          <min>0.3</min>
          <max>0.5</max>
        </scale>
        <spawnLocType>OnSource</spawnLocType>
      </li>
      <li>
        <subEffecterClass>SubEffecter_SprayerTriggered</subEffecterClass>
        <positionRadius>0.1</positionRadius>
        <moteDef>Mote_SparkFlash</moteDef>
        <burstCount>
          <min>1</min>
          <max>1</max>
        </burstCount>
        <scale>
          <min>0.9</min>
          <max>1.3</max>
        </scale>
        <spawnLocType>OnSource</spawnLocType>
      </li>
		</children>
    <offsetTowardsTarget>
      <min>0.23</min>
      <max>0.23</max>
    </offsetTowardsTarget>
    <positionRadius>0.1</positionRadius>
	</EffecterDef>

  <ThingDef ParentName="MoteBase">
    <defName>Mote_SparkThrownFast</defName>
    <graphicData>
      <texPath>Things/Mote/SparkThrown</texPath>
    </graphicData>
    <altitudeLayer>Projectile</altitudeLayer>
    <mote>
      <fadeInTime>0.03</fadeInTime>
      <solidTime>0.04</solidTime>
      <fadeOutTime>0.13</fadeOutTime>
      <collide>true</collide>
    </mote>
  </ThingDef>

  <EffecterDef ParentName="Deflect_Metal">
    <defName>Deflect_Metal_Bullet</defName>
    <children>
      <li>
        <subEffecterClass>SubEffecter_SprayerTriggered</subEffecterClass>
        <moteDef>Mote_MetalSparkThrown</moteDef>
        <burstCount>
          <min>1</min>
          <max>1</max>
        </burstCount>
        <scale>
          <min>0.38</min>
          <max>0.6</max>
        </scale>
        <speed>
          <min>7</min>
          <max>14</max>
        </speed>
        <angle>
          <min>135</min>
          <max>225</max>
        </angle>
        <positionRadius>0.01</positionRadius>
        <spawnLocType>OnSource</spawnLocType>
      </li>
    </children>
  </EffecterDef>

  <EffecterDef Name="Deflect_General">
    <defName>Deflect_General</defName>
    <children>
      <li>
        <subEffecterClass>SubEffecter_SoundTriggered</subEffecterClass>
        <soundDef>Deflect_General</soundDef>
        <spawnLocType>OnSource</spawnLocType>
      </li>
      <li>
        <subEffecterClass>SubEffecter_SprayerTriggered</subEffecterClass>
        <moteDef>Mote_YellowSparkFlash</moteDef>
        <positionLerpFactor>0.6</positionLerpFactor>
        <chancePerTick>0.2</chancePerTick>
        <scale>
          <min>2.5</min>
          <max>4.5</max>
        </scale>
        <spawnLocType>OnSource</spawnLocType>
      </li>
      <li>
        <subEffecterClass>SubEffecter_SprayerTriggered</subEffecterClass>
        <positionRadius>0.2</positionRadius>
        <moteDef>Mote_AirPuff</moteDef>
        <burstCount>
          <min>4</min>
          <max>5</max>
        </burstCount>
        <speed>
          <min>0.4</min>
          <max>0.8</max>
        </speed>
        <scale>
          <min>0.5</min>
          <max>0.8</max>
        </scale>
        <spawnLocType>OnSource</spawnLocType>
      </li>
      <li>
        <subEffecterClass>SubEffecter_SprayerTriggered</subEffecterClass>
        <positionRadius>0.02</positionRadius>
        <moteDef>Mote_SparkThrownFast</moteDef>
        <burstCount>
          <min>4</min>
          <max>5</max>
        </burstCount>
        <speed>
          <min>3.3</min>
          <max>5</max>
        </speed>
        <scale>
          <min>0.1</min>
          <max>0.2</max>
        </scale>
        <spawnLocType>OnSource</spawnLocType>
      </li>
      <li>
        <subEffecterClass>SubEffecter_SprayerTriggered</subEffecterClass>
        <positionRadius>0.1</positionRadius>
        <moteDef>Mote_YellowSparkFlash</moteDef>
        <burstCount>
          <min>1</min>
          <max>1</max>
        </burstCount>
        <scale>
          <min>0.9</min>
          <max>1.3</max>
        </scale>
        <spawnLocType>OnSource</spawnLocType>
      </li>
    </children>
    <offsetTowardsTarget>
      <min>0.23</min>
      <max>0.23</max>
    </offsetTowardsTarget>
    <positionRadius>0.1</positionRadius>
  </EffecterDef>

  <EffecterDef ParentName="Deflect_General">
    <defName>Deflect_General_Bullet</defName>
    <children>
      <li>
        <subEffecterClass>SubEffecter_SprayerTriggered</subEffecterClass>
        <moteDef>Mote_MetalSparkThrown</moteDef>
        <burstCount>
          <min>1</min>
          <max>1</max>
        </burstCount>
        <scale>
          <min>0.38</min>
          <max>0.6</max>
        </scale>
        <speed>
          <min>7</min>
          <max>14</max>
        </speed>
        <angle>
          <min>135</min>
          <max>225</max>
        </angle>
        <positionRadius>0.01</positionRadius>
        <spawnLocType>OnSource</spawnLocType>
      </li>
    </children>
  </EffecterDef>

  <ThingDef ParentName="MoteBase">
    <defName>Mote_MetalSparkThrown</defName>
    <graphicData>
      <texPath>Things/Mote/LongSparkThrown</texPath>
      <shaderType>MoteGlow</shaderType>
    </graphicData>
    <altitudeLayer>Projectile</altitudeLayer>
    <mote>
      <fadeInTime>0.02</fadeInTime>
      <solidTime>0.05</solidTime>
      <fadeOutTime>0.2</fadeOutTime>
      <collide>true</collide>
      <rotateTowardsMoveDirection>true</rotateTowardsMoveDirection>
    </mote>
  </ThingDef>

  <EffecterDef>
    <defName>Bridge_Collapse</defName>
    <children>
      <li>
        <subEffecterClass>SubEffecter_SoundTriggered</subEffecterClass>
        <soundDef>Bridge_Collapse</soundDef>
      </li>
      <li>
        <subEffecterClass>SubEffecter_SprayerTriggered</subEffecterClass>
        <positionRadius>0.2</positionRadius>
        <moteDef>Mote_DustPuff</moteDef>
        <burstCount>
          <min>4</min>
          <max>7</max>
        </burstCount>
        <speed>
          <min>0.8</min>
          <max>1.4</max>
        </speed>
        <scale>
          <min>2</min>
          <max>2.5</max>
        </scale>
      </li>
    </children>
  </EffecterDef>

  <EffecterDef>
    <defName>Bridge_CollapseWater</defName>
    <children>
      <li>
        <subEffecterClass>SubEffecter_SoundTriggered</subEffecterClass>
        <soundDef>Bridge_CollapseWater</soundDef>
      </li>
      <li>
        <subEffecterClass>SubEffecter_SprayerTriggered</subEffecterClass>
        <positionRadius>0.2</positionRadius>
        <moteDef>Mote_DustPuff</moteDef>
        <burstCount>
          <min>2</min>
          <max>2</max>
        </burstCount>
        <speed>
          <min>0.8</min>
          <max>1.4</max>
        </speed>
        <scale>
          <min>2</min>
          <max>2.5</max>
        </scale>
      </li>
      <li>
        <subEffecterClass>SubEffecter_SprayerTriggered</subEffecterClass>
        <moteDef>Mote_Splash</moteDef>
        <burstCount>
          <min>6</min>
          <max>8</max>
        </burstCount>
        <speed>
          <min>4.3</min>
          <max>5.9</max>
        </speed>
        <scale>
          <min>1.3</min>
          <max>1.6</max>
        </scale>
      </li>
    </children>
  </EffecterDef>

  <ThingDef ParentName="MoteBase">
    <defName>Mote_Splash</defName>
    <graphicData>
      <texPath>Things/Mote/Splash</texPath>
    </graphicData>
    <altitudeLayer>MoteOverhead</altitudeLayer>
    <mote>
      <fadeInTime>0.04</fadeInTime>
      <solidTime>0.03</solidTime>
      <fadeOutTime>0.5</fadeOutTime>
      <growthRate>-0.7</growthRate>
      <collide>true</collide>
      <speedPerTime>-22</speedPerTime>
      <rotateTowardsMoveDirection>true</rotateTowardsMoveDirection>
    </mote>
  </ThingDef>

</Defs>