﻿<?xml version="1.0" encoding="utf-8" ?>
<Defs>

  <EffecterDef>
    <defName>Drunk</defName>
    <children>
      <li>
        <subEffecterClass>SubEffecter_DrifterEmoteChance</subEffecterClass>
        <scale>
          <min>0.5</min>
          <max>0.7</max>
        </scale>
        <chancePerTick>0.03</chancePerTick>
        <positionRadius>0.3</positionRadius>
        <moteDef>Mote_DrunkBubble</moteDef>
        <speed>
          <min>0.18</min>
          <max>0.18</max>
        </speed>
        <angle>
          <min>10</min>
          <max>80</max>
        </angle>
      </li>
    </children>
  </EffecterDef>

  <EffecterDef>
    <defName>Berserk</defName>
    <children>
      <li>
        <subEffecterClass>SubEffecter_DrifterEmoteChance</subEffecterClass>
        <scale>
          <min>0.5</min>
          <max>0.7</max>
        </scale>
        <chancePerTick>0.02</chancePerTick>
        <positionRadius>0.3</positionRadius>
        <moteDef>Mote_BerserkBit</moteDef>
        <speed>
          <min>0.18</min>
          <max>0.18</max>
        </speed>
        <angle>
          <min>10</min>
          <max>80</max>
        </angle>
      </li>
    </children>
  </EffecterDef>
  
  
</Defs>
