﻿<?xml version="1.0" encoding="utf-8" ?>
<Defs>

  <!--=============== Interface feedback ==============-->

  <ThingDef ParentName="MoteBase">
    <defName>Mote_FeedbackGoto</defName>
    <altitudeLayer>MetaOverlays</altitudeLayer>
    <mote>
      <realTime>true</realTime>
      <solidTime>0.25</solidTime>
      <fadeOutTime>0.15</fadeOutTime>
    </mote>
    <graphicData>
      <texPath>Things/Mote/FeedbackGoto</texPath>
    </graphicData>
  </ThingDef>

  <ThingDef ParentName="MoteBase">
    <defName>Mote_FeedbackAttack</defName>
    <altitudeLayer>MetaOverlays</altitudeLayer>
    <mote>
      <realTime>true</realTime>
      <solidTime>0.25</solidTime>
      <fadeOutTime>0.15</fadeOutTime>
    </mote>
    <graphicData>
      <texPath>Things/Mote/FeedbackAttack</texPath>
    </graphicData>
  </ThingDef>

  <ThingDef ParentName="MoteBase">
    <defName>Mote_FeedbackEquip</defName>
    <altitudeLayer>MetaOverlays</altitudeLayer>
    <mote>
      <realTime>true</realTime>
      <solidTime>0.25</solidTime>
      <fadeOutTime>0.15</fadeOutTime>
    </mote>
    <graphicData>
      <texPath>Things/Mote/FeedbackEquip</texPath>
    </graphicData>
  </ThingDef>

  <!--=============== Activity icons ================-->

  <ThingDef ParentName="MoteBase">
    <defName>Mote_Clean</defName>
    <thingClass>MoteDualAttached</thingClass>
    <altitudeLayer>MetaOverlays</altitudeLayer>
    <mote>
      <solidTime>120</solidTime>
    </mote>
    <graphicData>
      <texPath>Things/Mote/Clean</texPath>
    </graphicData>
  </ThingDef>

  <ThingDef ParentName="MoteBase">
    <defName>Mote_Sow</defName>
    <thingClass>MoteDualAttached</thingClass>
    <altitudeLayer>MetaOverlays</altitudeLayer>
    <mote>
      <solidTime>120</solidTime>
    </mote>
    <graphicData>
      <texPath>Things/Mote/Sow</texPath>
    </graphicData>
  </ThingDef>

  <ThingDef ParentName="MoteBase">
    <defName>Mote_Harvest</defName>
    <thingClass>MoteDualAttached</thingClass>
    <altitudeLayer>MetaOverlays</altitudeLayer>
    <mote>
      <solidTime>120</solidTime>
    </mote>
    <graphicData>
      <texPath>Things/Mote/Harvest</texPath>
    </graphicData>
  </ThingDef>

  <ThingDef ParentName="MoteBase">
    <defName>Mote_ClearSnow</defName>
    <thingClass>MoteDualAttached</thingClass>
    <altitudeLayer>MetaOverlays</altitudeLayer>
    <mote>
      <solidTime>120</solidTime>
    </mote>
    <graphicData>
      <texPath>Things/Mote/ClearSnow</texPath>
    </graphicData>
  </ThingDef>
  
  <ThingDef ParentName="MoteBase">
    <defName>Mote_Cards</defName>
    <thingClass>MoteDualAttached</thingClass>
    <altitudeLayer>MetaOverlays</altitudeLayer>
    <mote>
      <solidTime>120</solidTime>
      <rotateTowardsTarget>true</rotateTowardsTarget>
    </mote>
    <graphicData>
      <texPath>Things/Mote/Cards</texPath>
    </graphicData>
  </ThingDef>

</Defs>
