﻿<?xml version="1.0" encoding="utf-8"?>
<Defs>

  <PawnColumnDef>
    <defName>Label</defName>
    <workerClass>PawnColumnWorker_Label</workerClass>
    <widthPriority>100</widthPriority>
  </PawnColumnDef>

  <PawnColumnDef>
    <defName>Master</defName>
    <label>master</label>
    <workerClass>PawnColumnWorker_Master</workerClass>
    <sortable>true</sortable>
  </PawnColumnDef>

  <PawnColumnDef>
    <defName>MedicalCare</defName>
    <headerTip>Medical care</headerTip>
    <headerIcon>UI/Icons/ThingCategories/Medicine</headerIcon>
    <workerClass>PawnColumnWorker_MedicalCare</workerClass>
    <sortable>true</sortable>
  </PawnColumnDef>

  <PawnColumnDef>
    <defName>AllowedArea</defName>
    <label>allowed area</label>
    <workerClass>PawnColumnWorker_AllowedArea</workerClass>
    <sortable>true</sortable>
  </PawnColumnDef>

  <PawnColumnDef>
    <defName>AllowedAreaWide</defName>
    <label>allowed area</label>
    <workerClass>PawnColumnWorker_AllowedAreaWide</workerClass>
    <sortable>true</sortable>
  </PawnColumnDef>

  <PawnColumnDef>
    <defName>HostilityResponse</defName>
    <headerTip>Hostility response</headerTip>
    <workerClass>PawnColumnWorker_HostilityResponse</workerClass>
    <sortable>true</sortable>
  </PawnColumnDef>

  <PawnColumnDef>
    <defName>Outfit</defName>
    <label>current outfit</label>
    <workerClass>PawnColumnWorker_Outfit</workerClass>
    <sortable>true</sortable>
  </PawnColumnDef>

  <PawnColumnDef>
    <defName>DrugPolicy</defName>
    <label>drug policy</label>
    <workerClass>PawnColumnWorker_DrugPolicy</workerClass>
    <sortable>true</sortable>
  </PawnColumnDef>

  <PawnColumnDef>
    <defName>Timetable</defName>
    <workerClass>PawnColumnWorker_Timetable</workerClass>
    <sortable>true</sortable>
  </PawnColumnDef>

</Defs>
