﻿<?xml version="1.0" encoding="utf-8" ?>
<Defs>

  <!--=============== Medicine ====================-->

  <ThingDef ParentName="ResourceBase" Name="MedicineBase" Abstract="True">
    <thingClass>Medicine</thingClass>
    <stackLimit>25</stackLimit>
    <healthAffectsPrice>false</healthAffectsPrice>
    <uiIconForStackCount>1</uiIconForStackCount>
    <soundInteract>Standard_Drop</soundInteract>
    <soundDrop>Standard_Drop</soundDrop>
    <statBases>
      <MaxHitPoints>60</MaxHitPoints>
    </statBases>
    <thingCategories>
      <li>Medicine</li>
    </thingCategories>
  </ThingDef>

  <ThingDef ParentName="MedicineBase">
    <defName>MedicineHerbal</defName>
    <label>herbal medicine</label>
    <description>A pack of herbal concoctions extracted from the healroot plant. It is less potent than industrial pharmaceuticals, but much better than nothing.</description>
    <graphicData>
      <texPath>Things/Item/Resource/Medicine/MedicineHerbal</texPath>
      <graphicClass>Graphic_StackCount</graphicClass>
      <drawSize>0.85</drawSize>
    </graphicData>
    <techLevel>Neolithic</techLevel>
    <statBases>
      <MarketValue>10</MarketValue>
      <Mass>0.35</Mass>
      <Flammability>1.3</Flammability>
      <MedicalPotency>0.60</MedicalPotency>
      <MedicalQualityMax>0.70</MedicalQualityMax>
      <DeteriorationRate>6</DeteriorationRate>
    </statBases>
    <tickerType>Rare</tickerType>
    <comps>
      <li Class="CompProperties_Rottable">
        <daysToRotStart>150</daysToRotStart>
        <rotDestroys>true</rotDestroys>
      </li>
    </comps>
  </ThingDef>

  <ThingDef ParentName="MedicineBase">
    <defName>MedicineIndustrial</defName>
    <label>medicine</label>
    <description>A kit of industrial-era medical equipment. It contains basic drugs, tools for suturing and bone setting, diagnostic devices, and various pads and fluids.</description>
    <graphicData>
      <texPath>Things/Item/Resource/Medicine/MedicineIndustrial</texPath>
      <graphicClass>Graphic_StackCount</graphicClass>
      <drawSize>0.85</drawSize>
    </graphicData>
    <techLevel>Industrial</techLevel>
    <statBases>
      <MarketValue>18</MarketValue>
      <Mass>0.50</Mass>
      <Flammability>0.7</Flammability>
      <MedicalPotency>1.00</MedicalPotency>
      <MedicalQualityMax>1.00</MedicalQualityMax>
      <DeteriorationRate>2</DeteriorationRate>
      <WorkToMake>700</WorkToMake>
    </statBases>
    <costList>
      <MedicineHerbal>1</MedicineHerbal>
      <Neutroamine>1</Neutroamine>
      <Cloth>3</Cloth>
    </costList>
    <recipeMaker>
      <workSpeedStat>DrugSynthesisSpeed</workSpeedStat>
      <workSkill>Intellectual</workSkill>
      <recipeUsers>
        <li>DrugLab</li>
      </recipeUsers>
      <researchPrerequisite>MedicineProduction</researchPrerequisite>
      <skillRequirements>
        <Crafting>4</Crafting>
        <Intellectual>4</Intellectual>
      </skillRequirements>
    </recipeMaker>
  </ThingDef>

  <ThingDef ParentName="MedicineBase">
    <defName>MedicineUltratech</defName>
    <label>glitterworld medicine</label>
    <description>A kit of advanced ultra-tech medical supplies, probably manufactured on a distant glitterworld. It contains advanced polymorphic drugs, nanite diagnostic and healing assisters, a mini-imager, and various multi-use tools.</description>
    <graphicData>
      <texPath>Things/Item/Resource/Medicine/MedicineUltratech</texPath>
      <graphicClass>Graphic_StackCount</graphicClass>
      <drawSize>0.85</drawSize>
    </graphicData>
    <techLevel>Ultra</techLevel>
    <statBases>
      <MarketValue>50</MarketValue>
      <Mass>0.50</Mass>
      <Flammability>0.7</Flammability>
      <MedicalPotency>1.60</MedicalPotency>
      <MedicalQualityMax>1.30</MedicalQualityMax>
      <DeteriorationRate>2.0</DeteriorationRate>
    </statBases>
    <tradeTags>
      <li>ExoticMisc</li>
    </tradeTags>
    <thingSetMakerTags><li>RewardStandardHighFreq</li></thingSetMakerTags>
  </ThingDef>


  <!--=============== ComponentIndustrial ====================-->
  
  <ThingDef ParentName="ResourceBase">
    <defName>ComponentIndustrial</defName>
    <label>component</label>
    <description>Miscellaneous gears, capacitors, circuit boards, tubes, wheels, sensors, wires, chips, processors, and other electronic and industrial parts. Necessary for assembling complex machines or electronics.</description>
    <graphicData>
      <texPath>Things/Item/Resource/ComponentIndustrial</texPath>
      <graphicClass>Graphic_StackCount</graphicClass>
    </graphicData>
    <soundInteract>Metal_Drop</soundInteract>
    <soundDrop>Standard_Drop</soundDrop>
    <stackLimit>50</stackLimit>
    <healthAffectsPrice>false</healthAffectsPrice>
    <statBases>
      <MaxHitPoints>70</MaxHitPoints>
      <MarketValue>32</MarketValue>
      <Mass>0.6</Mass>
      <Flammability>0.6</Flammability>
      <DeteriorationRate>2.0</DeteriorationRate>
    </statBases>
    <intricate>true</intricate>
    <thingCategories>
      <li>Manufactured</li>
    </thingCategories>
  </ThingDef>

  <ThingDef ParentName="ResourceBase">
    <defName>ComponentSpacer</defName>
    <label>advanced component</label>
    <description>Advanced computing and energy-directing machinery, miniaturized and hardened for the most demanding applications.</description>
    <graphicData>
      <texPath>Things/Item/Resource/ComponentSpacer</texPath>
      <graphicClass>Graphic_StackCount</graphicClass>
    </graphicData>
    <soundInteract>Metal_Drop</soundInteract>
    <soundDrop>Standard_Drop</soundDrop>
    <stackLimit>50</stackLimit>
    <healthAffectsPrice>false</healthAffectsPrice>
    <statBases>
      <MaxHitPoints>70</MaxHitPoints>
      <MarketValue>200</MarketValue>
      <Mass>0.6</Mass>
      <Flammability>0.6</Flammability>
      <DeteriorationRate>2.0</DeteriorationRate>
    </statBases>
    <intricate>true</intricate>
    <thingCategories>
      <li>Manufactured</li>
    </thingCategories>
    <tradeTags>
      <li>ExoticMisc</li>
    </tradeTags>
    <thingSetMakerTags><li>RewardStandardHighFreq</li></thingSetMakerTags>
  </ThingDef>
  
  <!--=============== Neutroamine ====================-->
  
  <ThingDef ParentName="ResourceBase">
    <defName>Neutroamine</defName>
    <label>neutroamine</label>
    <description>A synthetic precursor chemical. While it is useless on its own, many drugs require neutroamine as an ingredient.</description>
    <graphicData>
      <texPath>Things/Item/Resource/Neutroamine</texPath>
      <graphicClass>Graphic_StackCount</graphicClass>
      <drawSize>0.90</drawSize>
    </graphicData>
    <stackLimit>150</stackLimit>
    <healthAffectsPrice>false</healthAffectsPrice>
    <statBases>
      <MaxHitPoints>50</MaxHitPoints>
      <MarketValue>6</MarketValue>
      <Mass>0.02</Mass>
      <Flammability>0.7</Flammability>
      <DeteriorationRate>1.0</DeteriorationRate>
    </statBases>
    <thingCategories>
      <li>Manufactured</li>
    </thingCategories>
  </ThingDef>
  
  <!--=============== Chemfuel ====================-->
  
  <ThingDef ParentName="ResourceBase">
    <defName>Chemfuel</defName>
    <label>chemfuel</label>
    <description>A volatile liquid chemical. Used to fuel engines and rockets, or to transmute into propellant for projectiles, or as an incendiary weapon.</description>
    <tickerType>Normal</tickerType>
    <graphicData>
      <texPath>Things/Item/Resource/Chemfuel</texPath>
      <graphicClass>Graphic_Single</graphicClass>
      <drawSize>0.85</drawSize>
    </graphicData>
    <stackLimit>150</stackLimit>
    <healthAffectsPrice>false</healthAffectsPrice>
    <statBases>
      <MaxHitPoints>50</MaxHitPoints>
      <MarketValue>2.3</MarketValue>
      <Mass>0.05</Mass>
      <Flammability>2.0</Flammability>
      <DeteriorationRate>1.0</DeteriorationRate>
    </statBases>
    <thingCategories>
      <li>Manufactured</li>
    </thingCategories>
    <comps>
      <li Class="CompProperties_Explosive">
        <explosiveRadius>1.1</explosiveRadius>
        <explosiveDamageType>Flame</explosiveDamageType>
        <explosiveExpandPerStackcount>0.037</explosiveExpandPerStackcount>
        <startWickOnDamageTaken>
          <li>Flame</li>
        </startWickOnDamageTaken>
        <startWickHitPointsPercent>0.333</startWickHitPointsPercent>
        <preExplosionSpawnThingDef>Filth_Fuel</preExplosionSpawnThingDef>
        <preExplosionSpawnChance>1</preExplosionSpawnChance>
        <wickTicks>70~150</wickTicks>
      </li>
    </comps>
  </ThingDef>
  
</Defs>
