﻿<?xml version="1.0" encoding="utf-8" ?>
<Defs>


  <TaleDef>
    <defName>LandedInPod</defName>
    <label>landed in pod</label>
    <taleClass>Tale_SinglePawn</taleClass>
    <type>Volatile</type>
    <baseInterest>1.0</baseInterest>
    <rulePack>
      <rulesStrings>
        <li>tale_noun->[pawn_nameShortDef]'s landing in a drop pod</li>
        <li>image->[pawn_nameFull] landing in a drop pod [circumstance_group]</li>
        <li>image->[pawn_nameFull] touching down in a drop pod [circumstance_group]</li>
        <li>image->[pawn_nameFull] striking earth in a drop pod [circumstance_group]</li>
        <li>image->[pawn_nameFull] riding in a drop pod [circumstance_group]</li>
        <li>circumstance_phrase->in front of a [terrainfeature]</li>
        <li>circumstance_phrase->with incredible force</li>
        <li>circumstance_phrase->in a plume of dust and rocks</li>
        <li>circumstance_phrase->with retro-rockets firing dramatically</li>
        <li>circumstance_phrase->in a precision landing</li>
        <li>desc_sentence->[pawn_pronoun] is concentrating intently on the controls.</li>
        <li>desc_sentence->[pawn_pronoun] has [pawn_possessive] eyes closed and looks afraid.</li>
        <li>desc_sentence->[pawn_pronoun] is unconscious, [pawn_possessive] tongue lolling out, drool dripping.</li>
        <li>desc_sentence->[pawn_pronoun] is smiling with grim joy.</li>
        <li>desc_sentence->[pawn_pronoun] seems to have no idea what [pawn_pronoun] is doing.</li>
        <li>desc_sentence->[pawn_pronoun] is strapped in with [pawn_possessive] eyes closed, totally helpless.</li>
        <li>desc_sentence->There is a flame trail licking off the back of the pod.</li>
        <li>desc_sentence->A nearby [animal] is looking up, startled.</li>
        <li>desc_sentence->A [animal] is fleeing the impact in fear.</li>
        <li>desc_sentence->There is a [terrainfeature] in the background.</li>
        <li>desc_sentence->A [outlander] watches silently from afar.</li>
      </rulesStrings>
    </rulePack>
  </TaleDef>

  <TaleDef>
    <defName>Vomited</defName>
    <label>vomited</label>
    <taleClass>Tale_SinglePawn</taleClass>
    <type>Volatile</type>
    <baseInterest>0.2</baseInterest>
    <ignoreChance>0.5</ignoreChance>
    <rulePack>
      <rulesStrings>
        <li>tale_noun->[pawn_nameShortDef]'s vomiting</li>
        <li>image->[pawn_nameFull] spewing vomit onto the ground [circumstance_group]</li>
        <li>image->[pawn_nameFull] looking disgusted while covered with dried vomit [circumstance_group]</li>
        <li>image->[pawn_nameFull] doubled over and retching onto the floor [circumstance_group]</li>
        <li>image->[pawn_nameFull] on [pawn_possessive] knees, vomiting on the floor [circumstance_group]</li>
        <li>circumstance_phrase->while looking pained</li>
        <li>circumstance_phrase->with great shame</li>
        <li>circumstance_phrase->as others look on</li>
        <li>desc_sentence->[pawn_pronoun] seems totally unaware of what is around [pawn_objective].</li>
        <li>desc_sentence->[pawn_possessive] face itself seems to be swelling.</li>
        <li>desc_sentence->[pawn_pronoun] is nearly unconscious, [pawn_possessive] tongue lolling out, drool dripping.</li>
        <li>desc_sentence->[pawn_pronoun] is convulsing violently.</li>
        <li>desc_sentence->[pawn_pronoun] looks ashamed.</li>
        <li>desc_sentence->[pawn_pronoun] seems to be trying to laugh, despite the circumstances.</li>
        <li>desc_sentence->[pawn_pronoun] looks almost deflated, as though totally emptied by the intense vomiting.</li>
        <li>desc_sentence->[pawn_pronoun] is surrounded by an artistically rendered halo of filth.</li>
        <li>desc_sentence->A [animal] is eating from the trail of vomit in the background.</li>
      </rulesStrings>
    </rulePack>
  </TaleDef>

  <TaleDef>
    <defName>Drunk</defName>
    <label>drunk</label>
    <taleClass>Tale_SinglePawn</taleClass>
    <type>Volatile</type>
    <baseInterest>0.35</baseInterest>
    <rulePack>
      <rulesStrings>
        <li>tale_noun->[pawn_nameShortDef]'s extreme drunkenness</li>
        <li>image->[pawn_nameFull] staggering around drunk [circumstance_group]</li>
        <li>image->[pawn_nameFull] tilting [pawn_possessive] head back and guzzling liquor [circumstance_group]</li>
        <li>image->[pawn_nameFull] greedily collecting bottles of liquor [circumstance_group]</li>
        <li>image->[pawn_nameFull] drinking heavily [circumstance_group]</li>
        <li>circumstance_phrase->oblivious to [pawn_possessive] surroundings</li>
        <li>circumstance_phrase->in a brooding stupor</li>
        <li>circumstance_phrase->while questioning [pawn_possessive] own existence</li>
        <li>circumstance_phrase->with tears in [pawn_possessive] eyes</li>
        <li>circumstance_phrase->while chuckling madly</li>
        <li>circumstance_phrase->while sobbing</li>
        <li>circumstance_phrase->while looking pathetic</li>
        <li>circumstance_phrase->while glaring angrily at people around [pawn_objective]</li>
        <li>circumstance_phrase->while leering at someone nearby</li>
        <li>circumstance_phrase->while attempting to disrobe</li>
        <li>circumstance_phrase->with a finger in [pawn_possessive] mouth</li>
        <li>circumstance_phrase->while holding back vomit</li>
        <li>circumstance_phrase->without a care in the world</li>
        <li>circumstance_phrase->with a lustful glint in [pawn_possessive] eye</li>
        <li>circumstance_phrase->while reviewing the ghosts of [pawn_possessive] past</li>
        <li>desc_sentence->[pawn_pronoun] seems totally unaware of what is around [pawn_objective].</li>
        <li>desc_sentence->[pawn_possessive] face itself seems to be swelling.</li>
        <li>desc_sentence->[pawn_pronoun] is nearly unconscious, [pawn_possessive] tongue lolling out, drool dripping.</li>
        <li>desc_sentence->[pawn_pronoun] looks happy and sad at the same time.</li>
        <li>desc_sentence->[pawn_pronoun] has stains down [pawn_possessive] front.</li>
        <li>desc_sentence->There is a trail of discarded beverage containers behind [pawn_objective].</li>
        <li>desc_sentence->There is a white substance on [pawn_possessive] pants.</li>
        <li>desc_sentence->[pawn_pronoun] seems to have lost a shoe.</li>
        <li>desc_sentence->[pawn_possessive] hair is totally mussed up.</li>
      </rulesStrings>
    </rulePack>
  </TaleDef>
  
  <TaleDef>
    <defName>WasOnFire</defName>
    <label>on fire</label>
    <taleClass>Tale_SinglePawn</taleClass>
    <type>Volatile</type>
    <baseInterest>0.6</baseInterest>
    <ignoreChance>0.5</ignoreChance>
    <colonistOnly>false</colonistOnly>
    <rulePack>
      <rulesStrings>
        <li>tale_noun->[pawn_nameShortDef] catching fire</li>
        <li>image->[pawn_nameFull] frantically beating out a fire attached to [pawn_possessive] body [circumstance_group]</li>
        <li>image->[pawn_nameFull] enveloped by flame [circumstance_group]</li>
        <li>image->[pawn_nameFull] kneeling, hands over head, trying to extinguish flames on [pawn_possessive] body [circumstance_group]</li>
        <li>image->[pawn_nameFull] rolling on the floor while burning [circumstance_group]</li>
        <li>circumstance_phrase->while others look on</li>
        <li>circumstance_phrase->while nearly naked</li>
        <li>circumstance_phrase->with focused intent</li>
        <li>desc_sentence->[pawn_possessive] flesh is visibly charring.</li>
        <li>desc_sentence->[pawn_possessive] eyes are wide with panic.</li>
        <li>desc_sentence->[pawn_pronoun] seems to be barely conscious; [pawn_possessive] eyes are lifeless.</li>
        <li>desc_sentence->[pawn_possessive] mouth is open as [pawn_pronoun] screams for help.</li>
        <li>desc_sentence->The flames are about to envelope his head.</li>
        <li>desc_sentence->A symbolic halo of fire surrounds his face.</li>
        <li>desc_sentence->[pawn_pronoun] is laughing maniacally.</li>
        <li>desc_sentence->[pawn_pronoun] seems to be losing [pawn_objective]self.</li>
        <li>desc_sentence->A plume of smoke is rising off [pawn_objective].</li>
        <li>desc_sentence->[pawn_pronoun] is rendered artistically in a corpse-like way.</li>
      </rulesStrings>
    </rulePack>
  </TaleDef>

  <TaleDef>
    <defName>MentalStateBerserk</defName>
    <label>berserk rage</label>
    <taleClass>Tale_SinglePawn</taleClass>
    <type>Volatile</type>
    <baseInterest>4</baseInterest>
    <rulePack>
      <rulesStrings>
        <li>tale_noun->[pawn_nameShortDef] going berserk</li>
        <li>image->[pawn_nameFull] flying into a berserk rage [circumstance_group]</li>
        <li>image->[pawn_nameFull] becoming madly, violently insane [circumstance_group]</li>
        <li>image->[pawn_nameFull] stumbling forward with a psychotic look on [pawn_possessive] face [circumstance_group]</li>
        <li>circumstance_phrase->while attempting to disrobe</li>
        <li>circumstance_phrase->seemingly without reason</li>
        <li>circumstance_phrase->as others cower in fear</li>
        <li>circumstance_phrase->as a friend flees</li>
        <li>circumstance_phrase->because of the stress</li>
        <li>circumstance_phrase->as a last step</li>
        <li>desc_sentence->[pawn_pronoun] is shaking with ungovernable rage.</li>
        <li>desc_sentence->[pawn_possessive] teeth are bared in a deadly snarl.</li>
        <li>desc_sentence->[pawn_possessive] eyes are dead pools of madness.</li>
        <li>desc_sentence->Spittle is flying from [pawn_possessive] mouth as [pawn_possessive] screams with insane rage.</li>
        <li>desc_sentence->[pawn_pronoun] has lost part of [pawn_possessive] clothing.</li>
        <li>desc_sentence->[pawn_pronoun] is grimacing in misery.</li>
        <li>desc_sentence->[pawn_pronoun] seems smiling maniacally.</li>
        <li>desc_sentence->[pawn_pronoun] is depicted with the snarling face of a [animal].</li>
        <li>desc_sentence->[animal]s symbolically surround [pawn_possessive] head.</li>
        <li>desc_sentence->[pawn_pronoun] has a murderous glint in [pawn_possessive] eye.</li>
        <li>desc_sentence->[pawn_possessive] entire body seems to be trembling with hatred.</li>
        <li>desc_sentence->[pawn_possessive] face is set in a look of twisted serenity.</li>
        <li>desc_sentence->A single tear rolls down [pawn_possessive] face.</li>
      </rulesStrings>
    </rulePack>
  </TaleDef>

  <TaleDef>
    <defName>MentalStateGaveUp</defName>
    <label>gave up</label>
    <taleClass>Tale_SinglePawn</taleClass>
    <type>Volatile</type>
    <baseInterest>4</baseInterest>
    <rulePack>
      <rulesStrings>
        <li>tale_noun->[pawn_nameShortDef] giving up in despair</li>
        <li>image->[pawn_nameFull] finally giving up under stress [circumstance_group]</li>
        <li>image->[pawn_nameFull] sobbing uncontrollably [circumstance_group]</li>
        <li>image->[pawn_nameFull] stumbling around with a completely broken expression on [pawn_possessive] face [circumstance_group]</li>
        <li>circumstance_phrase->while attempting to disrobe</li>
        <li>circumstance_phrase->seemingly without reason</li>
        <li>circumstance_phrase->as others offer sympathy</li>
        <li>circumstance_phrase->as a friend cries</li>
        <li>circumstance_phrase->because of the stress</li>
        <li>circumstance_phrase->as a last step</li>
        <li>desc_sentence->[pawn_pronoun] has tears streaming down [pawn_possessive] face.</li>
        <li>desc_sentence->[pawn_pronoun] is laughing in the depths of [pawn_possessive] depression.</li>
        <li>desc_sentence->[pawn_nameShortDef] is looking upward, as if to ask for help from above.</li>
        <li>desc_sentence->[pawn_pronoun] is tearing at [pawn_possessive] own clothes.</li>
        <li>desc_sentence->[pawn_pronoun] seems totally unaware of what is around [pawn_objective].</li>
        <li>desc_sentence->[pawn_pronoun] looks happy and sad at the same time.</li>
        <li>desc_sentence->[pawn_pronoun] has stains down [pawn_possessive] front.</li>
        <li>desc_sentence->[pawn_pronoun] seems to have lost a shoe.</li>
        <li>desc_sentence->[pawn_possessive] hair is totally mussed up.</li>
      </rulesStrings>
    </rulePack>
  </TaleDef>

  <TaleDef>
    <defName>WalkedNaked</defName>
    <label>walked naked</label>
    <taleClass>Tale_SinglePawn</taleClass>
    <type>Volatile</type>
    <ignoreChance>0.5</ignoreChance>
    <baseInterest>0.5</baseInterest>
    <rulePack>
      <rulesStrings>
        <li>tale_noun->[pawn_nameShortDef] walking around naked</li>
        <li>image->[pawn_nameFull] [nude_action] while in a state of nature [circumstance_group]</li>
        <li>image->[pawn_nameFull] [nude_action] in the nude [circumstance_group]</li>
        <li>image->[pawn_nameFull] [nude_action], naked, [circumstance_group]</li>
        <li>image->[pawn_nameFull] [nude_action] without any clothes on [circumstance_group]</li>
        <li>nude_action->prancing</li>
        <li>nude_action->frolicking</li>
        <li>nude_action->gambolling</li>
        <li>nude_action->walking</li>
        <li>nude_action->strutting [pawn_possessive] stuff</li>
        <li>nude_action->sashaying</li>
        <li>nude_action->tiptoeing</li>
        <li>nude_action->promenading</li>
        <li>nude_action->surveying the area</li>
        <li>circumstance_phrase->with a sense of purpose</li>
        <li>circumstance_phrase->with no hint of shame</li>
        <li>circumstance_phrase->while others look on</li>
        <li>circumstance_phrase->for no apparent reason</li>
        <li>circumstance_phrase->while confused animals look on</li>
        <li>desc_sentence->[pawn_nameShortDef] is visibly aroused.</li>
        <li>desc_sentence->[pawn_nameShortDef] is covered in unexplained moisture.</li>
        <li>desc_sentence->[pawn_nameShortDef] is breathing heavily for no obvious reason.</li>
        <li>desc_sentence->[pawn_nameShortDef] is fondling a shrub.</li>
      </rulesStrings>
    </rulePack>
  </TaleDef>

  <TaleDef>
    <defName>AteRawHumanlikeMeat</defName>
    <label>raw humanlike meat eaten</label>
    <taleClass>Tale_SinglePawn</taleClass>
    <type>Expirable</type>
    <baseInterest>0.9</baseInterest>
    <maxPerPawn>1</maxPerPawn>
    <expireDays>20</expireDays>
    <rulePack>
      <rulesStrings>
        <li>tale_noun->[pawn_nameShortDef]'s eating of human meat</li>
        <li>image->[pawn_nameFull] [eat_gerund] the meat of a fellow humanoid [circumstance_group]</li>
        <li>image->[pawn_nameFull] [eat_gerund] meat from a humanlike arm [circumstance_group]</li>
        <li>image->[pawn_nameFull] [eat_gerund] flesh of a humanoid [circumstance_group]</li>
        <li>eat_gerund->eating</li>
        <li>eat_gerund->ingesting</li>
        <li>eat_gerund->chewing</li>
        <li>eat_gerund->chowing down on</li>
        <li>eat_gerund->consuming</li>
        <li>eat_gerund->swallowing</li>
        <li>eat_gerund->cannibalizing</li>
        <li>circumstance_phrase->with a sense of purpose</li>
        <li>circumstance_phrase->with no hint of shame</li>
        <li>circumstance_phrase->with a look of shame</li>
        <li>circumstance_phrase->while others look on</li>
        <li>circumstance_phrase->with gusto</li>
        <li>circumstance_phrase->frantically, like [pawn_possessive] life depended on it</li>
        <li>desc_sentence->[pawn_nameShortDef]'s face is covered with blood and fluid.</li>
        <li>desc_sentence->[pawn_nameShortDef] is licking [pawn_possessive] fingers.</li>
        <li>desc_sentence->[pawn_nameShortDef] has blood and gore bits all down [pawn_possessive] front.</li>
        <li>desc_sentence->[pawn_nameShortDef] is in the middle of a large pool of blood.</li>
        <li>desc_sentence->[pawn_nameShortDef] is eyeing someone else nearby with dark interest.</li>
        <li>desc_sentence->The meat is glistening and appears very succulent.</li>
        <li>desc_sentence->The meat is spilling all over [pawn_nameShortDef]'s body.</li>
      </rulesStrings>
    </rulePack>
  </TaleDef>


  <TaleDef>
    <defName>CraftedArt</defName>
    <label>art crafted</label>
    <taleClass>Tale_SinglePawnAndThing</taleClass>
    <type>Volatile</type>
    <baseInterest>1</baseInterest>
    <rulePack>
      <rulesStrings>
        <li>tale_noun->the time [pawn_nameShortDef] crafted [thing_labelIndefinite]</li>
        <li>image->[pawn_nameFull] crafting [thing_labelIndefinite] [circumstance_group]. [quality_sentence]. [title_sentence]</li>
        <li>image->[pawn_nameFull] completing [pawn_possessive] work on [thing_labelIndefinite] [circumstance_group]. [quality_sentence]. [title_sentence]</li>
        <li>image->[pawn_nameFull] working on [thing_labelIndefinite] [circumstance_group]. [quality_sentence]. [title_sentence]</li>
        <li>image->[pawn_nameFull] making [thing_labelIndefinite] [circumstance_group]. [quality_sentence]. [title_sentence]</li>
        <li>circumstance_phrase->with total concentration</li>
        <li>circumstance_phrase->with a look of satisfaction on [pawn_possessive] face</li>
        <li>circumstance_phrase->at [pawn_possessive] work bench</li>
        <li>circumstance_phrase->with great intensity</li>
        <li>desc_sentence->There are tools scattered all around.</li>
        <li>desc_sentence->[pawn_pronoun] is scratched and scarred from work injuries.</li>
        <li>desc_sentence->[pawn_pronoun] is covered in sweat.</li>
        <li>desc_sentence->The work area is highly organized, with every tool in its proper place.</li>
        <li>desc_sentence->[pawn_pronoun] is rendered in an exaggerated way to appear more powerful.</li>
        <li>desc_sentence->The size of [thing_labelDefinite] is exaggerated to emphasize its importance.</li>
        <li>desc_sentence->[thing_labelDefinite] has an artistic glow added to it. It seems almost angelic.</li>
        <li>desc_sentence->[pawn_nameShortDef] is faded into the background to emphasize [pawn_possessive] new creation.</li>
        <li>desc_sentence->[quantity_adjphrase] onlookers surround [pawn_objective].</li>
        <li>desc_sentence->A crowd cheers from the background.</li>
        <li>quality_sentence->[thing_labelDefinite] looks to be of [thing_quality] quality</li>
        <li>quality_sentence->[thing_labelDefinite] is of [thing_quality] quality</li>
        <li>quality_sentence->[pawn_nameShortDef]'s work is of [thing_quality] quality</li>
        <li>title_sentence->[pawn_nameShortDef]'s title for [thing_labelDefinite] is written underneath: [thing_title]</li>
        <li>title_sentence->[thing_labelDefinite] is emblazoned with its title: [thing_title]</li>
        <li>title_sentence->The title of [thing_labelDefinite], [thing_title], hangs in the background</li>
        <!-- needed for when we craft something that has no title -->
      </rulesStrings>
    </rulePack>
  </TaleDef>


  <TaleDef>
    <defName>StruckMineable</defName>
    <label>struck mineable</label>
    <taleClass>Tale_SinglePawnAndThing</taleClass>
    <type>Volatile</type>
    <baseInterest>1</baseInterest>
    <rulePack>
      <rulesStrings>
        <li>tale_noun->[pawn_nameShortDef] striking [thing_label]</li>
        <li>image->[pawn_nameFull] striking [thing_label] [circumstance_group]</li>
        <li>circumstance_phrase->while mining</li>
        <li>circumstance_phrase->while digging</li>
        <li>circumstance_phrase->while tunnelling</li>
        <li>circumstance_phrase->with a look of surprise</li>
        <li>circumstance_phrase->with a satisfied expression</li>
        <li>desc_sentence->[pawn_nameShortDef] is wiping [pawn_possessive] brow.</li>
        <li>desc_sentence->[pawn_nameShortDef] is jumping for joy.</li>
        <li>desc_sentence->[pawn_nameShortDef] is high-fiving a friend.</li>
        <li>desc_sentence->[pawn_nameShortDef] is screaming with happiness.</li>
        <li>desc_sentence->[pawn_nameShortDef] is laughing uncontrollably.</li>
        <li>desc_sentence->[pawn_nameShortDef] is sweaty and dirty from work.</li>
        <li>desc_sentence->[pawn_nameShortDef] is sweaty and dirty from work.</li>
      </rulesStrings>
    </rulePack>
  </TaleDef>

  <TaleDef>
    <defName>FinishedResearchProject</defName>
    <label>research project finished</label>
    <taleClass>Tale_SinglePawnAndDef</taleClass>
    <type>Volatile</type>
    <defSymbol>project</defSymbol>
    <baseInterest>1.5</baseInterest>
    <rulePack>
      <rulesStrings>
        <li>tale_noun->[pawn_nameShortDef] finishing research on [project_label]</li>
        <li>image->[pawn_nameFull] working on [project_label] research project [circumstance_group]</li>
        <li>image->[pawn_nameFull] studying the secrets of [project_label] [circumstance_group]</li>
        <li>image->[pawn_nameFull] researching [project_label] [circumstance_group]</li>
        <li>circumstance_phrase->with great intensity</li>
        <li>circumstance_phrase->alone at [pawn_possessive] bench</li>
        <li>circumstance_phrase->while holding papers in [pawn_possessive] hand</li>
        <li>circumstance_phrase->with a look of gleeful fascination</li>
        <li>desc_sentence->[pawn_nameShortDef] is sweating.</li>
        <li>desc_sentence->The work appears to be exceptionally complex.</li>
        <li>desc_sentence->[pawn_nameShortDef] is completely surrounded by an array of tools and apparatuses.</li>
        <li>desc_sentence->[pawn_nameShortDef] is staring at [pawn_possessive] discovery with a sense of wonder.</li>
      </rulesStrings>
    </rulePack>
  </TaleDef>


  <TaleDef>
    <defName>ButcheredHumanlikeCorpse</defName>
    <label>humanlike corpse butchered</label>
    <taleClass>Tale_SinglePawn</taleClass>
    <type>Expirable</type>
    <usableForArt>false</usableForArt>
    <maxPerPawn>1</maxPerPawn>
    <expireDays>20</expireDays>
  </TaleDef>



</Defs>