﻿<?xml version="1.0" encoding="utf-8"?>
<Defs>

  <TraderKindDef>
    <defName>Caravan_Neolithic_BulkGoods</defName>
    <label>bulk goods trader</label>
    <commonality>2</commonality>
    <stockGenerators>
      <li Class="StockGenerator_SingleDef">
        <thingDef>Silver</thingDef>
        <countRange>
          <min>750</min>
          <max>1200</max>
        </countRange>
      </li>
      <li Class="StockGenerator_SingleDef">
        <thingDef>Steel</thingDef>
        <countRange>
          <min>100</min>
          <max>350</max>
        </countRange>
      </li>
      <li Class="StockGenerator_SingleDef">
        <thingDef>WoodLog</thingDef>
        <countRange>
          <min>100</min>
          <max>350</max>
        </countRange>
      </li>
      <li Class="StockGenerator_SingleDef">
        <thingDef>Cloth</thingDef>
				<countRange>
          <min>100</min>
          <max>350</max>
        </countRange>
      </li>
      <li Class="StockGenerator_SingleDef">
        <thingDef>Pemmican</thingDef>
        <countRange>
          <min>250</min>
          <max>300</max>
        </countRange>
      </li>
      <li Class="StockGenerator_Category">
        <categoryDef>Textiles</categoryDef>
        <thingDefCountRange>
          <min>2</min>
          <max>2</max>
        </thingDefCountRange>
        <totalPriceRange>
          <min>200</min>
          <max>600</max>
        </totalPriceRange>
      </li>
      <li Class="StockGenerator_Category">
        <categoryDef>FoodRaw</categoryDef>
				<excludedCategories><li>EggsFertilized</li></excludedCategories>
        <thingDefCountRange>
          <min>4</min>
          <max>4</max>
        </thingDefCountRange>
        <totalPriceRange>
          <min>400</min>
          <max>600</max>
        </totalPriceRange>
      </li>
      <li Class="StockGenerator_SingleDef">
        <thingDef>HerbalMedicine</thingDef>
        <price>Expensive</price>
        <countRange>
          <min>0</min>
          <max>10</max>
        </countRange>
      </li>
      <li Class="StockGenerator_Tag">
        <tradeTag>Furniture</tradeTag>
				<thingDefCountRange>
          <min>1</min>
          <max>2</max>
        </thingDefCountRange>
        <countRange>
          <min>1</min>
          <max>1</max>
        </countRange>
      </li>
      <li Class="StockGenerator_Clothes">
        <countRange>
          <min>10</min>
          <max>10</max>
        </countRange>
      </li>
      <li Class="StockGenerator_Category">
        <categoryDef>Drugs</categoryDef>
				<price>Expensive</price>
      </li>
			<li Class="StockGenerator_Category">
				<categoryDef>Textiles</categoryDef>
			</li>
			<li Class="StockGenerator_BuyArt" />
			<li Class="StockGenerator_BuyWeirdOrganic" />
      <li Class="StockGenerator_MultiDef">
        <thingDefs>
          <li>Chocolate</li>
          <li>Kibble</li>
        </thingDefs>
      </li>
    </stockGenerators>
  </TraderKindDef>

  <TraderKindDef>
    <defName>Caravan_Neolithic_WarMerchant</defName>
    <label>war merchant</label>
    <commonality>1</commonality>
    <stockGenerators>
      <li Class="StockGenerator_SingleDef">
        <thingDef>Silver</thingDef>
        <countRange>
          <min>750</min>
          <max>1200</max>
        </countRange>
      </li>
      <li Class="StockGenerator_SingleDef">
        <thingDef>Pemmican</thingDef>
				<price>Expensive</price>
				<countRange>
          <min>150</min>
          <max>300</max>
        </countRange>
      </li>
      <li Class="StockGenerator_WeaponsRanged">
        <maxTechLevelGenerate>Neolithic</maxTechLevelGenerate>
        <countRange>
          <min>4</min>
          <max>4</max>
        </countRange>
      </li>
			<li Class="StockGenerator_Clothes">
				<countRange>
					<min>10</min>
					<max>10</max>
				</countRange>
			</li>
      <li Class="StockGenerator_Category">
        <maxTechLevelGenerate>Neolithic</maxTechLevelGenerate>
        <categoryDef>WeaponsMelee</categoryDef>
        <thingDefCountRange>
          <min>4</min>
          <max>4</max>
        </thingDefCountRange>
				<countRange>
					<min>1</min>
					<max>1</max>
				</countRange>
      </li>
      <li Class="StockGenerator_SingleDef">
        <thingDef>HerbalMedicine</thingDef>
        <countRange>
          <min>15</min>
          <max>30</max>
        </countRange>
      </li>
      <li Class="StockGenerator_Animals">
        <checkTemperature>true</checkTemperature>
        <tradeTags>
          <li>BadassAnimal</li>
        </tradeTags>
        <kindCountRange>
          <min>2</min>
          <max>2</max>
        </kindCountRange>
        <countRange>
          <min>2</min>
          <max>2</max>
        </countRange>
      </li>
			<li Class="StockGenerator_BuyArt" />
			<li Class="StockGenerator_Category">
        <categoryDef>Drugs</categoryDef>
				<price>Expensive</price>
			</li>
      <li Class="StockGenerator_BuyWeirdOrganic" />
    </stockGenerators>
  </TraderKindDef>

  <TraderKindDef>
    <defName>Caravan_Neolithic_Slaver</defName>
    <label>slaver</label>
    <commonality>1</commonality>
    <stockGenerators>
      <li Class="StockGenerator_SingleDef">
        <thingDef>Silver</thingDef>
        <countRange>
          <min>750</min>
          <max>1200</max>
        </countRange>
      </li>
      <li Class="StockGenerator_SingleDef">
        <thingDef>Pemmican</thingDef>
				<price>Expensive</price>
				<countRange>
          <min>150</min>
          <max>300</max>
        </countRange>
      </li>
      <li Class="StockGenerator_SingleDef">
        <thingDef>HerbalMedicine</thingDef>
        <price>Expensive</price>
        <countRange>
          <min>10</min>
          <max>20</max>
        </countRange>
      </li>
		  <li Class="StockGenerator_Slaves">
        <countRange>
          <min>2</min>
          <max>4</max>
        </countRange>
      </li>
			<li Class="StockGenerator_Animals">
				<checkTemperature>true</checkTemperature>
				<maxWildness>0.70</maxWildness>
				<tradeTags>
					<li>StandardAnimal</li>
				</tradeTags>
				<kindCountRange>
					<min>3</min>
					<max>3</max>
				</kindCountRange>
				<countRange>
					<min>1</min>
					<max>3</max>
				</countRange>
			</li>
			<li Class="StockGenerator_BuyArt" />
			<li Class="StockGenerator_BuyWeirdOrganic" />
    </stockGenerators>
  </TraderKindDef>

	<TraderKindDef>
		<defName>Caravan_Neolithic_ShamanMerchant</defName>
		<label>shaman merchant</label>
    <commonality>1</commonality>
		<stockGenerators>
			<li Class="StockGenerator_SingleDef">
				<thingDef>Silver</thingDef>
				<countRange>
					<min>750</min>
					<max>1200</max>
				</countRange>
			</li>
			<li Class="StockGenerator_SingleDef">
				<thingDef>Pemmican</thingDef>
				<price>Expensive</price>
				<countRange>
					<min>150</min>
					<max>300</max>
				</countRange>
			</li>
			<li Class="StockGenerator_SingleDef">
				<thingDef>Plasteel</thingDef>
				<countRange>
					<min>50</min>
					<max>150</max>
				</countRange>
			</li>
			<li Class="StockGenerator_SingleDef">
				<thingDef>Gold</thingDef>
				<countRange>
					<min>30</min>
					<max>60</max>
				</countRange>
			</li>
			<li Class="StockGenerator_SingleDef">
				<thingDef>Neutroamine</thingDef>
				<countRange>
					<min>25</min>
					<max>100</max>
				</countRange>
			</li>
			<li Class="StockGenerator_Tag">
				<tradeTag>Artifact</tradeTag>
				<price>Expensive</price>
				<thingDefCountRange>
					<min>3</min>
					<max>3</max>
				</thingDefCountRange>
				<countRange>
					<min>1</min>
					<max>1</max>
				</countRange>
			</li>
			<li Class="StockGenerator_Category">
				<categoryDef>Drugs</categoryDef>
				<price>Expensive</price>
				<maxTechLevelGenerate>Neolithic</maxTechLevelGenerate>
				<thingDefCountRange>
					<min>1</min>
					<max>1</max>
				</thingDefCountRange>
				<totalPriceRange>
					<min>300</min>
					<max>700</max>
				</totalPriceRange>
			</li>
			<li Class="StockGenerator_BuyArt" />
			<li Class="StockGenerator_BuyWeirdOrganic" />
		</stockGenerators>
	</TraderKindDef>

</Defs>
