﻿<?xml version="1.0" encoding="utf-8"?>
<Defs>

  <TraderKindDef>
    <defName>Base_Neolithic_Standard</defName>
    <stockGenerators>
      <li Class="StockGenerator_SingleDef">
        <thingDef>Silver</thingDef>
        <countRange>
          <min>800</min>
          <max>3000</max>
        </countRange>
      </li>
      <li Class="StockGenerator_SingleDef">
        <thingDef>ComponentIndustrial</thingDef>
				<price>Expensive</price>
				<countRange>
          <min>3</min>
          <max>10</max>
        </countRange>
      </li>
      <li Class="StockGenerator_SingleDef">
        <thingDef>Steel</thingDef>
        <countRange>
          <min>200</min>
          <max>300</max>
        </countRange>
      </li>
      <li Class="StockGenerator_SingleDef">
        <thingDef>WoodLog</thingDef>
        <countRange>
          <min>500</min>
          <max>600</max>
        </countRange>
      </li>
      <li Class="StockGenerator_SingleDef">
        <thingDef>Cloth</thingDef>
        <countRange>
          <min>200</min>
          <max>300</max>
        </countRange>
      </li>
      <li Class="StockGenerator_SingleDef">
        <thingDef>Gold</thingDef>
        <countRange>
          <min>-40</min>
          <max>120</max>
        </countRange>
      </li>
      <li Class="StockGenerator_SingleDef">
        <thingDef>Pemmican</thingDef>
        <countRange>
          <min>500</min>
          <max>1000</max>
        </countRange>
      </li>
      <li Class="StockGenerator_Category">
        <categoryDef>Textiles</categoryDef>
        <thingDefCountRange>
          <min>1</min>
          <max>2</max>
        </thingDefCountRange>
        <totalPriceRange>
          <min>300</min>
          <max>700</max>
        </totalPriceRange>
      </li>
      <li Class="StockGenerator_Category">
        <categoryDef>ResourcesRaw</categoryDef>
        <thingDefCountRange>
          <min>3</min>
          <max>3</max>
        </thingDefCountRange>
        <totalPriceRange>
          <min>200</min>
          <max>600</max>
        </totalPriceRange>
      </li>
      <li Class="StockGenerator_Category">
        <categoryDef>FoodRaw</categoryDef>
				<excludedCategories><li>EggsFertilized</li></excludedCategories>
				<thingDefCountRange>
          <min>3</min>
          <max>5</max>
        </thingDefCountRange>
        <totalPriceRange>
          <min>300</min>
          <max>800</max>
        </totalPriceRange>
      </li>
      <li Class="StockGenerator_SingleDef">
        <thingDef>MedicineHerbal</thingDef>
        <countRange>
          <min>15</min>
          <max>30</max>
        </countRange>
      </li>
			<li Class="StockGenerator_Clothes">
				<maxTechLevelGenerate>Neolithic</maxTechLevelGenerate>
				<countRange>
					<min>4</min>
					<max>12</max>
				</countRange>
			</li>
      <li Class="StockGenerator_Animals">
        <checkTemperature>true</checkTemperature>
        <maxWildness>0.70</maxWildness>
        <tradeTagsSell>
          <li>AnimalFarm</li>
          <li>AnimalPet</li>
        </tradeTagsSell>
        <tradeTagsBuy>
          <li>AnimalUncommon</li>
          <li>AnimalExotic</li>
        </tradeTagsBuy>
        <kindCountRange>
          <min>2</min>
          <max>4</max>
        </kindCountRange>
        <countRange>
          <min>1</min>
          <max>5</max>
        </countRange>
      </li>
      <li Class="StockGenerator_Category">
        <categoryDef>Drugs</categoryDef>
        <maxTechLevelGenerate>Neolithic</maxTechLevelGenerate>
        <thingDefCountRange>
          <min>1</min>
          <max>2</max>
        </thingDefCountRange>
        <totalPriceRange>
          <min>400</min>
          <max>1000</max>
        </totalPriceRange>
      </li>
      <li Class="StockGenerator_MultiDef">
        <thingDefs>
          <li>Chocolate</li>
          <li>Kibble</li>
        </thingDefs>
      </li>
      <li Class="StockGenerator_WeaponsRanged">
        <maxTechLevelGenerate>Neolithic</maxTechLevelGenerate>
        <countRange>
          <min>2</min>
          <max>4</max>
        </countRange>
      </li>
      <li Class="StockGenerator_Category">
				<categoryDef>WeaponsMelee</categoryDef>
				<maxTechLevelGenerate>Neolithic</maxTechLevelGenerate>
				<thingDefCountRange>
          <min>2</min>
          <max>4</max>
        </thingDefCountRange>
        <countRange>
          <min>1</min>
          <max>3</max>
        </countRange>
      </li>
      <li Class="StockGenerator_Slaves">
        <respectPopulationIntent>true</respectPopulationIntent>
        <countRange>
          <min>-1</min>
          <max>2</max>
        </countRange>
      </li>
      <li Class="StockGenerator_Tag">
        <tradeTag>Artifact</tradeTag>
        <thingDefCountRange>
          <min>0</min>
          <max>3</max>
        </thingDefCountRange>
        <countRange>
          <min>1</min>
          <max>1</max>
        </countRange>
      </li>
			<li Class="StockGenerator_BuyArt" />
			<li Class="StockGenerator_BuyExpensiveSimple" />
			<li Class="StockGenerator_BuyWeirdOrganic" />
    </stockGenerators>
  </TraderKindDef>

</Defs>
