﻿<?xml version="1.0" encoding="utf-8" ?>
<Defs>

  <!--===================== Concepts taught through the learning readout, with no opportunity needed ===================-->

  <ConceptDef>
    <defName>CameraDolly</defName>
    <label>Camera dolly</label>
    <priority>95</priority>
    <helpText>Move the camera by clicking and dragging the MOUSE BUTTON 3 (middle button) or with the {Key:MapDollyUp}-{Key:MapDollyLeft}-{Key:MapDollyDown}-{Key:MapDollyRight} keys.</helpText>
  </ConceptDef>

  <ConceptDef>
    <defName>CameraZoom</defName>
    <label>Camera zoom</label>
    <priority>94</priority>
    <helpText>Zoom in and out with the MOUSEWHEEL or the {Key:MapZoomIn} and {Key:MapZoomOut} keys.</helpText>
  </ConceptDef>

  <ConceptDef>
    <defName>TimeControls</defName>
    <label>Time controls</label>
    <priority>93</priority>
    <helpText>You can speed up time.\n\nTry controlling time with the {Key:TimeSpeedNormal}, {Key:TimeSpeedFast}, and {Key:TimeSpeedSuperfast} keys, or with the time controls in the bottom right.</helpText>
    <highlightTags>
      <li>TimeControls</li>
    </highlightTags>
  </ConceptDef>

  <ConceptDef>
    <defName>Pause</defName>
    <label>Pausing</label>
    <priority>92</priority>
    <helpText>Hit {Key:TogglePause} to pause or unpause the game.\n\nYou can give orders while paused.\n\nRemember this - if things get hectic, just hit {Key:TogglePause}!</helpText>
    <highlightTags>
      <li>TimeControls</li>
    </highlightTags>
  </ConceptDef>

  <ConceptDef>
    <defName>Stockpiles</defName>
    <label>Stockpiles</label>
    <priority>40</priority>
    <helpText>Your colonists need somewhere to store items. Designate a STOCKPILE for them to store things.\n\nFind the stockpile in the ZONES section of the ARCHITECT menu in the lower-left.</helpText>
    <highlightTags>
      <li>MainTab-Architect-Closed</li>
      <li>DesignationCategoryButton-Zone-Closed</li>
      <li>Designator-ZoneAddStockpile_Resources</li>
    </highlightTags>
  </ConceptDef>

  <ConceptDef>
    <defName>Forbidding</defName>
    <label>Forbid and unforbid</label>
    <priority>40</priority>
    <helpText>Colonists will not interact with items marked FORBIDDEN.\n\nForbidden items have a small red X attached. Select a forbidden item and use the controls at the bottom to UNFORBID it.</helpText>
    <highlightTags>
      <li>ToggleForbidden</li>
    </highlightTags>
  </ConceptDef>

  <ConceptDef>
    <defName>GrowingFood</defName>
    <label>Growing zones</label>
    <priority>37</priority>
    <helpText>To grow food, place GROWING ZONES using the Architect menu.\n\nThey can only be placed on fertile ground.</helpText>
    <highlightTags>
      <li>MainTab-Architect-Closed</li>
      <li>DesignationCategoryButton-Zone-Closed</li>
      <li>Designator-ZoneAdd_Growing</li>
    </highlightTags>
  </ConceptDef>

  <ConceptDef>
    <defName>EquippingWeapons</defName>
    <label>Equipping weapons</label>
    <priority>30</priority>
    <helpText>Your colonists arrived with some weapons. Equip them!\n\nSelect each colonist and right-click on the weapon you want them to equip.</helpText>
  </ConceptDef>

  <ConceptDef>
    <defName>Alerts</defName>
    <label>Alerts</label>
    <priority>27</priority>
    <helpText>The alerts at the right edge of the screen tell you about issue that need your attention.\n\nKeep an eye on the alerts.</helpText>
    <highlightTags>
      <li>Alerts</li>
    </highlightTags>
  </ConceptDef>

  <ConceptDef>
    <defName>Mining</defName>
    <label>Mining</label>
    <priority>25</priority>
    <helpText>You can designate where to mine by opening the ARCHITECT menu and selecting the ORDERS tab.\n\nSome mineable blocks yield STEEL, GOLD, PLASTEEL, and other useful materials.</helpText>
    <highlightTags>
      <li>MainTab-Architect-Closed</li>
      <li>DesignationCategoryButton-Orders-Closed</li>
      <li>Designator-Mine</li>
    </highlightTags>
  </ConceptDef>
  
  <ConceptDef>
    <defName>WorkTab</defName>
    <label>Work settings</label>
    <priority>20</priority>
    <helpText>You can set each colonist's work settings in the WORK tab at the bottom left of the screen.\n\nThey will always do the highest priority work that they can find.\n\nIf nobody has a certain work type assigned, or if they are busy with higher-priority tasks, it will never get done.</helpText>
    <highlightTags>
      <li>MainTab-Work-Closed</li>
    </highlightTags>
  </ConceptDef>

  <ConceptDef>
    <defName>ForbiddingDoors</defName>
    <label>Forbidding doors</label>
    <priority>15</priority>
    <helpText>You can FORBID doors so colonists and tame animals won't go through them.\n\nNote that this isn't a door lock. Doors are always locked, so enemies can't pass freely. Forbidding just directs your colonists not to use the door. Colonists who are going crazy might use the door anyway.</helpText>
    <highlightTags>
      <li>ToggleForbidden-Door</li>
    </highlightTags>
  </ConceptDef>

  <ConceptDef>
    <defName>CoverAndShooting</defName>
    <label>Cover and shooting</label>
    <priority>13</priority>
    <helpText>The most important thing to do in ranged combat is to use cover.\n\nCover only works if your colonist is touching it, and it is between your colonist and the enemy.\n\nYou can also place colonists behind wall corners. They will lean out to shoot.\n\nMost things can be used as cover, but some things are better than others. Hiding behind a tree is better than nothing, but hiding behind sandbags is better than using a tree.</helpText>
  </ConceptDef>

	<ConceptDef>
		<defName>FormCaravan</defName>
		<label>Forming caravans</label>
		<priority>11</priority>
		<helpText>You can form a caravan to send groups of people traveling across the planet!\n\nIn the WORLD tab, select your home base and click the "form caravan" button.</helpText>
		<highlightTags>
			<li>MainTab-World-Closed</li>
			<li>FormCaravan</li>
			<li>ReformCaravan</li>
		</highlightTags>
	</ConceptDef>

	<ConceptDef>
    <defName>AnimalTaming</defName>
    <label>Animal taming</label>
    <priority>10.1</priority>
    <helpText>You can assign colonists to tame a wild animal with the TAME designator.\n\nColonists will offer the animal food and attempt to tame it.\n\nBeware: some animals can respond violently to failed taming attempts.</helpText>
    <highlightTags>
      <li>MainTab-Architect-Closed</li>
      <li>DesignationCategoryButton-Orders-Closed</li>
      <li>Designator-Tame</li>
    </highlightTags>
  </ConceptDef>
  
  <ConceptDef>
    <defName>AnimalTraining</defName>
    <label>Animal training</label>
    <priority>10</priority>
    <helpText>You can assign a tame animal to be trained in specific skills on its TRAINING tab.\n\nAnimals can't be trained continuously; they need time between training sessions.</helpText>
    <highlightTags>
      <li>ITab-Training-Closed</li>
    </highlightTags>
  </ConceptDef>
  
  <ConceptDef>
    <defName>InfoCard</defName>
    <label>Info card</label>
    <priority>9</priority>
    <helpText>The info card shows you detailed statistics about any item, person, or construction.\n\nSelect a person or item and open their info card with the 'i' button on the inspect pane.</helpText>
    <highlightTags>
      <li>InfoCard</li>
    </highlightTags>
  </ConceptDef>

  <ConceptDef>
    <defName>StorageTab</defName>
    <label>Storage tab</label>
    <priority>7</priority>
    <helpText>You can configure stockpiles and storage buildings by selecting them and opening the STORAGE TAB above the bottom-left inspector pane.\n\nIn the storage tab of a stockpile, you can expand categories to allow or deny specific items. Click the triangles to the left of category names.\n\nYou can change the PRIORITY of storage. Colonists will fill higher-priority storage first, and move items from lower to higher priority.</helpText>
    <highlightTags>
      <li>ITab-Storage-Closed</li>
    </highlightTags>
  </ConceptDef>

  <ConceptDef>
    <defName>HomeArea</defName>
    <label>Home area</label>
    <priority>7</priority>
    <helpText>The HOME AREA tells your colonists which area to clean and where to extinguish fires.\n\nDefine the HOME AREA with the Zones category under the Architect menu.</helpText>
    <highlightTags>
      <li>MainTab-Architect-Closed</li>
      <li>DesignationCategoryButton-Zone-Closed</li>
      <li>Designator-AreaHomeExpand</li>
    </highlightTags>
  </ConceptDef>

  <ConceptDef>
    <defName>SpoilageAndFreezers</defName>
    <label>Spoilage and freezers</label>
    <priority>6.5</priority>
    <helpText>Most foodstuffs will spoil after a relatively short time.\n\nTo prevent this, you can build a walk-in freezer.\n\nTo build a freezer, construct a closed room, and put one or two coolers into the wall. Set the coolers to a negative target temperature.\n\nFrozen foods won't ever spoil.</helpText>
  </ConceptDef>

  <ConceptDef>
    <defName>Deterioration</defName>
    <label>Item deterioration</label>
    <priority>6</priority>
    <helpText>Items left outdoors will slowly deteriorate.\n\nIf you want to store items long-term, keep them under a roof.</helpText>
  </ConceptDef>
  
  <ConceptDef>
    <defName>HostilityResponse</defName>
    <label>Hostility response modes</label>
    <priority>5</priority>
    <helpText>You can configure how colonists should automatically respond to threats like predatory animals.\n\nChoose from FLEE, ATTACK, and IGNORE modes in the ASSIGN menu.</helpText>
    <highlightTags>
      <li>HostilityResponse</li>
    </highlightTags>
  </ConceptDef>

  <ConceptDef>
    <defName>AllowedAreas</defName>
    <label>Allowed areas</label>
    <priority>4.5</priority>
    <helpText>Colonists and colony animals can be assigned to ALLOWED AREAS. This forbids them from taking destinations outside their allowed area.\n\nThis can be used to, for example, forbid colonists from going outside.\n\nYou can create multiple allowed areas and assign them to different colonists and animals.\n\nCreate, delete, and assign allowed areas in the RESTRICT tab.\n\nPaint allowed areas onto the map using the EXPAND ALLOWED AREA and CLEAR ALLOWED AREA designators in the Architect tab.</helpText>
    <highlightTags>
      <li>MainTab-Architect-Closed</li>
      <li>MainTab-Restrict-Closed</li>
      <li>DesignationCategoryButton-Zone-Closed</li>
      <li>Designator-AreaAllowedExpand</li>
      <li>Designator-AreaAllowedClear</li>
    </highlightTags>
  </ConceptDef>

  <ConceptDef>
    <defName>MedicalOperations</defName>
    <label>Medical operations</label>
    <priority>4</priority>
    <helpText>To assign a medical operation, like organ harvesting or prosthetics installation, open a colonist's HEALTH tab, then switch to the OPERATIONS sub-tab.</helpText>
  </ConceptDef>

  <ConceptDef>
    <defName>TimeAssignments</defName>
    <label>Time assignments</label>
    <priority>3</priority>
    <helpText>You can modify what time of day colonists should do different activities using the RESTRICT tab.</helpText>
    <highlightTags>
      <li>MainTab-Restrict-Closed</li>
    </highlightTags>
  </ConceptDef>

  <ConceptDef>
    <defName>ManualWorkPriorities</defName>
    <label>Manual work priorities</label>
    <priority>2.75</priority>
    <helpText>One of the most important parts of RimWorld is choosing good work settings for your colonists.\n\nPoor work settings can leave essential work unfinished for a long time while colonists waste time on unimportant tasks.\n\nTo give more control over what work colonists do, you can use the Manual Priorities mode in the WORK tab.\n\nIn this mode, each colonist has a priority number for each work type. Colonists will do priority 1 work from left to right, then priority 2 work from left to right, and so on.\n\nIntelligent use of these setting is essential for a large, well-automated colony.</helpText>
    <highlightTags>
      <li>MainTab-Work-Closed</li>
      <li>ManualPriorities-Off</li>
    </highlightTags>
  </ConceptDef>
  
  <ConceptDef>
    <defName>GettingMoreTraders</defName>
    <label>Getting more traders</label>
    <priority>2.5</priority>
    <helpText>More trader caravans will come to visit you if you're allied with more factions.\n\nIf you have no allies, no caravans will ever visit!\n\nYou can also pay allies to send trade caravans by calling them on the comms console.</helpText>
  </ConceptDef>

  <ConceptDef>
    <defName>InspectRoomStats</defName>
    <label>Room stats inspector</label>
    <priority>2</priority>
    <helpText>You can inspect the impressiveness, wealth, and beauty of individual rooms using the ROOM STATS INSPECT toggle in the bottom right.</helpText>
    <highlightTags>
      <li>InspectRoomStats</li>
    </highlightTags>
  </ConceptDef>

  <ConceptDef>
    <defName>Outfits</defName>
    <label>Outfits</label>
    <priority>2</priority>
    <helpText>Colonists will automatically try to wear the newest, highest-quality apparel they can.\n\nYou don't need to manually assign each piece of apparel to colonists (though you can, if you wish).\n\nTo assign colonists restrictions on how to dress, open the ASSIGN tab, use the "Manage outfits" dialog box to design a new outfit, and then assign the outfit to colonists.</helpText>
    <highlightTags>
      <li>MainTab-Assign-Closed</li>
      <li>ManageOutfits</li>
    </highlightTags>
  </ConceptDef>

  <ConceptDef>
    <defName>FirePreparation</defName>
    <label>Fire preparation</label>
    <priority>2</priority>
    <helpText>Fires can easily burn down a colony. To defeat them, you must prepare before they happen.
\nThese design elements can help reduce the damage from fires:
\n1. Instead of constructing one super-building, build separate buildings with spaces in between.
\n2. Use less flammable materials. Wood is cheap and fast - but very flammable.
\n3. Build firebreaks to stop wildfires approaching your base. A strip of concrete floor 3 or 4 cells wide will generally stop an advancing fire.</helpText>
  </ConceptDef>

  <ConceptDef>
    <defName>HistoryTab</defName>
    <label>History tab</label>
    <priority>1</priority>
    <helpText>You can see a record of your colony's fortunes over time in the HISTORY tab at the bottom of the screen.</helpText>
    <highlightTags>
      <li>MainTab-History-Closed</li>
    </highlightTags>
  </ConceptDef>

  <ConceptDef>
    <defName>ClickingMessages</defName>
    <label>Clicking messages</label>
    <priority>1</priority>
    <helpText>You can click on the notifications in the top-left of the screen to instantly center the camera on their subject.</helpText>
    <highlightTags>
      <li>Messages</li>
    </highlightTags>
  </ConceptDef>

  <ConceptDef>
    <defName>ShotAccuracyTooltip</defName>
    <label>Shot accuracy tooltip</label>
    <priority>1</priority>
    <helpText>You can see the exact calculations behind the accuracy of any shot.\n\nTo do so, select the shooter, then rest the mouse over the target. The tooltip will show the chance to hit, and a breakdown of the contribution of various to-hit chance multipliers.</helpText>
  </ConceptDef>

  <ConceptDef>
    <defName>FriendlyFireSafety</defName>
    <label>Friendly fire safety</label>
    <priority>1</priority>
    <helpText>Friendly fire never occurs if the shooter is close to their ally.\n\nFor example, you can safely put a sword-wielding colonist directly in front of a gun-wielding one. The shooter will fire over his friend's shoulder.\n\nThis is a good way to combine ranged and melee fighters.</helpText>
  </ConceptDef>

</Defs>
