﻿<?xml version="1.0" encoding="utf-8" ?>
<Defs>

  <InstructionDef>
    <defName>CreateWorldParams</defName>
    <text>Welcome to RimWorld! This tutorial will teach you how to play the game.\n\nThe first step is to generate a world to play in.\n\nThis page configures how your world should be generated.\n\nThe default settings here are good - go ahead and click GENERATE!</text>
    <eventTagInitiate>PageStart-CreateWorldParams</eventTagInitiate>
    <actionTagsAllowed>
      <li>GotoPrevPage</li>
      <li>GotoNextPage</li>
    </actionTagsAllowed>
    <eventTagsEnd>
      <li>PageClosed</li>
    </eventTagsEnd>
    <highlightTags>
      <li>NextPage</li>
    </highlightTags>
    <startCentered>true</startCentered>
  </InstructionDef>

  <InstructionDef>
    <defName>ChooseLandingSite</defName>
    <text>Here, you choose your landing site.\n\nThere are lots of biomes, but for now, let's start with a friendly one.\n\nClick a landing site with temperate forest biome and flat terrain, and click NEXT.\n\nYou can use the TERRAIN tab to view information about the selected tile.</text>
    <eventTagInitiate>PageStart-SelectLandingSite</eventTagInitiate>
    <actionTagsAllowed>
      <li>GotoPrevPage</li>
      <li>ChooseBiome-TemperateForest-Flat</li>
      <li>ITab-Planet-Open</li>
      <li>ITab-Terrain-Open</li>
      <li>GotoNextPage</li>
    </actionTagsAllowed>
    <eventTagsEnd>
      <li>PageClosed</li>
    </eventTagsEnd>
    <rejectInputMessage>Please choose a temperate forest landing site with flat terrain.</rejectInputMessage>
  </InstructionDef>

  <InstructionDef>
    <defName>ReorderCharacters</defName>
    <text>Now you can choose characters!\n\nClick in the left area to select from available characters. If you find a character you like, drag them into the top section with the SELECTED label.</text>
    <eventTagInitiate>PageStart-ConfigureStartingPawns</eventTagInitiate>
    <actionTagsAllowed>
      <li>GotoPrevPage</li>
      <li>ReorderPawn</li>
    </actionTagsAllowed>
    <eventTagsEnd>
      <li>ReorderPawn</li>
    </eventTagsEnd>
    <highlightTags>
      <li>ReorderPawn</li>
    </highlightTags>
    <rejectInputMessage>Please try choosing a character first.</rejectInputMessage>
  </InstructionDef>
  
  <InstructionDef>
    <defName>RandomizeCharacter</defName>
    <text>If you don't like a character, you can regenerate it!\n\nTry randomizing a character with the RANDOMIZE button.</text>
    <eventTagInitiate>ReorderPawn</eventTagInitiate>
    <eventTagInitiateSource>ReorderCharacters</eventTagInitiateSource>
    <actionTagsAllowed>
      <li>GotoPrevPage</li>
      <li>ReorderPawn</li>
      <li>RandomizePawn</li>
    </actionTagsAllowed>
    <eventTagsEnd>
      <li>RandomizePawn</li>
    </eventTagsEnd>
    <highlightTags>
      <li>RandomizePawn</li>
    </highlightTags>
    <rejectInputMessage>Please try randomizing a character first.</rejectInputMessage>
  </InstructionDef>

  <InstructionDef>
    <defName>AcceptStartingPawns</defName>
    <text>Great!\n\nReorder and randomize more if you want - but don't try to get the perfect characters. Everyone has flaws, and it makes the story more interesting!\n\nYou can also re-name the characters by clicking on their names.\n\nClick START when you're ready.</text>
    <eventTagInitiate>RandomizePawn</eventTagInitiate>
    <actionTagsAllowed>
      <li>GotoPrevPage</li>
      <li>ReorderPawn</li>
      <li>RandomizePawn</li>
      <li>GotoNextPage</li>
    </actionTagsAllowed>
    <eventTagsEnd>
      <li>PageClosed</li>
    </eventTagsEnd>
    <highlightTags>
      <li>NextPage</li>
    </highlightTags>
  </InstructionDef>

  <InstructionDef>
    <defName>MapCameraDolly</defName>
    <text>Here you are on the surface!\n\nNow try moving the camera around.\n\nUse the {Key:MapDollyUp}-{Key:MapDollyLeft}-{Key:MapDollyDown}-{Key:MapDollyRight} keys, or click and drag with the middle mouse button.\n\nTry it now!</text>
    <eventTagInitiate>GameStartDialogClosed</eventTagInitiate>
    <instructionClass>Instruction_LearnConcept</instructionClass>
    <concept>CameraDolly</concept>
  </InstructionDef>

  <InstructionDef>
    <defName>MapCameraZoom</defName>
    <text>Great!\n\nYou can also zoom in and out with the mouse wheel, or the {Key:MapZoomIn} and {Key:MapZoomOut} keys.\n\nTry it now!</text>
    <instructionClass>Instruction_LearnConcept</instructionClass>
    <eventTagInitiate>InstructionDeactivated-MapCameraDolly</eventTagInitiate>
    <concept>CameraZoom</concept>
  </InstructionDef>

  <InstructionDef>
    <defName>Pause</defName>
    <text>You can pause time.\n\nThis means you never need to rush. You can always pause and take your time to issue orders.\n\nTry pausing with the {Key:TogglePause} key, or by using the time controls in the bottom right.</text>
    <instructionClass>Instruction_LearnConcept</instructionClass>
    <eventTagInitiate>InstructionDeactivated-MapCameraZoom</eventTagInitiate>
    <concept>Pause</concept>
    <highlightTags>
      <li>TimeControls</li>
    </highlightTags>
  </InstructionDef>
  
  <InstructionDef>
    <defName>TimeControls</defName>
    <text>You can also speed up time.\n\nTry controlling time with the {Key:TimeSpeedNormal}, {Key:TimeSpeedFast}, and {Key:TimeSpeedSuperfast} keys, or with the time controls in the bottom right.</text>
    <instructionClass>Instruction_LearnConcept</instructionClass>
    <eventTagInitiate>InstructionDeactivated-Pause</eventTagInitiate>
    <concept>TimeControls</concept>
    <highlightTags>
      <li>TimeControls</li>
    </highlightTags>
  </InstructionDef>

  <InstructionDef>
    <defName>MakeStockpile</defName>
    <text>Great!\n\nNow, make a stockpile so your colonists know where to keep items.\n\n1. Click ARCHITECT tab in the bottom left.\n2. Click the ZONE/AREA category.\n3. Select the CREATE STOCKPILE tool.\n4. Click and drag out a square as indicated on the map.</text>
    <instructionClass>Instruction_PlaceStockpile</instructionClass>
    <eventTagInitiate>InstructionDeactivated-TimeControls</eventTagInitiate>
    <actionTagsAllowed>
      <li>MainTab-Architect-Open</li>
      <li>SelectDesignator-ZoneAddStockpile_Resources</li>
      <li>Designate-ZoneAddStockpile_Resources</li>
    </actionTagsAllowed>
    <eventTagsEnd>
      <li>Designate-ZoneAddStockpile_Resources</li>
    </eventTagsEnd>
    <rejectInputMessage>Please make a stockpile on the indicated area.</rejectInputMessage>
    <highlightTags>
      <li>MainTab-Architect-Closed</li>
      <li>DesignationCategoryButton-Zone-Closed</li>
      <li>Designator-ZoneAddStockpile_Resources</li>
    </highlightTags>
    <onMapInstruction>Place stockpile here\n(drag corner-to-corner)</onMapInstruction>
  </InstructionDef>

  <InstructionDef>
    <defName>EndStockpileDesignating</defName>
    <text>Right-click to get out of stockpile designating mode.</text>
    <eventTagInitiate>InstructionDeactivated-MakeStockpile</eventTagInitiate>
    <eventTagsEnd>
      <li>ClearDesignatorSelection</li>
    </eventTagsEnd>
  </InstructionDef>
  
  <InstructionDef>
    <defName>UnforbidStartingResources</defName>
    <text>Now, to allow your colonists to bring your items to the stockpile, you must unforbid the items.\n\n1. Clicking your starting items to select them.\n2. Click the TOGGLE FORBIDDEN command to unforbid them.\n\n(Pro tip: Double-click an item to select all on screen of the same type.)</text>
    <instructionClass>Instruction_UnforbidStartingResources</instructionClass>
    <eventTagInitiate>InstructionDeactivated-EndStockpileDesignating</eventTagInitiate>
    <actionTagsAllowed>
      <li>ToggleForbidden</li>
    </actionTagsAllowed>
    <rejectInputMessage>Please unforbid your starting items.</rejectInputMessage>
    <highlightTags>
      <li>ToggleForbidden</li>
    </highlightTags>
    <onMapInstruction>Unforbid this</onMapInstruction>
  </InstructionDef>

  <InstructionDef>
    <defName>BuildRoomWalls</defName>
    <text>Awesome! Next, we'll build a room.\n\n1. Click ARCHITECT.\n2. Click STRUCTURE.\n3. Select WALL.\n4. Select WOOD as the material.\n5. Drag out four walls to form the shape indicated on the map.</text>
    <instructionClass>Instruction_BuildRoomWalls</instructionClass>
    <eventTagInitiate>InstructionDeactivated-UnforbidStartingResources</eventTagInitiate>
    <actionTagsAllowed>
      <li>MainTab-Architect-Open</li>
      <li>SelectDesignator-Wall</li>
      <li>SelectStuff-Wall-WoodLog</li>
      <li>Designate-Wall</li>
    </actionTagsAllowed>
    <highlightTags>
      <li>MainTab-Architect-Closed</li>
      <li>DesignationCategoryButton-Structure-Closed</li>
      <li>Designator-Build-Wall</li>
      <li>SelectStuff-Wall-WoodLog</li>
    </highlightTags>
    <rejectInputMessage>Please build wooden walls along the edges of the highlighted rectangle.</rejectInputMessage>
    <onMapInstruction>Build walls</onMapInstruction>
    <resetBuildDesignatorStuffs>true</resetBuildDesignatorStuffs>
  </InstructionDef>

  <InstructionDef>
    <defName>BuildRoomDoor</defName>
    <text>Now just place a DOOR over any one of the room walls.\n\nDOOR is right beside WALL in the ARCHITECT menu.</text>
    <instructionClass>Instruction_BuildRoomDoor</instructionClass>
    <eventTagInitiate>InstructionDeactivated-BuildRoomWalls</eventTagInitiate>
    <actionTagsAllowed>
      <li>MainTab-Architect-Open</li>
      <li>SelectDesignator-Door</li>
      <li>SelectStuff-Door-WoodLog</li>
      <li>Designate-Door</li>
    </actionTagsAllowed>
    <highlightTags>
      <li>MainTab-Architect-Closed</li>
      <li>DesignationCategoryButton-Structure-Closed</li>
      <li>Designator-Build-Door</li>
      <li>SelectStuff-Door-WoodLog</li>
    </highlightTags>
    <onMapInstruction>Build a door over one wall</onMapInstruction>
    <rejectInputMessage>Please build a wooden door over one of your room walls.</rejectInputMessage>
    <resetBuildDesignatorStuffs>true</resetBuildDesignatorStuffs>
  </InstructionDef>

  <InstructionDef>
    <defName>BuildBeds</defName>
    <text>Your colonists will now build the room!\n\nNow they need somewhere to sleep. Place three BEDS inside the room.\n\nFind them in the FURNITURE category.\n\nYou can use the {Key:DesignatorRotateLeft} and {Key:DesignatorRotateRight} keys to rotate the building.</text>
    <instructionClass>Instruction_BuildInRoom</instructionClass>
    <eventTagInitiate>InstructionDeactivated-BuildRoomDoor</eventTagInitiate>
    <actionTagsAllowed>
      <li>MainTab-Architect-Open</li>
      <li>SelectDesignator-Bed</li>
      <li>SelectStuff-Bed-WoodLog</li>
      <li>Designate-Bed</li>
    </actionTagsAllowed>
    <highlightTags>
      <li>MainTab-Architect-Closed</li>
      <li>DesignationCategoryButton-Furniture-Closed</li>
      <li>Designator-Build-Bed</li>
      <li>SelectStuff-Bed-WoodLog</li>
    </highlightTags>
    <thingDef>Bed</thingDef>
    <targetCount>3</targetCount>
    <onMapInstruction>Build three beds inside the room</onMapInstruction>
    <rejectInputMessage>Please build wooden beds inside the room.</rejectInputMessage>
    <resetBuildDesignatorStuffs>true</resetBuildDesignatorStuffs>
  </InstructionDef>

  <InstructionDef>
    <defName>BuildTorchLamp</defName>
    <text>You'll also want some light inside, or your colonists will get grumpy in the dark.\n\nBuild a TORCH LAMP inside the room.</text>
    <instructionClass>Instruction_BuildInRoom</instructionClass>
    <eventTagInitiate>InstructionDeactivated-BuildBeds</eventTagInitiate>
    <actionTagsAllowed>
      <li>MainTab-Architect-Open</li>
      <li>SelectDesignator-TorchLamp</li>
      <li>Designate-TorchLamp</li>
    </actionTagsAllowed>
    <highlightTags>
      <li>MainTab-Architect-Closed</li>
      <li>DesignationCategoryButton-Furniture-Closed</li>
      <li>Designator-Build-TorchLamp</li>
    </highlightTags>
    <thingDef>TorchLamp</thingDef>
    <targetCount>1</targetCount>
    <onMapInstruction>Build a torch lamp inside the room</onMapInstruction>
    <rejectInputMessage>Please build a torch lamp inside the room.</rejectInputMessage>
  </InstructionDef>

  <InstructionDef>
    <defName>BuildAnimalSleepingSpot</defName>
    <text>So your pet will sleep inside with you, place an ANIMAL SLEEPING SPOT inside the room.\n\nSleeping spots aren't real buildings - they're just spots on the ground designated for a sleeping.</text>
    <instructionClass>Instruction_BuildInRoom</instructionClass>
    <eventTagInitiate>InstructionDeactivated-BuildTorchLamp</eventTagInitiate>
    <actionTagsAllowed>
      <li>MainTab-Architect-Open</li>
      <li>SelectDesignator-AnimalSleepingSpot</li>
      <li>Designate-AnimalSleepingSpot</li>
    </actionTagsAllowed>
    <highlightTags>
      <li>MainTab-Architect-Closed</li>
      <li>DesignationCategoryButton-Furniture-Closed</li>
      <li>Designator-Build-AnimalSleepingSpot</li>
    </highlightTags>
    <thingDef>AnimalSleepingSpot</thingDef>
    <targetCount>1</targetCount>
    <onMapInstruction>Build an animal sleeping spot\ninside the room</onMapInstruction>
    <rejectInputMessage>Please place an animal sleeping spot inside the room.</rejectInputMessage>
  </InstructionDef>

  <InstructionDef>
    <defName>BuildHorseshoesPin</defName>
    <text>Your colonists need sources of joy or they'll get sad over time.\n\nBuild a HORSESHOES pin outside, near the room.</text>
    <instructionClass>Instruction_BuildNearRoom</instructionClass>
    <eventTagInitiate>InstructionDeactivated-BuildAnimalSleepingSpot</eventTagInitiate>
    <actionTagsAllowed>
      <li>MainTab-Architect-Open</li>
      <li>SelectDesignator-HorseshoesPin</li>
      <li>SelectStuff-HorseshoesPin-WoodLog</li>
      <li>SelectStuff-HorseshoesPin-Steel</li>
      <li>Designate-HorseshoesPin</li>
    </actionTagsAllowed>
    <highlightTags>
      <li>MainTab-Architect-Closed</li>
      <li>DesignationCategoryButton-Joy-Closed</li>
      <li>Designator-Build-HorseshoesPin</li>
      <li>SelectStuff-HorseshoesPin-WoodLog</li>
      <li>SelectStuff-HorseshoesPin-Steel</li>
    </highlightTags>
    <thingDef>HorseshoesPin</thingDef>
    <targetCount>1</targetCount>
    <onMapInstruction>Build a horseshoes pin\noutside the room</onMapInstruction>
    <rejectInputMessage>Please place a horseshoes pin somewhere near the room.</rejectInputMessage>
  </InstructionDef>
  
  <InstructionDef>
    <defName>MakeGrowingZone</defName>
    <text>The house is being built!\n\nYour colonists will need something to eat, so place a GROWING ZONE as indicated on the map.\n\nThis is where your colonists will sow crops.</text>
    <instructionClass>Instruction_PlaceGrowingZone</instructionClass>
    <eventTagInitiate>InstructionDeactivated-BuildHorseshoesPin</eventTagInitiate>
    <actionTagsAllowed>
      <li>MainTab-Architect-Open</li>
      <li>SelectDesignator-ZoneAdd_Growing</li>
      <li>Designate-ZoneAdd_Growing</li>
    </actionTagsAllowed>
    <eventTagsEnd>
      <li>Designate-ZoneAdd_Growing</li>
    </eventTagsEnd>
    <rejectInputMessage>Please make a growing zone on the indicated area.</rejectInputMessage>
    <highlightTags>
      <li>MainTab-Architect-Closed</li>
      <li>DesignationCategoryButton-Zone-Closed</li>
      <li>Designator-ZoneAdd_Growing</li>
    </highlightTags>
    <onMapInstruction>Place growing zone here\n(drag corner-to-corner)</onMapInstruction>
  </InstructionDef>

  <InstructionDef>
    <defName>SetToGrowRice</defName>
    <text>You can decide what plant your colonists should sow in a growing zone.\n\n1. Right-click to exit architect mode.\n2. Click your growing zone to select it.\n3. Click the "Select plant" command at the bottom and change it to Rice.</text>
    <instructionClass>Instruction_SetGrowingZonePlant</instructionClass>
    <eventTagInitiate>InstructionDeactivated-MakeGrowingZone</eventTagInitiate>
    <actionTagsAllowed>
      <li>GrowingZoneSetPlant</li>
      <li>GrowingZoneSetPlant-PlantRice</li>
    </actionTagsAllowed>
    <eventTagsEnd>
      <li>GrowingZoneSetPlant-PlantRice</li>
    </eventTagsEnd>
    <highlightTags>
      <li>GrowingZoneSetPlant</li>
    </highlightTags>
    <rejectInputMessage>Please set your growing zone to grow rice.</rejectInputMessage>
    <onMapInstruction>Set this growing zone to grow rice</onMapInstruction>
  </InstructionDef>

  <InstructionDef>
    <defName>EquipWeapons</defName>
    <text>Have your colonists equip the starting weapons. To equip a weapon:\n\n1. Click a colonist to select them.\n2. Right-click the weapon you want to equip.\n3. Click 'equip weapon' on the context menu.\n\nDo this for each colonist.</text>
    <instructionClass>Instruction_EquipWeapons</instructionClass>
    <eventTagInitiate>InstructionDeactivated-SetToGrowRice</eventTagInitiate>
    <rejectInputMessage>Please have your colonists equip weapons.</rejectInputMessage>
    <onMapInstruction>Equip this</onMapInstruction>
  </InstructionDef>

  <InstructionDef>
    <defName>BuildFueledStove</defName>
    <text>Excellent!\n\nNow you'll need to make a stove to cook food.\n\nBuild a FUELED STOVE inside the room.</text>
    <instructionClass>Instruction_BuildInRoom</instructionClass>
    <eventTagInitiate>InstructionDeactivated-EquipWeapons</eventTagInitiate>
    <actionTagsAllowed>
      <li>MainTab-Architect-Open</li>
      <li>SelectDesignator-FueledStove</li>
      <li>Designate-FueledStove</li>
    </actionTagsAllowed>
    <highlightTags>
      <li>MainTab-Architect-Closed</li>
      <li>DesignationCategoryButton-Production-Closed</li>
      <li>Designator-Build-FueledStove</li>
    </highlightTags>
    <thingDef>FueledStove</thingDef>
    <targetCount>1</targetCount>
    <onMapInstruction>Build a fueled stove inside the room</onMapInstruction>
    <rejectInputMessage>Please build the fueled stove inside the room you built earlier.</rejectInputMessage>
  </InstructionDef>

  <InstructionDef>
    <defName>AddBillSimpleMeal</defName>
    <text>Colonists need to be told what to cook.\n\nCooking orders are added on the stove itself. Once a bill has been created, colonists will do the work automatically.\n\n1. Wait for the stove to be built.\n2. Click the stove to select it.\n3. Open the BILLS tab.\n4. Click ADD BILL.\n5. Select COOK SIMPLE MEAL on the context menu.\n6. Click the + button to increase the count to 10.\n\nRemember, you can speed up time if building is taking too long.\n\nYou can also select a colonist and right-click the stove to prioritize building it.</text>
    <instructionClass>Instruction_AddBill</instructionClass>
    <eventTagInitiate>InstructionDeactivated-BuildFueledStove</eventTagInitiate>
    <actionTagsAllowed>
      <li>ITab-Bills-Open</li>
      <li>MainTab-Work-Open</li>
    </actionTagsAllowed>
    <highlightTags>
      <li>ITab-Bills-Closed</li>
    </highlightTags>
    <rejectInputMessage>Please add a bill to cook simple meals at your cook stove.</rejectInputMessage>
    <onMapInstruction>Select this</onMapInstruction>
    <thingDef>FueledStove</thingDef>
    <recipeDef>CookMealSimple</recipeDef>
    <recipeTargetCount>10</recipeTargetCount>
    <giveOnActivateDef>RawPotatoes</giveOnActivateDef>
    <giveOnActivateCount>75</giveOnActivateCount>
  </InstructionDef>
  
  <InstructionDef>
    <defName>MineSteel</defName>
    <text>Now your colonists will cook some food! Tasty!\n\nNext, you'll want to mine some minerals. I've spawned some mineable steel near your base.\n\nSelect the MINE designator and drag over the steel to designate it for mining.</text>
    <instructionClass>Instruction_MineSteel</instructionClass>
    <eventTagInitiate>InstructionDeactivated-AddBillSimpleMeal</eventTagInitiate>
    <actionTagsAllowed>
      <li>MainTab-Architect-Open</li>
      <li>SelectDesignator-Mine</li>
      <li>Designate-Mine</li>
    </actionTagsAllowed>
    <highlightTags>
      <li>MainTab-Architect-Closed</li>
      <li>DesignationCategoryButton-Orders-Closed</li>
      <li>Designator-Mine</li>
    </highlightTags>
    <rejectInputMessage>Please use the 'mine' designator on the compacted steel.</rejectInputMessage>
    <onMapInstruction>Designate all this\nfor mining</onMapInstruction>
  </InstructionDef>

  <InstructionDef>
    <defName>ChopTrees</defName>
    <text>You'll want to harvest some wood. Designate some trees to be chopped.\n\nSelect the CHOP WOOD designator and designate 10 trees to be chopped down.\n\n(Pro tip: You can drag a box over trees to designate several at once.)</text>
    <instructionClass>Instruction_ChopWood</instructionClass>
    <eventTagInitiate>InstructionDeactivated-MineSteel</eventTagInitiate>
    <actionTagsAllowed>
      <li>MainTab-Architect-Open</li>
      <li>SelectDesignator-PlantsHarvestWood</li>
      <li>Designate-PlantsHarvestWood</li>
    </actionTagsAllowed>
    <highlightTags>
      <li>MainTab-Architect-Closed</li>
      <li>DesignationCategoryButton-Orders-Closed</li>
      <li>Designator-PlantsHarvestWood</li>
    </highlightTags>
    <rejectInputMessage>Please drag the 'chop wood' designator over some trees.</rejectInputMessage>
    <targetCount>10</targetCount>
  </InstructionDef>

  <InstructionDef>
    <defName>OpenMainTabWork</defName>
    <text>You can control which colonist does what kind of work.\n\nOpen the WORK tab at the bottom of the screen.</text>
    <eventTagInitiate>InstructionDeactivated-ChopTrees</eventTagInitiate>
    <actionTagsAllowed>
      <li>MainTab-Work-Open</li>
    </actionTagsAllowed>
    <highlightTags>
      <li>MainTab-Work-Closed</li>
    </highlightTags>
    <eventTagsEnd>
      <li>Open-MainTab-Work</li>
    </eventTagsEnd>
    <rejectInputMessage>Please open the 'Work' tab.</rejectInputMessage>
  </InstructionDef>

  <InstructionDef>
    <defName>ChangeWorkSettings</defName>
    <text>You can control who does what kinds of work using the checkboxes. Colonists will do tasks in order, from left to right.\n\nTry changing some settings now.\n\nBeware - Colonists always follow their work priorities, even if this makes them do dumb things! Setting up a smart work regime is a key skill for success in RimWorld. So set the work settings carefully, and review them often!</text>
    <eventTagInitiate>InstructionDeactivated-OpenMainTabWork</eventTagInitiate>
    <instructionClass>Instruction_LearnConcept</instructionClass>
    <concept>WorkTab</concept>
    <actionTagsAllowed>
      <li>MainTab-Work-Open</li>
    </actionTagsAllowed>
    <highlightTags>
      <li>MainTab-Work-Closed</li>
    </highlightTags>
    <rejectInputMessage>Please open the 'Work' tab and change some settings.</rejectInputMessage>
  </InstructionDef>

  <InstructionDef>
    <defName>BuildSimpleResearchBench</defName>
    <text>To advance, you'll need to research new technologies.\n\nBuild a wooden SIMPLE RESEARCH BENCH inside your room.</text>
    <eventTagInitiate>InstructionDeactivated-ChangeWorkSettings</eventTagInitiate>
    <instructionClass>Instruction_BuildInRoom</instructionClass>
    <actionTagsAllowed>
      <li>MainTab-Work-Open</li>
      <li>MainTab-Architect-Open</li>
      <li>SelectDesignator-SimpleResearchBench</li>
      <li>SelectStuff-SimpleResearchBench-WoodLog</li>
      <li>Designate-SimpleResearchBench</li>
    </actionTagsAllowed>
    <highlightTags>
      <li>MainTab-Architect-Closed</li>
      <li>DesignationCategoryButton-Production-Closed</li>
      <li>Designator-Build-SimpleResearchBench</li>
      <li>SelectStuff-SimpleResearchBench-WoodLog</li>
    </highlightTags>
    <thingDef>SimpleResearchBench</thingDef>
    <targetCount>1</targetCount>
    <onMapInstruction>Build a wooden simple research bench\ninside the room</onMapInstruction>
    <rejectInputMessage>Please place a wooden simple research bench inside the room you built earlier.</rejectInputMessage>
    <resetBuildDesignatorStuffs>true</resetBuildDesignatorStuffs>
  </InstructionDef>

  <InstructionDef>
    <defName>OpenMainTabResearch</defName>
    <text>Excellent! Next, you'll want to select what you want to be researched.\n\nOpen the RESEARCH tab.</text>
    <eventTagInitiate>InstructionDeactivated-BuildSimpleResearchBench</eventTagInitiate>
    <actionTagsAllowed>
      <li>MainTab-Research-Open</li>
    </actionTagsAllowed>
    <highlightTags>
      <li>MainTab-Research-Closed</li>
    </highlightTags>
    <eventTagsEnd>
      <li>Open-MainTab-Research</li>
    </eventTagsEnd>
    <rejectInputMessage>Please open the 'Research' tab.</rejectInputMessage>
  </InstructionDef>

  <InstructionDef>
    <defName>SelectResearchProject</defName>
    <text>Now just choose whatever you want to be researched first.\n\nYou might have to wait for the research bench to be constructed, or for trees to be chopped for wood.\n\nIf it's taking too long, use the WORK tab to assign more colonists to Construct.</text>
    <eventTagInitiate>InstructionDeactivated-OpenMainTabResearch</eventTagInitiate>
    <actionTagsAllowed>
      <li>MainTab-Research-Open</li>
      <li>MainTab-Work-Open</li>
    </actionTagsAllowed>
    <highlightTags>
      <li>MainTab-Research-Closed</li>
    </highlightTags>
    <eventTagsEnd>
      <li>StartResearchProject</li>
    </eventTagsEnd>
    <rejectInputMessage>Please choose a research project.</rejectInputMessage>
  </InstructionDef>

  <InstructionDef>
    <defName>ExpandAreaHome</defName>
    <text>Next, you'll learn to expand the HOME AREA.\n\nColonists will clean floors and extinguish fires in the home area only, and ignore fires or filth outside of it.\n\nThe home area is added automatically when you build things - but you can also expand it manually.\n\nSelect the EXPAND HOME AREA tool and drag out a new area on the map.</text>
    <instructionClass>Instruction_ExpandAreaHome</instructionClass>
    <eventTagInitiate>InstructionDeactivated-SelectResearchProject</eventTagInitiate>
    <actionTagsAllowed>
      <li>MainTab-Architect-Open</li>
      <li>MainTab-Work-Open</li>
      <li>SelectDesignator-AreaHomeExpand</li>
      <li>Designate-AreaHomeExpand</li>
    </actionTagsAllowed>
    <highlightTags>
      <li>MainTab-Architect-Closed</li>
      <li>DesignationCategoryButton-Zone-Closed</li>
      <li>Designator-AreaHomeExpand</li>
    </highlightTags>
    <rejectInputMessage>Please expand the home area a bit, just for practice.</rejectInputMessage>
    <targetCount>30</targetCount>
  </InstructionDef>

  <InstructionDef>
    <defName>ExpandAreaBuildRoof</defName>
    <text>The BUILD ROOF AREA defines where your colonists will try to build roofs.\n\nIt auto-fills when you enclose a new room.\n\nSelect the EXPAND BUILD ROOF AREA tool and drag out the shape of a porch roof on the front of the house.</text>
    <instructionClass>Instruction_ExpandAreaBuildRoof</instructionClass>
    <eventTagInitiate>InstructionDeactivated-ExpandAreaHome</eventTagInitiate>
    <actionTagsAllowed>
      <li>MainTab-Architect-Open</li>
      <li>MainTab-Work-Open</li>
      <li>SelectDesignator-AreaBuildRoofExpand</li>
      <li>Designate-AreaBuildRoofExpand</li>
    </actionTagsAllowed>
    <highlightTags>
      <li>MainTab-Architect-Closed</li>
      <li>DesignationCategoryButton-Zone-Closed</li>
      <li>Designator-AreaBuildRoofExpand</li>
    </highlightTags>
    <rejectInputMessage>Please expand the build roof area a bit, just for practice.</rejectInputMessage>
    <targetCount>10</targetCount>
  </InstructionDef>

  <InstructionDef>
    <defName>BuildSandbags</defName>
    <text>Great! You've now got a basic colony running! Eventually, enemies will raid your colony. It's time to prepare for that.\n\nSelect the SANDBAGS designator and drag the sandbags out at the designated area.</text>
    <instructionClass>Instruction_BuildSandbags</instructionClass>
    <eventTagInitiate>InstructionDeactivated-ExpandAreaBuildRoof</eventTagInitiate>
    <actionTagsAllowed>
      <li>MainTab-Architect-Open</li>
      <li>MainTab-Work-Open</li>
      <li>SelectDesignator-Sandbags</li>
      <li>Designate-Sandbags</li>
    </actionTagsAllowed>
    <highlightTags>
      <li>MainTab-Architect-Closed</li>
      <li>DesignationCategoryButton-Security-Closed</li>
      <li>Designator-Build-Sandbags</li>
    </highlightTags>
    <rejectInputMessage>Please build sandbags in the highlighted area.</rejectInputMessage>
    <onMapInstruction>Build sandbags here</onMapInstruction>
  </InstructionDef>

  <InstructionDef>
    <defName>FinishSandbags</defName>
    <text>Let's just wait for all your constructions to be built.\n\nConsider using the WORK tab to assign more colonists to Construct.\n\nAlso, you can speed up time to shorten the wait.\n\nOnce everything's built, I'll send an attacker to test your defenses!</text>
    <instructionClass>Instruction_FinishConstruction</instructionClass>
    <eventTagInitiate>InstructionDeactivated-BuildSandbags</eventTagInitiate>
    <actionTagsAllowed>
      <li>MainTab-Work-Open</li>
			<li>ITab-Health-Open</li>
			<li>ITab-Gear-Open</li>
			<li>ITab-Needs-Open</li>
			<li>ITab-Social-Open</li>
			<li>ITab-Character-Open</li>
    </actionTagsAllowed>
    <rejectInputMessage>Please wait for your colonists to finish building the sandbags.</rejectInputMessage>
  </InstructionDef>

  <InstructionDef>
    <defName>DownRaider</defName>
    <text>I've now sent a raider to attack your colony!\n\n1. Pause the game by hitting {Key:TogglePause}!\n2. Read the red letter in the bottom-right of the screen.\n3. DRAFT your colonists by selecting them and hitting the DRAFT command.\n4. Right-click to them to positions inside the sandbag square, touching the sandbags.\n5. Unpause.\n\nColonists must be touching cover to benefit from it. Once you're in cover, wait for the attacker to approach. Your colonists will shoot automatically.</text>
    <eventTagInitiate>InstructionDeactivated-FinishSandbags</eventTagInitiate>
    <instructionClass>Instruction_DownRaider</instructionClass>
    <actionTagsAllowed>
      <li>Draft</li>
      <li>Undraft</li>
			<li>FireAtWillToggle</li>
			<li>VerbTarget</li>
			<li>ITab-Health-Open</li>
			<li>ITab-Gear-Open</li>
			<li>ITab-Needs-Open</li>
			<li>ITab-Social-Open</li>
			<li>ITab-Character-Open</li>
		</actionTagsAllowed>
    <highlightTags>
      <li>Draft</li>
    </highlightTags>
		<rejectInputMessage>Please focus on winning the fight!</rejectInputMessage>
		<onMapInstruction>Send colonists here\ntouching sandbags for cover</onMapInstruction>
  </InstructionDef>

  <InstructionDef>
    <defName>UndraftAll</defName>
    <text>Success! Now UNDRAFT all your colonists using the same command as before.\n\nThis will let them return to their own schedules.</text>
    <eventTagInitiate>InstructionDeactivated-DownRaider</eventTagInitiate>
    <instructionClass>Instruction_UndraftAll</instructionClass>
    <actionTagsAllowed>
      <li>Draft</li>
      <li>Undraft</li>
    </actionTagsAllowed>
    <highlightTags>
      <li>Undraft</li>
    </highlightTags>
		<rejectInputMessage>Please un-draft your colonists.</rejectInputMessage>
	</InstructionDef>

  <InstructionDef>
    <defName>ChooseStoryteller</defName>
    <text>This is the end of the tutorial!\n\nThere's still tons more to learn, including prisoners, hunting, trade, animal taming, and much more. But you've got the basics down.\n\nRandom incidents were disabled during this tutorial. To begin the real game:\n\n1. Open the MENU tab in the bottom-right.\n2. Select OPTIONS.\n3. Click CHOOSE STORYTELLER.\n4. Select a storyteller and difficulty level that appeals to you.\n\nGood luck, and have fun.</text>
    <eventTagInitiate>InstructionDeactivated-UndraftAll</eventTagInitiate>
    <actionTagsAllowed>
      <li>MainTab-Menu-Open</li>
      <li>ChooseStoryteller</li>
    </actionTagsAllowed>
    <highlightTags>
      <li>MainTab-Menu-Closed</li>
      <li>MenuButton-Options</li>
      <li>OptionsButton-ChooseStoryteller</li>
    </highlightTags>
    <eventTagsEnd>
      <li>ChooseStoryteller</li>
    </eventTagsEnd>
    <endTutorial>true</endTutorial>
    <rejectInputMessage>Please choose a storyteller in the Options menu to end the tutorial.</rejectInputMessage>
  </InstructionDef>

</Defs>
