<?xml version="1.0" encoding="utf-8" ?>
<Defs>

  <SitePartDef>
    <defName>Manhunters</defName>
    <label>manhunter pack</label>
    <description>A pack of manhunting animals.</description>
    <siteTexture>World/WorldObjects/Sites/GenericSite</siteTexture>
    <expandingIconTexture>World/WorldObjects/Expanding/Sites/Manhunters</expandingIconTexture>
    <knownDanger>true</knownDanger>
  </SitePartDef>

  <GenStepDef>
    <defName>Manhunters</defName>
    <linkWithSite>Manhunters</linkWithSite>
    <order>1600</order>
    <genStep Class="GenStep_ManhunterPack">
      <pointsRange><min>300</min><max>500</max></pointsRange>
    </genStep>
  </GenStepDef>

</Defs>