﻿<?xml version="1.0" encoding="utf-8" ?>
<Defs>

  <!-- torso for animals -->
  <BodyPartDef>
    <defName>Body</defName>
    <label>body</label>
    <hitPoints>40</hitPoints>
    <oldInjuryBaseChance>0.08</oldInjuryBaseChance>
    <skinCovered>true</skinCovered>
  </BodyPartDef>

  
  
  <BodyPartDef>
    <defName>Beak</defName>
    <label>beak</label>
    <hitPoints>20</hitPoints>
    <frostbiteVulnerability>1.5</frostbiteVulnerability>
    <oldInjuryBaseChance>0</oldInjuryBaseChance>
    <skinCovered>false</skinCovered>
    <isSolid>true</isSolid>
    <isAlive>false</isAlive>
    <bleedingRateMultiplier>0</bleedingRateMultiplier>
    <tags>
      <li>EatingSource</li>
      <li>TalkingSource</li>
      <li>ManipulationLimbCore</li>
    </tags>
  </BodyPartDef>
  
  <BodyPartDef>
    <defName>InsectHead</defName>
    <label>head</label>
    <hitPoints>30</hitPoints>
    <oldInjuryBaseChance>0</oldInjuryBaseChance>
    <skinCovered>false</skinCovered>
  </BodyPartDef>

  <BodyPartDef>
    <defName>SnakeBody</defName>
    <label>body</label>
    <hitPoints>30</hitPoints>
    <oldInjuryBaseChance>0.08</oldInjuryBaseChance>
    <skinCovered>true</skinCovered>
    <tags>
      <li>MovingLimbCore</li>
    </tags>
  </BodyPartDef>

  <BodyPartDef>
    <defName>SnakeHead</defName>
    <label>head</label>
    <hitPoints>30</hitPoints>
    <oldInjuryBaseChance>0.08</oldInjuryBaseChance>
    <skinCovered>true</skinCovered>
    <tags>
      <li>HearingSource</li>
    </tags>
  </BodyPartDef>

  <BodyPartDef>
    <defName>SnakeMouth</defName>
    <label>mouth</label>
    <hitPoints>20</hitPoints>
    <oldInjuryBaseChance>0</oldInjuryBaseChance>
    <skinCovered>true</skinCovered>
    <tags>
      <li>EatingSource</li>
      <li>TalkingSource</li>
      <li>ManipulationLimbCore</li>
    </tags>
  </BodyPartDef>

  <BodyPartDef>
    <defName>InsectHeart</defName>
    <label>heart</label>
    <hitPoints>20</hitPoints>
    <oldInjuryBaseChance>0.08</oldInjuryBaseChance>
    <bleedingRateMultiplier>5</bleedingRateMultiplier>
    <skinCovered>false</skinCovered>
    <tags>
      <li>BloodPumpingSource</li>
      <li>BloodFiltrationSource</li>
      <li>MetabolismSource</li>
      <li>BreathingSource</li>
    </tags>
  </BodyPartDef>

  <BodyPartDef>
    <defName>InsectNostril</defName>
    <label>nostril</label>
    <hitPoints>10</hitPoints>
    <oldInjuryBaseChance>0</oldInjuryBaseChance>
    <skinCovered>false</skinCovered>
  </BodyPartDef>

  <BodyPartDef>
    <defName>InsectMouth</defName>
    <label>mouth</label>
    <hitPoints>10</hitPoints>
    <oldInjuryBaseChance>0</oldInjuryBaseChance>
    <skinCovered>false</skinCovered>
    <tags>
      <li>EatingSource</li>
      <li>ManipulationLimbCore</li>
    </tags>
  </BodyPartDef>

  <BodyPartDef>
    <defName>AnimalJaw</defName>
    <label>jaw</label>
    <hitPoints>10</hitPoints>
    <oldInjuryBaseChance>0</oldInjuryBaseChance>
    <skinCovered>false</skinCovered>
    <tags>
      <li>ManipulationLimbCore</li>
    </tags>
  </BodyPartDef>

  <BodyPartDef>
    <defName>Jowl</defName>
    <label>jowl</label>
    <hitPoints>20</hitPoints>
    <oldInjuryBaseChance>0.08</oldInjuryBaseChance>
    <skinCovered>true</skinCovered>
  </BodyPartDef>

  <BodyPartDef>
    <defName>Tail</defName>
    <label>tail</label>
    <hitPoints>10</hitPoints>
    <frostbiteVulnerability>8</frostbiteVulnerability>
    <oldInjuryBaseChance>0.08</oldInjuryBaseChance>
    <skinCovered>true</skinCovered>
  </BodyPartDef>

  <BodyPartDef>
    <defName>LeftAntenna</defName>
    <label>left antenna</label>
    <hitPoints>10</hitPoints>
    <frostbiteVulnerability>10</frostbiteVulnerability>
    <oldInjuryBaseChance>0</oldInjuryBaseChance>
    <skinCovered>false</skinCovered>
    <isAlive>false</isAlive>
    <bleedingRateMultiplier>0.3</bleedingRateMultiplier>
  </BodyPartDef>

  <BodyPartDef>
    <defName>RightAntenna</defName>
    <label>right antenna</label>
    <hitPoints>10</hitPoints>
    <frostbiteVulnerability>10</frostbiteVulnerability>
    <oldInjuryBaseChance>0</oldInjuryBaseChance>
    <skinCovered>false</skinCovered>
    <isAlive>false</isAlive>
    <bleedingRateMultiplier>0.3</bleedingRateMultiplier>
  </BodyPartDef>

  <BodyPartDef>
    <defName>Pronotum</defName>
    <label>pronotum</label>
    <hitPoints>20</hitPoints>
    <oldInjuryBaseChance>0</oldInjuryBaseChance>
    <skinCovered>false</skinCovered>
    <tags>
      <li>BreathingPathway</li>
      <li>EatingPathway</li>
      <li>TalkingPathway</li>
    </tags>
  </BodyPartDef>

  <BodyPartDef>
    <defName>Shell</defName>
    <label>shell</label>
    <hitPoints>30</hitPoints>
    <oldInjuryBaseChance>0</oldInjuryBaseChance>
    <skinCovered>false</skinCovered>
    <isAlive>false</isAlive>
    <bleedingRateMultiplier>0</bleedingRateMultiplier>
  </BodyPartDef>

  <BodyPartDef>
    <defName>LeftElytra</defName>
    <label>left elytra</label>
    <hitPoints>30</hitPoints>
    <frostbiteVulnerability>0.5</frostbiteVulnerability>
    <oldInjuryBaseChance>0</oldInjuryBaseChance>
    <skinCovered>false</skinCovered>
    <isAlive>false</isAlive>
    <bleedingRateMultiplier>0</bleedingRateMultiplier>
  </BodyPartDef>

  <BodyPartDef>
    <defName>RightElytra</defName>
    <label>right elytra</label>
    <hitPoints>30</hitPoints>
    <frostbiteVulnerability>0.5</frostbiteVulnerability>
    <oldInjuryBaseChance>0</oldInjuryBaseChance>
    <skinCovered>false</skinCovered>
    <isAlive>false</isAlive>
    <bleedingRateMultiplier>0</bleedingRateMultiplier>
  </BodyPartDef>

  <BodyPartDef>
    <defName>LeftTusk</defName>
    <label>left tusk</label>
    <hitPoints>20</hitPoints>
    <oldInjuryBaseChance>0.2</oldInjuryBaseChance>
    <skinCovered>false</skinCovered>
    <isSolid>true</isSolid>
    <isAlive>false</isAlive>
    <bleedingRateMultiplier>0</bleedingRateMultiplier>
  </BodyPartDef>

  <BodyPartDef>
    <defName>RightTusk</defName>
    <label>right tusk</label>
    <hitPoints>20</hitPoints>
    <oldInjuryBaseChance>0.2</oldInjuryBaseChance>
    <skinCovered>false</skinCovered>
    <isSolid>true</isSolid>
    <isAlive>false</isAlive>
    <bleedingRateMultiplier>0</bleedingRateMultiplier>
  </BodyPartDef>

  <BodyPartDef>
    <defName>Trunk</defName>
    <label>trunk</label>
    <hitPoints>15</hitPoints>
    <frostbiteVulnerability>5</frostbiteVulnerability>
    <oldInjuryBaseChance>0.08</oldInjuryBaseChance>
    <skinCovered>true</skinCovered>
    <tags>
      <li>ManipulationLimbCore</li>
    </tags>
  </BodyPartDef>

  <BodyPartDef>
    <defName>Horn</defName>
    <label>horn</label>
    <hitPoints>20</hitPoints>
    <oldInjuryBaseChance>0.2</oldInjuryBaseChance>
    <skinCovered>false</skinCovered>
    <isSolid>true</isSolid>
    <isAlive>false</isAlive>
    <bleedingRateMultiplier>0</bleedingRateMultiplier>
  </BodyPartDef>
  
  <BodyPartDef>
    <defName>HeadClaw</defName>
    <label>head claw</label>
    <hitPoints>15</hitPoints>
    <oldInjuryBaseChance>0</oldInjuryBaseChance>
    <skinCovered>false</skinCovered>
    <isSolid>true</isSolid>
    <isAlive>false</isAlive>
    <bleedingRateMultiplier>0</bleedingRateMultiplier>
  </BodyPartDef>

  <BodyPartDef>
    <defName>Hump</defName>
    <label>hump</label>
    <hitPoints>20</hitPoints>
    <oldInjuryBaseChance>0.1</oldInjuryBaseChance>
    <skinCovered>true</skinCovered>
    <isSolid>false</isSolid>
  </BodyPartDef>

  <BodyPartDef>
    <defName>TurtleShell</defName>
    <label>shell</label>
    <hitPoints>50</hitPoints>
    <oldInjuryBaseChance>0</oldInjuryBaseChance>
    <skinCovered>false</skinCovered>
    <isSolid>true</isSolid>
    <isAlive>false</isAlive>
    <bleedingRateMultiplier>0</bleedingRateMultiplier>
  </BodyPartDef>

  <BodyPartDef>
    <defName>Plastron</defName>
    <label>plastron</label>
    <hitPoints>20</hitPoints>
    <oldInjuryBaseChance>0.03</oldInjuryBaseChance>
    <skinCovered>false</skinCovered>
    <isSolid>true</isSolid>
    <isAlive>false</isAlive>
    <bleedingRateMultiplier>0</bleedingRateMultiplier>
  </BodyPartDef>

  <BodyPartDef>
    <defName>TurtleBeak</defName>
    <label>beak</label>
    <hitPoints>10</hitPoints>
    <oldInjuryBaseChance>0.03</oldInjuryBaseChance>
    <skinCovered>true</skinCovered>
    <isSolid>false</isSolid>
    <isAlive>false</isAlive>
    <bleedingRateMultiplier>0</bleedingRateMultiplier>
    <tags>
      <li>ManipulationLimbCore</li>
    </tags>
  </BodyPartDef>


  <!-- animals legs -->

  <BodyPartDef>
    <defName>FrontLeftLeg</defName>
    <label>front left leg</label>
    <hitPoints>30</hitPoints>
    <oldInjuryBaseChance>0.08</oldInjuryBaseChance>
    <skinCovered>true</skinCovered>
    <tags>
      <li>MovingLimbCore</li>
    </tags>
  </BodyPartDef>

  <BodyPartDef>
    <defName>FrontRightLeg</defName>
    <label>front right leg</label>
    <hitPoints>30</hitPoints>
    <oldInjuryBaseChance>0.08</oldInjuryBaseChance>
    <skinCovered>true</skinCovered>
    <tags>
      <li>MovingLimbCore</li>
    </tags>
  </BodyPartDef>

  <BodyPartDef>
    <defName>MiddleLeftLeg</defName>
    <label>middle left leg</label>
    <hitPoints>30</hitPoints>
    <oldInjuryBaseChance>0.08</oldInjuryBaseChance>
    <skinCovered>true</skinCovered>
    <tags>
      <li>MovingLimbCore</li>
    </tags>
  </BodyPartDef>

  <BodyPartDef>
    <defName>MiddleRightLeg</defName>
    <label>middle right leg</label>
    <hitPoints>30</hitPoints>
    <oldInjuryBaseChance>0.08</oldInjuryBaseChance>
    <skinCovered>true</skinCovered>
    <tags>
      <li>MovingLimbCore</li>
    </tags>
  </BodyPartDef>

  <BodyPartDef>
    <defName>RearLeftLeg</defName>
    <label>rear left leg</label>
    <hitPoints>30</hitPoints>
    <oldInjuryBaseChance>0.08</oldInjuryBaseChance>
    <skinCovered>true</skinCovered>
    <tags>
      <li>MovingLimbCore</li>
    </tags>
  </BodyPartDef>

  <BodyPartDef>
    <defName>RearRightLeg</defName>
    <label>rear right leg</label>
    <hitPoints>30</hitPoints>
    <oldInjuryBaseChance>0.08</oldInjuryBaseChance>
    <skinCovered>true</skinCovered>
    <tags>
      <li>MovingLimbCore</li>
    </tags>
  </BodyPartDef>

  <BodyPartDef>
    <defName>FrontLeftInsectLeg</defName>
    <label>front left leg</label>
    <hitPoints>20</hitPoints>
    <frostbiteVulnerability>0.1</frostbiteVulnerability>
    <oldInjuryBaseChance>0</oldInjuryBaseChance>
    <skinCovered>false</skinCovered>
    <tags>
      <li>MovingLimbCore</li>
      <li>ManipulationLimbCore</li>
    </tags>
  </BodyPartDef>

  <BodyPartDef>
    <defName>FrontRightInsectLeg</defName>
    <label>front right leg</label>
    <hitPoints>20</hitPoints>
    <frostbiteVulnerability>0.1</frostbiteVulnerability>
    <oldInjuryBaseChance>0</oldInjuryBaseChance>
    <skinCovered>false</skinCovered>
    <tags>
      <li>MovingLimbCore</li>
      <li>ManipulationLimbCore</li>
    </tags>
  </BodyPartDef>

  <BodyPartDef>
    <defName>MiddleLeftInsectLeg</defName>
    <label>middle left leg</label>
    <hitPoints>20</hitPoints>
    <frostbiteVulnerability>0.1</frostbiteVulnerability>
    <oldInjuryBaseChance>0</oldInjuryBaseChance>
    <skinCovered>false</skinCovered>
    <tags>
      <li>MovingLimbCore</li>
    </tags>
  </BodyPartDef>

  <BodyPartDef>
    <defName>MiddleRightInsectLeg</defName>
    <label>middle right leg</label>
    <hitPoints>20</hitPoints>
    <frostbiteVulnerability>0.1</frostbiteVulnerability>
    <oldInjuryBaseChance>0</oldInjuryBaseChance>
    <skinCovered>false</skinCovered>
    <tags>
      <li>MovingLimbCore</li>
    </tags>
  </BodyPartDef>

  <BodyPartDef>
    <defName>RearLeftInsectLeg</defName>
    <label>rear left leg</label>
    <hitPoints>20</hitPoints>
    <frostbiteVulnerability>0.1</frostbiteVulnerability>
    <oldInjuryBaseChance>0</oldInjuryBaseChance>
    <skinCovered>false</skinCovered>
    <tags>
      <li>MovingLimbCore</li>
    </tags>
  </BodyPartDef>

  <BodyPartDef>
    <defName>RearRightInsectLeg</defName>
    <label>rear right leg</label>
    <hitPoints>20</hitPoints>
    <frostbiteVulnerability>0.1</frostbiteVulnerability>
    <oldInjuryBaseChance>0</oldInjuryBaseChance>
    <skinCovered>false</skinCovered>
    <tags>
      <li>MovingLimbCore</li>
    </tags>
  </BodyPartDef>

  <BodyPartDef>
    <defName>FrontLeftPaw</defName>
    <label>front left paw</label>
    <hitPoints>10</hitPoints>
    <frostbiteVulnerability>6</frostbiteVulnerability>
    <oldInjuryBaseChance>0.08</oldInjuryBaseChance>
    <skinCovered>true</skinCovered>
    <tags>
      <li>MovingLimbSegment</li>
    </tags>
  </BodyPartDef>

  <BodyPartDef>
    <defName>FrontRightPaw</defName>
    <label>front right paw</label>
    <hitPoints>10</hitPoints>
    <frostbiteVulnerability>6</frostbiteVulnerability>
    <oldInjuryBaseChance>0.08</oldInjuryBaseChance>
    <skinCovered>true</skinCovered>
    <tags>
      <li>MovingLimbSegment</li>
    </tags>
  </BodyPartDef>

  <BodyPartDef>
    <defName>RearLeftPaw</defName>
    <label>rear left paw</label>
    <hitPoints>10</hitPoints>
    <frostbiteVulnerability>6</frostbiteVulnerability>
    <oldInjuryBaseChance>0.08</oldInjuryBaseChance>
    <skinCovered>true</skinCovered>
    <tags>
      <li>MovingLimbSegment</li>
    </tags>
  </BodyPartDef>

  <BodyPartDef>
    <defName>RearRightPaw</defName>
    <label>rear right paw</label>
    <hitPoints>10</hitPoints>
    <frostbiteVulnerability>6</frostbiteVulnerability>
    <oldInjuryBaseChance>0.08</oldInjuryBaseChance>
    <skinCovered>true</skinCovered>
    <tags>
      <li>MovingLimbSegment</li>
    </tags>
  </BodyPartDef>

  <BodyPartDef>
    <defName>FrontLeftHoof</defName>
    <label>front left hoof</label>
    <hitPoints>10</hitPoints>
    <frostbiteVulnerability>6</frostbiteVulnerability>
    <oldInjuryBaseChance>0.08</oldInjuryBaseChance>
    <skinCovered>true</skinCovered>
    <isAlive>false</isAlive>
    <tags>
      <li>MovingLimbSegment</li>
    </tags>
  </BodyPartDef>

  <BodyPartDef>
    <defName>FrontRightHoof</defName>
    <label>front right hoof</label>
    <hitPoints>10</hitPoints>
    <frostbiteVulnerability>6</frostbiteVulnerability>
    <oldInjuryBaseChance>0.08</oldInjuryBaseChance>
    <skinCovered>true</skinCovered>
    <isAlive>false</isAlive>
    <tags>
      <li>MovingLimbSegment</li>
    </tags>
  </BodyPartDef>

  <BodyPartDef>
    <defName>RearLeftHoof</defName>
    <label>rear left hoof</label>
    <hitPoints>10</hitPoints>
    <frostbiteVulnerability>6</frostbiteVulnerability>
    <oldInjuryBaseChance>0.08</oldInjuryBaseChance>
    <skinCovered>true</skinCovered>
    <isAlive>false</isAlive>
    <tags>
      <li>MovingLimbSegment</li>
    </tags>
  </BodyPartDef>

  <BodyPartDef>
    <defName>RearRightHoof</defName>
    <label>rear right hoof</label>
    <hitPoints>10</hitPoints>
    <frostbiteVulnerability>6</frostbiteVulnerability>
    <oldInjuryBaseChance>0.08</oldInjuryBaseChance>
    <skinCovered>true</skinCovered>
    <isAlive>false</isAlive>
    <tags>
      <li>MovingLimbSegment</li>
    </tags>
  </BodyPartDef>

  <BodyPartDef>
    <defName>FrontLeftLegFirstClaw</defName>
    <label>front left leg first claw</label>
    <hitPoints>7</hitPoints>
    <frostbiteVulnerability>10</frostbiteVulnerability>
    <oldInjuryBaseChance>0</oldInjuryBaseChance>
    <skinCovered>false</skinCovered>
    <isSolid>true</isSolid>
    <isAlive>false</isAlive>
    <tags>
      <li>MovingLimbDigit</li>
      <li>ManipulationLimbDigit</li>
    </tags>
  </BodyPartDef>

  <BodyPartDef>
    <defName>FrontLeftLegSecondClaw</defName>
    <label>front left leg second claw</label>
    <hitPoints>7</hitPoints>
    <frostbiteVulnerability>10</frostbiteVulnerability>
    <oldInjuryBaseChance>0</oldInjuryBaseChance>
    <skinCovered>false</skinCovered>
    <isSolid>true</isSolid>
    <isAlive>false</isAlive>
    <tags>
      <li>MovingLimbDigit</li>
      <li>ManipulationLimbDigit</li>
    </tags>
  </BodyPartDef>

  <BodyPartDef>
    <defName>FrontLeftLegThirdClaw</defName>
    <label>front left leg third claw</label>
    <hitPoints>7</hitPoints>
    <frostbiteVulnerability>10</frostbiteVulnerability>
    <oldInjuryBaseChance>0</oldInjuryBaseChance>
    <skinCovered>false</skinCovered>
    <isSolid>true</isSolid>
    <isAlive>false</isAlive>
    <tags>
      <li>MovingLimbDigit</li>
      <li>ManipulationLimbDigit</li>
    </tags>
  </BodyPartDef>

  <BodyPartDef>
    <defName>FrontLeftLegFourthClaw</defName>
    <label>front left leg fourth claw</label>
    <hitPoints>7</hitPoints>
    <frostbiteVulnerability>10</frostbiteVulnerability>
    <oldInjuryBaseChance>0</oldInjuryBaseChance>
    <skinCovered>false</skinCovered>
    <isSolid>true</isSolid>
    <isAlive>false</isAlive>
    <tags>
      <li>MovingLimbDigit</li>
      <li>ManipulationLimbDigit</li>
    </tags>
  </BodyPartDef>

  <BodyPartDef>
    <defName>FrontLeftLegFifthClaw</defName>
    <label>front left leg fifth claw</label>
    <hitPoints>7</hitPoints>
    <frostbiteVulnerability>10</frostbiteVulnerability>
    <oldInjuryBaseChance>0</oldInjuryBaseChance>
    <skinCovered>false</skinCovered>
    <isSolid>true</isSolid>
    <isAlive>false</isAlive>
    <tags>
      <li>MovingLimbDigit</li>
      <li>ManipulationLimbDigit</li>
    </tags>
  </BodyPartDef>

  <BodyPartDef>
    <defName>FrontRightLegFirstClaw</defName>
    <label>front right leg first claw</label>
    <hitPoints>7</hitPoints>
    <frostbiteVulnerability>10</frostbiteVulnerability>
    <oldInjuryBaseChance>0</oldInjuryBaseChance>
    <skinCovered>false</skinCovered>
    <isSolid>true</isSolid>
    <isAlive>false</isAlive>
    <tags>
      <li>MovingLimbDigit</li>
      <li>ManipulationLimbDigit</li>
    </tags>
  </BodyPartDef>

  <BodyPartDef>
    <defName>FrontRightLegSecondClaw</defName>
    <label>front right leg second claw</label>
    <hitPoints>7</hitPoints>
    <frostbiteVulnerability>10</frostbiteVulnerability>
    <oldInjuryBaseChance>0</oldInjuryBaseChance>
    <skinCovered>false</skinCovered>
    <isSolid>true</isSolid>
    <isAlive>false</isAlive>
    <tags>
      <li>MovingLimbDigit</li>
      <li>ManipulationLimbDigit</li>
    </tags>
  </BodyPartDef>

  <BodyPartDef>
    <defName>FrontRightLegThirdClaw</defName>
    <label>front right leg third claw</label>
    <hitPoints>7</hitPoints>
    <frostbiteVulnerability>10</frostbiteVulnerability>
    <oldInjuryBaseChance>0</oldInjuryBaseChance>
    <skinCovered>false</skinCovered>
    <isSolid>true</isSolid>
    <isAlive>false</isAlive>
    <tags>
      <li>MovingLimbDigit</li>
      <li>ManipulationLimbDigit</li>
    </tags>
  </BodyPartDef>

  <BodyPartDef>
    <defName>FrontRightLegFourthClaw</defName>
    <label>front right leg fourth claw</label>
    <hitPoints>7</hitPoints>
    <frostbiteVulnerability>10</frostbiteVulnerability>
    <oldInjuryBaseChance>0</oldInjuryBaseChance>
    <skinCovered>false</skinCovered>
    <isSolid>true</isSolid>
    <isAlive>false</isAlive>
    <tags>
      <li>MovingLimbDigit</li>
      <li>ManipulationLimbDigit</li>
    </tags>
  </BodyPartDef>

  <BodyPartDef>
    <defName>FrontRightLegFifthClaw</defName>
    <label>front right leg fifth claw</label>
    <hitPoints>7</hitPoints>
    <frostbiteVulnerability>10</frostbiteVulnerability>
    <oldInjuryBaseChance>0</oldInjuryBaseChance>
    <skinCovered>false</skinCovered>
    <isSolid>true</isSolid>
    <isAlive>false</isAlive>
    <tags>
      <li>MovingLimbDigit</li>
      <li>ManipulationLimbDigit</li>
    </tags>
  </BodyPartDef>

  <BodyPartDef>
    <defName>RearLeftLegFirstClaw</defName>
    <label>rear left leg first claw</label>
    <hitPoints>7</hitPoints>
    <frostbiteVulnerability>10</frostbiteVulnerability>
    <oldInjuryBaseChance>0</oldInjuryBaseChance>
    <skinCovered>false</skinCovered>
    <isSolid>true</isSolid>
    <isAlive>false</isAlive>
    <tags>
      <li>MovingLimbDigit</li>
    </tags>
  </BodyPartDef>

  <BodyPartDef>
    <defName>RearLeftLegSecondClaw</defName>
    <label>rear left leg second claw</label>
    <hitPoints>7</hitPoints>
    <frostbiteVulnerability>10</frostbiteVulnerability>
    <oldInjuryBaseChance>0</oldInjuryBaseChance>
    <skinCovered>false</skinCovered>
    <isSolid>true</isSolid>
    <isAlive>false</isAlive>
    <tags>
      <li>MovingLimbDigit</li>
    </tags>
  </BodyPartDef>

  <BodyPartDef>
    <defName>RearLeftLegThirdClaw</defName>
    <label>rear left leg third claw</label>
    <hitPoints>7</hitPoints>
    <frostbiteVulnerability>10</frostbiteVulnerability>
    <oldInjuryBaseChance>0</oldInjuryBaseChance>
    <skinCovered>false</skinCovered>
    <isSolid>true</isSolid>
    <isAlive>false</isAlive>
    <tags>
      <li>MovingLimbDigit</li>
    </tags>
  </BodyPartDef>

  <BodyPartDef>
    <defName>RearLeftLegFourthClaw</defName>
    <label>rear left leg fourth claw</label>
    <hitPoints>7</hitPoints>
    <frostbiteVulnerability>10</frostbiteVulnerability>
    <oldInjuryBaseChance>0</oldInjuryBaseChance>
    <skinCovered>false</skinCovered>
    <isSolid>true</isSolid>
    <isAlive>false</isAlive>
    <tags>
      <li>MovingLimbDigit</li>
    </tags>
  </BodyPartDef>

  <BodyPartDef>
    <defName>RearLeftLegFifthClaw</defName>
    <label>rear left leg fifth claw</label>
    <hitPoints>7</hitPoints>
    <frostbiteVulnerability>10</frostbiteVulnerability>
    <oldInjuryBaseChance>0</oldInjuryBaseChance>
    <skinCovered>false</skinCovered>
    <isSolid>true</isSolid>
    <isAlive>false</isAlive>
    <tags>
      <li>MovingLimbDigit</li>
    </tags>
  </BodyPartDef>

  <BodyPartDef>
    <defName>RearRightLegFirstClaw</defName>
    <label>rear right leg first claw</label>
    <hitPoints>7</hitPoints>
    <frostbiteVulnerability>10</frostbiteVulnerability>
    <oldInjuryBaseChance>0</oldInjuryBaseChance>
    <skinCovered>false</skinCovered>
    <isSolid>true</isSolid>
    <isAlive>false</isAlive>
    <tags>
      <li>MovingLimbDigit</li>
    </tags>
  </BodyPartDef>

  <BodyPartDef>
    <defName>RearRightLegSecondClaw</defName>
    <label>rear right leg second claw</label>
    <hitPoints>7</hitPoints>
    <frostbiteVulnerability>10</frostbiteVulnerability>
    <oldInjuryBaseChance>0</oldInjuryBaseChance>
    <skinCovered>false</skinCovered>
    <isSolid>true</isSolid>
    <isAlive>false</isAlive>
    <tags>
      <li>MovingLimbDigit</li>
    </tags>
  </BodyPartDef>

  <BodyPartDef>
    <defName>RearRightLegThirdClaw</defName>
    <label>rear right leg third claw</label>
    <hitPoints>7</hitPoints>
    <frostbiteVulnerability>10</frostbiteVulnerability>
    <oldInjuryBaseChance>0</oldInjuryBaseChance>
    <skinCovered>false</skinCovered>
    <isSolid>true</isSolid>
    <isAlive>false</isAlive>
    <tags>
      <li>MovingLimbDigit</li>
    </tags>
  </BodyPartDef>

  <BodyPartDef>
    <defName>RearRightLegFourthClaw</defName>
    <label>rear right leg fourth claw</label>
    <hitPoints>7</hitPoints>
    <frostbiteVulnerability>10</frostbiteVulnerability>
    <oldInjuryBaseChance>0</oldInjuryBaseChance>
    <skinCovered>false</skinCovered>
    <isSolid>true</isSolid>
    <isAlive>false</isAlive>
    <tags>
      <li>MovingLimbDigit</li>
    </tags>
  </BodyPartDef>

  <BodyPartDef>
    <defName>RearRightLegFifthClaw</defName>
    <label>rear right leg fifth claw</label>
    <hitPoints>7</hitPoints>
    <frostbiteVulnerability>10</frostbiteVulnerability>
    <oldInjuryBaseChance>0</oldInjuryBaseChance>
    <skinCovered>false</skinCovered>
    <isSolid>true</isSolid>
    <isAlive>false</isAlive>
    <tags>
      <li>MovingLimbDigit</li>
    </tags>
  </BodyPartDef>

</Defs>
