﻿<?xml version="1.0" encoding="utf-8" ?>
<Defs>

  <BodyPartGroupDef>
    <defName>Torso</defName>
    <label>torso</label>
    <listOrder>100</listOrder>
  </BodyPartGroupDef>
  
  <BodyPartGroupDef>
    <defName>UpperHead</defName>
    <label>upper head</label>
    <listOrder>200</listOrder>
  </BodyPartGroupDef>
  
  <BodyPartGroupDef>
    <defName>FullHead</defName>
    <label>full head</label>
    <listOrder>199</listOrder>
  </BodyPartGroupDef>
  
  <BodyPartGroupDef>
    <defName>Eyes</defName>
    <label>eyes</label>
    <listOrder>198</listOrder>
  </BodyPartGroupDef>


  <BodyPartGroupDef>
    <defName>Teeth</defName>
    <label>teeth</label>
    <listOrder>197</listOrder>
  </BodyPartGroupDef>

  <BodyPartGroupDef>
    <defName>Mouth</defName>
    <label>mouth</label>
    <listOrder>196</listOrder>
  </BodyPartGroupDef>

  <BodyPartGroupDef>
    <defName>Neck</defName>
    <label>neck</label>
    <listOrder>180</listOrder>
  </BodyPartGroupDef>
  
  <BodyPartGroupDef>
    <defName>Arms</defName>
    <label>arms</label>
    <listOrder>90</listOrder>
  </BodyPartGroupDef>

  <BodyPartGroupDef>
    <defName>Shoulders</defName>
    <label>shoulders</label>
    <listOrder>85</listOrder>
  </BodyPartGroupDef>

  <BodyPartGroupDef>
    <defName>Hands</defName>
    <label>hands</label>
    <listOrder>80</listOrder>
  </BodyPartGroupDef>
  
  <BodyPartGroupDef>
    <defName>LeftHand</defName>
    <label>left fist</label>
    <listOrder>79</listOrder>
  </BodyPartGroupDef>
  
  <BodyPartGroupDef>
    <defName>RightHand</defName>
    <label>right fist</label>
    <listOrder>78</listOrder>
  </BodyPartGroupDef>

  <BodyPartGroupDef>
    <defName>Waist</defName>
    <label>waist</label>
    <listOrder>50</listOrder>
  </BodyPartGroupDef>
  
  <BodyPartGroupDef>
    <defName>Legs</defName>
    <label>legs</label>
    <listOrder>10</listOrder>
  </BodyPartGroupDef>

  <BodyPartGroupDef>
    <defName>Feet</defName>
    <label>feet</label>
    <listOrder>9</listOrder>
  </BodyPartGroupDef>
  
  

  <BodyPartGroupDef>
    <defName>FrontLeftPaw</defName>
    <label>front left paw</label>
  </BodyPartGroupDef>
  
  <BodyPartGroupDef>
    <defName>FrontRightPaw</defName>
    <label>front right paw</label>
  </BodyPartGroupDef>
  
  <BodyPartGroupDef>
    <defName>HeadAttackTool</defName>
    <label>head</label>
  </BodyPartGroupDef>
  
  <BodyPartGroupDef>
    <defName>FrontLeftLeg</defName>
    <label>front left leg</label>
  </BodyPartGroupDef>
  
  <BodyPartGroupDef>
    <defName>FrontRightLeg</defName>
    <label>front right leg</label>
  </BodyPartGroupDef>
  
  <BodyPartGroupDef>
    <defName>FrontLeftClaws</defName>
    <label>front left claws</label>
  </BodyPartGroupDef>
  
  <BodyPartGroupDef>
    <defName>FrontRightClaws</defName>
    <label>front right claws</label>
  </BodyPartGroupDef>

  
  <BodyPartGroupDef>
    <defName>LeftBlade</defName>
    <label>left blade</label>
  </BodyPartGroupDef>
  
  <BodyPartGroupDef>
    <defName>RightBlade</defName>
    <label>right blade</label>
  </BodyPartGroupDef>

  <BodyPartGroupDef>
    <defName>TuskAttackTool</defName>
    <label>tusks</label>
  </BodyPartGroupDef>

  <BodyPartGroupDef>
    <defName>HornAttackTool</defName>
    <label>horn</label>
  </BodyPartGroupDef>

  <BodyPartGroupDef>
    <defName>HeadClaw</defName>
    <label>claw</label>
  </BodyPartGroupDef>
  
  <BodyPartGroupDef>
    <defName>TurtleBeakAttackTool</defName>
    <label>beak</label>
  </BodyPartGroupDef>

  <BodyPartGroupDef>
    <defName>Beak</defName>
    <label>beak</label>
  </BodyPartGroupDef>

</Defs>