﻿<?xml version="1.0" encoding="utf-8" ?>
<Defs>

  <!--======== Common to various mechanoids ========-->

  <BodyPartDef>
    <defName>MechanicalNeck</defName>
    <label>neck</label>
    <hitPoints>30</hitPoints>
    <permanentInjuryBaseChance>0</permanentInjuryBaseChance>
    <skinCovered>false</skinCovered>
    <solid>true</solid>
    <bleedRate>0</bleedRate>
    <alive>false</alive>
    <tags>
      <li>BreathingPathway</li>
      <li>EatingPathway</li>
      <li>TalkingPathway</li>
    </tags>
  </BodyPartDef>

  <BodyPartDef>
    <defName>MechanicalHead</defName>
    <label>head</label>
    <hitPoints>30</hitPoints>
    <permanentInjuryBaseChance>0</permanentInjuryBaseChance>
    <skinCovered>false</skinCovered>
    <solid>true</solid>
    <bleedRate>0</bleedRate>
    <alive>false</alive>
  </BodyPartDef>

  <BodyPartDef>
    <defName>ArtificialBrain</defName>
    <label>artificial brain</label>
    <hitPoints>10</hitPoints>
    <permanentInjuryBaseChance>0</permanentInjuryBaseChance>
    <skinCovered>false</skinCovered>
    <solid>true</solid>
    <alive>false</alive>
    <bleedRate>0</bleedRate>
    <tags>
      <li>ConsciousnessSource</li>
    </tags>
  </BodyPartDef>

  <BodyPartDef>
    <defName>SightSensor</defName>
    <label>sight sensor</label>
    <hitPoints>10</hitPoints>
    <frostbiteVulnerability>2</frostbiteVulnerability>
    <permanentInjuryBaseChance>0</permanentInjuryBaseChance>
    <skinCovered>false</skinCovered>
    <solid>true</solid>
    <alive>false</alive>
    <socketed>true</socketed>
    <bleedRate>0</bleedRate>
    <tags>
      <li>SightSource</li>
    </tags>
  </BodyPartDef>

  <BodyPartDef>
    <defName>HearingSensor</defName>
    <label>hearing sensor</label>
    <hitPoints>10</hitPoints>
    <frostbiteVulnerability>2</frostbiteVulnerability>
    <permanentInjuryBaseChance>0</permanentInjuryBaseChance>
    <skinCovered>false</skinCovered>
    <solid>true</solid>
    <alive>false</alive>
    <bleedRate>0</bleedRate>
    <tags>
      <li>HearingSource</li>
    </tags>
  </BodyPartDef>

  <BodyPartDef>
    <defName>SmellSensor</defName>
    <label>smell sensor</label>
    <hitPoints>10</hitPoints>
    <frostbiteVulnerability>2</frostbiteVulnerability>
    <permanentInjuryBaseChance>0</permanentInjuryBaseChance>
    <skinCovered>false</skinCovered>
    <solid>true</solid>
    <alive>false</alive>
    <bleedRate>0</bleedRate>
  </BodyPartDef>

  <BodyPartDef>
    <defName>MechanicalShoulder</defName>
    <label>shoulder</label>
    <hitPoints>25</hitPoints>
    <permanentInjuryBaseChance>0</permanentInjuryBaseChance>
    <skinCovered>false</skinCovered>
    <solid>true</solid>
    <alive>false</alive>
    <bleedRate>0</bleedRate>
    <tags>
      <li>ManipulationLimbSegment</li>
    </tags>
  </BodyPartDef>

  <BodyPartDef>
    <defName>MechanicalArm</defName>
    <label>arm</label>
    <hitPoints>30</hitPoints>
    <permanentInjuryBaseChance>0</permanentInjuryBaseChance>
    <skinCovered>false</skinCovered>
    <solid>true</solid>
    <alive>false</alive>
    <bleedRate>0</bleedRate>
    <tags>
      <li>ManipulationLimbCore</li>
    </tags>
  </BodyPartDef>

  <BodyPartDef>
    <defName>MechanicalHand</defName>
    <label>hand</label>
    <hitPoints>20</hitPoints>
    <permanentInjuryBaseChance>0</permanentInjuryBaseChance>
    <skinCovered>false</skinCovered>
    <solid>true</solid>
    <alive>false</alive>
    <bleedRate>0</bleedRate>
    <tags>
      <li>ManipulationLimbSegment</li>
    </tags>
  </BodyPartDef>

  <BodyPartDef>
    <defName>MechanicalFinger</defName>
    <label>finger</label>
    <hitPoints>7</hitPoints>
    <frostbiteVulnerability>10</frostbiteVulnerability>
    <permanentInjuryBaseChance>0</permanentInjuryBaseChance>
    <skinCovered>false</skinCovered>
    <solid>true</solid>
    <alive>false</alive>
    <bleedRate>0</bleedRate>
    <pawnGeneratorCanAmputate>true</pawnGeneratorCanAmputate>
    <tags>
      <li>ManipulationLimbDigit</li>
    </tags>
  </BodyPartDef>

  <BodyPartDef>
    <defName>MechanicalLeg</defName>
    <label>leg</label>
    <hitPoints>30</hitPoints>
    <permanentInjuryBaseChance>0</permanentInjuryBaseChance>
    <skinCovered>false</skinCovered>
    <solid>true</solid>
    <alive>false</alive>
    <bleedRate>0</bleedRate>
    <tags>
      <li>MovingLimbCore</li>
    </tags>
  </BodyPartDef>

  <BodyPartDef>
    <defName>MechanicalFoot</defName>
    <label>foot</label>
    <hitPoints>20</hitPoints>
    <frostbiteVulnerability>2</frostbiteVulnerability>
    <permanentInjuryBaseChance>0</permanentInjuryBaseChance>
    <skinCovered>false</skinCovered>
    <solid>true</solid>
    <alive>false</alive>
    <bleedRate>0</bleedRate>
    <tags>
      <li>MovingLimbSegment</li>
    </tags>
  </BodyPartDef>

  <!--===================== Human-like specific (lancer, scyther) ====================-->

  <BodyPartDef>
    <defName>MechanicalThorax</defName>
    <label>thorax</label>
    <hitPoints>40</hitPoints>
    <permanentInjuryBaseChance>0</permanentInjuryBaseChance>
    <skinCovered>false</skinCovered>
    <solid>true</solid>
    <alive>false</alive>
    <bleedRate>0</bleedRate>
  </BodyPartDef>

  <!--===================== Scyther specific ====================-->

  <BodyPartDef>
    <defName>Blade</defName>
    <label>blade</label>
    <hitPoints>20</hitPoints>
    <frostbiteVulnerability>5</frostbiteVulnerability>
    <permanentInjuryBaseChance>0</permanentInjuryBaseChance>
    <skinCovered>false</skinCovered>
    <solid>true</solid>
    <alive>false</alive>
    <bleedRate>0</bleedRate>
  </BodyPartDef>

  <!--===================== Centipede specific ====================-->
  
  <BodyPartDef Abstract="True" Name="MechanicalCentipedeRingBase">
    <labelShort>body ring</labelShort>
    <hitPoints>50</hitPoints>
    <permanentInjuryBaseChance>0</permanentInjuryBaseChance>
    <skinCovered>false</skinCovered>
    <solid>true</solid>
    <alive>false</alive>
    <bleedRate>0</bleedRate>
    <tags>
      <li>MovingLimbCore</li>
      <li>ManipulationLimbCore</li>
    </tags>
  </BodyPartDef>

  <BodyPartDef ParentName="MechanicalCentipedeRingBase">
    <defName>MechanicalCentipedeBodyFirstRing</defName>
    <label>first body ring</label>
    <hitPoints>55</hitPoints>
  </BodyPartDef>

  <BodyPartDef ParentName="MechanicalCentipedeRingBase">
    <defName>MechanicalCentipedeBodySecondRing</defName>
    <label>second body ring</label>
    <hitPoints>50</hitPoints>
  </BodyPartDef>

  <BodyPartDef ParentName="MechanicalCentipedeRingBase">
    <defName>MechanicalCentipedeBodyThirdRing</defName>
    <label>third body ring</label>
    <hitPoints>45</hitPoints>
  </BodyPartDef>

  <BodyPartDef ParentName="MechanicalCentipedeRingBase">
    <defName>MechanicalCentipedeBodyFourthRing</defName>
    <label>fourth body ring</label>
    <hitPoints>40</hitPoints>
  </BodyPartDef>

  <BodyPartDef ParentName="MechanicalCentipedeRingBase">
    <defName>MechanicalCentipedeBodyFifthRing</defName>
    <label>fifth body ring</label>
    <hitPoints>35</hitPoints>
  </BodyPartDef>

  <BodyPartDef ParentName="MechanicalCentipedeRingBase">
    <defName>MechanicalCentipedeBodySixthRing</defName>
    <label>sixth body ring</label>
    <hitPoints>30</hitPoints>
  </BodyPartDef>
  
</Defs>
