﻿<?xml version="1.0" encoding="utf-8" ?>
<Defs>

  <!--===================== Concepts taught in the entry screens ===================-->

  <ConceptDef>
    <defName>WorldCameraMovement</defName>
    <label>World view camera movement</label>
    <priority>50</priority>
    <needsOpportunity>true</needsOpportunity>
    <gameMode>Entry</gameMode>
    <helpText>Zoom with the MOUSE WHEEL or {Key:MapZoomIn} and {Key:MapZoomOut} keys.\n\nPan with the {Key:MapDollyUp}-{Key:MapDollyLeft}-{Key:MapDollyDown}-{Key:MapDollyRight} keys, or by MIDDLE-CLICKING and DRAGGING.</helpText>
  </ConceptDef>

</Defs>