﻿<?xml version="1.0" encoding="utf-8" ?>
<Defs>

  <BiomeDef>
    <defName>BorealForest</defName>
    <label>boreal forest</label>
    <description>Forests of coniferous trees. Despite the harsh winters, boreal forests sustain a diverse population of small and large animals, and have warm summers. Snow makes it extremely slow to travel in winter.</description>
    <workerClass>BiomeWorker_BorealForest</workerClass>
    <implemented>true</implemented>
    <animalDensity>1.9</animalDensity>
    <plantDensity>0.30</plantDensity>
    <factionBaseSelectionWeight>0.9</factionBaseSelectionWeight>
    <pathCost>
      <points>
        <li>(0, 26000)</li>
        <li>(0.23, 1750)</li>
        <li>(0.43, 1750)</li>
        <li>(0.83, 44000)</li>
        <li>(1, 26000)</li>
      </points>
    </pathCost>
    <texture>World/Biomes/BorealForest</texture>
    <soundsAmbient>
      <li>AmbientNightInsects_Standard</li>
    </soundsAmbient>
    <diseaseMtbDays>50</diseaseMtbDays>
    <diseases>
      <li>
        <diseaseInc>Disease_Flu</diseaseInc>
        <commonality>100</commonality>
      </li>
      <li>
        <diseaseInc>Disease_Plague</diseaseInc>
        <commonality>100</commonality>
      </li>
      <li>
        <diseaseInc>Disease_FibrousMechanites</diseaseInc>
        <commonality>30</commonality>
      </li>
      <li>
        <diseaseInc>Disease_SensoryMechanites</diseaseInc>
        <commonality>30</commonality>
      </li>
      <li>
        <diseaseInc>Disease_GutWorms</diseaseInc>
        <commonality>50</commonality>
      </li>
      <li>
        <diseaseInc>Disease_MuscleParasites</diseaseInc>
        <commonality>50</commonality>
      </li>
    </diseases>
    <terrainsByFertility>
      <li>
        <terrain>Soil</terrain>
        <min>-999</min>
        <max>0.87</max>
      </li>
      <li>
        <terrain>SoilRich</terrain>
        <min>0.87</min>
        <max>999</max>
      </li>
    </terrainsByFertility>
    <terrainPatchMakers>
      <li>
        <perlinFrequency>0.015</perlinFrequency>
        <thresholds>
          <li>
            <terrain>MossyTerrain</terrain>
            <min>0.0</min>
            <max>0.32</max>
          </li>
          <li>
            <terrain>Marsh</terrain>
            <min>0.32</min>
            <max>0.76</max>
          </li>
          <li>
            <terrain>WaterShallow</terrain>
            <min>0.76</min>
            <max>0.98</max>
          </li>
          <li>
            <terrain>WaterDeep</terrain>
            <min>0.98</min>
            <max>999</max>
          </li>
        </thresholds>
      </li>
    </terrainPatchMakers>
    <baseWeatherCommonalities>
      <Clear>18</Clear>
      <Fog>1</Fog>
      <Rain>2</Rain>
      <DryThunderstorm>1</DryThunderstorm>
      <RainyThunderstorm>1</RainyThunderstorm>
      <FoggyRain>1</FoggyRain>
      <SnowGentle>4</SnowGentle>
      <SnowHard>4</SnowHard>
    </baseWeatherCommonalities>
    <wildPlants>
			<PlantGrass>10.0</PlantGrass>
			<PlantMoss>4.0</PlantMoss>
			<PlantBush>3.0</PlantBush>
			<PlantTreePine>5.0</PlantTreePine>
			<PlantRaspberry>1.8</PlantRaspberry>
			<PlantTreeBirch>1.5</PlantTreeBirch>
			<PlantTreePoplar>1.2</PlantTreePoplar>
			<PlantWildHealroot>0.3</PlantWildHealroot>
		</wildPlants>
    <wildAnimals>
      <Elk>0.5</Elk>
      <Ibex>0.4</Ibex>
      <Caribou>0.5</Caribou>
      <Muffalo>0.5</Muffalo>
      <Squirrel>1</Squirrel>
      <WildBoar>0.5</WildBoar>
      <Hare>1</Hare>
      <Husky>0.01</Husky>
      <Turkey>0.2</Turkey>
      <Deer>0.03</Deer>
      <Rat>0.8</Rat>
      <Megasloth>0.03</Megasloth>
      <Raccoon>0.4</Raccoon>
      <GrizzlyBear>0.01</GrizzlyBear>
      <Cougar>0.007</Cougar>
      <Lynx>0.007</Lynx>
			<Warg>0.007</Warg>
			<WolfTimber>0.07</WolfTimber>
			<FoxRed>0.07</FoxRed>
			<WolfArctic>0.03</WolfArctic>
      <FoxArctic>0.03</FoxArctic>
    </wildAnimals>
    <allowedPackAnimals>
      <li>Muffalo</li>
    </allowedPackAnimals>
  </BiomeDef>

  <BiomeDef>
    <defName>Tundra</defName>
    <label>tundra</label>
    <description>These mostly-frozen plains bear almost no trees and little vegetation. There are a few small animals interspersed with large herds of migratory grazers and their predators. Snow makes it extremely slow to travel in winter.</description>
    <workerClass>BiomeWorker_Tundra</workerClass>
    <implemented>true</implemented>
    <animalDensity>0.8</animalDensity>
    <plantDensity>0.14</plantDensity>
    <factionBaseSelectionWeight>0.32</factionBaseSelectionWeight>
    <pathCost>
      <points>
        <li>(0, 25300)</li>
        <li>(0.23, 0)</li>
        <li>(0.43, 0)</li>
        <li>(0.83, 44000)</li>
        <li>(1, 25300)</li>
			</points>
    </pathCost>
    <texture>World/Biomes/Tundra</texture>
    <soundsAmbient>
      <li>AmbientNightInsects_Standard</li>
    </soundsAmbient>
    <diseaseMtbDays>80</diseaseMtbDays>
    <diseases>
      <li>
        <diseaseInc>Disease_Flu</diseaseInc>
        <commonality>100</commonality>
      </li>
      <li>
        <diseaseInc>Disease_Plague</diseaseInc>
        <commonality>80</commonality>
      </li>
      <li>
        <diseaseInc>Disease_FibrousMechanites</diseaseInc>
        <commonality>40</commonality>
      </li>
      <li>
        <diseaseInc>Disease_SensoryMechanites</diseaseInc>
        <commonality>40</commonality>
      </li>
      <li>
        <diseaseInc>Disease_GutWorms</diseaseInc>
        <commonality>30</commonality>
      </li>
      <li>
        <diseaseInc>Disease_MuscleParasites</diseaseInc>
        <commonality>30</commonality>
      </li>
    </diseases>
    <terrainsByFertility>
      <li>
        <terrain>Soil</terrain>
        <min>-999</min>
        <max>0.87</max>
      </li>
      <li>
        <terrain>SoilRich</terrain>
        <min>0.87</min>
        <max>999</max>
      </li>
    </terrainsByFertility>
    <terrainPatchMakers>
      <li>
        <perlinFrequency>0.015</perlinFrequency>
        <thresholds>
          <li>
            <terrain>MossyTerrain</terrain>
            <min>0.64</min>
            <max>0.83</max>
          </li>
          <li>
            <terrain>Marsh</terrain>
            <min>0.83</min>
            <max>999</max>
          </li>
        </thresholds>
      </li>
    </terrainPatchMakers>
    <baseWeatherCommonalities>
      <Clear>18</Clear>
      <Fog>1</Fog>
      <Rain>2</Rain>
      <DryThunderstorm>1</DryThunderstorm>
      <RainyThunderstorm>1</RainyThunderstorm>
      <FoggyRain>1</FoggyRain>
      <SnowGentle>4</SnowGentle>
      <SnowHard>4</SnowHard>
    </baseWeatherCommonalities>
    <wildPlants>
			<PlantGrass>0.36</PlantGrass>
			<PlantMoss>0.05</PlantMoss>
			<PlantBush>0.03</PlantBush>
			<PlantRaspberry>0.01</PlantRaspberry>
			<PlantAstragalus>0.01</PlantAstragalus>
			<PlantDandelion>0.01</PlantDandelion>
			<PlantTreePine>0.005</PlantTreePine>
      <PlantTreeBirch>0.005</PlantTreeBirch>
			<PlantWildHealroot>0.005</PlantWildHealroot>
		</wildPlants>
    <wildAnimals>
			<Squirrel>1</Squirrel>
			<Caribou>0.75</Caribou>
			<Hare>0.5</Hare>
			<Snowhare>0.5</Snowhare>
			<Muffalo>0.5</Muffalo>
			<Rat>0.4</Rat>
			<Elk>0.25</Elk>
			<Ibex>0.1</Ibex>
			<WolfArctic>0.06</WolfArctic>
			<Megasloth>0.02</Megasloth>
			<FoxArctic>0.03</FoxArctic>
			<Lynx>0.015</Lynx>
			<WolfTimber>0.008</WolfTimber>
			<Cougar>0.008</Cougar>
			<Warg>0.008</Warg>
			<PolarBear>0.008</PolarBear>
			<GrizzlyBear>0.008</GrizzlyBear>
			<FoxRed>0.008</FoxRed>
			<Husky>0.008</Husky>
		</wildAnimals>
    <allowedPackAnimals>
      <li>Muffalo</li>
    </allowedPackAnimals>
  </BiomeDef>

  <BiomeDef>
    <defName>IceSheet</defName>
    <label>ice sheet</label>
    <description>The surface is covered with sheets of ice which can be kilometers thick. No soil, no plants. The only animals here are migrating to somewhere else - or badly lost. Snow slows down travel, but there are ice sheets that provide smooth walking.</description>
    <workerClass>BiomeWorker_IceSheet</workerClass>
    <allowRoads>false</allowRoads>
    <allowRivers>false</allowRivers>
    <animalDensity>0.1</animalDensity>
    <plantDensity>0</plantDensity>
    <hasVirtualPlants>false</hasVirtualPlants>
    <factionBaseSelectionWeight>0.15</factionBaseSelectionWeight>
		<pathCost>
			<points>
				<li>(0, 5500)</li>
			</points>
		</pathCost>
    <texture>World/Biomes/IceSheet</texture>
    <soundsAmbient>
      <li>AmbientWind_Desolate</li>
    </soundsAmbient>
    <diseaseMtbDays>90</diseaseMtbDays>
    <diseases>
      <li>
        <diseaseInc>Disease_Flu</diseaseInc>
        <commonality>100</commonality>
      </li>
      <li>
        <diseaseInc>Disease_Plague</diseaseInc>
        <commonality>80</commonality>
      </li>
      <li>
        <diseaseInc>Disease_FibrousMechanites</diseaseInc>
        <commonality>30</commonality>
      </li>
      <li>
        <diseaseInc>Disease_SensoryMechanites</diseaseInc>
        <commonality>30</commonality>
      </li>
    </diseases>
    <terrainsByFertility>
      <li>
        <terrain>Ice</terrain>
        <min>-999</min>
        <max>999</max>
      </li>
    </terrainsByFertility>
		<terrainPatchMakers>
			<li>
				<perlinFrequency>0.015</perlinFrequency>
				<thresholds>
					<li>
						<terrain>WaterShallow</terrain>
						<min>0.76</min>
						<max>0.98</max>
					</li>
					<li>
						<terrain>WaterDeep</terrain>
						<min>0.98</min>
						<max>999</max>
					</li>
				</thresholds>
			</li>
		</terrainPatchMakers>
    <baseWeatherCommonalities>
      <Clear>12</Clear>
      <Fog>0</Fog>
      <Rain>0</Rain>
      <DryThunderstorm>2</DryThunderstorm>
      <RainyThunderstorm>0</RainyThunderstorm>
      <FoggyRain>0</FoggyRain>
      <SnowGentle>20</SnowGentle>
      <SnowHard>40</SnowHard>
    </baseWeatherCommonalities>
    <wildAnimals>
      <Snowhare>1</Snowhare>
      <Muffalo>0.08</Muffalo>
      <Megasloth>0.003</Megasloth>
      <PolarBear>0.08</PolarBear>
      <Lynx>0.01</Lynx>
      <WolfArctic>0.02</WolfArctic>
      <FoxArctic>0.02</FoxArctic>
    </wildAnimals>
    <allowedPackAnimals>
      <li>Muffalo</li>
    </allowedPackAnimals>
  </BiomeDef>

	<BiomeDef>
		<defName>SeaIce</defName>
		<label>sea ice</label>
		<description>Permanent ice sheets floating on water. There is no soil, no plants, no minerals to mine, and very few animals. Travel is very slow due to the deep snow and crevasses.</description>
		<workerClass>BiomeWorker_SeaIce</workerClass>
		<canAutoChoose>false</canAutoChoose>
    <allowRoads>false</allowRoads>
    <allowRivers>false</allowRivers>
		<animalDensity>0.05</animalDensity>
		<plantDensity>0</plantDensity>
    <hasVirtualPlants>false</hasVirtualPlants>
		<factionBaseSelectionWeight>0.01</factionBaseSelectionWeight>
		<pathCost>
			<points>
				<li>(0, 11000)</li>
			</points>
		</pathCost>
		<texture>World/Biomes/IceSheetOcean</texture>
		<soundsAmbient>
			<li>AmbientWind_Desolate</li>
		</soundsAmbient>
		<diseaseMtbDays>80</diseaseMtbDays>
		<diseases>
			<li>
				<diseaseInc>Disease_Flu</diseaseInc>
				<commonality>100</commonality>
			</li>
			<li>
				<diseaseInc>Disease_Plague</diseaseInc>
				<commonality>80</commonality>
			</li>
			<li>
				<diseaseInc>Disease_FibrousMechanites</diseaseInc>
				<commonality>30</commonality>
			</li>
			<li>
				<diseaseInc>Disease_SensoryMechanites</diseaseInc>
				<commonality>30</commonality>
			</li>
		</diseases>
		<terrainsByFertility>
			<li>
				<terrain>Ice</terrain>
				<min>-999</min>
				<max>999</max>
			</li>
		</terrainsByFertility>
		<terrainPatchMakers>
			<li>
				<perlinFrequency>0.015</perlinFrequency>
				<thresholds>
					<li>
						<terrain>WaterShallow</terrain>
						<min>0.76</min>
						<max>0.98</max>
					</li>
					<li>
						<terrain>WaterDeep</terrain>
						<min>0.98</min>
						<max>999</max>
					</li>
				</thresholds>
			</li>
		</terrainPatchMakers>
		<baseWeatherCommonalities>
			<Clear>12</Clear>
			<Fog>0</Fog>
			<Rain>0</Rain>
			<DryThunderstorm>2</DryThunderstorm>
			<RainyThunderstorm>0</RainyThunderstorm>
			<FoggyRain>0</FoggyRain>
			<SnowGentle>8</SnowGentle>
			<SnowHard>8</SnowHard>
		</baseWeatherCommonalities>
		<wildAnimals>
			<Snowhare>1</Snowhare>
			<Muffalo>0.08</Muffalo>
			<PolarBear>0.08</PolarBear>
			<WolfArctic>0.02</WolfArctic>
			<FoxArctic>0.02</FoxArctic>
		</wildAnimals>
		<allowedPackAnimals>
			<li>Muffalo</li>
		</allowedPackAnimals>
	</BiomeDef>

</Defs>