﻿<?xml version="1.0" encoding="utf-8" ?>
<Defs>

  <BiomeDef>
    <defName>TemperateForest</defName>
    <label>temperate forest</label>
    <description>Forests of deciduous trees interspersed with fertile clearings. Many species of animals move around in the trees and on the plains. Because of snow, it is slow to travel in winter.</description>
    <workerClass>BiomeWorker_TemperateForest</workerClass>
    <animalDensity>2.8</animalDensity>
    <plantDensity>0.55</plantDensity>
    <factionBaseSelectionWeight>1</factionBaseSelectionWeight>
		<pathCost>
			<points>
				<li>(0, 5500)</li>
				<li>(0.03, 1650)</li>
        <li>(0.63, 1650)</li>
        <li>(0.83, 27500)</li>
				<li>(1, 5500)</li>
			</points>
		</pathCost>
    <texture>World/Biomes/TemperateForest</texture>
    <soundsAmbient>
      <li>AmbientNightInsects_Standard</li>
    </soundsAmbient>
    <diseaseMtbDays>45</diseaseMtbDays>
    <diseases>
      <li>
        <diseaseInc>Disease_Flu</diseaseInc>
        <commonality>100</commonality>
      </li>
      <li>
        <diseaseInc>Disease_Plague</diseaseInc>
        <commonality>100</commonality>
      </li>
      <li>
        <diseaseInc>Disease_Malaria</diseaseInc>
        <commonality>100</commonality>
      </li>
      <li>
        <diseaseInc>Disease_FibrousMechanites</diseaseInc>
        <commonality>30</commonality>
      </li>
      <li>
        <diseaseInc>Disease_SensoryMechanites</diseaseInc>
        <commonality>30</commonality>
      </li>
      <li>
        <diseaseInc>Disease_GutWorms</diseaseInc>
        <commonality>50</commonality>
      </li>
      <li>
        <diseaseInc>Disease_MuscleParasites</diseaseInc>
        <commonality>50</commonality>
      </li>
    </diseases>
    <terrainsByFertility>
      <li>
        <terrain>Soil</terrain>
        <min>-999</min>
        <max>0.87</max>
      </li>
      <li>
        <terrain>SoilRich</terrain>
        <min>0.87</min>
        <max>999</max>
      </li>
    </terrainsByFertility>
    <terrainPatchMakers>
      <li>
        <perlinFrequency>0.015</perlinFrequency>
        <thresholds>
          <li>
            <terrain>SoilRich</terrain>
            <min>0.73</min>
            <max>0.80</max>
          </li>
          <li>
            <terrain>Mud</terrain>
            <min>0.80</min>
            <max>0.93</max>
          </li>
          <li>
            <terrain>WaterShallow</terrain>
            <min>0.93</min>
            <max>1.06</max>
          </li>
          <li>
            <terrain>WaterDeep</terrain>
            <min>1.06</min>
            <max>999</max>
          </li>
        </thresholds>
      </li>
    </terrainPatchMakers>
    <baseWeatherCommonalities>
      <Clear>18</Clear>
      <Fog>1</Fog>
      <Rain>2</Rain>
      <DryThunderstorm>1</DryThunderstorm>
      <RainyThunderstorm>1</RainyThunderstorm>
      <FoggyRain>1</FoggyRain>
      <SnowGentle>4</SnowGentle>
      <SnowHard>4</SnowHard>
    </baseWeatherCommonalities>
    <wildPlants>
			<PlantGrass>8.0</PlantGrass>
			<PlantDandelion>0.8</PlantDandelion>
			<PlantBush>0.7</PlantBush>
			<PlantTreeOak>0.5</PlantTreeOak>
			<PlantTreePoplar>0.5</PlantTreePoplar>
			<PlantRaspberry>0.1</PlantRaspberry>
			<PlantWildHealroot>0.05</PlantWildHealroot>
		</wildPlants>
    <wildAnimals>
			<Hare>1.00</Hare>
			<Squirrel>1.00</Squirrel>
			<Rat>0.8</Rat>
			<Deer>0.5</Deer>
			<WildBoar>0.5</WildBoar>
			<Turkey>0.5</Turkey>
			<Raccoon>0.4</Raccoon>
			<Tortoise>0.4</Tortoise>
			<Ibex>0.3</Ibex>
			<Boomrat>0.25</Boomrat>
			<Muffalo>0.2</Muffalo>
			<Boomalope>0.2</Boomalope>
			<Alpaca>0.1</Alpaca>
			<Emu>0.1</Emu>
			<Ostrich>0.1</Ostrich>
			<Gazelle>0.05</Gazelle>
			<WolfTimber>0.04</WolfTimber>
			<FoxRed>0.04</FoxRed>
			<Megasloth>0.04</Megasloth>
			<GrizzlyBear>0.022</GrizzlyBear>
			<Warg>0.012</Warg>
			<Cougar>0.012</Cougar>
      <Lynx>0.008</Lynx>
    </wildAnimals>
    <allowedPackAnimals>
      <li>Muffalo</li>
    </allowedPackAnimals>
  </BiomeDef>

  <BiomeDef>
    <defName>TropicalRainforest</defName>
    <label>tropical rainforest</label>
    <description>A thick, moist jungle. Despite its visual beauty, this is a very dangerous biome. Choking overgrowth, aggressive animals, and constant disease are why some explorers call this the "green hell".</description>
    <workerClass>BiomeWorker_TropicalRainforest</workerClass>
    <animalDensity>4.0</animalDensity>
    <plantDensity>0.85</plantDensity>
    <factionBaseSelectionWeight>0.7</factionBaseSelectionWeight>
    <pathCost>
      <points>
        <li>(0, 11000)</li>
      </points>
    </pathCost>
    <texture>World/Biomes/TropicalRainforest</texture>
    <soundsAmbient>
      <li>AmbientNightInsects_Jungle</li>
      <li>AmbientDayInsects_Jungle</li>
    </soundsAmbient>
    <diseaseMtbDays>30</diseaseMtbDays>
    <diseases>
      <li>
        <diseaseInc>Disease_Flu</diseaseInc>
        <commonality>100</commonality>
      </li>
      <li>
        <diseaseInc>Disease_Plague</diseaseInc>
        <commonality>100</commonality>
      </li>
      <li>
        <diseaseInc>Disease_Malaria</diseaseInc>
        <commonality>160</commonality>
      </li>
      <li>
        <diseaseInc>Disease_SleepingSickness</diseaseInc>
        <commonality>140</commonality>
      </li>
      <li>
        <diseaseInc>Disease_FibrousMechanites</diseaseInc>
        <commonality>30</commonality>
      </li>
      <li>
        <diseaseInc>Disease_SensoryMechanites</diseaseInc>
        <commonality>30</commonality>
      </li>
      <li>
        <diseaseInc>Disease_GutWorms</diseaseInc>
        <commonality>80</commonality>
      </li>
      <li>
        <diseaseInc>Disease_MuscleParasites</diseaseInc>
        <commonality>80</commonality>
      </li>
    </diseases>
    <terrainsByFertility>
      <li>
        <terrain>Soil</terrain>
        <min>-999</min>
        <max>0.87</max>
      </li>
      <li>
        <terrain>SoilRich</terrain>
        <min>0.87</min>
        <max>999</max>
      </li>
    </terrainsByFertility>
    <terrainPatchMakers>
      <li>
        <perlinFrequency>0.04</perlinFrequency>
        <thresholds>
          <li>
            <terrain>MarshyTerrain</terrain>
            <min>0.7</min>
            <max>999</max>
          </li>
        </thresholds>
      </li>
      <li>
        <perlinFrequency>0.035</perlinFrequency>
        <thresholds>
          <li>
            <terrain>MarshyTerrain</terrain>
            <min>0.64</min>
            <max>0.87</max>
          </li>
          <li>
            <terrain>Marsh</terrain>
            <min>0.87</min>
            <max>999</max>
          </li>
        </thresholds>
      </li>
    </terrainPatchMakers>
    <baseWeatherCommonalities>
      <Clear>18</Clear>
      <Fog>1</Fog>
      <Rain>2</Rain>
      <DryThunderstorm>0.3</DryThunderstorm>
      <RainyThunderstorm>1.7</RainyThunderstorm>
      <FoggyRain>1</FoggyRain>
      <SnowGentle>4</SnowGentle>
      <SnowHard>4</SnowHard>
    </baseWeatherCommonalities>
    <wildPlants>
			<PlantTallGrass>7.0</PlantTallGrass>
			<PlantDandelion>0.8</PlantDandelion>
			<PlantBush>0.7</PlantBush>
			<PlantTreeCecropia>0.6</PlantTreeCecropia>
			<PlantTreeTeak>0.3</PlantTreeTeak>
			<PlantRaspberry>0.1</PlantRaspberry>
		</wildPlants>
    <wildAnimals>
			<Rat>1</Rat>
			<Monkey>1</Monkey>
			<WildBoar>1</WildBoar>
			<Boomalope>0.7</Boomalope>
			<Capybara>0.7</Capybara>
			<Cassowary>0.7</Cassowary>
			<Tortoise>0.6</Tortoise>
			<Chinchilla>0.6</Chinchilla>
			<Alpaca>0.5</Alpaca>
			<Turkey>0.2</Turkey>
			<Emu>0.2</Emu>
			<Cobra>0.17</Cobra>
			<Panther>0.09</Panther>
			<Elephant>0.1</Elephant>
		</wildAnimals>
    <allowedPackAnimals>
      <li>Muffalo</li>
    </allowedPackAnimals>
  </BiomeDef>

</Defs>