﻿<?xml version="1.0" encoding="utf-8" ?>
<Defs>

  <BiomeDef>
    <defName>AridShrubland</defName>
    <label>arid shrubland</label>
    <description>A dry region, but not dry enough to become a true desert. Open plains with grasses and bushes give way to scattered groves of trees. Plants are hardy and there is a moderate density of animals.</description>
    <workerClass>BiomeWorker_AridShrubland</workerClass>
    <animalDensity>1.3</animalDensity>
    <plantDensity>0.16</plantDensity>
    <factionBaseSelectionWeight>0.95</factionBaseSelectionWeight>
    <pathCost>
      <points>
        <li>(0, 0)</li>
      </points>
    </pathCost>
    <texture>World/Biomes/AridShrubland</texture>
    <soundsAmbient>
      <li>AmbientNightInsects_Standard</li>
    </soundsAmbient>
    <diseaseMtbDays>60</diseaseMtbDays>
    <diseases>
      <li>
        <diseaseInc>Disease_Flu</diseaseInc>
        <commonality>100</commonality>
      </li>
      <li>
        <diseaseInc>Disease_Plague</diseaseInc>
        <commonality>100</commonality>
      </li>
      <li>
        <diseaseInc>Disease_FibrousMechanites</diseaseInc>
        <commonality>30</commonality>
      </li>
      <li>
        <diseaseInc>Disease_SensoryMechanites</diseaseInc>
        <commonality>30</commonality>
      </li>
      <li>
        <diseaseInc>Disease_GutWorms</diseaseInc>
        <commonality>60</commonality>
      </li>
      <li>
        <diseaseInc>Disease_MuscleParasites</diseaseInc>
        <commonality>60</commonality>
      </li>
    </diseases>
    <terrainsByFertility>
      <li>
        <terrain>Sand</terrain>
        <min>-999</min>
        <max>0.45</max>
      </li>
      <li>
        <terrain>Soil</terrain>
        <min>0.45</min>
        <max>0.90</max>
      </li>
      <li>
        <terrain>SoilRich</terrain>
        <min>0.90</min>
        <max>999</max>
      </li>
    </terrainsByFertility>
    <baseWeatherCommonalities>
      <Clear>18</Clear>
      <Fog>1</Fog>
      <Rain>2</Rain>
      <DryThunderstorm>1</DryThunderstorm>
      <RainyThunderstorm>1</RainyThunderstorm>
      <FoggyRain>0.5</FoggyRain>
      <SnowGentle>4</SnowGentle>
      <SnowHard>4</SnowHard>
    </baseWeatherCommonalities>
    <wildPlants>
			<PlantGrass>7.0</PlantGrass>
			<PlantDandelion>0.8</PlantDandelion>
			<PlantBush>0.7</PlantBush>
			<PlantPincushionCactus>0.6</PlantPincushionCactus>
			<PlantTreePoplar>0.35</PlantTreePoplar>
			<PlantAgave>0.3</PlantAgave>
			<PlantSaguaroCactus>0.3</PlantSaguaroCactus>
			<PlantTreeOak>0.25</PlantTreeOak>
			<PlantRaspberry>0.1</PlantRaspberry>
    </wildPlants>
    <wildAnimals>
      <Muffalo>0.5</Muffalo>
      <Gazelle>0.5</Gazelle>
      <Ibex>0.3</Ibex>
      <Alpaca>0.2</Alpaca>
      <Elephant>0.5</Elephant>
      <Squirrel>1</Squirrel>
      <Boomrat>1</Boomrat>
      <Iguana>0.2</Iguana>
      <Rhinoceros>0.15</Rhinoceros>
      <WildBoar>0.4</WildBoar>
      <Boomalope>0.5</Boomalope>
      <Emu>0.3</Emu>
      <Ostrich>0.5</Ostrich>
      <Rat>1.0</Rat>
      <Megasloth>0.03</Megasloth>
      <Cougar>0.08</Cougar>
      <WolfTimber>0.01</WolfTimber>
      <FoxFennec>0.03</FoxFennec>
    </wildAnimals>
    <allowedPackAnimals>
      <li>Muffalo</li>
      <li>Dromedary</li>
    </allowedPackAnimals>
  </BiomeDef>

  <BiomeDef>
    <defName>Desert</defName>
    <label>desert</label>
    <description>A very dry area which supports little life. Deserts can be hot, or quite cold.</description>
    <workerClass>BiomeWorker_Desert</workerClass>
    <animalDensity>0.25</animalDensity>
    <plantDensity>0.05</plantDensity>
    <factionBaseSelectionWeight>0.65</factionBaseSelectionWeight>
    <pathCost>
      <points>
        <li>(0, 0)</li>
      </points>
    </pathCost>
    <texture>World/Biomes/Desert</texture>
    <diseaseMtbDays>80</diseaseMtbDays>
    <diseases>
      <li>
        <diseaseInc>Disease_Flu</diseaseInc>
        <commonality>100</commonality>
      </li>
      <li>
        <diseaseInc>Disease_Plague</diseaseInc>
        <commonality>80</commonality>
      </li>
      <li>
        <diseaseInc>Disease_FibrousMechanites</diseaseInc>
        <commonality>30</commonality>
      </li>
      <li>
        <diseaseInc>Disease_SensoryMechanites</diseaseInc>
        <commonality>30</commonality>
      </li>
      <li>
        <diseaseInc>Disease_GutWorms</diseaseInc>
        <commonality>60</commonality>
      </li>
      <li>
        <diseaseInc>Disease_MuscleParasites</diseaseInc>
        <commonality>60</commonality>
      </li>
    </diseases>
    <terrainsByFertility>
      <li>
        <terrain>Sand</terrain>
        <min>-999</min>
        <max>0.80</max>
      </li>
      <li>
        <terrain>Soil</terrain>
        <min>0.80</min>
        <max>999</max>
      </li>
    </terrainsByFertility>
    <baseWeatherCommonalities>
      <Clear>18</Clear>
      <Rain>2</Rain>
      <DryThunderstorm>1</DryThunderstorm>
      <RainyThunderstorm>1</RainyThunderstorm>
      <SnowGentle>4</SnowGentle>
      <SnowHard>4</SnowHard>
    </baseWeatherCommonalities>
    <wildPlants>
			<PlantGrass>6</PlantGrass>
			<PlantSaguaroCactus>1</PlantSaguaroCactus>
			<PlantPincushionCactus>1</PlantPincushionCactus>
			<PlantDandelion>0.5</PlantDandelion>
			<PlantTreePoplar>0.45</PlantTreePoplar>
			<PlantAgave>0.25</PlantAgave>
			<PlantBush>0.25</PlantBush>
		</wildPlants>
    <wildAnimals>
      <Gazelle>0.1</Gazelle>
      <Emu>0.02</Emu>
      <Megascarab>1</Megascarab>
      <Iguana>0.7</Iguana>
      <Dromedary>0.5</Dromedary>
      <Boomalope>0.2</Boomalope>
      <Ostrich>0.2</Ostrich>
      <Rat>0.30</Rat>
      <Cougar>0.02</Cougar>
      <FoxFennec>0.02</FoxFennec>
    </wildAnimals>
    <allowedPackAnimals>
      <li>Muffalo</li>
      <li>Dromedary</li>
    </allowedPackAnimals>
  </BiomeDef>

  <BiomeDef>
    <defName>ExtremeDesert</defName>
    <label>extreme desert</label>
    <description>An extremely hot, dry area, devoid of almost all living creatures. Immense heat and limited vegetation make it very difficult to survive here, even for well-adapted animals.</description>
    <workerClass>BiomeWorker_ExtremeDesert</workerClass>
    <animalDensity>0.05</animalDensity>
    <plantDensity>0.002</plantDensity>
    <hasVirtualPlants>false</hasVirtualPlants>
    <factionBaseSelectionWeight>0.42</factionBaseSelectionWeight>
		<pathCost>
			<points>
				<li>(0, 0)</li>
			</points>
		</pathCost>
    <texture>World/Biomes/ExtremeDesert</texture>
    <diseaseMtbDays>90</diseaseMtbDays>
    <diseases>
      <li>
        <diseaseInc>Disease_Flu</diseaseInc>
        <commonality>100</commonality>
      </li>
      <li>
        <diseaseInc>Disease_Plague</diseaseInc>
        <commonality>80</commonality>
      </li>
      <li>
        <diseaseInc>Disease_FibrousMechanites</diseaseInc>
        <commonality>30</commonality>
      </li>
      <li>
        <diseaseInc>Disease_SensoryMechanites</diseaseInc>
        <commonality>30</commonality>
      </li>
      <li>
        <diseaseInc>Disease_GutWorms</diseaseInc>
        <commonality>40</commonality>
      </li>
      <li>
        <diseaseInc>Disease_MuscleParasites</diseaseInc>
        <commonality>40</commonality>
      </li>
    </diseases>
    <terrainsByFertility>
      <li>
        <terrain>Sand</terrain>
        <min>-999</min>
        <max>999</max>
      </li>
    </terrainsByFertility>
    <baseWeatherCommonalities>
      <Clear>18</Clear>
      <Rain>1</Rain>
      <DryThunderstorm>1</DryThunderstorm>
      <RainyThunderstorm>1</RainyThunderstorm>
      <SnowGentle>1.5</SnowGentle>
      <SnowHard>1</SnowHard>
    </baseWeatherCommonalities>
    <wildPlants>
			<PlantGrass>6</PlantGrass>
			<PlantSaguaroCactus>1</PlantSaguaroCactus>
			<PlantAgave>0.25</PlantAgave>
		</wildPlants>
    <wildAnimals>
      <Megascarab>1</Megascarab>
      <Iguana>0.3</Iguana>
      <Rat>0.15</Rat>
      <Dromedary>0.15</Dromedary>
      <FoxFennec>0.04</FoxFennec>
    </wildAnimals>
    <allowedPackAnimals>
      <li>Muffalo</li>
      <li>Dromedary</li>
    </allowedPackAnimals>
  </BiomeDef>

</Defs>