﻿<?xml version="1.0" encoding="utf-8" ?>
<Defs>

	<RecipeDef>
		<defName>ButcherCorpseFlesh</defName>
		<label>butcher creature</label>
		<description>Butchers a creature to obtain its meat in usable form.</description>
		<jobString>Butchering.</jobString>
		<workAmount>450</workAmount>
		<workSpeedStat>ButcheryFleshSpeed</workSpeedStat>
    <workSkill>Cooking</workSkill>
		<efficiencyStat>ButcheryFleshEfficiency</efficiencyStat>
    <effectWorking>ButcherFlesh</effectWorking>
    <soundWorking>Recipe_ButcherCorpseFlesh</soundWorking>
    <ingredients>
			<li>
				<filter>
					<categories>
						<li>Corpses</li>
					</categories>
				</filter>
				<count>1</count>
			</li>
		</ingredients>
		<specialProducts>
			<li>Butchery</li>
		</specialProducts>
		<fixedIngredientFilter>
			<categories>
				<li>Corpses</li>
			</categories>
			<exceptedCategories>
				<li>CorpsesMechanoid</li>
			</exceptedCategories>
      <specialFiltersToDisallow>
        <li>AllowRotten</li>
      </specialFiltersToDisallow>
		</fixedIngredientFilter>
		<defaultIngredientFilter>
			<categories>
				<li>CorpsesAnimal</li>
			</categories>
		</defaultIngredientFilter>
	</RecipeDef>
  
  <RecipeDef>
    <defName>ButcherCorpseMechanoid</defName>
    <label>disassemble mechanoid</label>
    <description>Disassembles a dead mechanoid into its component parts.</description>
    <jobString>Disassembling mechanoid.</jobString>
    <workAmount>300</workAmount>
    <workSpeedStat>ButcheryMechanoidSpeed</workSpeedStat>
    <workSkill>Crafting</workSkill>
    <efficiencyStat>ButcheryMechanoidEfficiency</efficiencyStat>
    <effectWorking>ButcherMechanoid</effectWorking>
    <soundWorking>Recipe_ButcherCorpseMechanoid</soundWorking>
    <ingredients>
      <li>
        <filter>
          <categories>
            <li>Corpses</li>
          </categories>
        </filter>
        <count>1</count>
      </li>
    </ingredients>
    <specialProducts>
      <li>Butchery</li>
    </specialProducts>
    <fixedIngredientFilter>
      <categories>
        <li>CorpsesMechanoid</li>
      </categories>
    </fixedIngredientFilter>
  </RecipeDef>


  
</Defs>