﻿<?xml version="1.0" encoding="utf-8" ?>
<Defs>

  <RecipeDef>
    <defName>CremateCorpse</defName>
    <label>cremate corpse</label>
    <description>Cremate a corpse to completely destroy it.</description>
    <jobString>Cremating.</jobString>
    <workAmount>300</workAmount>
    <effectWorking>Cremate</effectWorking>
    <soundWorking>Recipe_Cremate</soundWorking>
    <autoStripCorpses>false</autoStripCorpses>
    <ingredients>
      <li>
        <filter>
          <categories>
            <li>Corpses</li>
          </categories>
        </filter>
        <count>1</count>
      </li>
    </ingredients>
    <fixedIngredientFilter>
      <categories>
        <li>Corpses</li>
      </categories>
      <disallowedCategories>
        <li>CorpsesMechanoid</li>
      </disallowedCategories>
    </fixedIngredientFilter>
    <defaultIngredientFilter>
      <thingDefs>
        <li>Corpse_Human</li>
      </thingDefs>
      <specialFiltersToAllow>
        <li>AllowCorpsesColonist</li>
        <li>AllowCorpsesStranger</li>
      </specialFiltersToAllow>
    </defaultIngredientFilter>
  </RecipeDef>

  <RecipeDef Name="BurnApparel">
    <defName>BurnApparel</defName>
    <label>burn apparel</label>
    <description>Burn unwanted apparel to completely destroy it.</description>
    <jobString>Burning apparel.</jobString>
    <workAmount>200</workAmount>
    <requiredGiverWorkType>Hauling</requiredGiverWorkType>
    <effectWorking>Cremate</effectWorking>
    <soundWorking>Recipe_Cremate</soundWorking>
    <ingredients>
      <li>
        <filter>
          <categories>
            <li>Apparel</li>
          </categories>
        </filter>
        <count>1</count>
      </li>
    </ingredients>
    <fixedIngredientFilter>
      <categories>
        <li>Apparel</li>
      </categories>
    </fixedIngredientFilter>
  </RecipeDef>

  <RecipeDef ParentName="BurnApparel">
    <defName>BurnApparelCampfire</defName>
    <workAmount>350</workAmount>
  </RecipeDef>

	<RecipeDef>
		<defName>BurnDrugs</defName>
		<label>burn drugs</label>
		<description>Burn unwanted drugs to completely destroy them.</description>
		<jobString>Burning drugs.</jobString>
		<workAmount>40</workAmount>
		<requiredGiverWorkType>Hauling</requiredGiverWorkType>
		<effectWorking>BurnDrug</effectWorking>
		<soundWorking>Recipe_Cremate</soundWorking>
		<conceptLearned>DrugBurning</conceptLearned>
		<ingredients>
			<li>
				<filter>
					<categories>
						<li>Drugs</li>
					</categories>
				</filter>
				<count>1</count>
			</li>
		</ingredients>
		<fixedIngredientFilter>
			<categories>
				<li>Drugs</li>
			</categories>
		</fixedIngredientFilter>
	</RecipeDef>

</Defs>
