﻿<?xml version="1.0" encoding="utf-8" ?>

<DamageArmorCategoryDefs>
  <DamageArmorCategoryDef>
    <defName>Blunt</defName>
    <multStat>BluntDamageMultiplier</multStat>
    <deflectionStat>ArmorRating_Blunt</deflectionStat>
  </DamageArmorCategoryDef>

  <DamageArmorCategoryDef>
    <defName>Sharp</defName>
    <multStat>SharpDamageMultiplier</multStat>
    <deflectionStat>ArmorRating_Sharp</deflectionStat>
  </DamageArmorCategoryDef>

  <DamageArmorCategoryDef>
    <defName>Heat</defName>
    <deflectionStat>ArmorRating_Heat</deflectionStat>
  </DamageArmorCategoryDef>

  <DamageArmorCategoryDef>
    <defName>Electric</defName>
    <deflectionStat>ArmorRating_Electric</deflectionStat>
  </DamageArmorCategoryDef>
</DamageArmorCategoryDefs>
