﻿<?xml version="1.0" encoding="utf-8"?>
<DefPackage-HairDef>
  <HairDef>
    <defName>Afro</defName>
    <label>afro</label>
    <hairGender>Any</hairGender>
    <texPath>Things/Pawn/Humanlike/Hairs/Afro</texPath>
		<hairTags>
			<li>Urban</li>
		</hairTags>
  </HairDef>
  <HairDef>
    <defName>Bob</defName>
    <label>bob</label>
    <hairGender>Female</hairGender>
    <texPath>Things/Pawn/Humanlike/Hairs/Bob</texPath>
    <hairTags>
			<li>Urban</li>
		</hairTags>
  </HairDef>
  <HairDef>
    <defName>Burgundy</defName>
    <label>burgundy</label>
    <hairGender>Male</hairGender>
    <texPath>Things/Pawn/Humanlike/Hairs/Burgundy</texPath>
		<hairTags>
			<li>Urban</li>
		</hairTags>
  </HairDef>
  <HairDef>
    <defName>Flowy</defName>
    <label>flowy</label>
    <hairGender>Female</hairGender>
    <texPath>Things/Pawn/Humanlike/Hairs/Flowy</texPath>
		<hairTags>
			<li>Urban</li>
			<li>Rural</li>
		</hairTags>
  </HairDef>
  <HairDef>
    <defName>Long</defName>
    <label>long</label>
    <hairGender>Female</hairGender>
    <texPath>Things/Pawn/Humanlike/Hairs/Long</texPath>
    <hairTags>
			<li>Urban</li>
			<li>Rural</li>
		</hairTags>
  </HairDef>
  <HairDef>
    <defName>Mohawk</defName>
    <label>mohawk</label>
    <hairGender>MaleUsually</hairGender>
    <texPath>Things/Pawn/Humanlike/Hairs/Mohawk</texPath>
    <hairTags>
			<li>Urban</li>
			<li>Punk</li>
		</hairTags>
  </HairDef>
  <HairDef>
    <defName>Mop</defName>
    <label>mop</label>
    <hairGender>MaleUsually</hairGender>
    <texPath>Things/Pawn/Humanlike/Hairs/Mop</texPath>
		<hairTags>
			<li>Urban</li>
			<li>Rural</li>
		</hairTags>
  </HairDef>
  <HairDef>
    <defName>Pigtails</defName>
    <label>pigtails</label>
    <hairGender>Female</hairGender>
    <texPath>Things/Pawn/Humanlike/Hairs/Pigtails</texPath>
    <hairTags>
			<li>Urban</li>
		</hairTags>
  </HairDef>
  <HairDef>
    <defName>Shaved</defName>
    <label>shaved</label>
    <hairGender>MaleUsually</hairGender>
    <texPath>Things/Pawn/Humanlike/Hairs/Shaved</texPath>
		<hairTags>
			<li>Urban</li>
			<li>Punk</li>
			<li>Rural</li>
			<li>Tribal</li>
		</hairTags>
  </HairDef>
  <HairDef>
    <defName>Spikes</defName>
    <label>spikes</label>
    <hairGender>MaleUsually</hairGender>
    <texPath>Things/Pawn/Humanlike/Hairs/Spikes</texPath>
		<hairTags>
			<li>Urban</li>
			<li>Punk</li>
		</hairTags>
  </HairDef>
  <HairDef>
    <defName>Tuft</defName>
    <label>tuft</label>
    <hairGender>MaleUsually</hairGender>
    <texPath>Things/Pawn/Humanlike/Hairs/Tuft</texPath>
    <hairTags>
			<li>Punk</li>
			<li>Tribal</li>
		</hairTags>
  </HairDef>
  <HairDef>
    <defName>Wavy</defName>
    <label>wavy</label>
    <hairGender>Any</hairGender>
    <texPath>Things/Pawn/Humanlike/Hairs/Wavy</texPath>
		<hairTags>
			<li>Urban</li>
			<li>Rural</li>
		</hairTags>
  </HairDef>


  <HairDef>
    <defName>BraidedKnot</defName>
    <label>braided knot</label>
    <hairGender>Any</hairGender>
    <texPath>Things/Pawn/Humanlike/Hairs/Braidbun</texPath>
    <hairTags>
      <li>Punk</li>
      <li>Tribal</li>
    </hairTags>
  </HairDef>

  <HairDef>
    <defName>Topdog</defName>
    <label>topdog</label>
    <hairGender>Male</hairGender>
    <texPath>Things/Pawn/Humanlike/Hairs/Topdog</texPath>
    <hairTags>
      <li>Urban</li>
      <li>Punk</li>
    </hairTags>
  </HairDef>

  <HairDef>
    <defName>Senorita</defName>
    <label>senorita</label>
    <hairGender>Female</hairGender>
    <texPath>Things/Pawn/Humanlike/Hairs/Senorita</texPath>
    <hairTags>
      <li>Urban</li>
      <li>Rural</li>
    </hairTags>
  </HairDef>

  <HairDef>
    <defName>ScorpionTail</defName>
    <label>scorpion tail</label>
    <hairGender>Any</hairGender>
    <texPath>Things/Pawn/Humanlike/Hairs/Scorpiontail</texPath>
    <hairTags>
      <li>Punk</li>
      <li>Tribal</li>
    </hairTags>
  </HairDef>

  <HairDef>
    <defName>BriefPonytail</defName>
    <label>brief ponytail</label>
    <hairGender>Male</hairGender>
    <texPath>Things/Pawn/Humanlike/Hairs/Gaston</texPath>
    <hairTags>
      <li>Rural</li>
    </hairTags>
  </HairDef>

  <HairDef>
    <defName>Troubadour</defName>
    <label>troubadour</label>
    <hairGender>Male</hairGender>
    <texPath>Things/Pawn/Humanlike/Hairs/Troubadour</texPath>
    <hairTags>
      <li>Urban</li>
    </hairTags>
  </HairDef>

  <HairDef>
    <defName>Messy</defName>
    <label>messy</label>
    <hairGender>Male</hairGender>
    <texPath>Things/Pawn/Humanlike/Hairs/Mess</texPath>
    <hairTags>
      <li>Urban</li>
      <li>Rural</li>
    </hairTags>
  </HairDef>

  <HairDef>
    <defName>Princess</defName>
    <label>princess</label>
    <hairGender>Female</hairGender>
    <texPath>Things/Pawn/Humanlike/Hairs/Princess</texPath>
    <hairTags>
      <li>Rural</li>
    </hairTags>
  </HairDef>

  <HairDef>
    <defName>Firestarter</defName>
    <label>firestarter</label>
    <hairGender>MaleUsually</hairGender>
    <texPath>Things/Pawn/Humanlike/Hairs/Firestarter</texPath>
    <hairTags>
      <li>Punk</li>
    </hairTags>
  </HairDef>

  <HairDef>
    <defName>GreasySwoop</defName>
    <label>greasy swoop</label>
    <hairGender>Male</hairGender>
    <texPath>Things/Pawn/Humanlike/Hairs/GreasySwoop</texPath>
    <hairTags>
      <li>Urban</li>
    </hairTags>
  </HairDef>

  <HairDef>
    <defName>Curly</defName>
    <label>curly</label>
    <hairGender>Female</hairGender>
    <texPath>Things/Pawn/Humanlike/Hairs/Curly</texPath>
    <hairTags>
      <li>Urban</li>
      <li>Rural</li>
    </hairTags>
  </HairDef>

  <HairDef>
    <defName>Scatman</defName>
    <label>scatman</label>
    <hairGender>Male</hairGender>
    <texPath>Things/Pawn/Humanlike/Hairs/Scat</texPath>
    <hairTags>
      <li>Rural</li>
    </hairTags>
  </HairDef>

</DefPackage-HairDef>