﻿<?xml version="1.0" encoding="utf-8" ?>
<Defs>

  <ThingDef ParentName="PlantBase">
    <defName>Plant_Rose</defName>
    <label>rose</label>
    <description>A beautiful cultivated flower, the rose has been a symbol of love since Earth's ancient era.</description>
    <statBases>
      <MaxHitPoints>85</MaxHitPoints>
      <Beauty>14</Beauty>
      <Nutrition>0.05</Nutrition>
    </statBases>
    <graphicData>
      <texPath>Things/Plant/Rose</texPath>
      <graphicClass>Graphic_Random</graphicClass>
    </graphicData>
    <altitudeLayer>Item</altitudeLayer>
    <selectable>true</selectable>
    <ingestible />
    <plant>
			<dieIfLeafless>true</dieIfLeafless>
			<harvestTag>Standard</harvestTag>
			<sowWork>960</sowWork>
			<sowTags>
				<li>Ground</li>
				<li>Decorative</li>
			</sowTags>
			<growMinGlow>0.3</growMinGlow>
			<topWindExposure>0.1</topWindExposure>
			<growDays>1.5</growDays>
			<lifespanFraction>5</lifespanFraction>
			<visualSizeRange>
        <min>0.3</min>
        <max>1.05</max>
      </visualSizeRange>
      <wildOrder>1</wildOrder>
      <purpose>Beauty</purpose>
    </plant>
  </ThingDef>

  <ThingDef ParentName="PlantBase">
    <defName>Plant_Daylily</defName>
    <label>daylily</label>
    <description>A cultivated flower with wide petals and a short lifespan. Daylilies are very beautiful, but must be replanted often.</description>
    <statBases>
      <MaxHitPoints>85</MaxHitPoints>
      <Beauty>18</Beauty>
      <Nutrition>0.05</Nutrition>
    </statBases>
    <graphicData>
      <texPath>Things/Plant/Daylily</texPath>
      <graphicClass>Graphic_Random</graphicClass>
    </graphicData>
    <altitudeLayer>Item</altitudeLayer>
    <selectable>true</selectable>
    <ingestible />
    <plant>
      <dieIfLeafless>true</dieIfLeafless>
      <harvestTag>Standard</harvestTag>
      <sowWork>960</sowWork>
      <sowTags>
        <li>Ground</li>
        <li>Decorative</li>
      </sowTags>
      <growMinGlow>0.3</growMinGlow>
      <topWindExposure>0.1</topWindExposure>
      <growDays>1.5</growDays>
      <lifespanFraction>3</lifespanFraction>
      <visualSizeRange>
        <min>0.3</min>
        <max>1.05</max>
      </visualSizeRange>
      <wildOrder>1</wildOrder>
      <purpose>Beauty</purpose>
    </plant>
  </ThingDef>

</Defs>
