﻿<?xml version="1.0" encoding="utf-8" ?>
<Defs>

  <ThingDef ParentName="DeciduousTreeBase">
    <defName>Plant_TreeWillow</defName>
    <label>willow tree</label>
    <description>One of the fastest growing shade trees, willows provide a beautiful, leafy canopy. It doesn't yield much usable wood.</description>
    <graphicData>
      <texPath>Things/Plant/TreeWillow</texPath>
      <graphicClass>Graphic_Random</graphicClass>
      <shadowData>
        <volume>(0.2, 0.3, 0.13)</volume>
        <offset>(0,0,-0.44)</offset>
      </shadowData>
      <shaderParameters>
        <_FallColorSource>(0.373, 0.427, 0.313)</_FallColorSource>
        <_FallTransitionRange>(0.02, 0.14)</_FallTransitionRange>
      </shaderParameters>
    </graphicData>
    <statBases>
      <Beauty>2</Beauty>
    </statBases>
    <plant>
      <growDays>13</growDays>
      <leaflessGraphicPath>Things/Plant/TreeWillow_Leafless</leaflessGraphicPath>
      <harvestWork>800</harvestWork>
      <harvestYield>17</harvestYield>
      <wildClusterRadius>17</wildClusterRadius>
      <wildClusterWeight>25</wildClusterWeight>
      <visualSizeRange>
        <min>1.1</min>
        <max>1.95</max>
      </visualSizeRange>
    </plant>
  </ThingDef>

  <ThingDef ParentName="DeciduousTreeBase">
    <defName>Plant_TreeCypress</defName>
    <label>cypress tree</label>
    <description>A tall coniferous tree often found in swamps. Despite its slow growth, planting these trees can be profitable as a low-effort, long-term investment because they yield so much usable wood.</description>
    <graphicData>
      <texPath>Things/Plant/TreeCypress</texPath>
      <graphicClass>Graphic_Random</graphicClass>
      <shadowData>
        <volume>(0.24, 0.4, 0.13)</volume>
        <offset>(-0.03,0,-0.44)</offset>
      </shadowData>
      <shaderParameters>
        <_FallColorSource>(0.373, 0.427, 0.313)</_FallColorSource>
        <_FallTransitionRange>(0.02, 0.14)</_FallTransitionRange>
      </shaderParameters>
    </graphicData>
    <statBases>
      <Beauty>1</Beauty>
    </statBases>
    <plant>
      <growDays>35</growDays>
      <leaflessGraphicPath>Things/Plant/TreeCypress_Leafless</leaflessGraphicPath>
      <harvestWork>2200</harvestWork>
      <harvestYield>43</harvestYield>
      <wildClusterRadius>17</wildClusterRadius>
      <wildClusterWeight>25</wildClusterWeight>
      <visualSizeRange>
        <min>1.5</min>
        <max>2.3</max>
      </visualSizeRange>
    </plant>
  </ThingDef>

  <ThingDef ParentName="DeciduousTreeBase">
    <defName>Plant_TreeMaple</defName>
    <label>maple tree</label>
    <description>A common medium-sized tree, easily identifiable by its distinct three-pointed leaf.</description>
    <graphicData>
      <texPath>Things/Plant/TreeMaple</texPath>
      <graphicClass>Graphic_Random</graphicClass>
      <shadowData>
        <volume>(0.14, 0.32, 0.12)</volume>
        <offset>(0,0,-0.44)</offset>
      </shadowData>
    </graphicData>
    <statBases>
      <Beauty>2</Beauty>
    </statBases>
    <plant>
      <growDays>25</growDays>
      <leaflessGraphicPath>Things/Plant/TreeMaple_Leafless</leaflessGraphicPath>
      <harvestWork>700</harvestWork>
      <harvestYield>25</harvestYield>
      <wildClusterRadius>17</wildClusterRadius>
      <wildClusterWeight>25</wildClusterWeight>
    </plant>
  </ThingDef>

  <ThingDef ParentName="PlantBase">
    <defName>Plant_Chokevine</defName>
    <label>chokevine</label>
    <description>Tangled masses of cord-like, spiky vines which coil in great masses along the ground. Chokevine greatky slows down anyone who moves over it. Multiple tribes have independently generated stories of chokevine strangling children to death in the night, as a way to scare kids into coming home before dark.</description>
    <statBases>
      <MaxHitPoints>100</MaxHitPoints>
      <Nutrition>0.25</Nutrition>
    </statBases>
    <pathCost>35</pathCost>
    <graphicData>
      <texPath>Things/Plant/Chokevine</texPath>
      <drawSize>2.25</drawSize>
      <graphicClass>Graphic_Random</graphicClass>
    </graphicData>
    <ingestible />
    <plant>
      <fertilitySensitivity>0.7</fertilitySensitivity>
      <growDays>5</growDays>
      <harvestWork>150</harvestWork>
      <maxMeshCount>4</maxMeshCount>
      <leaflessGraphicPath>Things/Plant/Chokevine_Leafless</leaflessGraphicPath>
      <visualSizeRange>
        <min>0.78</min>
        <max>0.88</max>
      </visualSizeRange>
      <topWindExposure>0.16</topWindExposure>
      <wildClusterRadius>6</wildClusterRadius>
      <wildClusterWeight>200</wildClusterWeight>
      <wildOrder>1</wildOrder>
      <wildEqualLocalDistribution>false</wildEqualLocalDistribution>
    </plant>
  </ThingDef>

</Defs>
