﻿<?xml version="1.0" encoding="utf-8" ?>
<Defs>

  <ThingDef Name="PlantBase" Abstract="True">
    <category>Plant</category>
    <thingClass>Plant</thingClass>
    <altitudeLayer>LowPlant</altitudeLayer>
    <useHitPoints>True</useHitPoints>
    <statBases>
      <Flammability>0.8</Flammability>
    </statBases>
    <tickerType>Long</tickerType>
    <selectable>False</selectable>
    <neverMultiSelect>True</neverMultiSelect>
    <drawerType>MapMeshOnly</drawerType>
    <pathCostIgnoreRepeat>false</pathCostIgnoreRepeat>
    <graphicData>
			<graphicClass>Graphic_Random</graphicClass>
			<shaderType>CutoutPlant</shaderType>
    </graphicData>
    <ingestible>
      <foodType>Plant</foodType>
      <preferability>RawBad</preferability>
		</ingestible>
    <plant>
			<fertilityMin>0.5</fertilityMin>
			<fertilitySensitivity>1.0</fertilitySensitivity>
      <soundHarvesting>Harvest_Standard</soundHarvesting>
      <soundHarvestFinish>Harvest_Standard_Finish</soundHarvestFinish>
      <harvestWork>190</harvestWork>
      <sowWork>260</sowWork>
      <topWindExposure>0.1</topWindExposure>
      <visualSizeRange>
        <min>0.3</min>
        <max>1.00</max>
      </visualSizeRange>
    </plant>
  </ThingDef>

	<ThingDef ParentName="PlantBase" Name="BushBase" Abstract="True">
		<statBases>
			<MaxHitPoints>120</MaxHitPoints>
		</statBases>
		<graphicData>
			<shadowData>
				<volume>(0.55, 0.2, 0.2)</volume>
				<offset>(0,0,-0.25)</offset>
			</shadowData>
		</graphicData>
		<selectable>true</selectable>
		<fillPercent>0.20</fillPercent>
		<pathCost>30</pathCost>
		<ingestible>
			<nutrition>0.30</nutrition>
		</ingestible>
		<plant>
			<fertilityMin>0.4</fertilityMin>
			<fertilitySensitivity>0.5</fertilitySensitivity>
			<growDays>3</growDays>
			<wildClusterSizeRange>
				<min>2</min>
				<max>5</max>
			</wildClusterSizeRange>
			<wildClusterRadius>4</wildClusterRadius>
			<visualSizeRange>
				<min>0.7</min>
				<max>1.1</max>
			</visualSizeRange>
			<topWindExposure>0.20</topWindExposure>
		</plant>
	</ThingDef>

	<ThingDef ParentName="PlantBase" Name="TreeBase" Abstract="True">
    <statBases>
      <MaxHitPoints>300</MaxHitPoints>
    </statBases>
    <description>A tree.</description>
    <altitudeLayer>Building</altitudeLayer>
    <selectable>true</selectable>
    <fillPercent>0.25</fillPercent>
    <graphicData>
      <shadowData>
        <volume>(0.2, 0.35, 0.13)</volume>
				<offset>(0,0,-0.42)</offset>
			</shadowData>
    </graphicData>
    <passability>PassThroughOnly</passability>
    <pathCost>130</pathCost>
    <blockWind>true</blockWind>
    <ingestible>
      <foodType>Tree</foodType>
      <preferability>RawBad</preferability>
      <nutrition>1.5</nutrition>
    </ingestible>
    <plant>
			<fertilityMin>0.3</fertilityMin>
			<fertilitySensitivity>0.5</fertilitySensitivity>
			<reproduceRadius>30</reproduceRadius>
			<soundHarvesting>Harvest_Tree</soundHarvesting>
      <soundHarvestFinish>Harvest_Tree_Finish</soundHarvestFinish>
      <sowWork>1500</sowWork>
      <harvestWork>800</harvestWork>
      <harvestedThingDef>WoodLog</harvestedThingDef>
      <harvestYield>50</harvestYield>
      <harvestTag>Wood</harvestTag>
      <harvestMinGrowth>0.40</harvestMinGrowth>
      <harvestFailable>false</harvestFailable>
      <blockAdjacentSow>true</blockAdjacentSow>
      <sowTags>
        <li>Ground</li>
      </sowTags>
      <visualSizeRange>
        <min>1.3</min>
        <max>2.0</max>
      </visualSizeRange>
      <topWindExposure>0.25</topWindExposure>
      <wildClusterSizeRange>
        <min>8</min>
        <max>30</max>
      </wildClusterSizeRange>
      <wildClusterRadius>8</wildClusterRadius>
    </plant>
  </ThingDef>

</Defs>
