﻿<?xml version="1.0" encoding="utf-8" ?>
<Defs>

	<!--===========================  Bushes ==============================-->

	<ThingDef ParentName="PlantBase">
		<defName>Plant_Agave</defName>
		<label>agave</label>
		<description>A large-leafed desert plant with edible flowers and stalks.</description>
		<statBases>
			<MaxHitPoints>120</MaxHitPoints>
			<Nutrition>0.2</Nutrition>
		</statBases>
		<graphicData>
			<texPath>Things/Plant/Agave</texPath>
			<graphicClass>Graphic_Random</graphicClass>
			<shadowData>
				<volume>(0.2, 0.6, 0.2)</volume>
			</shadowData>
		</graphicData>
		<selectable>true</selectable>
    <neverMultiSelect>false</neverMultiSelect>
		<fillPercent>0.20</fillPercent>
		<pathCost>30</pathCost>
		<ingestible />
		<plant>
			<fertilitySensitivity>0.5</fertilitySensitivity>
			<growDays>6</growDays>
			<harvestTag>Standard</harvestTag>
			<harvestAfterGrowth>0.30</harvestAfterGrowth>
			<harvestedThingDef>RawAgave</harvestedThingDef>
			<harvestYield>10</harvestYield>
			<harvestWork>330</harvestWork>
			<visualSizeRange>
				<min>0.9</min>
				<max>1.4</max>
			</visualSizeRange>
			<topWindExposure>0.3</topWindExposure>
			<wildClusterRadius>8</wildClusterRadius>
			<wildClusterWeight>300</wildClusterWeight>
     	<wildOrder>2</wildOrder>
      <purpose>Food</purpose>
		</plant>
	</ThingDef>

	<ThingDef ParentName="PlantBase">
		<defName>Plant_PincushionCactus</defName>
		<label>pincushion cactus</label>
		<description>A short cactus. It is so named because it resembles a pincushion.</description>
		<statBases>
			<MaxHitPoints>150</MaxHitPoints>
			<Nutrition>0.25</Nutrition>
		</statBases>
		<graphicData>
			<texPath>Things/Plant/PincushionCactus</texPath>
			<graphicClass>Graphic_Random</graphicClass>
		</graphicData>
		<selectable>true</selectable>
		<pathCost>30</pathCost>
		<hideAtSnowDepth>1</hideAtSnowDepth>
		<ingestible />
		<plant>
			<fertilityMin>0.05</fertilityMin>
			<fertilitySensitivity>0</fertilitySensitivity>
			<growDays>2.5</growDays>
			<visualSizeRange>
				<min>0.40</min>
				<max>0.65</max>
			</visualSizeRange>
			<topWindExposure>0.0</topWindExposure>
			<wildClusterRadius>4</wildClusterRadius>
			<wildClusterWeight>4</wildClusterWeight>
			<maxMeshCount>4</maxMeshCount>
      		<wildOrder>2</wildOrder>
		</plant>
	</ThingDef>

	<!--============================ Trees ============================-->

  <ThingDef ParentName="PlantBase">
    <defName>Plant_SaguaroCactus</defName>
    <label>saguaro cactus</label>
    <description>A large cactus native to arid Earth environments. Though it is not a tree, it yields a small amount of fibrous material that can be used like wood.</description>
    <statBases>
      <MaxHitPoints>130</MaxHitPoints>
      <Nutrition>0.7</Nutrition>
    </statBases>
    <graphicData>
      <texPath>Things/Plant/SaguaroCactus</texPath>
      <graphicClass>Graphic_Random</graphicClass>
      <shadowData>
        <volume>(0.24, 0.3, 0.15)</volume>
				<offset>(0,0,-0.38)</offset>
			</shadowData>
    </graphicData>
    <altitudeLayer>Building</altitudeLayer>
    <selectable>true</selectable>
    <fillPercent>0.35</fillPercent>
    <passability>PassThroughOnly</passability>
    <pathCost>130</pathCost>
    <blockWind>true</blockWind>
    <ingestible>
      <foodType>Tree</foodType>
      <preferability>RawBad</preferability>
    </ingestible>
    <plant>
			<fertilityMin>0.05</fertilityMin>
			<fertilitySensitivity>0</fertilitySensitivity>
			<growDays>5</growDays>
			<leaflessGraphicPath>Things/Plant/SaguaroCactus_Leafless</leaflessGraphicPath>
			<soundHarvesting>Harvest_Tree</soundHarvesting>
			<soundHarvestFinish>Harvest_Tree_Finish</soundHarvestFinish>
			<harvestWork>300</harvestWork>
			<harvestedThingDef>WoodLog</harvestedThingDef>
			<harvestTag>Wood</harvestTag>
			<harvestYield>10</harvestYield>
			<harvestMinGrowth>0.2</harvestMinGrowth>
			<harvestFailable>false</harvestFailable>
			<sowWork>14400</sowWork>
			<sowMinSkill>6</sowMinSkill>
			<mustBeWildToSow>true</mustBeWildToSow>
			<visualSizeRange>
				<min>1.3</min>
				<max>2.0</max>
			</visualSizeRange>
			<topWindExposure>0.08</topWindExposure>
      		<wildOrder>3</wildOrder>
			<sowTags>
				<li>Ground</li>
			</sowTags>
			<sowResearchPrerequisites>
				<li>TreeSowing</li>
			</sowResearchPrerequisites>
		</plant>
  </ThingDef>

	<ThingDef ParentName="TreeBase">
		<defName>Plant_TreeDrago</defName>
		<label>drago tree</label>
		<description>A hardy desert tree topped with thick, pointed leaves.</description>
		<graphicData>
			<texPath>Things/Plant/TreeDrago</texPath>
			<graphicClass>Graphic_Random</graphicClass>
			<shadowData>
        		<volume>(0.24, 0.35, 0.13)</volume>
				<offset>(0,0,-0.38)</offset>
			</shadowData>
		</graphicData>
		<statBases>
			<Beauty>1</Beauty>
			<Nutrition>1</Nutrition>
		</statBases>
		<ingestible />
		<plant>
			<growDays>15</growDays>
			<harvestWork>650</harvestWork>
			<harvestYield>25</harvestYield>
			<wildClusterRadius>6</wildClusterRadius>
			<wildClusterWeight>3</wildClusterWeight>
		</plant>
	</ThingDef>

</Defs>
