﻿<?xml version="1.0" encoding="utf-8" ?>
<Defs>

  <!--=========================== Food crops ==============================-->

	<ThingDef ParentName="PlantBase">
		<defName>Plant_Rice</defName>
		<label>rice plant</label>
		<description>A short, fast-growing crop that yields small edible grains. Its great nutritional ouput and ease of cultivation has made it the economic core of many great civilizations. While rice grows quickly, it is sensitive to soil fertility and will not fare well in poor soil.</description>
		<statBases>
			<MaxHitPoints>85</MaxHitPoints>
      <Nutrition>0.18</Nutrition>
		</statBases>
		<graphicData>
			<texPath>Things/Plant/RicePlant</texPath>
			<graphicClass>Graphic_Random</graphicClass>
		</graphicData>
		<selectable>true</selectable>
		<pathCost>10</pathCost>
    <ingestible />
		<plant>
			<dieIfLeafless>true</dieIfLeafless>
			<maxMeshCount>4</maxMeshCount>
			<harvestTag>Standard</harvestTag>
			<harvestedThingDef>RawRice</harvestedThingDef>
			<harvestYield>6</harvestYield>
			<sowTags>
				<li>Ground</li>
				<li>Hydroponic</li>
			</sowTags>
			<topWindExposure>0.1</topWindExposure>
			<growDays>3</growDays>
			<visualSizeRange>
				<min>0.3</min>
				<max>0.8</max>
			</visualSizeRange>
      <wildOrder>2</wildOrder>
      <purpose>Food</purpose>
		</plant>
	</ThingDef>

	<ThingDef ParentName="PlantBase">
    <defName>Plant_Potato</defName>
    <label>potato plant</label>
    <description>A highly nutritious tuber. Potatoes grow well even in somewhat poor soil, and form a delicious crispy outer coating when fried in oil.</description>
    <statBases>
      <MaxHitPoints>85</MaxHitPoints>
      <Nutrition>0.2</Nutrition>
    </statBases>
    <graphicData>
      <texPath>Things/Plant/PotatoPlant</texPath>
      <graphicClass>Graphic_Random</graphicClass>
    </graphicData>
    <selectable>true</selectable>
    <pathCost>10</pathCost>
    <ingestible />
    <plant>
			<fertilitySensitivity>0.4</fertilitySensitivity>
			<dieIfLeafless>true</dieIfLeafless>
			<harvestTag>Standard</harvestTag>
			<harvestedThingDef>RawPotatoes</harvestedThingDef>
			<harvestYield>11</harvestYield>
			<sowTags>
				<li>Ground</li>
				<li>Hydroponic</li>
			</sowTags>
			<topWindExposure>0.1</topWindExposure>
			<growDays>5.8</growDays>
			<visualSizeRange>
        <min>0.3</min>
        <max>1.05</max>
      </visualSizeRange>
      <wildOrder>2</wildOrder>
      <purpose>Food</purpose>
    </plant>
  </ThingDef>

  <ThingDef ParentName="PlantBase">
    <defName>Plant_Corn</defName>
    <label>corn plant</label>
    <description>A tall grain plant which produces ears of soft, edible seeds. While corn takes a long time to grow, it yields lots of food compared to other crops. Harvested corn takes a long time to spoil.</description>
    <statBases>
      <MaxHitPoints>150</MaxHitPoints>
      <Nutrition>0.3</Nutrition>
    </statBases>
    <graphicData>
      <texPath>Things/Plant/CornPlant</texPath>
      <graphicClass>Graphic_Random</graphicClass>
    </graphicData>
    <selectable>true</selectable>
    <pathCost>12</pathCost>
    <ingestible />
    <plant>
      <fertilityMin>0.70</fertilityMin>
			<dieIfLeafless>true</dieIfLeafless>
			<harvestTag>Standard</harvestTag>
			<harvestedThingDef>RawCorn</harvestedThingDef>
			<harvestYield>22</harvestYield>
			<sowTags>
				<li>Ground</li>
			</sowTags>
			<topWindExposure>0.35</topWindExposure>
			<growDays>11.3</growDays>
      <immatureGraphicPath>Things/Plant/CornImmature</immatureGraphicPath>
			<visualSizeRange>
        <min>0.3</min>
        <max>1.4</max>
      </visualSizeRange>
      <wildOrder>2</wildOrder>
      <purpose>Food</purpose>
    </plant>
  </ThingDef>

  <ThingDef ParentName="PlantBase">
    <defName>Plant_Strawberry</defName>
    <label>strawberry plant</label>
    <description>A low bush-like plant that yields fragile but delicious strawberries. While it isn't quite as productive calorie-for-calorie as other crops, strawberries are delicious even when raw.</description>
    <statBases>
      <MaxHitPoints>85</MaxHitPoints>
      <Nutrition>0.2</Nutrition>
    </statBases>
    <graphicData>
      <texPath>Things/Plant/StrawberryPlant</texPath>
      <graphicClass>Graphic_Random</graphicClass>
    </graphicData>
    <selectable>true</selectable>
    <pathCost>10</pathCost>
    <ingestible />
    <plant>
			<growDays>4.6</growDays>
			<dieIfLeafless>true</dieIfLeafless>
			<harvestTag>Standard</harvestTag>
			<harvestedThingDef>RawBerries</harvestedThingDef>
			<harvestYield>8</harvestYield>
			<sowMinSkill>5</sowMinSkill>
			<sowTags>
				<li>Ground</li>
				<li>Hydroponic</li>
			</sowTags>
			<topWindExposure>0.1</topWindExposure>
      <immatureGraphicPath>Things/Plant/StrawberryImmature</immatureGraphicPath>
			<visualSizeRange>
        <min>0.3</min>
        <max>1.05</max>
      </visualSizeRange>
      <wildOrder>2</wildOrder>
      <purpose>Food</purpose>
    </plant>
  </ThingDef>

  <ThingDef ParentName="PlantBase">
    <defName>Plant_Haygrass</defName>
    <label>haygrass</label>
    <description>A mixture of nutrient-rich grasses which yield large amounts of hay. Hay is edible for animals, but not humans.</description>
    <statBases>
      <MaxHitPoints>85</MaxHitPoints>
      <Flammability>1.3</Flammability>
      <Nutrition>0.2</Nutrition>
    </statBases>
    <graphicData>
      <texPath>Things/Plant/Haygrass</texPath>
      <graphicClass>Graphic_Random</graphicClass>
    </graphicData>
    <selectable>true</selectable>
    <pathCost>5</pathCost>
    <ingestible />
    <plant>
			<fertilitySensitivity>0.6</fertilitySensitivity>
			<growDays>7</growDays>
			<dieIfLeafless>true</dieIfLeafless>
			<maxMeshCount>4</maxMeshCount>
			<harvestTag>Standard</harvestTag>
			<harvestedThingDef>Hay</harvestedThingDef>
			<harvestYield>18</harvestYield>
			<sowTags>
				<li>Ground</li>
			</sowTags>
			<topWindExposure>0.1</topWindExposure>
			<visualSizeRange>
        <min>0.3</min>
        <max>0.8</max>
      </visualSizeRange>
      <wildOrder>1</wildOrder>
      <purpose>Food</purpose>
    </plant>
  </ThingDef>

  <!--=========================== Production crops ==============================-->

  <ThingDef ParentName="PlantBase">
    <defName>Plant_Cotton</defName>
    <label>cotton plant</label>
    <description>A mid-size crop that yields fine white cotton fibers. These are used to make cloth.</description>
    <statBases>
      <MaxHitPoints>85</MaxHitPoints>
      <Nutrition>0.2</Nutrition>
    </statBases>
    <graphicData>
      <texPath>Things/Plant/CottonPlant</texPath>
      <graphicClass>Graphic_Random</graphicClass>
    </graphicData>
    <selectable>true</selectable>
    <pathCost>10</pathCost>
    <ingestible />
    <plant>
			<growDays>8</growDays>
			<dieIfLeafless>true</dieIfLeafless>
      <harvestTag>Standard</harvestTag>
      <harvestedThingDef>Cloth</harvestedThingDef>
      <harvestYield>10</harvestYield>
      <sowTags>
        <li>Ground</li>
        <li>Hydroponic</li>
      </sowTags>
      <topWindExposure>0.1</topWindExposure>
      <immatureGraphicPath>Things/Plant/CottonImmature</immatureGraphicPath>
      <visualSizeRange>
        <min>0.3</min>
        <max>1.05</max>
      </visualSizeRange>
      <wildOrder>2</wildOrder>
    </plant>
  </ThingDef>

  <ThingDef ParentName="PlantBase">
    <defName>Plant_Devilstrand</defName>
    <label>devilstrand</label>
    <description>This fragile mushroom was genetically engineered to produce a silk net that is both difficult to tear and soft to the touch. While the mushroom takes a very long time to grow, only exotic ultra-tech fabrics outperform its devilstrand fibers.\n\nSome say it's called devilstrand because of its red color. Others think it owes its name to the greed it inspires in people.</description>
    <statBases>
      <MaxHitPoints>85</MaxHitPoints>
      <Nutrition>0.15</Nutrition>
    </statBases>
    <graphicData>
      <texPath>Things/Plant/Devilstrand</texPath>
      <graphicClass>Graphic_Random</graphicClass>
    </graphicData>
    <selectable>true</selectable>
    <pathCost>10</pathCost>
    <ingestible />
    <plant>
			<growDays>22.5</growDays>
			<dieIfLeafless>true</dieIfLeafless>
			<harvestTag>Standard</harvestTag>
			<harvestedThingDef>DevilstrandCloth</harvestedThingDef>
			<harvestYield>6</harvestYield>
      <neverBlightable>true</neverBlightable>
			<sowTags>
				<li>Ground</li>
			</sowTags>
			<sowMinSkill>10</sowMinSkill>
			<sowResearchPrerequisites>
				<li>Devilstrand</li>
			</sowResearchPrerequisites>
			<topWindExposure>0.1</topWindExposure>
			<visualSizeRange>
        <min>0.3</min>
        <max>1.0</max>
      </visualSizeRange>
      <wildOrder>2</wildOrder>
    </plant>
  </ThingDef>

  <ThingDef ParentName="PlantBase" Name="HealrootBase" Abstract="True">
    <statBases>
      <MaxHitPoints>60</MaxHitPoints>
      <Nutrition>0.15</Nutrition>
    </statBases>
    <graphicData>
      <texPath>Things/Plant/Healroot</texPath>
      <graphicClass>Graphic_Random</graphicClass>
    </graphicData>
    <selectable>true</selectable>
    <pathCost>10</pathCost>
    <ingestible />
    <plant>
      <growDays>10</growDays>
      <dieIfLeafless>false</dieIfLeafless>
      <harvestWork>400</harvestWork>
      <harvestTag>Standard</harvestTag>
      <harvestedThingDef>MedicineHerbal</harvestedThingDef>
      <harvestYield>1</harvestYield>
      <topWindExposure>0.1</topWindExposure>
      <visualSizeRange>
        <min>0.3</min>
        <max>1.0</max>
      </visualSizeRange>
      <wildOrder>2</wildOrder>
    </plant>
  </ThingDef>

  <ThingDef ParentName="HealrootBase">
    <defName>Plant_Healroot</defName>
    <label>healroot</label>
    <description>A slow-growing plant which yields herbal medicine when harvested. Sowing and harvesting healroot are both very labor-intensive tasks because of its delicate shoots.\n\nHealroot was selectively bred for centuries by settlers. It is sometimes also called &quot;healer's hand&quot; by tribespeople - a nickname it owes to its five major medicinal virtues.</description>
    <plant>
      <sowWork>960</sowWork>
      <sowMinSkill>8</sowMinSkill>
      <sowTags>
				<li>Ground</li>
				<li>Hydroponic</li>
			</sowTags>
      <purpose>Health</purpose>
    </plant>
  </ThingDef>

  <!--=========================== Drug crops ==============================-->

  <ThingDef ParentName="PlantBase">
    <defName>Plant_Hops</defName>
    <label>hop plant</label>
    <description>A flowering crop that yields hops, an essential ingredient in beer.</description>
    <statBases>
      <MaxHitPoints>85</MaxHitPoints>
      <Nutrition>0.2</Nutrition>
    </statBases>
    <graphicData>
      <texPath>Things/Plant/HopsPlant</texPath>
      <graphicClass>Graphic_Random</graphicClass>
    </graphicData>
    <selectable>true</selectable>
    <pathCost>10</pathCost>
    <ingestible />
    <plant>
			<fertilitySensitivity>0.7</fertilitySensitivity>
			<growDays>5</growDays>
			<dieIfLeafless>true</dieIfLeafless>
      <harvestTag>Standard</harvestTag>
      <harvestedThingDef>RawHops</harvestedThingDef>
      <harvestYield>8</harvestYield>
      <sowMinSkill>3</sowMinSkill>
      <sowTags>
        <li>Ground</li>
        <li>Hydroponic</li>
      </sowTags>
      <topWindExposure>0.1</topWindExposure>
      <visualSizeRange>
        <min>0.3</min>
        <max>1.05</max>
      </visualSizeRange>
      <wildOrder>2</wildOrder>
    </plant>
  </ThingDef>

	<ThingDef ParentName="PlantBase">
		<defName>Plant_Smokeleaf</defName>
		<label>smokeleaf plant</label>
		<description>A leafy crop grown for the psychological effects of chemicals in its leaves. Smokeleaf leaves can be prepared into joints at the crafting spot. Smokeleaf makes a user feel relaxed, but reduces motivation, and can be addictive.</description>
		<statBases>
			<MaxHitPoints>85</MaxHitPoints>
      <Nutrition>0.15</Nutrition>
		</statBases>
		<graphicData>
			<texPath>Things/Plant/SmokeleafPlant</texPath>
			<graphicClass>Graphic_Random</graphicClass>
		</graphicData>
		<selectable>true</selectable>
		<pathCost>10</pathCost>
		<ingestible />
		<plant>
			<growDays>7.50</growDays>
			<dieIfLeafless>true</dieIfLeafless>
			<harvestTag>Standard</harvestTag>
			<harvestedThingDef>SmokeleafLeaves</harvestedThingDef>
			<harvestYield>9</harvestYield>
			<sowMinSkill>4</sowMinSkill>
			<sowTags>
				<li>Ground</li>
				<li>Hydroponic</li>
			</sowTags>
			<topWindExposure>0.1</topWindExposure>
			<visualSizeRange>
				<min>0.3</min>
				<max>1.0</max>
			</visualSizeRange>
      <wildOrder>2</wildOrder>
		</plant>
	</ThingDef>

	<ThingDef ParentName="PlantBase">
    <defName>Plant_Psychoid</defName>
    <label>psychoid plant</label>
    <description>A leafy plant which generates the chemical compound psychite. Originally evolved as a defense mechanism to ward off plant-eating animals by overstimulating and sickening them, the psychite drug can be extracted and refined into various forms for recreational use. It is addictive.</description>
    <statBases>
      <MaxHitPoints>85</MaxHitPoints>
      <Nutrition>0.15</Nutrition>
    </statBases>
    <graphicData>
      <texPath>Things/Plant/PsychoidPlant</texPath>
      <graphicClass>Graphic_Random</graphicClass>
    </graphicData>
    <selectable>true</selectable>
    <pathCost>10</pathCost>
    <ingestible />
    <plant>
			<growDays>9.00</growDays>
			<dieIfLeafless>true</dieIfLeafless>
			<harvestTag>Standard</harvestTag>
			<harvestedThingDef>PsychoidLeaves</harvestedThingDef>
			<harvestYield>8</harvestYield>
			<sowMinSkill>6</sowMinSkill>
			<sowTags>
				<li>Ground</li>
				<li>Hydroponic</li>
			</sowTags>
			<topWindExposure>0.1</topWindExposure>
			<visualSizeRange>
        <min>0.3</min>
        <max>1.0</max>
      </visualSizeRange>
      <wildOrder>2</wildOrder>
    </plant>
  </ThingDef>
  
</Defs>
