﻿<?xml version="1.0" encoding="utf-8" ?>
<Defs>

	<!--====================================== Carpets ======================================== -->

	<ThingDef ParentName="PlantBase">
		<defName>Plant_Grass</defName>
		<label>grass</label>
		<description>Wild grass. Grows anywhere there is a little light and minimally fertile ground.</description>
		<statBases>
			<MaxHitPoints>85</MaxHitPoints>
			<Flammability>1.3</Flammability>
			<Nutrition>0.18</Nutrition>
    </statBases>
		<graphicData>
			<texPath>Things/Plant/Grass</texPath>
			<graphicClass>Graphic_Random</graphicClass>
		</graphicData>
		<hideAtSnowDepth>0.5</hideAtSnowDepth>
		<ingestible />
		<plant>
			<fertilityMin>0.05</fertilityMin>
			<fertilitySensitivity>0.3</fertilitySensitivity>
			<growDays>2.5</growDays>
			<leaflessGraphicPath>Things/Plant/Grass_Leafless</leaflessGraphicPath>
			<harvestWork>40</harvestWork>
			<maxMeshCount>9</maxMeshCount>
			<visualSizeRange>
				<min>0.4</min>
				<max>0.6</max>
			</visualSizeRange>
			<topWindExposure>0.4</topWindExposure>
			<wildOrder>1</wildOrder>
		</plant>
	</ThingDef>

	<ThingDef ParentName="PlantBase">
		<defName>Plant_TallGrass</defName>
		<label>tall grass</label>
		<description>Wild tall grass. Slows down anyone moving over it.</description>
		<statBases>
			<MaxHitPoints>90</MaxHitPoints>
			<Flammability>1.3</Flammability>
			<Nutrition>0.2</Nutrition>
    </statBases>
		<pathCost>15</pathCost>
		<graphicData>
			<texPath>Things/Plant/Grass</texPath>
			<graphicClass>Graphic_Random</graphicClass>
		</graphicData>
		<hideAtSnowDepth>0.5</hideAtSnowDepth>
		<ingestible />
		<plant>
			<fertilitySensitivity>0.7</fertilitySensitivity>
			<growDays>3</growDays>
			<harvestWork>60</harvestWork>
			<maxMeshCount>9</maxMeshCount>
			<visualSizeRange>
				<min>0.7</min>
				<max>0.85</max>
			</visualSizeRange>
			<topWindExposure>0.4</topWindExposure>
			<wildClusterRadius>4</wildClusterRadius>
			<wildClusterWeight>10</wildClusterWeight>
			<wildOrder>1</wildOrder>
		</plant>
	</ThingDef>
	
	<!--====================================== Bushes ======================================== -->

	<ThingDef ParentName="BushBase">
		<defName>Plant_Bush</defName>
		<label>bush</label>
		<description>A short shrub. Does not typically talk.</description>
		<graphicData>
			<texPath>Things/Plant/Bush</texPath>
			<drawSize>1.15</drawSize>
			<shadowData>
				<volume>(0.55, 0.2, 0.2)</volume>
			</shadowData>
		</graphicData>
		<plant>
			<growDays>3</growDays>
			<leaflessGraphicPath>Things/Plant/Bush_Leafless</leaflessGraphicPath>
		</plant>
	</ThingDef>

	<ThingDef ParentName="PlantBase">
		<defName>Plant_Brambles</defName>
		<label>brambles</label>
		<description>Tangled, thorny, woody shoots covered with leaves. Brambles grow in clusters, and slow down anyone moving over them.</description>
		<statBases>
			<MaxHitPoints>100</MaxHitPoints>
			<Nutrition>0.2</Nutrition>
		</statBases>
		<pathCost>15</pathCost>
		<graphicData>
			<texPath>Things/Plant/Brambles</texPath>
			<drawSize>1.7</drawSize>
			<graphicClass>Graphic_Random</graphicClass>
		</graphicData>
		<ingestible />
		<plant>
			<fertilitySensitivity>0.7</fertilitySensitivity>
			<growDays>3</growDays>
			<harvestWork>60</harvestWork>
			<maxMeshCount>4</maxMeshCount>
			<leaflessGraphicPath>Things/Plant/Brambles_Leafless</leaflessGraphicPath>
			<visualSizeRange>
				<min>0.7</min>
				<max>0.85</max>
			</visualSizeRange>
			<topWindExposure>0.15</topWindExposure>
			<wildClusterRadius>4</wildClusterRadius>
			<wildClusterWeight>200</wildClusterWeight>
      <wildOrder>1</wildOrder>
      <wildEqualLocalDistribution>false</wildEqualLocalDistribution>
		</plant>
	</ThingDef>

	<ThingDef ParentName="HealrootBase">
		<defName>Plant_HealrootWild</defName>
		<label>wild healroot</label>
		<description>A slow-growing plant which yields herbal medicine when harvested.\n\nThis wild breed of healroot is hardier than domesticated healroot, but too difficult to cultivate. It is prized by tribespeople in colder climates.</description>
		<plant>
			<wildClusterRadius>4</wildClusterRadius>
			<wildClusterWeight>80</wildClusterWeight>
		</plant>
	</ThingDef>
	
</Defs>
