﻿<?xml version="1.0" encoding="utf-8" ?>
<Defs>

	<!--===========================  Bushes ==============================-->

	<ThingDef ParentName="PlantBase">
		<defName>PlantAgave</defName>
		<label>agave</label>
		<description>A large-leafed desert plant with edible flowers and stalks.</description>
		<statBases>
			<MaxHitPoints>120</MaxHitPoints>
		</statBases>
		<graphicData>
			<texPath>Things/Plant/Agave</texPath>
			<graphicClass>Graphic_Random</graphicClass>
			<shadowData>
				<volume>(0.2, 0.6, 0.2)</volume>
			</shadowData>
		</graphicData>
		<selectable>true</selectable>
		<fillPercent>0.20</fillPercent>
		<pathCost>30</pathCost>
		<ingestible>
			<nutrition>0.20</nutrition>
		</ingestible>
		<plant>
			<fertilitySensitivity>0.5</fertilitySensitivity>
			<growDays>3</growDays>
			<harvestTag>Standard</harvestTag>
			<harvestAfterGrowth>0.30</harvestAfterGrowth>
			<harvestedThingDef>RawAgave</harvestedThingDef>
			<harvestYield>10</harvestYield>
			<harvestWork>700</harvestWork>
			<fertilityMin>0.3</fertilityMin>
			<wildCommonalityMaxFraction>3.0</wildCommonalityMaxFraction>
			<visualSizeRange>
				<min>0.7</min>
				<max>1.1</max>
			</visualSizeRange>
			<topWindExposure>0.3</topWindExposure>
			<wildClusterSizeRange>
				<min>6</min>
				<max>10</max>
			</wildClusterSizeRange>
			<wildClusterRadius>4</wildClusterRadius>
		</plant>
	</ThingDef>

	<ThingDef ParentName="PlantBase">
		<defName>PlantPincushionCactus</defName>
		<label>pincushion cactus</label>
		<description>A short cactus. So named because it resembles a pincushion.</description>
		<statBases>
			<MaxHitPoints>150</MaxHitPoints>
		</statBases>
		<graphicData>
			<texPath>Things/Plant/PincushionCactus</texPath>
			<graphicClass>Graphic_Random</graphicClass>
		</graphicData>
		<selectable>true</selectable>
		<pathCost>30</pathCost>
		<hideAtSnowDepth>1</hideAtSnowDepth>
		<ingestible>
			<nutrition>0.25</nutrition>
		</ingestible>
		<plant>
			<fertilityMin>0.05</fertilityMin>
			<fertilitySensitivity>0</fertilitySensitivity>
			<growDays>2.5</growDays>
			<reproduceRadius>42</reproduceRadius>
			<wildCommonalityMaxFraction>3.0</wildCommonalityMaxFraction>
			<visualSizeRange>
				<min>0.40</min>
				<max>0.65</max>
			</visualSizeRange>
			<topWindExposure>0.0</topWindExposure>
			<wildClusterSizeRange>
				<min>2</min>
				<max>5</max>
			</wildClusterSizeRange>
			<wildClusterRadius>4</wildClusterRadius>
			<maxMeshCount>4</maxMeshCount>
		</plant>
	</ThingDef>

	<!--============================ Trees ============================-->

  <ThingDef ParentName="PlantBase">
    <defName>PlantSaguaroCactus</defName>
    <label>saguaro cactus</label>
    <description>A large cactus native to arid Earth environments.</description>
    <statBases>
      <MaxHitPoints>200</MaxHitPoints>
    </statBases>
    <graphicData>
      <texPath>Things/Plant/SaguaroCactus</texPath>
      <graphicClass>Graphic_Random</graphicClass>
      <shadowData>
        <volume>(0.24, 0.3, 0.15)</volume>
				<offset>(0,0,-0.38)</offset>
			</shadowData>
    </graphicData>
    <altitudeLayer>Building</altitudeLayer>
    <selectable>true</selectable>
    <fillPercent>0.35</fillPercent>
    <passability>PassThroughOnly</passability>
    <pathCost>130</pathCost>
    <blockWind>true</blockWind>
    <ingestible>
      <foodType>Tree</foodType>
      <preferability>RawBad</preferability>
      <nutrition>0.70</nutrition>
    </ingestible>
    <plant>
			<fertilityMin>0.05</fertilityMin>
			<fertilitySensitivity>0</fertilitySensitivity>
			<growDays>5</growDays>
			<reproduceRadius>42</reproduceRadius>
			<leaflessGraphicPath>Things/Plant/SaguaroCactus_Leafless</leaflessGraphicPath>
			<soundHarvesting>Harvest_Tree</soundHarvesting>
			<soundHarvestFinish>Harvest_Tree_Finish</soundHarvestFinish>
			<harvestWork>300</harvestWork>
			<harvestedThingDef>WoodLog</harvestedThingDef>
			<harvestTag>Wood</harvestTag>
			<harvestYield>10</harvestYield>
			<harvestMinGrowth>0.2</harvestMinGrowth>
			<harvestFailable>false</harvestFailable>
			<visualSizeRange>
				<min>1.3</min>
				<max>2.0</max>
			</visualSizeRange>
			<topWindExposure>0.08</topWindExposure>
		</plant>
  </ThingDef>

	<ThingDef ParentName="TreeBase">
		<defName>PlantTreeDrago</defName>
		<label>drago tree</label>
		<description>A hardy desert tree topped with thick, pointed leaves.</description>
		<graphicData>
			<texPath>Things/Plant/TreeDrago</texPath>
			<graphicClass>Graphic_Random</graphicClass>
			<shadowData>
        		<volume>(0.24, 0.35, 0.13)</volume>
				<offset>(0,0,-0.38)</offset>
			</shadowData>
		</graphicData>
		<statBases>
			<Beauty>1</Beauty>
		</statBases>
		<ingestible>
			<nutrition>1.0</nutrition>
		</ingestible>
		<plant>
			<growDays>15</growDays>
			<harvestWork>650</harvestWork>
			<harvestYield>25</harvestYield>
			<wildClusterSizeRange>
				<min>1</min>
				<max>4</max>
			</wildClusterSizeRange>
			<wildClusterRadius>6</wildClusterRadius>
		</plant>
	</ThingDef>

</Defs>
