﻿<?xml version="1.0" encoding="utf-8" ?>
<Defs>

  <!--=========================== Carpets ==========================-->

  <ThingDef ParentName="PlantBase">
    <defName>Plant_Dandelion</defName>
    <label>dandelions</label>
    <description>A tiny yellow flower which grows in large clusters. Though it is often considered a weed, dandelions in bloom are quite beautiful.</description>
    <statBases>
      <MaxHitPoints>85</MaxHitPoints>
      <Beauty>4</Beauty>
      <Nutrition>0.18</Nutrition>
    </statBases>
    <graphicData>
      <texPath>Things/Plant/Dandelion</texPath>
      <graphicClass>Graphic_Random</graphicClass>
    </graphicData>
    <hideAtSnowDepth>0.5</hideAtSnowDepth>
    <ingestible />
    <plant>
			<fertilitySensitivity>0.0</fertilitySensitivity>
			<growDays>2.5</growDays>
			<sowTags>
        <li>Ground</li>
      </sowTags>
      <fertilityMin>0.05</fertilityMin>
      <maxMeshCount>25</maxMeshCount>
      <visualSizeRange>
        <min>0.3</min>
        <max>0.4</max>
      </visualSizeRange>
      <topWindExposure>0.3</topWindExposure>
      <wildClusterRadius>4</wildClusterRadius>
      <wildClusterWeight>8</wildClusterWeight>
      <wildOrder>1</wildOrder>
      <purpose>Beauty</purpose>
    </plant>
  </ThingDef>

  <ThingDef ParentName="PlantBase">
    <defName>Plant_Astragalus</defName>
    <label>astragalus</label>
    <description>A small perennial wildflower that grows in alpine climates.</description>
    <statBases>
      <MaxHitPoints>85</MaxHitPoints>
      <Beauty>4</Beauty>
      <Nutrition>0.18</Nutrition>
    </statBases>
    <graphicData>
      <texPath>Things/Plant/Astragalus</texPath>
      <graphicClass>Graphic_Random</graphicClass>
    </graphicData>
    <hideAtSnowDepth>0.5</hideAtSnowDepth>
    <ingestible />
    <plant>
      <fertilityMin>0.05</fertilityMin>
			<fertilitySensitivity>0</fertilitySensitivity>
			<growDays>2.5</growDays>
			<maxMeshCount>25</maxMeshCount>
			<visualSizeRange>
				<min>0.3</min>
				<max>0.4</max>
			</visualSizeRange>
			<topWindExposure>0.3</topWindExposure>
      <wildClusterRadius>4</wildClusterRadius>
      <wildClusterWeight>4</wildClusterWeight>
      <wildOrder>1</wildOrder>
    </plant>
  </ThingDef>

  <ThingDef ParentName="PlantBase">
    <defName>Plant_Moss</defName>
    <label>moss</label>
    <description>Wild moss that grows in clumps in areas of low light and cool temperatures. Moss takes a long time to grow, but is very frost-resistant.</description>
    <statBases>
      <MaxHitPoints>120</MaxHitPoints>
      <Flammability>0.6</Flammability>
      <Nutrition>0.15</Nutrition>
    </statBases>
    <graphicData>
      <texPath>Things/Plant/Moss</texPath>
      <graphicClass>Graphic_Random</graphicClass>
    </graphicData>
    <hideAtSnowDepth>0.5</hideAtSnowDepth>
    <ingestible />
    <plant>
      <fertilityMin>0.05</fertilityMin>
			<fertilitySensitivity>0</fertilitySensitivity>
			<growDays>15</growDays>
      <leaflessGraphicPath>Things/Plant/Moss_Leafless</leaflessGraphicPath>
      <harvestWork>60</harvestWork>
      <maxMeshCount>9</maxMeshCount>
      <visualSizeRange>
        <min>0.4</min>
        <max>0.6</max>
      </visualSizeRange>
      <topWindExposure>0.0</topWindExposure>
      <wildOrder>1</wildOrder>
    </plant>
  </ThingDef>

	<!--============================= Bushes ================================-->

	<ThingDef ParentName="PlantBase">
		<defName>Plant_Raspberry</defName>
		<label>raspberry bush</label>
		<description>A bushy wild plant which yields delicious red berries. Berries can be cooked, but they're also good to eat even when raw.</description>
		<statBases>
			<MaxHitPoints>120</MaxHitPoints>
      <Nutrition>0.35</Nutrition>
		</statBases>
		<graphicData>
			<texPath>Things/Plant/RaspberryPlant</texPath>
			<graphicClass>Graphic_Random</graphicClass>
			<shadowData>
				<volume>(0.55, 0.2, 0.2)</volume>
				<offset>(0,0,-0.25)</offset>
			</shadowData>
		</graphicData>
		<selectable>true</selectable>
    <neverMultiSelect>false</neverMultiSelect>
		<fillPercent>0.20</fillPercent>
		<pathCost>30</pathCost>
		<plant>
			<fertilityMin>0.5</fertilityMin>
			<fertilitySensitivity>0.5</fertilitySensitivity>
			<growDays>6</growDays>
			<leaflessGraphicPath>Things/Plant/Bush_Leafless</leaflessGraphicPath>
			<immatureGraphicPath>Things/Plant/RaspberryImmature</immatureGraphicPath>
			<harvestYield>10</harvestYield>
			<harvestWork>250</harvestWork>
			<harvestTag>Standard</harvestTag>
			<harvestAfterGrowth>0.30</harvestAfterGrowth>
			<harvestedThingDef>RawBerries</harvestedThingDef>
			<wildClusterRadius>5</wildClusterRadius>
      <wildClusterWeight>250</wildClusterWeight>
			<visualSizeRange>
				<min>0.95</min>
				<max>1.7</max>
			</visualSizeRange>
			<topWindExposure>0.3</topWindExposure>
      <wildOrder>2</wildOrder>
      <purpose>Food</purpose>
		</plant>
	</ThingDef>

	<!--============================ Trees ============================-->

  <ThingDef ParentName="DeciduousTreeBase">
    <defName>Plant_TreeOak</defName>
    <label>oak tree</label>
    <description>A hardwood tree. Oaks take a long time to grow, but their wood is so strong that 'oak' is used as a metaphor for strength across many cultures.</description>
    <graphicData>
      <texPath>Things/Plant/TreeOak</texPath>
      <graphicClass>Graphic_Random</graphicClass>
      <shadowData>
        <volume>(0.2, 0.35, 0.13)</volume>
        <offset>(-0.03,0,-0.44)</offset>
      </shadowData>
    </graphicData>
    <statBases>
      <Beauty>2</Beauty>
    </statBases>
    <plant>
			<growDays>30</growDays>
			<leaflessGraphicPath>Things/Plant/TreeOak_Leafless</leaflessGraphicPath>
      <harvestWork>1000</harvestWork>
      <harvestYield>45</harvestYield>
      <wildClusterWeight>35</wildClusterWeight>
    </plant>
  </ThingDef>

  <ThingDef ParentName="DeciduousTreeBase">
    <defName>Plant_TreePoplar</defName>
    <label>poplar tree</label>
    <description>A softwood tree that grows very fast. Unfortunately, its wood is weak and so it yields less useful material than hardwood trees.</description>
    <graphicData>
      <texPath>Things/Plant/TreePoplar</texPath>
      <graphicClass>Graphic_Random</graphicClass>
    </graphicData>
    <statBases>
      <Beauty>1</Beauty>
      <Nutrition>1</Nutrition>
    </statBases>
    <ingestible />
    <plant>
			<growDays>15.05</growDays>
			<leaflessGraphicPath>Things/Plant/TreePoplar_Leafless</leaflessGraphicPath>
			<harvestWork>650</harvestWork>
      <harvestYield>27</harvestYield>
      <wildClusterWeight>35</wildClusterWeight>
    </plant>
  </ThingDef>

  <ThingDef ParentName="TreeBase">
    <defName>Plant_TreePine</defName>
    <label>pine tree</label>
    <description>A large conifer covered with prickly pine cones. It grows in a distinctive conical shape.</description>
    <graphicData>
      <texPath>Things/Plant/TreePine</texPath>
      <graphicClass>Graphic_Random</graphicClass>
        <shadowData>
          <volume>(0.15, 0.3, 0.15)</volume>
          <offset>(0,0,-0.38)</offset>
        </shadowData>
    </graphicData>
    <statBases>
      <Beauty>2</Beauty>
      <Nutrition>1.25</Nutrition>
    </statBases>
    <ingestible />
		<plant>
			<growDays>20</growDays>
			<visualSizeRange>
        <min>1.3</min>
        <max>3.0</max>
      </visualSizeRange>
      <harvestWork>700</harvestWork>
      <harvestYield>27</harvestYield>
    </plant>
  </ThingDef>

  <ThingDef ParentName="DeciduousTreeBase">
    <defName>Plant_TreeBirch</defName>
    <label>birch tree</label>
    <description>A temperate-biome tree known for its thin, white, paper-like bark.</description>
    <graphicData>
      <texPath>Things/Plant/TreeBirch</texPath>
      <graphicClass>Graphic_Random</graphicClass>
      <shadowData>
        <volume>(0.15, 0.3, 0.1)</volume>
        <offset>(-0.03,0,-0.44)</offset>
      </shadowData>
    </graphicData>
    <statBases>
      <Beauty>2</Beauty>
      <Nutrition>1.25</Nutrition>
    </statBases>
    <ingestible />
    <plant>
			<growDays>20</growDays>
      <harvestWork>700</harvestWork>
      <harvestYield>27</harvestYield>
      <leaflessGraphicPath>Things/Plant/TreeBirch_Leafless</leaflessGraphicPath>
    </plant>
  </ThingDef>

</Defs>
