﻿<?xml version="1.0" encoding="utf-8" ?>
<Defs>

  <ThingDef>
    <defName>BurnedTree</defName>
    <label>burned tree</label>
    <description>A burned tree stump. It's ugly and yields no usable wood.</description>
    <category>Plant</category>
    <thingClass>DeadPlant</thingClass>
    <altitudeLayer>Building</altitudeLayer>
    <useHitPoints>True</useHitPoints>
    <statBases>
      <MaxHitPoints>100</MaxHitPoints>
      <Flammability>0</Flammability>
      <DeteriorationRate>4</DeteriorationRate>
      <Beauty>-8</Beauty>
    </statBases>
    <tickerType>Long</tickerType>
    <selectable>true</selectable>
    <fillPercent>0.20</fillPercent>
    <neverMultiSelect>True</neverMultiSelect>
    <drawerType>MapMeshOnly</drawerType>
    <pathCostIgnoreRepeat>false</pathCostIgnoreRepeat>
    <startingHpRange><min>0.5</min><max>1</max></startingHpRange>
    <passability>PassThroughOnly</passability>
    <pathCost>90</pathCost>
    <graphicData>
      <texPath>Things/Plant/BurnedTree</texPath>
      <graphicClass>Graphic_Random</graphicClass>
      <shaderType>CutoutPlant</shaderType>
      <shadowData>
        <volume>(0.2, 0.15, 0.13)</volume>
        <offset>(-0.03,0,-0.44)</offset>
      </shadowData>
    </graphicData>
    <plant>
      <harvestWork>200</harvestWork>
      <harvestYield>0</harvestYield>
      <fertilityMin>0.01</fertilityMin>
      <fertilitySensitivity>0</fertilitySensitivity>
      <soundHarvesting>Harvest_Tree</soundHarvesting>
      <soundHarvestFinish>Harvest_Tree_Finish</soundHarvestFinish>
      <topWindExposure>0.05</topWindExposure>
      <blockAdjacentSow>true</blockAdjacentSow>
      <harvestedThingDef>WoodLog</harvestedThingDef>
      <harvestFailable>false</harvestFailable>
      <harvestTag>Wood</harvestTag>
      <growDays>30</growDays>
      <growMinGlow>0</growMinGlow>
      <lifespanFraction>0</lifespanFraction>
      <visualSizeRange>
        <min>1.2</min>
        <max>1.9</max>
      </visualSizeRange>
    </plant>
  </ThingDef>

  <ThingDef ParentName="PlantBase">
    <defName>Plant_Ambrosia</defName>
    <label>ambrosia bush</label>
    <description>A rare wild bush which yields the ambrosia fruit. Ambrosia fruit is delicious and produces a drug-like mood boost. Ambrosia cannot be farmed, which makes wild ambrosia groves very valuable.\n\nIts rarity, beauty, and desirability are why ambrosia was named after the food of the ancient Greek gods.</description>
    <statBases>
      <MaxHitPoints>100</MaxHitPoints>
      <Nutrition>0.35</Nutrition>
    </statBases>
    <graphicData>
      <texPath>Things/Plant/Ambrosia</texPath>
      <graphicClass>Graphic_Random</graphicClass>
      <shadowData>
        <volume>(0.1, 0.2, 0.1)</volume>
      </shadowData>
    </graphicData>
    <selectable>true</selectable>
    <neverMultiSelect>false</neverMultiSelect>
    <pathCost>10</pathCost>
    <ingestible />
    <plant>
      <fertilitySensitivity>0.15</fertilitySensitivity>
      <growDays>6</growDays>
      <leaflessGraphicPath>Things/Plant/Ambrosia_Leafless</leaflessGraphicPath>
      <immatureGraphicPath>Things/Plant/AmbrosiaImmature</immatureGraphicPath>
      <harvestYield>4</harvestYield>
      <harvestTag>Standard</harvestTag>
      <harvestAfterGrowth>0.3</harvestAfterGrowth>
      <harvestedThingDef>Ambrosia</harvestedThingDef>
      <visualSizeRange>
        <min>0.6</min>
        <max>1.1</max>
      </visualSizeRange>
      <topWindExposure>0.1</topWindExposure>
      <wildOrder>2</wildOrder>
      <purpose>Food</purpose>
    </plant>
  </ThingDef>

</Defs>
