﻿<?xml version="1.0" encoding="utf-8" ?>
<Defs>

  <ThingDef ParentName="TreeBase">
    <defName>PlantTreeWillow</defName>
    <label>willow tree</label>
    <description>One of the fastest growing shade trees providing a beautiful, thick, leafy canopy. Doesn't yield much usable wood.</description>
    <graphicData>
      <texPath>Things/Plant/TreeWillow</texPath>
      <graphicClass>Graphic_Random</graphicClass>
      <shadowData>
        <volume>(0.2, 0.3, 0.13)</volume>
        <offset>(0,0,-0.44)</offset>
      </shadowData>
    </graphicData>
    <statBases>
      <Beauty>2</Beauty>
    </statBases>
    <plant>
      <growDays>13</growDays>
      <leaflessGraphicPath>Things/Plant/TreeWillow_Leafless</leaflessGraphicPath>
      <harvestWork>800</harvestWork>
      <harvestYield>17</harvestYield>
      <wildClusterSizeRange><min>115</min><max>150</max></wildClusterSizeRange>
      <wildClusterRadius>17</wildClusterRadius>
      <visualSizeRange>
        <min>1.1</min>
        <max>1.95</max>
      </visualSizeRange>
    </plant>
  </ThingDef>

  <ThingDef ParentName="TreeBase">
    <defName>PlantTreeCypress</defName>
    <label>cypress tree</label>
    <description>A tall, slow-growing tree. Typically found in swamps. Despite its slow growth, planting these trees can be profitable because they yield much usable wood.</description>
    <graphicData>
      <texPath>Things/Plant/TreeCypress</texPath>
      <graphicClass>Graphic_Random</graphicClass>
      <shadowData>
        <volume>(0.24, 0.4, 0.13)</volume>
        <offset>(-0.03,0,-0.44)</offset>
      </shadowData>
    </graphicData>
    <statBases>
      <Beauty>1</Beauty>
    </statBases>
    <plant>
      <growDays>35</growDays>
      <leaflessGraphicPath>Things/Plant/TreeCypress_Leafless</leaflessGraphicPath>
      <harvestWork>2200</harvestWork>
      <harvestYield>43</harvestYield>
      <wildClusterSizeRange><min>115</min><max>150</max></wildClusterSizeRange>
      <wildClusterRadius>17</wildClusterRadius>
      <visualSizeRange>
        <min>1.5</min>
        <max>2.3</max>
      </visualSizeRange>
    </plant>
  </ThingDef>

  <ThingDef ParentName="TreeBase">
    <defName>PlantTreeMaple</defName>
    <label>maple tree</label>
    <description>A common, medium-sized tree. It's often found in swamps and on moist terrain.</description>
    <graphicData>
      <texPath>Things/Plant/TreeMaple</texPath>
      <graphicClass>Graphic_Random</graphicClass>
      <shadowData>
        <volume>(0.14, 0.32, 0.12)</volume>
        <offset>(0,0,-0.44)</offset>
      </shadowData>
    </graphicData>
    <statBases>
      <Beauty>2</Beauty>
    </statBases>
    <plant>
      <growDays>25</growDays>
      <leaflessGraphicPath>Things/Plant/TreeMaple_Leafless</leaflessGraphicPath>
      <harvestWork>700</harvestWork>
      <harvestYield>25</harvestYield>
      <wildClusterSizeRange><min>115</min><max>150</max></wildClusterSizeRange>
      <wildClusterRadius>17</wildClusterRadius>
    </plant>
  </ThingDef>

  <ThingDef ParentName="PlantBase">
    <defName>PlantChokevine</defName>
    <label>chokevine</label>
    <description>Dense shrub which slows down anyone moving over it.</description>
    <statBases>
      <MaxHitPoints>100</MaxHitPoints>
    </statBases>
    <pathCost>32</pathCost>
    <graphicData>
      <texPath>Things/Plant/Chokevine</texPath>
      <drawSize>2.25</drawSize>
      <graphicClass>Graphic_Random</graphicClass>
    </graphicData>
    <ingestible>
      <nutrition>0.25</nutrition>
    </ingestible>
    <plant>
      <fertilityMin>0.5</fertilityMin>
      <fertilitySensitivity>0.7</fertilitySensitivity>
      <growDays>5</growDays>
      <reproduceMtbDays>4</reproduceMtbDays>
      <harvestWork>150</harvestWork>
      <maxMeshCount>4</maxMeshCount>
      <leaflessGraphicPath>Things/Plant/Chokevine_Leafless</leaflessGraphicPath>
      <visualSizeRange>
        <min>0.78</min>
        <max>0.88</max>
      </visualSizeRange>
      <topWindExposure>0.16</topWindExposure>
      <wildClusterSizeRange>
        <min>45</min>
        <max>65</max>
      </wildClusterSizeRange>
      <wildClusterRadius>6</wildClusterRadius>
    </plant>
  </ThingDef>

</Defs>
