﻿<?xml version="1.0" encoding="utf-8"?>
<Defs>

  <PawnColumnDef>
    <defName>Gender</defName>
    <workerClass>PawnColumnWorker_Gender</workerClass>
    <sortable>true</sortable>
  </PawnColumnDef>

  <PawnColumnDef>
    <defName>LifeStage</defName>
    <workerClass>PawnColumnWorker_LifeStage</workerClass>
    <sortable>true</sortable>
  </PawnColumnDef>

  <PawnColumnDef>
    <defName>Pregnant</defName>
    <workerClass>PawnColumnWorker_Pregnant</workerClass>
    <sortable>true</sortable>
  </PawnColumnDef>

</Defs>