﻿<?xml version="1.0" encoding="utf-8"?>
<Defs>

  <PawnColumnDef>
    <defName>Slaughter</defName>
    <workerClass>PawnColumnWorker_Slaughter</workerClass>
    <sortable>true</sortable>
    <headerIcon>UI/Icons/Animal/Slaughter</headerIcon>
    <headerTip>Slaughter</headerTip>
  </PawnColumnDef>

  <PawnColumnDef>
    <defName>FollowDrafted</defName>
    <workerClass>PawnColumnWorker_FollowDrafted</workerClass>
    <sortable>true</sortable>
    <headerIcon>UI/Icons/Animal/FollowDrafted</headerIcon>
    <headerTip>Follow master while the master is drafted.</headerTip>
  </PawnColumnDef>

  <PawnColumnDef>
    <defName>FollowFieldwork</defName>
    <workerClass>PawnColumnWorker_FollowFieldwork</workerClass>
    <sortable>true</sortable>
    <headerIcon>UI/Icons/Animal/FollowFieldwork</headerIcon>
    <headerTip>Follow master while the master is doing field work (hunting or taming animals).</headerTip>
  </PawnColumnDef>

</Defs>