<?xml version="1.0" encoding="utf-8" ?>
<Defs>

  <MapGeneratorDef Name="MapCommonBase" Abstract="True">
    <genSteps>
      <li>ElevationFertility</li>
      <li>Caves</li>
      <li>Terrain</li>
      <li>CavesTerrain</li>
      <li>Roads</li>
      <li>RockChunks</li>
      <li>ScatterRuinsSimple</li>
      <li>SteamGeysers</li>
      <li>FindPlayerStartSpot</li>
      <li>ScenParts</li>
      <li>Plants</li>
      <li>Snow</li>
      <li>Animals</li>
      <li>CaveHives</li>
      <li>Fog</li>
    </genSteps>
  </MapGeneratorDef>

  <!-- Generate abstract grids-->
  <GenStepDef>
    <defName>ElevationFertility</defName>
    <order>10</order>
    <genStep Class="GenStep_ElevationFertility"/>
  </GenStepDef>

  <GenStepDef>
    <defName>Caves</defName>
    <order>11</order>
    <genStep Class="GenStep_Caves"/>
  </GenStepDef>

  <!-- Generate deep resources -->
  <GenStepDef>
    <defName>ScatterDeepResourceLumps</defName>
    <order>100</order>
    <genStep Class="GenStep_ScatterDeepResourceLumps">
      <minSpacing>3</minSpacing>
      <countPer10kCellsRange>
        <min>14</min>
        <max>14</max>
      </countPer10kCellsRange>
      <warnOnFail>false</warnOnFail>
    </genStep>
  </GenStepDef>

  <!-- Generate basic rocks and terrain from grid-->
  <GenStepDef>
    <defName>RocksFromGrid</defName>
    <order>200</order>
    <genStep Class="GenStep_RocksFromGrid"/>
  </GenStepDef>
  <GenStepDef>
    <defName>RocksFromGrid_NoMinerals</defName>
    <order>200</order>
    <genStep Class="GenStep_RocksFromGrid">
      <maxMineableValue>0</maxMineableValue>
    </genStep>
  </GenStepDef>

  <GenStepDef>
    <defName>Terrain</defName>
    <order>210</order>
    <genStep Class="GenStep_Terrain"/>
  </GenStepDef>

  <GenStepDef>
    <defName>CavesTerrain</defName>
    <order>211</order>
    <genStep Class="GenStep_CavesTerrain"/>
  </GenStepDef>

  <GenStepDef>
    <defName>Roads</defName>
    <order>250</order>
    <genStep Class="GenStep_Roads"/>
  </GenStepDef>

  <GenStepDef>
    <defName>RockChunks</defName>
    <order>270</order>
    <genStep Class="GenStep_RockChunks"/>
  </GenStepDef>

  <!-- Empty ruins -->
  <GenStepDef>
    <defName>ScatterRuinsSimple</defName>
    <order>300</order>
    <genStep Class="GenStep_ScatterRuinsSimple">
      <allowInWaterBiome>false</allowInWaterBiome>
      <countPer10kCellsRange>
        <min>2</min>
        <max>4</max>
      </countPer10kCellsRange>
    </genStep>
  </GenStepDef>

  <!-- Steam geysers -->
  <GenStepDef>
    <defName>SteamGeysers</defName>
    <order>500</order>
    <genStep Class="GenStep_ScatterThings">
      <thingDef>SteamGeyser</thingDef>
      <allowInWaterBiome>false</allowInWaterBiome>
      <minSpacing>25</minSpacing>
      <extraNoBuildEdgeDist>4</extraNoBuildEdgeDist>
      <countPer10kCellsRange>
        <min>0.7</min>
        <max>1</max>
      </countPer10kCellsRange>
      <clearSpaceSize>30</clearSpaceSize>
      <terrainValidationRadius>4</terrainValidationRadius>
      <terrainValidationDisallowed>
        <li>Road</li>
      </terrainValidationDisallowed>
      <validators>
        <li Class="ScattererValidator_Buildable">
          <radius>4</radius>
          <affordance>Heavy</affordance>
        </li>
        <li Class="ScattererValidator_NoNonNaturalEdifices">
          <radius>4</radius>
        </li>
      </validators>
    </genStep>
  </GenStepDef>

  <GenStepDef>
    <defName>FindPlayerStartSpot</defName>
    <order>600</order>
    <genStep Class="GenStep_FindPlayerStartSpot"/>
  </GenStepDef>

  <GenStepDef>
    <defName>ScenParts</defName>
    <order>700</order>
    <genStep Class="GenStep_ScenParts"/>
  </GenStepDef>

  <GenStepDef>
    <defName>Plants</defName>
    <order>800</order>
    <genStep Class="GenStep_Plants"/>
  </GenStepDef>

  <GenStepDef>
    <defName>Snow</defName>
    <order>900</order>
    <genStep Class="GenStep_Snow"/>
  </GenStepDef>

  <GenStepDef>
    <defName>Animals</defName>
    <order>1000</order>
    <genStep Class="GenStep_Animals"/>
  </GenStepDef>

  <GenStepDef>
    <defName>CaveHives</defName>
    <order>1100</order>
    <genStep Class="GenStep_CaveHives"/>
  </GenStepDef>

  <GenStepDef>
    <defName>Fog</defName>
    <order>1500</order>
    <genStep Class="GenStep_Fog"/>
  </GenStepDef>

</Defs>
