﻿<?xml version="1.0" encoding="utf-8" ?>
<Defs>

  <!-- Combat -->
 
  <RecordDef>
    <defName>Kills</defName>
    <label>kills</label>
    <description>The number of creatures I have killed.</description>
    <type>Int</type>
  </RecordDef>
  
  <RecordDef>
    <defName>KillsHumanlikes</defName>
    <label>kills (humanlikes)</label>
    <description>The number of humanlike characters I have killed.</description>
    <type>Int</type>
  </RecordDef>
  
  <RecordDef>
    <defName>KillsAnimals</defName>
    <label>kills (animals)</label>
    <description>The number of animals I have killed.</description>
    <type>Int</type>
  </RecordDef>
  
  <RecordDef>
    <defName>KillsMechanoids</defName>
    <label>kills (mechanoids)</label>
    <description>The number of mechanoids I have killed.</description>
    <type>Int</type>
  </RecordDef>
  
  <RecordDef>
    <defName>PawnsDowned</defName>
    <label>enemies downed</label>
    <description>The number of creatures downed.</description>
    <type>Int</type>
  </RecordDef>
  
  <RecordDef>
    <defName>PawnsDownedHumanlikes</defName>
    <label>enemies downed (humanlikes)</label>
    <description>The number of humanlike creatures downed.</description>
    <type>Int</type>
  </RecordDef>
  
  <RecordDef>
    <defName>PawnsDownedAnimals</defName>
    <label>enemies downed (animals)</label>
    <description>The number of animals downed.</description>
    <type>Int</type>
  </RecordDef>
  
  <RecordDef>
    <defName>PawnsDownedMechanoids</defName>
    <label>enemies downed (mechanoids)</label>
    <description>The number of mechanoids downed.</description>
    <type>Int</type>
  </RecordDef>
  
  <RecordDef>
    <defName>ShotsFired</defName>
    <label>shots fired</label>
    <description>The number of shots I have fired.</description>
    <type>Int</type>
  </RecordDef>
  
  <RecordDef>
    <defName>Headshots</defName>
    <label>headshots</label>
    <description>The number of headshots I have made.</description>
    <type>Int</type>
  </RecordDef>

  <RecordDef>
    <defName>DamageDealt</defName>
    <label>damage dealt</label>
    <description>The amount of damage I have dealt.</description>
    <type>Int</type>
  </RecordDef>

  <RecordDef>
    <defName>DamageTaken</defName>
    <label>damage taken</label>
    <description>The amount of damage I have taken.</description>
    <type>Int</type>
  </RecordDef>

  <!-- Excitement -->

  <RecordDef>
    <defName>TimesInMentalState</defName>
    <label>times in mental state</label>
    <description>How many times I have suffered a mental break.</description>
    <type>Int</type>
  </RecordDef>
  
  <RecordDef>
    <defName>TimesOnFire</defName>
    <label>times on fire</label>
    <description>How many times I have been on fire.</description>
    <type>Int</type>
  </RecordDef>
 
  <RecordDef>
    <defName>FiresExtinguished</defName>
    <label>fires extinguished</label>
    <description>The number of fires I have extinguished.</description>
    <type>Int</type>
  </RecordDef>

  <!-- Work -->

  <RecordDef>
    <defName>OperationsReceived</defName>
    <label>operations received</label>
    <description>How many times I have been medically operated on.</description>
    <type>Int</type>
  </RecordDef>
  
  <RecordDef>
    <defName>OperationsPerformed</defName>
    <label>operations performed</label>
    <description>How many medical operations I have performed.</description>
    <type>Int</type>
  </RecordDef>
  
  <RecordDef>
    <defName>TimesTendedTo</defName>
    <label>treatments received</label>
    <description>How many times I have received medical treatment.</description>
    <type>Int</type>
  </RecordDef>
  
  <RecordDef>
    <defName>TimesTendedOther</defName>
    <label>treatments given</label>
    <description>How many medical treatments I have given.</description>
    <type>Int</type>
  </RecordDef>

  <RecordDef>
    <defName>PeopleCaptured</defName>
    <label>people captured</label>
    <description>The number of people I have captured.</description>
    <type>Int</type>
  </RecordDef>

  <RecordDef>
    <defName>PrisonersRecruited</defName>
    <label>prisoners recruited</label>
    <description>The number of prisoners I have recruited.</description>
    <type>Int</type>
  </RecordDef>
  
  <RecordDef>
    <defName>PrisonersChatted</defName>
    <label>prisoners chatted</label>
    <description>How many times I have chatted with a prisoner.</description>
    <type>Int</type>
  </RecordDef>
  
  <RecordDef>
    <defName>AnimalsTamed</defName>
    <label>animals tamed</label>
    <description>The number of animals I have tamed.</description>
    <type>Int</type>
  </RecordDef>

  <RecordDef>
    <defName>AnimalsSlaughtered</defName>
    <label>animals slaughtered</label>
    <description>The number of animals I have slaughtered.</description>
    <type>Int</type>
  </RecordDef>

  <RecordDef>
    <defName>MealsCooked</defName>
    <label>meals cooked</label>
    <description>The number of meals I have cooked.</description>
    <type>Int</type>
  </RecordDef>
  
  <RecordDef>
    <defName>ThingsConstructed</defName>
    <label>things constructed</label>
    <description>The number of things I have constructed.</description>
    <type>Int</type>
  </RecordDef>
  
  <RecordDef>
    <defName>ThingsInstalled</defName>
    <label>things installed</label>
    <description>The number of things I have installed.</description>
    <type>Int</type>
  </RecordDef>
  
  <RecordDef>
    <defName>ThingsRepaired</defName>
    <label>things repaired</label>
    <description>The number of things I have repaired.</description>
    <type>Int</type>
  </RecordDef>

  <RecordDef>
    <defName>ThingsCrafted</defName>
    <label>things crafted</label>
    <description>The number of things I have crafted.</description>
    <type>Int</type>
  </RecordDef>

  <RecordDef>
    <defName>ThingsHauled</defName>
    <label>things hauled</label>
    <description>The number of things I have hauled.</description>
    <type>Int</type>
  </RecordDef>
  
  <RecordDef>
    <defName>PlantsSown</defName>
    <label>plants sown</label>
    <description>The number of plants I have sown.</description>
    <type>Int</type>
  </RecordDef>
  
  <RecordDef>
    <defName>PlantsHarvested</defName>
    <label>plants harvested</label>
    <description>The number of plants I have harvested.</description>
    <type>Int</type>
  </RecordDef>
  
  <RecordDef>
    <defName>CellsMined</defName>
    <label>cells mined</label>
    <description>The number of cells I have mined out.</description>
    <type>Int</type>
  </RecordDef>
  
  <RecordDef>
    <defName>MessesCleaned</defName>
    <label>messes cleaned</label>
    <description>The number of messes I have cleaned up.</description>
    <type>Int</type>
  </RecordDef>
  
  <RecordDef>
    <defName>ResearchPointsResearched</defName>
    <label>research points researched</label>
    <description>The number of research points I have researched.</description>
    <type>Float</type>
  </RecordDef>
  
  <RecordDef>
    <defName>CorpsesBuried</defName>
    <label>corpses buried</label>
    <description>The number of corpses I have buried.</description>
    <type>Int</type>
  </RecordDef>

  <RecordDef>
    <defName>NutritionEaten</defName>
    <label>nutrition eaten</label>
    <description>The amount of nutrition I have eaten.</description>
    <type>Float</type>
  </RecordDef>
  
  <RecordDef>
    <defName>TrapsRearmed</defName>
    <label>traps rearmed</label>
    <description>The number of traps I have rearmed.</description>
    <type>Int</type>
  </RecordDef>
  
  <RecordDef>
    <defName>BodiesStripped</defName>
    <label>bodies stripped</label>
    <description>The number of bodies I have stripped.</description>
    <type>Int</type>
  </RecordDef>
  
  <RecordDef>
    <defName>ThingsUninstalled</defName>
    <label>things uninstalled</label>
    <description>The number of things I have uninstalled.</description>
    <type>Int</type>
  </RecordDef>
  
  <RecordDef>
    <defName>ThingsDeconstructed</defName>
    <label>things deconstructed</label>
    <description>The number of things I have deconstructed.</description>
    <type>Int</type>
  </RecordDef>

  <RecordDef>
    <defName>ArtifactsActivated</defName>
    <label>artifacts activated</label>
    <description>The number of artifacts I have activated.</description>
    <type>Int</type>
  </RecordDef>

  <RecordDef>
    <defName>ContainersOpened</defName>
    <label>containers opened</label>
    <description>The number of containers I have opened.</description>
    <type>Int</type>
  </RecordDef>

  <RecordDef>
    <defName>SwitchesFlicked</defName>
    <label>switches flicked</label>
    <description>The number of switches I have flicked.</description>
    <type>Int</type>
  </RecordDef>

</Defs>