﻿<?xml version="1.0" encoding="utf-8"?>
<Defs>

  <WorldObjectDef>
    <defName>Caravan</defName>
    <label>caravan</label>
    <description>A group of traveling people.</description>
    <worldObjectClass>Caravan</worldObjectClass>
    <texture>World/WorldObjects/Caravan</texture>
    <useDynamicDrawer>true</useDynamicDrawer>
    <expandingIcon>true</expandingIcon>
    <expandingIconTexture>World/WorldObjects/Expanding/Caravan</expandingIconTexture>
    <expandingIconPriority>100</expandingIconPriority>
    <expandMore>true</expandMore>
    <allowCaravanIncidentsWhichGenerateMap>true</allowCaravanIncidentsWhichGenerateMap>
    <IncidentTargetTags>
      <li>Caravan</li>
    </IncidentTargetTags>
    <inspectorTabs>
      <li>WITab_Caravan_Health</li>
      <li>WITab_Caravan_Needs</li>
      <li>WITab_Caravan_Gear</li>
      <li>WITab_Caravan_Social</li>
      <li>WITab_Caravan_Items</li>
    </inspectorTabs>
  </WorldObjectDef>
  
  <WorldObjectDef>
    <defName>Settlement</defName>
    <label>settlement</label>
    <description>A base of one of the factions.</description>
    <worldObjectClass>Settlement</worldObjectClass>
    <expandingIcon>true</expandingIcon>
    <expandingIconPriority>10</expandingIconPriority>
    <canBePlayerHome>true</canBePlayerHome>
    <comps>
      <li Class="WorldObjectCompProperties_Abandon" />
      <li Class="WorldObjectCompProperties_TradeRequest" />
      <li Class="WorldObjectCompProperties_FormCaravan" />
      <li Class="WorldObjectCompProperties_TimedForcedExit" />
      <li Class="WorldObjectCompProperties_EnterCooldown" />
    </comps>
  </WorldObjectDef>
  
  <WorldObjectDef>
    <defName>AbandonedSettlement</defName>
    <label>abandoned settlement</label>
    <description>An abandoned settlement.</description>
    <texture>World/WorldObjects/TribalSettlement</texture>
  </WorldObjectDef>
  
  <WorldObjectDef>
    <defName>DestroyedSettlement</defName>
    <label>destroyed settlement</label>
    <description>A destroyed settlement.</description>
    <worldObjectClass>DestroyedSettlement</worldObjectClass>
    <texture>World/WorldObjects/TribalSettlement</texture>
    <expandingIcon>true</expandingIcon>
    <expandingIconTexture>World/WorldObjects/Expanding/DestroyedSettlement</expandingIconTexture>
    <expandingIconPriority>20</expandingIconPriority>
    <comps>
      <li Class="WorldObjectCompProperties_FormCaravan" />
      <li Class="WorldObjectCompProperties_TimedForcedExit" />
    </comps>
  </WorldObjectDef>
  
  <WorldObjectDef>
    <defName>EscapeShip</defName>
    <label>landed ship</label>
    <description>The location of a hidden ship which can help you escape the planet.</description>
    <worldObjectClass>MapParent</worldObjectClass>
    <texture>World/WorldObjects/JourneyDestination</texture>
    <expandingIcon>true</expandingIcon>
    <expandingIconTexture>World/WorldObjects/Expanding/JourneyDestination</expandingIconTexture>
    <expandingIconPriority>50</expandingIconPriority>
    <expandMore>true</expandMore>
    <IncidentTargetTags>
      <li>Map_PlayerHome</li>
    </IncidentTargetTags>
    <mapGenerator>EscapeShip</mapGenerator>
    <canBePlayerHome>true</canBePlayerHome>
    <comps>
      <li Class="WorldObjectCompProperties_Abandon" />
      <li Class="WorldObjectCompProperties_EscapeShip" />
      <li Class="WorldObjectCompProperties_FormCaravan" />
      <li Class="WorldObjectCompProperties_EnterCooldown" />
    </comps>
  </WorldObjectDef>
  
  <WorldObjectDef>
    <defName>AttackedNonPlayerCaravan</defName>
    <label>attacked caravan</label>
    <description>A caravan under attack.</description>
    <worldObjectClass>CaravansBattlefield</worldObjectClass>
    <texture>World/WorldObjects/Ambush</texture>
    <expandingIcon>true</expandingIcon>
    <expandingIconTexture>World/WorldObjects/Expanding/Ambush</expandingIconTexture>
    <expandingIconPriority>80</expandingIconPriority>
    <expandMore>true</expandMore>
    <isTempIncidentMapOwner>true</isTempIncidentMapOwner>
    <IncidentTargetTags>
      <li>Map_TempIncident</li>
    </IncidentTargetTags>
    <comps>
      <li Class="WorldObjectCompProperties_FormCaravan" />
      <li Class="WorldObjectCompProperties_TimedForcedExit" />
    </comps>
  </WorldObjectDef>
  
  <WorldObjectDef>
    <defName>TravelingTransportPods</defName>
    <label>transport pods</label>
    <description>Transport pods in flight.</description>
    <worldObjectClass>TravelingTransportPods</worldObjectClass>
    <texture>World/WorldObjects/TravelingTransportPods</texture>
    <useDynamicDrawer>true</useDynamicDrawer>
    <expandingIcon>true</expandingIcon>
    <expandingIconTexture>World/WorldObjects/Expanding/TravelingTransportPods</expandingIconTexture>
    <expandingIconPriority>60</expandingIconPriority>
    <expandMore>true</expandMore>
    <allowCaravanIncidentsWhichGenerateMap>true</allowCaravanIncidentsWhichGenerateMap>
  </WorldObjectDef>
  
  <WorldObjectDef>
    <defName>RoutePlannerWaypoint</defName>
    <label>waypoint</label>
    <description>A temporary waypoint.</description>
    <worldObjectClass>RoutePlannerWaypoint</worldObjectClass>
    <texture>World/WorldObjects/RoutePlannerWaypoint</texture>
    <expandingIcon>true</expandingIcon>
    <expandingIconTexture>World/WorldObjects/Expanding/RoutePlannerWaypoint</expandingIconTexture>
    <expandingIconPriority>1000</expandingIconPriority>
    <allowCaravanIncidentsWhichGenerateMap>true</allowCaravanIncidentsWhichGenerateMap>
    <saved>false</saved>
  </WorldObjectDef>
  
  <WorldObjectDef>
    <defName>Site</defName>
    <worldObjectClass>Site</worldObjectClass>
    <expandingIcon>true</expandingIcon>
    <expandingIconPriority>70</expandingIconPriority>
    <comps>
      <li Class="WorldObjectCompProperties_Timeout" />
      <li Class="WorldObjectCompProperties_DefeatAllEnemiesQuest" />
      <li Class="WorldObjectCompProperties_ItemStashContents" />
      <li Class="WorldObjectCompProperties_DownedRefugee" />
      <li Class="WorldObjectCompProperties_PrisonerWillingToJoin" />
      <li Class="WorldObjectCompProperties_FormCaravan" />
      <li Class="WorldObjectCompProperties_TimedForcedExit" />
      <li Class="WorldObjectCompProperties_EnterCooldown" />
    </comps>
    <IncidentTargetTags>
      <li>Map_Misc</li>
    </IncidentTargetTags>
  </WorldObjectDef>

  <WorldObjectDef>
    <defName>PeaceTalks</defName>
    <label>peace talks</label>
    <description>A site designated for peace talks.</description>
    <worldObjectClass>PeaceTalks</worldObjectClass>
    <texture>World/WorldObjects/PeaceTalks</texture>
    <expandingIcon>true</expandingIcon>
    <expandingIconTexture>World/WorldObjects/Expanding/PeaceTalks</expandingIconTexture>
    <expandingIconPriority>70</expandingIconPriority>
    <comps>
      <li Class="WorldObjectCompProperties_Timeout" />
    </comps>
  </WorldObjectDef>

</Defs>
