﻿<?xml version="1.0" encoding="utf-8" ?>
<Defs>

  <ThingDef Name="BaseFilth" Abstract="True">
    <thingClass>Filth</thingClass>
    <category>Filth</category>
    <altitudeLayer>Filth</altitudeLayer>
    <useHitPoints>false</useHitPoints>
    <drawerType>MapMeshOnly</drawerType>
    <graphicData>
			<graphicClass>Graphic_Cluster</graphicClass>
			<shaderType>Transparent</shaderType>
		</graphicData>
    <statBases>
      <Beauty>-15</Beauty>
      <Cleanliness>-5</Cleanliness>
    </statBases>
  </ThingDef>

  <ThingDef ParentName="BaseFilth">
    <defName>Filth_Dirt</defName>
    <label>dirt</label>
    <graphicData>
      <texPath>Things/Filth/Grainy</texPath>
      <color>(91,75,65,97)</color>
    </graphicData>
    <filth>
      <cleaningWorkToReduceThickness>35</cleaningWorkToReduceThickness>
      <terrainSourced>true</terrainSourced>
      <canFilthAttach>true</canFilthAttach>
    </filth>
  </ThingDef>

  <ThingDef ParentName="BaseFilth">
    <defName>Filth_AnimalFilth</defName>
    <label>animal filth</label>
    <graphicData>
      <texPath>Things/Filth/Grainy</texPath>
      <color>(97,65,48,97)</color>
    </graphicData>
    <filth>
      <cleaningWorkToReduceThickness>35</cleaningWorkToReduceThickness>
      <terrainSourced>true</terrainSourced>
      <canFilthAttach>true</canFilthAttach>
    </filth>
  </ThingDef>

  <ThingDef ParentName="BaseFilth">
    <defName>Filth_Trash</defName>
    <label>trash</label>
    <graphicData>
      <texPath>Things/Filth/Trash</texPath>
      <graphicClass>Graphic_Cluster</graphicClass>
    </graphicData>
    <filth>
      <cleaningWorkToReduceThickness>35</cleaningWorkToReduceThickness>
      <terrainSourced>true</terrainSourced>
      <canFilthAttach>true</canFilthAttach>
    </filth>
  </ThingDef>
  
  <ThingDef ParentName="BaseFilth">
    <defName>Filth_Sand</defName>
    <label>sand</label>
    <graphicData>
      <texPath>Things/Filth/Grainy</texPath>
      <color>(141,115,98,97)</color>
    </graphicData>
    <filth>
      <cleaningWorkToReduceThickness>35</cleaningWorkToReduceThickness>
      <terrainSourced>true</terrainSourced>
      <canFilthAttach>true</canFilthAttach>
    </filth>
  </ThingDef>

  <ThingDef ParentName="BaseFilth">
    <defName>Filth_RubbleRock</defName>
    <label>rock rubble</label>
    <graphicData>
      <texPath>Things/Filth/RubbleRock</texPath>
    </graphicData>
    <filth>
      <cleaningWorkToReduceThickness>35</cleaningWorkToReduceThickness>
    </filth>
  </ThingDef>

  <ThingDef ParentName="BaseFilth">
    <defName>Filth_RubbleBuilding</defName>
    <label>building rubble</label>
    <graphicData>
      <texPath>Things/Filth/RubbleBuilding</texPath>
    </graphicData>
    <filth>
      <cleaningWorkToReduceThickness>35</cleaningWorkToReduceThickness>
    </filth>
  </ThingDef>

  <ThingDef ParentName="BaseFilth">
    <defName>SlagRubble</defName>
    <label>scattered slag</label>
    <graphicData>
      <texPath>Things/Filth/RubbleSlag</texPath>
    </graphicData>
    <filth>
      <cleaningWorkToReduceThickness>35</cleaningWorkToReduceThickness>
    </filth>
  </ThingDef>
  
  <ThingDef ParentName="BaseFilth">
    <defName>SandbagRubble</defName>
    <label>scattered sandbags</label>
    <graphicData>
      <texPath>Things/Filth/RubbleSandbags</texPath>
    </graphicData>
    <filth>
      <cleaningWorkToReduceThickness>35</cleaningWorkToReduceThickness>
    </filth>
  </ThingDef>

  
  

  <!--=================== Fluids etc =================-->

  <ThingDef ParentName="BaseFilth">
    <defName>Filth_Blood</defName>
    <label>blood</label>
    <statBases>
      <Beauty>-30</Beauty>
      <Cleanliness>-10</Cleanliness>
    </statBases>
    <graphicData>
      <texPath>Things/Filth/Spatter</texPath>
      <color>(131, 34, 34, 180)</color>
    </graphicData>
    <filth>
      <rainWashes>true</rainWashes>
      <cleaningWorkToReduceThickness>70</cleaningWorkToReduceThickness>
      <canFilthAttach>true</canFilthAttach>
    </filth>
  </ThingDef>

  <ThingDef ParentName="BaseFilth">
    <defName>Filth_BloodInsect</defName>
    <label>bugblood</label>
    <statBases>
      <Beauty>-40</Beauty>
      <Cleanliness>-15</Cleanliness>
    </statBases>
    <graphicData>
      <texPath>Things/Filth/Spatter</texPath>
      <color>(132, 138, 114, 180)</color>
    </graphicData>
    <filth>
      <rainWashes>true</rainWashes>
      <cleaningWorkToReduceThickness>80</cleaningWorkToReduceThickness>
      <canFilthAttach>true</canFilthAttach>
    </filth>
  </ThingDef>

  <ThingDef ParentName="BaseFilth">
    <defName>Filth_AmnioticFluid</defName>
    <label>amniotic fluid</label>
    <statBases>
      <Beauty>-30</Beauty>
      <Cleanliness>-5</Cleanliness>
    </statBases>
    <graphicData>
      <texPath>Things/Filth/PoolSoft</texPath>
      <color>(200, 200, 140, 50)</color>
    </graphicData>
    <filth>
      <rainWashes>true</rainWashes>
      <cleaningWorkToReduceThickness>70</cleaningWorkToReduceThickness>
      <canFilthAttach>true</canFilthAttach>
    </filth>
  </ThingDef>

  <ThingDef ParentName="BaseFilth">
    <defName>Filth_Slime</defName>
    <label>slime</label>
    <statBases>
      <Beauty>-25</Beauty>
      <Cleanliness>-5</Cleanliness>
    </statBases>
    <graphicData>
      <texPath>Things/Filth/Spatter</texPath>
      <color>(130, 142, 120, 170)</color>
    </graphicData>
    <filth>
      <rainWashes>true</rainWashes>
      <cleaningWorkToReduceThickness>70</cleaningWorkToReduceThickness>
      <canFilthAttach>true</canFilthAttach>
    </filth>
  </ThingDef>

  <ThingDef ParentName="BaseFilth">
    <defName>Filth_Vomit</defName>
    <label>vomit</label>
    <statBases>
      <Beauty>-40</Beauty>
      <Cleanliness>-15</Cleanliness>
    </statBases>
    <graphicData>
      <texPath>Things/Filth/PoolSoft</texPath>
      <color>(179, 185, 73, 180)</color>
    </graphicData>
    <filth>
      <rainWashes>true</rainWashes>
      <cleaningWorkToReduceThickness>70</cleaningWorkToReduceThickness>
      <canFilthAttach>true</canFilthAttach>
    </filth>
  </ThingDef>

  <ThingDef ParentName="BaseFilth">
    <defName>Filth_FireFoam</defName>
    <label>firefoam</label>
    <statBases>
      <Beauty>-25</Beauty>
      <Cleanliness>-5</Cleanliness>
    </statBases>
    <graphicData>
      <texPath>Things/Filth/Spatter</texPath>
      <color>(180, 180, 180, 100)</color>
    </graphicData>
    <pathCost>5</pathCost>
    <filth>
      <rainWashes>true</rainWashes>
      <cleaningWorkToReduceThickness>70</cleaningWorkToReduceThickness>
      <canFilthAttach>true</canFilthAttach>
      <allowsFire>false</allowsFire>
    </filth>
  </ThingDef>
  
  <ThingDef ParentName="BaseFilth">
    <defName>Filth_Fuel</defName>
    <label>chemfuel puddle</label>
    <description>A puddle of flammable chemfuel.</description>
    <thingClass>LiquidFuel</thingClass>
    <useHitPoints>true</useHitPoints>
    <tickerType>Normal</tickerType>
    <statBases>
      <Beauty>-10</Beauty>
      <Cleanliness>-15</Cleanliness>
      <MaxHitPoints>150</MaxHitPoints>
      <Flammability>2.0</Flammability>
    </statBases>
    <graphicData>
      <texPath>Things/Filth/LiquidFuel</texPath>
    </graphicData>
    <filth>
      <rainWashes>true</rainWashes>
      <cleaningWorkToReduceThickness>70</cleaningWorkToReduceThickness>
      <canFilthAttach>true</canFilthAttach>
      <maxThickness>1</maxThickness>
    </filth>
  </ThingDef>
  
  <ThingDef ParentName="BaseFilth">
    <defName>Filth_CorpseBile</defName>
    <label>corpse bile</label>
    <statBases>
      <Beauty>-50</Beauty>
      <Cleanliness>-20</Cleanliness>
    </statBases>
    <graphicData>
      <texPath>Things/Filth/CorpseBile</texPath>
    </graphicData>
    <filth>
      <rainWashes>true</rainWashes>
      <cleaningWorkToReduceThickness>80</cleaningWorkToReduceThickness>
      <canFilthAttach>true</canFilthAttach>
    </filth>
  </ThingDef>
  
  <ThingDef ParentName="BaseFilth">
    <defName>Filth_Ash</defName>
    <label>ash</label>
    <statBases>
      <Beauty>-12</Beauty>
      <Cleanliness>-15</Cleanliness>
    </statBases>
    <graphicData>
      <texPath>Things/Filth/Ash</texPath>
      <color>(255, 255, 255, 220)</color>
    </graphicData>
    <filth>
      <rainWashes>true</rainWashes>
      <cleaningWorkToReduceThickness>70</cleaningWorkToReduceThickness>
      <canFilthAttach>true</canFilthAttach>
    </filth>
  </ThingDef>

</Defs>
