﻿<?xml version="1.0" encoding="utf-8" ?>

<PrisonerInteractionModes>
  <PrisonerInteractionModeDef>
    <defName>NoInteraction</defName>
    <listOrder>0</listOrder>
  </PrisonerInteractionModeDef>

  <PrisonerInteractionModeDef>
    <defName>Chat</defName>
    <listOrder>10</listOrder>
  </PrisonerInteractionModeDef>

  <PrisonerInteractionModeDef>
    <defName>AttemptRecruit</defName>
    <listOrder>20</listOrder>
  </PrisonerInteractionModeDef>

  <PrisonerInteractionModeDef>
    <defName>Release</defName>
    <listOrder>30</listOrder>
  </PrisonerInteractionModeDef>

  <PrisonerInteractionModeDef>
    <defName>Execution</defName>
    <listOrder>40</listOrder>
  </PrisonerInteractionModeDef>
</PrisonerInteractionModes>
