﻿<?xml version="1.0" encoding="utf-8" ?>

<Defs>
  <TrainabilityDef>
    <defName>None</defName>
    <label>none</label>
    <intelligenceOrder>0</intelligenceOrder>
  </TrainabilityDef>

  <TrainabilityDef>
    <defName>Simple</defName>
    <label>simple</label>
    <intelligenceOrder>10</intelligenceOrder>
  </TrainabilityDef>

  <TrainabilityDef>
    <defName>Intermediate</defName>
    <label>intermediate</label>
    <intelligenceOrder>20</intelligenceOrder>
  </TrainabilityDef>

  <TrainabilityDef>
    <defName>Advanced</defName>
    <label>advanced</label>
    <intelligenceOrder>30</intelligenceOrder>
  </TrainabilityDef>
</Defs>
