﻿<?xml version="1.0" encoding="utf-8" ?>
<Defs>

  <ThingDef ParentName="BuildingBase" Name="ShipPartBase" Abstract="True">
    <altitudeLayer>Building</altitudeLayer>
    <pathCost>150</pathCost>
    <blockWind>true</blockWind>
    <passability>Impassable</passability>
    <fillPercent>1.0</fillPercent>
    <size>(6,3)</size>
    <statBases>
      <MaxHitPoints>1200</MaxHitPoints>
      <Flammability>0</Flammability>
      <Beauty>-100</Beauty>
    </statBases>
    <tickerType>Normal</tickerType>
		<leaveResourcesWhenKilled>false</leaveResourcesWhenKilled>
    <rotatable>true</rotatable>
    <selectable>true</selectable>
    <neverMultiSelect>true</neverMultiSelect>
    <terrainAffordanceNeeded>Light</terrainAffordanceNeeded>
    <soundImpactDefault>BulletImpactMetal</soundImpactDefault>
    <drawerType>MapMeshOnly</drawerType>
    <repairEffect>ConstructMetal</repairEffect>
    <castEdgeShadows>false</castEdgeShadows>
    <forceDebugSpawnable>true</forceDebugSpawnable>
    <building>
			<claimable>false</claimable>
			<soundAmbient>CrashedShipPart_Ambience</soundAmbient>
      <roofCollapseDamageMultiplier>0.2</roofCollapseDamageMultiplier>
    </building>
		<graphicData>
			<shadowData>
				<volume>(5.5, 1.0, 2.5)</volume>
			</shadowData>
		</graphicData>
  </ThingDef>

  <ThingDef ParentName="ShipPartBase">
    <defName>CrashedPsychicEmanatorShipPart</defName>
    <label>crashed ship part</label>
    <description>A mysterious crashed piece of a spaceship. It may contain exotic materials, computers, even AI personas. This kind of technology can be dangerous.</description>
    <thingClass>Building_PsychicEmanator</thingClass>
    <graphicData>
      <texPath>Things/Building/Exotic/CrashedShipPart</texPath>
      <graphicClass>Graphic_Single</graphicClass>
      <drawSize>(6,3)</drawSize>
    </graphicData>
    <killedLeavings>
      <AIPersonaCore>1</AIPersonaCore>
      <Steel>280</Steel>
      <Silver>140</Silver>
      <ChunkSlagSteel>2</ChunkSlagSteel>
    </killedLeavings>
  </ThingDef>

  <ThingDef ParentName="ShipPartBase">
    <defName>CrashedPoisonShipPart</defName>
    <label>crashed poison ship part</label>
    <description>A mysterious crashed piece of a spaceship. It may contain exotic materials, computers, even AI personas. This one seems to be poisoning the ground around it.</description>
    <thingClass>Building_PoisonShipPart</thingClass>
    <graphicData>
      <texPath>Things/Building/Exotic/CrashedPoisonShipPart</texPath>
      <graphicClass>Graphic_Single</graphicClass>
      <drawSize>(6,3)</drawSize>
    </graphicData>
    <killedLeavings>
      <Steel>230</Steel>
      <Silver>120</Silver>
      <ChunkSlagSteel>2</ChunkSlagSteel>
    </killedLeavings>
  </ThingDef>

  <ThingDef ParentName="BuildingBase">
    <defName>ShipChunk</defName>
    <label>ship chunk</label>
    <description>A chunk of a spacecraft. Can be deconstructed to yield useful steel and components.</description>
    <category>Building</category>
    <graphicData>
      <texPath>Things/Building/Exotic/ShipChunk</texPath>
      <graphicClass>Graphic_Random</graphicClass>
      <drawSize>(2,2)</drawSize>
      <damageData>
        <rect>(0.1,0.1,1.8,1.8)</rect>
      </damageData>
      <shadowData>
        <volume>(1.6,0.5,1.25)</volume>
        <offset>(0,0,-0.13)</offset>
      </shadowData>
    </graphicData>
    <altitudeLayer>Building</altitudeLayer>
		<pathCost>35</pathCost>
    <blockWind>true</blockWind>
    <passability>PassThroughOnly</passability>
    <fillPercent>0.50</fillPercent>
    <size>(2,2)</size>
    <statBases>
      <MaxHitPoints>300</MaxHitPoints>
      <Flammability>0</Flammability>
      <Beauty>-20</Beauty>
      <WorkToBuild>12000</WorkToBuild>
    </statBases>
    <leaveResourcesWhenKilled>false</leaveResourcesWhenKilled>
    <killedLeavings>
      <ChunkSlagSteel>2</ChunkSlagSteel>
    </killedLeavings>
    <costList>
      <Component>11</Component>
      <Steel>40</Steel>
    </costList>
    <building>
      <claimable>false</claimable>
      <alwaysDeconstructible>true</alwaysDeconstructible>
    </building>
    <selectable>true</selectable>
    <soundImpactDefault>BulletImpactMetal</soundImpactDefault>
    <drawerType>MapMeshOnly</drawerType>
    <repairEffect>ConstructMetal</repairEffect>
  </ThingDef>

</Defs>