﻿<?xml version="1.0" encoding="utf-8" ?>
<GameData>

  <!-- Beam -->

  <ThingDef ParentName="BuildingBase">
    <defName>Ship_Beam</defName>
    <label>ship structural beam</label>
    <thingClass>Building</thingClass>
    <graphicData>
      <texPath>Things/Building/Ship/ShipBeam</texPath>
      <graphicClass>Graphic_Multi</graphicClass>
      <drawSize>(3,7)</drawSize>
      <damageData>
        <cornerTL>Damage/Corner</cornerTL>
        <cornerTR>Damage/Corner</cornerTR>
        <cornerBL>Damage/Corner</cornerBL>
        <cornerBR>Damage/Corner</cornerBR>
      </damageData>
    </graphicData>
    <altitudeLayer>Building</altitudeLayer>
    <passability>Impassable</passability>
    <blockWind>true</blockWind>
    <castEdgeShadows>true</castEdgeShadows>
    <fillPercent>1</fillPercent>
    <blockLight>true</blockLight>
    <canOverlapZones>false</canOverlapZones>
    <statBases>
      <WorkToBuild>8000</WorkToBuild>
      <MaxHitPoints>400</MaxHitPoints>
      <Flammability>1.0</Flammability>
    </statBases>
    <tickerType>Normal</tickerType>
    <description>A structural beam around which a ship can be constructed.</description>
    <size>(1,5)</size>
    <designationCategory>Ship</designationCategory>
    <comps>
      <li Class="CompProperties_Power">
        <compClass>CompPowerTransmitter</compClass>
        <transmitsPower>true</transmitsPower>
      </li>
      <li Class="CompProperties_ShipPart"/>
    </comps>
    <placeWorkers>
      <li>PlaceWorker_NotUnderRoof</li>
    </placeWorkers>
    <building>
      <shipPart>true</shipPart>
      <ignoreNeedsPower>true</ignoreNeedsPower>
    </building>
    <costList>
      <Steel>200</Steel>
      <Plasteel>150</Plasteel>
      <Component>10</Component>
    </costList>
    <terrainAffordanceNeeded>Heavy</terrainAffordanceNeeded>
    <staticSunShadowHeight>1.0</staticSunShadowHeight>
    <researchPrerequisites>
      <li>ShipBasics</li>
    </researchPrerequisites>
    <designationHotkey>Misc1</designationHotkey>
  </ThingDef>







  <!-- Cryptosleep casket -->

  <ThingDef ParentName="BuildingBase">
    <defName>Ship_CryptosleepCasket</defName>
    <label>ship cryptosleep casket</label>
    <thingClass>Building_CryptosleepCasket</thingClass>
    <graphicData>
      <texPath>Things/Building/Ship/ShipCryptosleepCasket</texPath>
      <graphicClass>Graphic_Multi</graphicClass>
      <drawSize>(2,3)</drawSize>
    </graphicData>
    <researchPrerequisites><li>ShipCryptosleep</li></researchPrerequisites>
    <altitudeLayer>Building</altitudeLayer>
    <passability>PassThroughOnly</passability>
    <pathCost>70</pathCost>
    <blockWind>true</blockWind>
    <castEdgeShadows>true</castEdgeShadows>
    <fillPercent>0.5</fillPercent>
    <canOverlapZones>false</canOverlapZones>
    <statBases>
      <WorkToBuild>8000</WorkToBuild>
      <MaxHitPoints>200</MaxHitPoints>
      <Flammability>1.0</Flammability>
    </statBases>
    <tickerType>Normal</tickerType>
    <description>A cryptosleep casket hardened against the dangers of space. Capable of maintaining a person in cryptosleep for centuries in a space environment and surviving atmospheric re-entry.</description>
    <size>(1,2)</size>
    <designationCategory>Ship</designationCategory>
    <hasInteractionCell>true</hasInteractionCell>
    <interactionCellOffset>(1,0,0)</interactionCellOffset>
    <comps>
      <li Class="CompProperties_Power">
        <compClass>CompPowerTransmitter</compClass>
        <transmitsPower>true</transmitsPower>
      </li>
      <li Class="CompProperties_ShipPart"/>
      <li Class="CompProperties_Explosive">
        <explosiveRadius>2.66</explosiveRadius>
        <explosiveDamageType>Flame</explosiveDamageType>
      </li>
    </comps>
    <placeWorkers>
      <li>PlaceWorker_HeadOnShipBeam</li>
      <li>PlaceWorker_NotUnderRoof</li>
    </placeWorkers>
    <building>
      <shipPart>true</shipPart>
      <ignoreNeedsPower>true</ignoreNeedsPower>
      <isPlayerEjectable>true</isPlayerEjectable>
    </building>
    <costList>
      <Steel>500</Steel>
			<Uranium>5</Uranium>
			<Component>10</Component>
    </costList>
    <terrainAffordanceNeeded>Heavy</terrainAffordanceNeeded>
    <staticSunShadowHeight>1.0</staticSunShadowHeight>
    <designationHotkey>Misc2</designationHotkey>
  </ThingDef>


  <!-- Computer core -->

  <ThingDef ParentName="BuildingBase">
    <defName>Ship_ComputerCore</defName>
    <label>ship computer core</label>
    <thingClass>Building_ShipComputerCore</thingClass>
    <graphicData>
      <texPath>Things/Building/Ship/ShipComputerCore</texPath>
      <graphicClass>Graphic_Multi</graphicClass>
      <drawSize>(3,3)</drawSize>
    </graphicData>
    <researchPrerequisites><li>ShipComputerCore</li></researchPrerequisites>
    <altitudeLayer>Building</altitudeLayer>
    <passability>Impassable</passability>
    <blockWind>true</blockWind>
    <castEdgeShadows>true</castEdgeShadows>
    <fillPercent>1</fillPercent>
    <blockLight>true</blockLight>
    <canOverlapZones>false</canOverlapZones>
    <statBases>
      <WorkToBuild>16000</WorkToBuild>
      <MaxHitPoints>150</MaxHitPoints>
      <Flammability>1.0</Flammability>
    </statBases>
    <tickerType>Normal</tickerType>
    <description>A computer core capable of housing a superhumanlike AI who can guide a ship through any challenge.</description>
    <size>(1,1)</size>
    <designationCategory>Ship</designationCategory>
    <comps>
      <li Class="CompProperties_ShipPart"/>
      <li Class="CompProperties_Power">
        <compClass>CompPowerTransmitter</compClass>
        <transmitsPower>true</transmitsPower>
      </li>
    </comps>
    <placeWorkers>
      <li>PlaceWorker_NotUnderRoof</li>
    </placeWorkers>
    <building>
      <shipPart>true</shipPart>
      <ignoreNeedsPower>true</ignoreNeedsPower>
    </building>
    <costList>
      <Steel>600</Steel>
      <Component>16</Component>
			<Gold>100</Gold>
      <AIPersonaCore>1</AIPersonaCore>
    </costList>
    <terrainAffordanceNeeded>Heavy</terrainAffordanceNeeded>
    <staticSunShadowHeight>1.0</staticSunShadowHeight>
    <designationHotkey>Misc3</designationHotkey>
  </ThingDef>




  <!-- Reactor -->

  <ThingDef ParentName="BuildingBase">
    <defName>Ship_Reactor</defName>
    <label>ship reactor</label>
    <thingClass>Building</thingClass>
    <graphicData>
      <texPath>Things/Building/Ship/ShipReactor</texPath>
      <graphicClass>Graphic_Multi</graphicClass>
      <drawSize>(7,7)</drawSize>
      <damageData>
        <cornerTL>Damage/Corner</cornerTL>
        <cornerTR>Damage/Corner</cornerTR>
        <cornerBL>Damage/Corner</cornerBL>
        <cornerBR>Damage/Corner</cornerBR>
      </damageData>
    </graphicData>
    <researchPrerequisites><li>ShipReactor</li></researchPrerequisites>
    <altitudeLayer>Building</altitudeLayer>
    <passability>Impassable</passability>
    <blockWind>true</blockWind>
    <castEdgeShadows>true</castEdgeShadows>
    <fillPercent>1</fillPercent>
    <blockLight>true</blockLight>
    <canOverlapZones>false</canOverlapZones>
    <statBases>
      <WorkToBuild>50000</WorkToBuild>
      <MaxHitPoints>500</MaxHitPoints>
      <Flammability>1.0</Flammability>
    </statBases>
    <tickerType>Normal</tickerType>
    <description>Powers a ship on its journey through space.</description>
    <size>(5,5)</size>
    <designationCategory>Ship</designationCategory>
    <building>
      <shipPart>true</shipPart>
      <ignoreNeedsPower>true</ignoreNeedsPower>
    </building>
    <costList>
      <Steel>300</Steel>
      <Plasteel>500</Plasteel>
			<Uranium>150</Uranium>
      <Component>25</Component>
    </costList>
    <comps>
      <li Class="CompProperties_Power">
        <compClass>CompPowerPlant</compClass>
        <basePowerConsumption>-1000</basePowerConsumption>
        <transmitsPower>true</transmitsPower>
      </li>
      <li Class="CompProperties_ShipPart"/>
    </comps>
    <placeWorkers>
      <li>PlaceWorker_NotUnderRoof</li>
    </placeWorkers>
    <terrainAffordanceNeeded>Heavy</terrainAffordanceNeeded>
    <staticSunShadowHeight>1.0</staticSunShadowHeight>
    <designationHotkey>Misc4</designationHotkey>
  </ThingDef>


  <!-- Engine -->

  <ThingDef ParentName="BuildingBase">
    <defName>Ship_Engine</defName>
    <label>ship engine</label>
    <thingClass>Building</thingClass>
    <graphicData>
      <texPath>Things/Building/Ship/ShipEngine</texPath>
      <graphicClass>Graphic_Multi</graphicClass>
      <drawSize>(4,5)</drawSize>
    </graphicData>
    <researchPrerequisites><li>ShipEngine</li></researchPrerequisites>
    <altitudeLayer>Building</altitudeLayer>
    <passability>Impassable</passability>
    <blockWind>true</blockWind>
    <castEdgeShadows>true</castEdgeShadows>
    <fillPercent>1</fillPercent>
    <blockLight>true</blockLight>
    <canOverlapZones>false</canOverlapZones>
    <statBases>
      <WorkToBuild>40000</WorkToBuild>
      <MaxHitPoints>400</MaxHitPoints>
      <Flammability>1.0</Flammability>
    </statBases>
    <tickerType>Normal</tickerType>
    <description>An engine capable of launching a ship into orbit and on interstellar trajectories.</description>
    <size>(2,3)</size>
    <designationCategory>Ship</designationCategory>
    <comps>
      <li Class="CompProperties_Power">
        <compClass>CompPowerTransmitter</compClass>
        <transmitsPower>true</transmitsPower>
      </li>
      <li Class="CompProperties_ShipPart"/>
    </comps>
    <placeWorkers>
      <li>PlaceWorker_NotUnderRoof</li>
    </placeWorkers>
    <building>
      <shipPart>true</shipPart>
      <ignoreNeedsPower>true</ignoreNeedsPower>
    </building>
    <costList>
      <Steel>200</Steel>
      <Plasteel>300</Plasteel>
			<Uranium>100</Uranium>
      <Component>25</Component>
    </costList>
    <terrainAffordanceNeeded>Heavy</terrainAffordanceNeeded>
    <staticSunShadowHeight>1.0</staticSunShadowHeight>
    <designationHotkey>Misc5</designationHotkey>
  </ThingDef>




</GameData>