﻿<?xml version="1.0" encoding="utf-8" ?>
<ThingDefs>

  <ThingDef ParentName="BuildingBase">
    <defName>Sandbags</defName>
    <label>sandbags</label>
    <thingClass>Building</thingClass>
    <category>Building</category>
    <graphicData>
      <texPath>Things/Building/Linked/Sandbags_Atlas</texPath>
      <graphicClass>Graphic_Single</graphicClass>
      <linkType>Basic</linkType>
      <linkFlags>
        <li>Sandbags</li>
      </linkFlags>
    </graphicData>
    <blueprintGraphicData>
      <texPath>Things/Building/Linked/Sandbags_Blueprint_Atlas</texPath>
    </blueprintGraphicData>
    <uiIconPath>Things/Building/Linked/Sandbags_MenuIcon</uiIconPath>
    <altitudeLayer>Building</altitudeLayer>
    <pathCost>40</pathCost>
    <pathCostIgnoreRepeat>true</pathCostIgnoreRepeat>
    <passability>PassThroughOnly</passability>
    <castEdgeShadows>true</castEdgeShadows>
    <fillPercent>0.65</fillPercent>
    <canOverlapZones>false</canOverlapZones>
    <statBases>
      <MaxHitPoints>450</MaxHitPoints>
      <Beauty>-10</Beauty>
      <WorkToBuild>180</WorkToBuild>
      <Flammability>0</Flammability>
    </statBases>
    <building>
			<ai_chillDestination>false</ai_chillDestination>
			<isInert>true</isInert>
    </building>
    <description>Cover from gunfire.</description>
    <placingDraggableDimensions>1</placingDraggableDimensions>
    <costList>
      <Steel>6</Steel>
    </costList>
    <filthLeaving>SandbagRubble</filthLeaving>
    <rotatable>false</rotatable>
    <selectable>true</selectable>
    <neverMultiSelect>true</neverMultiSelect>
    <terrainAffordanceNeeded>Light</terrainAffordanceNeeded>
    <designationCategory>Security</designationCategory>
    <staticSunShadowHeight>0.20</staticSunShadowHeight>
    <constructEffect>ConstructDirt</constructEffect>
    <repairEffect>ConstructDirt</repairEffect>
    <designationHotKey>Misc1</designationHotKey>
  </ThingDef>

  <!--=============== Improvised turret ===============-->
  
  <ThingDef ParentName="BuildingBase">
    <defName>TurretGun</defName>
    <label>improvised turret</label>
    <thingClass>Building_TurretGun</thingClass>
    <graphicData>
      <texPath>Things/Building/Security/TurretImprovised</texPath>
      <graphicClass>Graphic_Single</graphicClass>
      <drawSize>(3,3)</drawSize>
      <damageData>
        <rect>(0.2,0.2,0.6,0.6)</rect>
      </damageData>
    </graphicData>
    <minifiedDef>MinifiedFurniture</minifiedDef>
    <altitudeLayer>Building</altitudeLayer>
    <stealable>false</stealable>
    <rotatable>false</rotatable>
    <statBases>
      <MaxHitPoints>100</MaxHitPoints>
      <Flammability>1.0</Flammability>
      <WorkToBuild>2500</WorkToBuild>
      <Mass>100</Mass>
      <Beauty>-20</Beauty>
    </statBases>
    <tickerType>Normal</tickerType>
    <comps>
      <li Class="CompProperties_Explosive">
        <explosiveRadius>3.9</explosiveRadius>
        <explosiveDamageType>Bomb</explosiveDamageType>
        <chanceNeverExplodeFromDamage>0.5</chanceNeverExplodeFromDamage>
      </li>
      <li Class="CompProperties_Forbiddable"/>
      <li Class="CompProperties_Power">
        <compClass>CompPowerTrader</compClass>
        <basePowerConsumption>350</basePowerConsumption>
      </li>
      <li Class="CompProperties_Flickable"/>
      <li Class="CompProperties_Breakdownable"/>
    </comps>
    <description>An improvised turret that automatically fires at nearby enemies. Explodes when damaged. Its hacked-together AI brain isn't very smart, and can't be directly controlled, so beware of friendly fire.</description>
    <passability>PassThroughOnly</passability>
    <pathCost>50</pathCost>
    <fillPercent>0.4</fillPercent>
    <castEdgeShadows>true</castEdgeShadows>
    <hasTooltip>true</hasTooltip>
    <stuffCategories>
      <li>Metallic</li>
    </stuffCategories>
    <costStuffCount>75</costStuffCount>
    <costList>
      <Steel>100</Steel>
      <Component>3</Component>
    </costList>
    <terrainAffordanceNeeded>Light</terrainAffordanceNeeded>
    <designationCategory>Security</designationCategory>
    <specialDisplayRadius>25.9</specialDisplayRadius>
    <building>
			<ai_combatDangerous>true</ai_combatDangerous>
      <turretGunDef>Gun_TurretImprovised</turretGunDef>
      <turretBurstCooldownTime>5.15</turretBurstCooldownTime>
      <turretTopgraphicPath>Things/Building/Security/TurretImprovised_Top</turretTopgraphicPath>
    </building>
    <designationHotKey>Misc2</designationHotKey>
    <researchPrerequisites>
      <li>GunTurrets</li>
    </researchPrerequisites>
  </ThingDef>

  <ThingDef ParentName="BaseBullet">
    <defName>Bullet_TurretImprovised</defName>
    <label>improvised turret bullet</label>
    <graphicData>
      <texPath>Things/Projectile/Bullet_Small</texPath>
      <graphicClass>Graphic_Single</graphicClass>
    </graphicData>
    <projectile>
      <damageDef>Bullet</damageDef>
      <damageAmountBase>11</damageAmountBase>
      <speed>70</speed>
    </projectile>
  </ThingDef>

  <ThingDef ParentName="BaseHumanGun">
    <defName>Gun_TurretImprovised</defName>
    <label>improvised turret gun</label>
    <graphicData>
      <texPath>Things/Item/Equipment/WeaponRanged/ChargeRifle</texPath>
      <graphicClass>Graphic_Single</graphicClass>
    </graphicData>
    <menuHidden>true</menuHidden>
    <description>Jury-rigged gun attached to a turret.</description>
    <soundInteract>InteractRifle</soundInteract>
    <canBeSpawningInventory>false</canBeSpawningInventory>
    <tradeability>Never</tradeability>
    <destroyOnDrop>true</destroyOnDrop>
    <statBases>
      <AccuracyTouch>0.80</AccuracyTouch>
      <AccuracyShort>0.64</AccuracyShort>
      <AccuracyMedium>0.41</AccuracyMedium>
      <AccuracyLong>0.22</AccuracyLong>
      <RangedWeapon_Cooldown>0.66</RangedWeapon_Cooldown>
    </statBases>
    <weaponTags>
      <li>TurretGun</li>
    </weaponTags>
    <verbs>
      <li>
        <verbClass>Verb_Shoot</verbClass>
        <hasStandardCommand>true</hasStandardCommand>
        <projectileDef>Bullet_TurretImprovised</projectileDef>
        <warmupTime>1.5</warmupTime>
        <range>25.9</range>
        <ticksBetweenBurstShots>8</ticksBetweenBurstShots>
        <burstShotCount>3</burstShotCount>
        <soundCast>GunShotA</soundCast>
        <soundCastTail>GunTail_Light</soundCastTail>
        <muzzleFlashScale>9</muzzleFlashScale>
      </li>
    </verbs>
  </ThingDef>

  <!-- ================ Mortars ==================-->

  <ThingDef Name="BaseArtilleryBuilding" ParentName="BuildingBase" Abstract="True">
    <thingClass>Building_TurretGun</thingClass>
    <graphicData>
      <texPath>Things/Building/Security/TurretMortarBase</texPath>
      <graphicClass>Graphic_Single</graphicClass>
      <drawSize>(4,4)</drawSize>
      <damageData>
        <rect>(0.38,0.2,0.56375,0.8)</rect>
        <cornerTL>Damage/Corner</cornerTL>
      </damageData>
    </graphicData>
    <minifiedDef>MinifiedFurniture</minifiedDef>
    <altitudeLayer>Building</altitudeLayer>
    <hasInteractionCell>True</hasInteractionCell>
    <interactionCellOffset>(0,0,-1)</interactionCellOffset>
    <stealable>false</stealable>
    <size>(2,2)</size>
    <passability>PassThroughOnly</passability>
    <pathCost>50</pathCost>
    <fillPercent>0.4</fillPercent>
    <castEdgeShadows>true</castEdgeShadows>
    <stuffCategories>
      <li>Metallic</li>
    </stuffCategories>
    <tickerType>Normal</tickerType>
    <terrainAffordanceNeeded>Light</terrainAffordanceNeeded>
    <designationCategory>Security</designationCategory>
		<costStuffCount>50</costStuffCount>
		<costList>
			<Steel>100</Steel>
			<Component>3</Component>
		</costList>
    <comps>
      <li Class="CompProperties_Forbiddable"/>
      <li Class="CompProperties_Mannable">
        <manWorkType>Violent</manWorkType>
      </li>
    </comps>
    <statBases>
      <MaxHitPoints>180</MaxHitPoints>
      <Flammability>1.0</Flammability>
      <WorkToBuild>1900</WorkToBuild>
      <Mass>100</Mass>
      <Beauty>-20</Beauty>
    </statBases>
    <building>
      <turretShellDef>MortarShell</turretShellDef>
      <turretBurstwarmupTime>4.0</turretBurstwarmupTime>
			<turretBurstCooldownTime>28.0</turretBurstCooldownTime>
			<buildingTags>
				<li>Artillery</li>
			</buildingTags>
		</building>
    <placeWorkers>
      <li>PlaceWorker_NotUnderRoof</li>
    </placeWorkers>
    <researchPrerequisites>
      <li>Mortars</li>
    </researchPrerequisites>
  </ThingDef>

  <ThingDef Name="BaseArtilleryWeapon" Abstract="True">
    <category>Item</category>
    <thingClass>ThingWithComps</thingClass>
    <label>artillery error</label>
    <equipmentType>Primary</equipmentType>
    <tickerType>Never</tickerType>
    <techLevel>Industrial</techLevel>
    <destroyOnDrop>True</destroyOnDrop>
		<canBeSpawningInventory>false</canBeSpawningInventory>
    <menuHidden>True</menuHidden>
    <tradeability>Never</tradeability>
    <weaponTags>
      <li>Artillery</li>
    </weaponTags>
    <comps>
      <li>
        <compClass>CompEquippable</compClass>
      </li>
    </comps>
  </ThingDef>

  <!--=============== Mortar bomb turret ===============-->

  <ThingDef ParentName="BaseArtilleryBuilding">
    <defName>Turret_MortarBomb</defName>
    <label>mortar</label>
    <description>A mortar that launches explosive shells. Must be manned. Explodes when damaged.</description>
    <comps>
      <li Class="CompProperties_Explosive">
        <explosiveRadius>4.9</explosiveRadius>
        <explosiveDamageType>Bomb</explosiveDamageType>
      </li>
    </comps>
    <designationHotKey>Misc3</designationHotKey>
    <building>
      <turretGunDef>Artillery_MortarBomb</turretGunDef>
      <turretTopgraphicPath>Things/Building/Security/TurretMortarBomb_Top</turretTopgraphicPath>
      <buildingTags>
        <li>Artillery_BaseDestroyer</li>
      </buildingTags>
    </building>
  </ThingDef>
  
  <ThingDef ParentName="BaseArtilleryWeapon">
    <defName>Artillery_MortarBomb</defName>
    <label>explosive mortar</label>
    <description>Mortar launcher. Lobs bombs over walls. Very inaccurate but long-ranged.</description>
    <weaponTags>
      <li>Artillery_BaseDestroyer</li>
    </weaponTags>
    <verbs>
      <li>
        <verbClass>Verb_Shoot</verbClass>
        <forceNormalTimeSpeed>false</forceNormalTimeSpeed>
        <hasStandardCommand>true</hasStandardCommand>
        <projectileDef>Bullet_MortarBomb</projectileDef>
				<warmupTime>5.8</warmupTime>
				<forcedMissRadius>11</forcedMissRadius>
				<minRange>30</minRange>
        <range>500</range>
        <burstShotCount>1</burstShotCount>
        <soundCast>Mortar_LaunchA</soundCast>
        <muzzleFlashScale>16</muzzleFlashScale>
        <targetParams>
          <canTargetLocations>true</canTargetLocations>
        </targetParams>
      </li>
    </verbs>
  </ThingDef>

  <ThingDef ParentName="BaseBullet">
    <defName>Bullet_MortarBomb</defName>
    <label>explosive mortar shell</label>
    <graphicData>
      <texPath>Things/Projectile/ShellBomb</texPath>
      <graphicClass>Graphic_Single</graphicClass>
      <shaderType>TransparentPostLight</shaderType>
    </graphicData>
    <thingClass>Projectile_Explosive</thingClass>
    <projectile>
      <damageDef>Bomb</damageDef>
      <damageAmountBase>50</damageAmountBase>
      <speed>41</speed>
      <explosionRadius>3.5</explosionRadius>
      <flyOverhead>true</flyOverhead>
      <soundHitThickRoof>ArtilleryHitThickRoof</soundHitThickRoof>
      <soundExplode>MortarBomb_Explode</soundExplode>
      <soundImpactAnticipate>MortarRound_PreImpact</soundImpactAnticipate>
      <soundAmbient>MortarRound_Ambient</soundAmbient>
    </projectile>
  </ThingDef>

  <!--=============== Mortar incendiary turret ===============-->

  <ThingDef ParentName="BaseArtilleryBuilding">
    <defName>Turret_MortarIncendiary</defName>
    <label>incendiary mortar</label>
    <description>A mortar that launches incendiary shells. Must be manned. Explodes when damaged.</description>
    <comps>
      <li Class="CompProperties_Explosive">
        <explosiveRadius>4.9</explosiveRadius>
        <explosiveDamageType>Flame</explosiveDamageType>
      </li>
    </comps>
    <building>
      <turretGunDef>Artillery_MortarIncendiary</turretGunDef>
      <turretTopgraphicPath>Things/Building/Security/TurretMortarIncendiary_Top</turretTopgraphicPath>
      <buildingTags>
        <li>Artillery_BaseDestroyer</li>
      </buildingTags>
    </building>
    <designationHotKey>Misc4</designationHotKey>
  </ThingDef>
  
  <ThingDef ParentName="BaseArtilleryWeapon">
    <defName>Artillery_MortarIncendiary</defName>
    <label>incendiary mortar</label>
    <description>Incendiary mortar launcher. Lobs fire-starting bombs over walls. Very inaccurate but long-ranged.</description>
    <weaponTags>
      <li>Artillery_BaseDestroyer</li>
    </weaponTags>
    <verbs>
      <li>
        <verbClass>Verb_Shoot</verbClass>
        <forceNormalTimeSpeed>false</forceNormalTimeSpeed>
        <hasStandardCommand>true</hasStandardCommand>
        <projectileDef>Bullet_MortarIncendiary</projectileDef>
				<warmupTime>5.8</warmupTime>
				<forcedMissRadius>11</forcedMissRadius>
				<ai_IsIncendiary>true</ai_IsIncendiary>
				<minRange>30</minRange>
        <range>500</range>
        <burstShotCount>1</burstShotCount>
        <soundCast>Mortar_LaunchA</soundCast>
        <muzzleFlashScale>16</muzzleFlashScale>
        <targetParams>
          <canTargetLocations>true</canTargetLocations>
        </targetParams>
      </li>
    </verbs>
  </ThingDef>

  <ThingDef ParentName="BaseBullet">
    <defName>Bullet_MortarIncendiary</defName>
    <label>incendiary mortar shell</label>
    <graphicData>
      <texPath>Things/Projectile/ShellIncendiary</texPath>
      <graphicClass>Graphic_Single</graphicClass>
      <shaderType>TransparentPostLight</shaderType>
    </graphicData>
    <thingClass>Projectile_Explosive</thingClass>
    <projectile>
      <damageDef>Flame</damageDef>
      <damageAmountBase>10</damageAmountBase>
      <speed>41</speed>
      <explosionRadius>2.9</explosionRadius>
      <preExplosionSpawnThingDef>FilthFuel</preExplosionSpawnThingDef>
      <explosionSpawnChance>0.25</explosionSpawnChance>
      <flyOverhead>true</flyOverhead>
      <soundHitThickRoof>ArtilleryHitThickRoof</soundHitThickRoof>
      <soundExplode>MortarIncendiary_Explode</soundExplode>
      <soundImpactAnticipate>MortarRound_PreImpact</soundImpactAnticipate>
      <soundAmbient>MortarRound_Ambient</soundAmbient>
    </projectile>
  </ThingDef>

  <!--=============== Mortar EMP ===============-->

  <ThingDef ParentName="BaseArtilleryBuilding">
    <defName>Turret_MortarEMP</defName>
    <label>EMP mortar</label>
    <description>A mortar that launches EMP bombs. Must be manned. Explodes when damaged.</description>
    <comps>
      <li Class="CompProperties_Explosive">
        <explosiveRadius>4.9</explosiveRadius>
        <explosiveDamageType>EMP</explosiveDamageType>
      </li>
    </comps>
    <building>
      <turretGunDef>Artillery_MortarEMP</turretGunDef>
      <turretTopgraphicPath>Things/Building/Security/TurretMortarEMP_Top</turretTopgraphicPath>
    </building>
    <designationHotkey>Misc5</designationHotkey>
  </ThingDef>
  
  <ThingDef ParentName="BaseArtilleryWeapon">
    <defName>Artillery_MortarEMP</defName>
    <label>EMP mortar</label>
    <description>Mortar launcher. Lobs EMP bombs over walls. Very inaccurate but long-ranged.</description>
    <verbs>
      <li>
        <verbClass>Verb_Shoot</verbClass>
        <forceNormalTimeSpeed>false</forceNormalTimeSpeed>
        <hasStandardCommand>true</hasStandardCommand>
        <projectileDef>Bullet_MortarEMP</projectileDef>
        <forcedMissRadius>11</forcedMissRadius>
        <warmupTime>5.8</warmupTime>
        <minRange>30</minRange>
        <range>500</range>
        <burstShotCount>1</burstShotCount>
        <soundCast>Mortar_LaunchA</soundCast>
        <muzzleFlashScale>16</muzzleFlashScale>
        <targetParams>
          <canTargetLocations>true</canTargetLocations>
        </targetParams>
      </li>
    </verbs>
  </ThingDef>

  <ThingDef ParentName="BaseBullet">
    <defName>Bullet_MortarEMP</defName>
    <label>EMP mortar bomb</label>
    <graphicData>
      <texPath>Things/Projectile/ShellEMP</texPath>
      <graphicClass>Graphic_Single</graphicClass>
      <shaderType>TransparentPostLight</shaderType>
    </graphicData>
    <thingClass>Projectile_Explosive</thingClass>
    <projectile>
      <damageDef>EMP</damageDef>
      <damageAmountBase>360</damageAmountBase>
      <speed>41</speed>
      <explosionRadius>8.5</explosionRadius>
      <flyOverhead>true</flyOverhead>
      <soundHitThickRoof>ArtilleryHitThickRoof</soundHitThickRoof>
      <soundExplode>Explosion_EMP</soundExplode>
      <soundImpactAnticipate>MortarRound_PreImpact</soundImpactAnticipate>
      <soundAmbient>MortarRound_Ambient</soundAmbient>
    </projectile>
  </ThingDef>

  <!--==================== Traps ======================== -->

  <ThingDef ParentName="BuildingBase">
    <defName>TrapDeadfall</defName>
    <label>deadfall trap</label>
    <thingClass>Building_TrapRearmable</thingClass>
    <graphicData>
      <texPath>Things/Building/Security/DeadfallArmed</texPath>
      <graphicClass>Graphic_Single</graphicClass>
      <damageData>
        <rect>(0,0,1,0.15)</rect>
      </damageData>
    </graphicData>
    <altitudeLayer>Building</altitudeLayer>
    <drawerType>RealtimeOnly</drawerType>
    <rotatable>false</rotatable>
    <tickerType>Normal</tickerType>
    <stealable>false</stealable>
    <statBases>
      <MaxHitPoints>40</MaxHitPoints>
      <WorkToBuild>2000</WorkToBuild>
      <Beauty>-4</Beauty>
      <TrapMeleeDamage>60</TrapMeleeDamage>
      <TrapSpringChance>0.8</TrapSpringChance>
    </statBases>
    <description>A suspended spiked weight held up by a delicate trigger. When the victim disturbs the trigger, the weight is released and falls on his head or torso.</description>
    <stuffCategories>
      <li>Metallic</li>
      <li>Woody</li>
      <li>Stony</li>
    </stuffCategories>
    <costStuffCount>70</costStuffCount>
    <designationCategory>Security</designationCategory>
    <designationHotKey>Misc6</designationHotKey>
    <building>
      <isTrap>true</isTrap>
      <trapDamageCategory>Sharp</trapDamageCategory>
      <trapUnarmedGraphicData>
        <texPath>Things/Building/Security/DeadfallUnarmed</texPath>
        <graphicClass>Graphic_Single</graphicClass>
        <shaderType>Cutout</shaderType>
      </trapUnarmedGraphicData>
    </building>
  </ThingDef>

  <ThingDef ParentName="BuildingBase">
    <defName>TrapIEDBomb</defName>
    <label>IED trap</label>
    <thingClass>Building_TrapExplosive</thingClass>
    <graphicData>
      <texPath>Things/Building/Security/IEDBomb</texPath>
      <graphicClass>Graphic_Single</graphicClass>
      <damageData>
        <rect>(0.1,0,0.8,0.3)</rect>
      </damageData>
    </graphicData>
    <altitudeLayer>Building</altitudeLayer>
    <drawerType>RealtimeOnly</drawerType>
    <rotatable>false</rotatable>
    <tickerType>Normal</tickerType>
    <stealable>false</stealable>
    <statBases>
      <MaxHitPoints>40</MaxHitPoints>
      <WorkToBuild>2000</WorkToBuild>
      <Beauty>-4</Beauty>
      <TrapSpringChance>0.8</TrapSpringChance>
    </statBases>
    <description>A mortar shell connected to a homemade trigger. When someone disturbs the trigger, the shell explodes. The improvised trigger has a random delay that might allow a nimble enemy to escape.</description>
    <costList>
			<MortarShell>1</MortarShell>
      <Component>1</Component>
    </costList>
    <designationCategory>Security</designationCategory>
    <designationHotKey>Misc7</designationHotKey>
    <building>
      <isTrap>true</isTrap>
    </building>
    <comps>
      <li Class="CompProperties_Explosive">
        <explosiveRadius>2.9</explosiveRadius>
        <explosiveDamageType>Bomb</explosiveDamageType>
        <startWickHitPointsPercent>0.2</startWickHitPointsPercent>
        <wickTicks>
          <min>15</min>
          <max>70</max>
        </wickTicks>
      </li>
    </comps>
    <researchPrerequisites><li>IEDBomb</li></researchPrerequisites>
  </ThingDef>

  <ThingDef ParentName="BuildingBase">
    <defName>TrapIEDIncendiary</defName>
    <label>IED incendiary trap</label>
    <thingClass>Building_TrapExplosive</thingClass>
    <graphicData>
      <texPath>Things/Building/Security/IEDIncendiary</texPath>
      <graphicClass>Graphic_Single</graphicClass>
      <damageData>
        <rect>(0.1,0,0.8,0.3)</rect>
      </damageData>
    </graphicData>
    <altitudeLayer>Building</altitudeLayer>
    <drawerType>RealtimeOnly</drawerType>
    <rotatable>false</rotatable>
    <tickerType>Normal</tickerType>
    <stealable>false</stealable>
    <statBases>
      <MaxHitPoints>40</MaxHitPoints>
      <WorkToBuild>2000</WorkToBuild>
      <Beauty>-4</Beauty>
      <TrapSpringChance>0.8</TrapSpringChance>
    </statBases>
    <description>Explosives mixed into an incendiary paste with a chemical trigger for dispersal. Its chemical trigger is simple and reliable.</description>
    <costList>
      <Chemfuel>25</Chemfuel>
      <Component>1</Component>
    </costList>
    <designationCategory>Security</designationCategory>
    <designationHotKey>Misc8</designationHotKey>
    <building>
      <isTrap>true</isTrap>
    </building>
    <comps>
      <li Class="CompProperties_Explosive">
        <explosiveRadius>2.9</explosiveRadius>
        <explosiveDamageType>Flame</explosiveDamageType>
        <startWickHitPointsPercent>0.2</startWickHitPointsPercent>
        <wickTicks>
          <min>10</min>
          <max>50</max>
        </wickTicks>
      </li>
    </comps>
    <researchPrerequisites><li>IEDIncendiary</li></researchPrerequisites>
  </ThingDef>
  
</ThingDefs>