<?xml version="1.0" encoding="utf-8" ?>
<Buildings>
  
	<ThingDef ParentName="BuildingBase">
		<defName>WindTurbine</defName>
    <thingClass>Building</thingClass>
		<label>wind turbine</label>
		<description>A wind-powered electrical generator. Requires a large clear space in front and behind for optimal air flow.</description>
    <graphicData>
      <texPath>Things/Building/Power/WindTurbine/WindTurbineBody</texPath>
      <graphicClass>Graphic_Single</graphicClass>
      <drawSize>(5,2)</drawSize>
      <shadowData>
        <volume>(0.2, 1.0, 0.8)</volume>
      </shadowData>
      <damageData>
        <rect>(2,0.15,1,1.4)</rect>
      </damageData>
    </graphicData>
    <altitudeLayer>Building</altitudeLayer>
		<passability>Impassable</passability>
    <blockWind>true</blockWind>
		<fillPercent>0.5</fillPercent>
		<statBases>
			<MaxHitPoints>150</MaxHitPoints>
			<WorkToBuild>3300</WorkToBuild>
			<Flammability>0.4</Flammability>
			<Beauty>-12</Beauty>
		</statBases>
		<tickerType>Normal</tickerType>
		<size>(5,2)</size>
		<selectable>true</selectable>
    <drawPlaceWorkersWhileSelected>true</drawPlaceWorkersWhileSelected>
		<rotatable>true</rotatable>
		<designationCategory>Power</designationCategory>
		<building>
			<ignoreNeedsPower>true</ignoreNeedsPower>
			<ai_chillDestination>false</ai_chillDestination>
      <allowAutoroof>false</allowAutoroof>
		</building>
		<costList>
			<Steel>100</Steel>
      <Component>2</Component>
		</costList>
    <constructEffect>ConstructMetal</constructEffect>
    <placeWorkers>
      <li>PlaceWorker_WindTurbine</li>
    </placeWorkers>
		<comps>
			<li Class="CompProperties_Power">
				<compClass>CompPowerPlantWind</compClass>
				<basePowerConsumption>-2000</basePowerConsumption>
				<transmitsPower>true</transmitsPower>
      </li>
      <li Class="CompProperties_Breakdownable"/>
		</comps>
    <designationHotkey>Misc7</designationHotkey>
    <researchPrerequisites>
      <li>Electricity</li>
    </researchPrerequisites>
  </ThingDef>
	
</Buildings>