﻿<?xml version="1.0" encoding="utf-8" ?>
<ThingDefs>

  <ThingDef ParentName="BuildingBase">
    <defName>HorseshoesPin</defName>
    <label>horseshoes pin</label>
    <description>A simple ancient game played with a few horseshoes and a large pin in the ground. Players toss horseshoes from a distance and attempt to get them to land close to or around the pin. It's relaxing, and even trains hand-eye coordination.</description>
    <graphicData>
      <texPath>Things/Building/Joy/HorseshoesPin</texPath>
      <graphicClass>Graphic_Single</graphicClass>
      <shadowData>
        <volume>(0.08,0.3,0.08)</volume>
        <offset>(0,0,-0.18)</offset>
      </shadowData>
      <damageData>
        <rect>(0.3,0.3,0.4,0.4)</rect>
      </damageData>
    </graphicData>
    <minifiedDef>MinifiedFurniture</minifiedDef>
    <altitudeLayer>Building</altitudeLayer>
    <rotatable>false</rotatable>
    <socialPropernessMatters>true</socialPropernessMatters>
    <statBases>
      <MaxHitPoints>75</MaxHitPoints>
      <WorkToBuild>150</WorkToBuild>
      <Mass>3</Mass>
      <Flammability>1.0</Flammability>
      <EntertainmentStrengthFactor>1</EntertainmentStrengthFactor>
    </statBases>
    <stuffCategories>
      <li>Metallic</li>
      <li>Woody</li>
      <li>Stony</li>
    </stuffCategories>
    <building>
      <isJoySource>true</isJoySource>
      <watchBuildingStandDistanceRange>
        <min>5</min>
        <max>5</max>
      </watchBuildingStandDistanceRange>
			<watchBuildingStandRectWidth>3</watchBuildingStandRectWidth>
    </building>
    <costStuffCount>15</costStuffCount>
    <pathCost>10</pathCost>
    <designationCategory>Joy</designationCategory>
    <designationHotKey>Misc1</designationHotKey>
		<comps>
			<li Class="CompProperties_RoomIdentifier">
				<roomStat>Impressiveness</roomStat>
			</li>
		</comps>
  </ThingDef>
  
  <ThingDef ParentName="FurnitureBase">
    <defName>ChessTable</defName>
    <label>chess table</label>
    <description>The ancient game of kings. Fun for a few hours here and there, even playing alone.</description>
    <graphicData>
      <texPath>Things/Building/Joy/ChessTable</texPath>
      <graphicClass>Graphic_Single</graphicClass>
      <shadowData>
        <volume>(0.3, 0.6, 0.3)</volume>
      </shadowData>
      <damageData>
        <rect>(0.09375,0.296875,0.796875,0.703125)</rect>
        <cornerTL>Damage/Corner</cornerTL>
        <cornerTR>Damage/Corner</cornerTR>
        <cornerBL>Damage/Corner</cornerBL>
        <cornerBR>Damage/Corner</cornerBR>
      </damageData>
    </graphicData>
    <altitudeLayer>Building</altitudeLayer>
    <rotatable>false</rotatable>
    <socialPropernessMatters>true</socialPropernessMatters>
    <fillPercent>0.40</fillPercent>
    <building>
      <isJoySource>true</isJoySource>
    </building>
    <statBases>
      <MaxHitPoints>100</MaxHitPoints>
      <WorkToBuild>10000</WorkToBuild>
      <Mass>5</Mass>
      <Flammability>1.0</Flammability>
      <Beauty>4</Beauty>
      <EntertainmentStrengthFactor>1</EntertainmentStrengthFactor>
    </statBases>
    <stuffCategories>
      <li>Metallic</li>
      <li>Woody</li>
      <li>Stony</li>
    </stuffCategories>
    <costStuffCount>70</costStuffCount>
    <pathCost>70</pathCost>
    <passability>PassThroughOnly</passability>
    <designationCategory>Joy</designationCategory>
    <designationHotKey>Misc2</designationHotKey>
		<comps>
			<li Class="CompProperties_RoomIdentifier">
				<roomStat>Impressiveness</roomStat>
			</li>
		</comps>
  </ThingDef>

  <ThingDef ParentName="FurnitureBase">
    <defName>BilliardsTable</defName>
    <label>billiards table</label>
    <description>A soft-topped bounded table for playing a variety of billiards-type games.</description>
    <graphicData>
      <texPath>Things/Building/Joy/BilliardsTable</texPath>
      <graphicClass>Graphic_Multi</graphicClass>
      <shaderType>CutoutComplex</shaderType>
      <drawSize>(4,5)</drawSize>
      <damageData>
        <cornerTL>Damage/Corner</cornerTL>
        <cornerTR>Damage/Corner</cornerTR>
        <cornerBL>Damage/Corner</cornerBL>
        <cornerBR>Damage/Corner</cornerBR>
      </damageData>
    </graphicData>
    <staticSunShadowHeight>0.20</staticSunShadowHeight>
    <altitudeLayer>Building</altitudeLayer>
    <socialPropernessMatters>true</socialPropernessMatters>
    <fillPercent>0.40</fillPercent>
    <building>
      <isJoySource>true</isJoySource>
    </building>
    <statBases>
      <MaxHitPoints>250</MaxHitPoints>
      <WorkToBuild>12000</WorkToBuild>
      <Mass>300</Mass>
      <Flammability>1.0</Flammability>
      <Beauty>0</Beauty>
      <EntertainmentStrengthFactor>1</EntertainmentStrengthFactor>
    </statBases>
    <size>(2,3)</size>
    <stuffCategories>
      <li>Metallic</li>
      <li>Woody</li>
      <li>Stony</li>
    </stuffCategories>
    <costStuffCount>80</costStuffCount>
    <costList>
      <Cloth>80</Cloth>
      <WoodLog>30</WoodLog>
    </costList>
    <pathCost>70</pathCost>
    <passability>PassThroughOnly</passability>
    <designationCategory>Joy</designationCategory>
    <designationHotKey>Misc3</designationHotKey>
    <canOverlapZones>false</canOverlapZones>
		<placeWorkers>
			<li>PlaceWorker_NeverAdjacentUnstandable</li>
		</placeWorkers>
		<comps>
			<li Class="CompProperties_RoomIdentifier">
				<roomStat>Impressiveness</roomStat>
			</li>
		</comps>
  </ThingDef>

  <ThingDef ParentName="BuildingBase">
    <defName>TubeTelevision</defName>
    <label>tube television</label>
    <description>A cathode ray tube display for showing moving pictures with sound. Even on the rimworlds, there is often an old transmitter running something at least marginally interesting.</description>
    <graphicData>
      <texPath>Things/Building/Joy/TubeTelevision</texPath>
      <graphicClass>Graphic_Multi</graphicClass>
      <shadowData>
        <volume>(0.7, 0.6, 0.7)</volume>
        <offset>(0,0,-0.15)</offset>
      </shadowData>
    </graphicData>
    <altitudeLayer>Building</altitudeLayer>
    <drawPlaceWorkersWhileSelected>true</drawPlaceWorkersWhileSelected>
    <rotatable>true</rotatable>
    <minifiedDef>MinifiedFurniture</minifiedDef>
    <socialPropernessMatters>true</socialPropernessMatters>
    <fillPercent>0.40</fillPercent>
    <statBases>
      <WorkToBuild>6000</WorkToBuild>
      <MaxHitPoints>100</MaxHitPoints>
      <Mass>28</Mass>
      <Flammability>1.0</Flammability>
      <MarketValue>700</MarketValue>
      <EntertainmentStrengthFactor>1</EntertainmentStrengthFactor>
    </statBases>
    <costList>
      <Steel>100</Steel>
      <Component>8</Component>
    </costList>
    <pathCost>70</pathCost>
    <passability>PassThroughOnly</passability>
    <building>
      <isJoySource>true</isJoySource>
      <spawnedConceptLearnOpportunity>TVForSickPeople</spawnedConceptLearnOpportunity>
      <boughtConceptLearnOpportunity>TVForSickPeople</boughtConceptLearnOpportunity>
      <watchBuildingStandDistanceRange>
        <min>2</min>
        <max>4</max>
      </watchBuildingStandDistanceRange>
			<watchBuildingStandRectWidth>5</watchBuildingStandRectWidth>
    </building>
    <placeWorkers>
      <li>PlaceWorker_WatchArea</li>
    </placeWorkers>
    <comps>
      <li Class="CompProperties_Power">
        <compClass>CompPowerTrader</compClass>
        <startElectricalFires>true</startElectricalFires>
        <basePowerConsumption>200</basePowerConsumption>
      </li>
      <li Class="CompProperties_Flickable"/>
			<li Class="CompProperties_RoomIdentifier">
				<roomStat>Impressiveness</roomStat>
			</li>
    </comps>
    <tradeTags>
      <li>Television</li>
    </tradeTags>
    <constructEffect>ConstructMetal</constructEffect>
    <designationCategory>Joy</designationCategory>
    <designationHotKey>Misc4</designationHotKey>
    <researchPrerequisites><li>TubeTelevision</li></researchPrerequisites>
  </ThingDef>
  
  <ThingDef ParentName="BuildingBase">
    <defName>FlatscreenTelevision</defName>
    <label>flatscreen television</label>
    <description>A high-tech flat-screen television with crystal-clear image and rich color. More entertaining than a grainy tube TV.</description>
    <graphicData>
      <texPath>Things/Building/Joy/FlatscreenTelevision</texPath>
      <graphicClass>Graphic_Multi</graphicClass>
      <shadowData>
        <volume>(0.3, 0.6, 0.3)</volume>
      </shadowData>
      <drawSize>(2,1)</drawSize>
    </graphicData>
    <altitudeLayer>Building</altitudeLayer>
    <drawPlaceWorkersWhileSelected>true</drawPlaceWorkersWhileSelected>
    <rotatable>true</rotatable>
    <minifiedDef>MinifiedFurniture</minifiedDef>
    <socialPropernessMatters>true</socialPropernessMatters>
    <fillPercent>0.35</fillPercent>
    <costList>
      <Steel>100</Steel>
      <Component>10</Component>
    </costList>
    <statBases>
      <MaxHitPoints>80</MaxHitPoints>
      <Flammability>1.0</Flammability>
      <MarketValue>1200</MarketValue>
      <Mass>5</Mass>
      <EntertainmentStrengthFactor>1.2</EntertainmentStrengthFactor>
    </statBases>
    <pathCost>70</pathCost>
    <passability>PassThroughOnly</passability>
    <size>(2,1)</size>
    <building>
      <isJoySource>true</isJoySource>
      <spawnedConceptLearnOpportunity>TVForSickPeople</spawnedConceptLearnOpportunity>
      <boughtConceptLearnOpportunity>TVForSickPeople</boughtConceptLearnOpportunity>
      <watchBuildingStandDistanceRange>
        <min>2</min>
        <max>6</max>
      </watchBuildingStandDistanceRange>
			<watchBuildingStandRectWidth>6</watchBuildingStandRectWidth>
    </building>
    <placeWorkers>
      <li>PlaceWorker_WatchArea</li>
    </placeWorkers>
    <comps>
      <li Class="CompProperties_Power">
        <compClass>CompPowerTrader</compClass>
        <startElectricalFires>true</startElectricalFires>
        <basePowerConsumption>150</basePowerConsumption>
      </li>
      <li Class="CompProperties_Flickable"/>
			<li Class="CompProperties_RoomIdentifier">
				<roomStat>Impressiveness</roomStat>
			</li>
    </comps>
    <tradeTags>
      <li>Television</li>
    </tradeTags>
  </ThingDef>

  <ThingDef ParentName="BuildingBase">
    <defName>MegascreenTelevision</defName>
    <label>megascreen television</label>
    <description>A huge, high-tech television. Gigantic, hyper-vibrant images almost leap out of the screen. Very entertaining.</description>
    <graphicData>
      <texPath>Things/Building/Joy/MegascreenTelevision</texPath>
      <graphicClass>Graphic_Multi</graphicClass>
      <shadowData>
        <volume>(0.3, 0.6, 0.3)</volume>
      </shadowData>
      <drawSize>(3,1)</drawSize>
    </graphicData>
    <altitudeLayer>Building</altitudeLayer>
    <drawPlaceWorkersWhileSelected>true</drawPlaceWorkersWhileSelected>
    <rotatable>true</rotatable>
    <minifiedDef>MinifiedFurniture</minifiedDef>
    <socialPropernessMatters>true</socialPropernessMatters>
    <fillPercent>0.35</fillPercent>
    <costList>
      <Steel>120</Steel>
      <Component>12</Component>
    </costList>
    <statBases>
      <MaxHitPoints>85</MaxHitPoints>
      <Flammability>1.0</Flammability>
      <MarketValue>2000</MarketValue>
      <Mass>8</Mass>
      <EntertainmentStrengthFactor>1.35</EntertainmentStrengthFactor>
    </statBases>
    <pathCost>70</pathCost>
    <passability>PassThroughOnly</passability>
    <size>(3,1)</size>
    <building>
      <isJoySource>true</isJoySource>
      <spawnedConceptLearnOpportunity>TVForSickPeople</spawnedConceptLearnOpportunity>
      <boughtConceptLearnOpportunity>TVForSickPeople</boughtConceptLearnOpportunity>
      <watchBuildingStandDistanceRange>
        <min>2</min>
        <max>7</max>
      </watchBuildingStandDistanceRange>
			<watchBuildingStandRectWidth>7</watchBuildingStandRectWidth>
    </building>
    <placeWorkers>
      <li>PlaceWorker_WatchArea</li>
    </placeWorkers>
    <comps>
      <li Class="CompProperties_Power">
        <compClass>CompPowerTrader</compClass>
        <startElectricalFires>true</startElectricalFires>
        <basePowerConsumption>220</basePowerConsumption>
      </li>
      <li Class="CompProperties_Flickable"/>
			<li Class="CompProperties_RoomIdentifier">
				<roomStat>Impressiveness</roomStat>
			</li>
    </comps>
    <tradeTags>
      <li>Television</li>
    </tradeTags>
  </ThingDef>
  
  <ThingDef ParentName="BuildingBase">
    <defName>Telescope</defName>
    <label>telescope</label>
    <description>A telescope for doing amateur astronomy. It's a relaxing and fun hobby for a certain kind of person.</description>
    <graphicData>
      <texPath>Things/Building/Joy/Telescope</texPath>
      <graphicClass>Graphic_Single</graphicClass>
      <drawRotated>false</drawRotated>
      <shadowData>
        <volume>(0.3, 0.6, 0.3)</volume>
      </shadowData>
    </graphicData>
    <fillPercent>0.15</fillPercent>
    <altitudeLayer>Building</altitudeLayer>
    <hasInteractionCell>true</hasInteractionCell>
    <interactionCellOffset>(0,0,1)</interactionCellOffset>
    <passability>PassThroughOnly</passability>
    <pathCost>50</pathCost>
    <minifiedDef>MinifiedFurniture</minifiedDef>
    <socialPropernessMatters>true</socialPropernessMatters>
    <building>
      <isJoySource>true</isJoySource>
    </building>
    <statBases>
      <MaxHitPoints>75</MaxHitPoints>
      <Flammability>1.0</Flammability>
      <MarketValue>350</MarketValue>
      <Mass>7.5</Mass>
      <EntertainmentStrengthFactor>1</EntertainmentStrengthFactor>
    </statBases>
		<comps>
			<li Class="CompProperties_RoomIdentifier">
				<roomStat>Impressiveness</roomStat>
			</li>
		</comps>
  </ThingDef>
  
</ThingDefs>