﻿<?xml version="1.0" encoding="utf-8" ?>
<Buildings>
  
  <ThingDef Name="FurnitureBase" ParentName="BuildingBase" Abstract="True">
    <comps>
      <li>
        <compClass>CompQuality</compClass>
      </li>
    </comps>
    <DesignationCategory>Furniture</DesignationCategory>
    <minifiedDef>MinifiedFurniture</minifiedDef>
    <tradeTags>
      <li>Furniture</li>
    </tradeTags>
  </ThingDef>
  
  <ThingDef Name="ArtableFurnitureBase" ParentName="FurnitureBase" Abstract="True">
    <comps>
      <li Class="CompProperties_Art">
        <nameMaker>ArtName_Furniture</nameMaker>
        <descriptionMaker>ArtDescription_Furniture</descriptionMaker>
        <minQualityForArtistic>Excellent</minQualityForArtistic>
			</li>
    </comps>
    <inspectorTabs>
      <li>ITab_Art</li>
    </inspectorTabs>
  </ThingDef>


  <!--============================== Beds ==============================-->
	
  <ThingDef ParentName="BuildingBase">
    <defName>SleepingSpot</defName>
    <label>sleeping spot</label>
    <Description>Designates a spot on the ground where people should sleep. Not comfortable.</Description>
    <ThingClass>Building_Bed</ThingClass>
    <graphicData>
      <texPath>Things/Building/Furniture/Bed/SleepSpot</texPath>
      <graphicClass>Graphic_Multi</graphicClass>
      <drawSize>(3,4)</drawSize>
    </graphicData>
    <AltitudeLayer>FloorEmplacement</AltitudeLayer>
    <statBases>
      <WorkToBuild>0</WorkToBuild>
      <Comfort>0.4</Comfort>
    </statBases>
		<scatterableOnMapGen>false</scatterableOnMapGen>
    <useHitPoints>False</useHitPoints>
    <Size>(1,2)</Size>
    <DesignationCategory>Furniture</DesignationCategory>
    <Passability>Standable</Passability>
    <DrawGUIOverlay>True</DrawGUIOverlay>
    <building>
      <Bed_ShowSleeperBody>True</Bed_ShowSleeperBody>
      <sowTag>SupportPlantsOnly</sowTag>
      <canPlaceOverImpassablePlant>false</canPlaceOverImpassablePlant>
      <ai_chillDestination>false</ai_chillDestination>
    </building>
    <designationHotkey>Misc1</designationHotkey>
		<comps>
			<li Class="CompProperties_RoomIdentifier">
				<roomStat>Impressiveness</roomStat>
			</li>
		</comps>
  </ThingDef>
  
  <ThingDef ParentName="FurnitureBase">
    <defName>Bed</defName>
    <label>bed</label>
    <Description>A cozy mattress and sheets on a frame for resting.</Description>
    <ThingClass>Building_Bed</ThingClass>
    <graphicData>
      <texPath>Things/Building/Furniture/Bed/Bed</texPath>
      <graphicClass>Graphic_Multi</graphicClass>
      <shaderType>CutoutComplex</shaderType>
      <drawSize>(3,4)</drawSize>
      <damageData>
        <rect>(0,0.05,1,1.95)</rect>
      </damageData>
    </graphicData>
    <AltitudeLayer>Building</AltitudeLayer>
    <statBases>
      <MaxHitPoints>140</MaxHitPoints>
      <Flammability>1.0</Flammability>
      <Beauty>1</Beauty>
      <WorkToBuild>870</WorkToBuild>
      <Mass>50</Mass>
      <BedRestEffectiveness>1</BedRestEffectiveness>
      <Comfort>0.75</Comfort>
      <ImmunityGainSpeedFactor>1.1</ImmunityGainSpeedFactor>
    </statBases>
    <Size>(1,2)</Size>
    <stuffCategories>
      <li>Metallic</li>
      <li>Woody</li>
      <li>Stony</li>
    </stuffCategories>
    <costStuffCount>35</costStuffCount>
    <building>
      <Bed_ShowSleeperBody>False</Bed_ShowSleeperBody>
      <bed_healPerDay>3</bed_healPerDay>
    </building>
    <comps>
      <li Class="CompProperties_AffectedByFacilities">
        <linkableFacilities>
          <li>VitalsMonitor</li>
        </linkableFacilities>
      </li>
			<li Class="CompProperties_RoomIdentifier">
				<roomStat>Impressiveness</roomStat>
			</li>
    </comps>
    <fillPercent>0.4</fillPercent>
    <PathCost>60</PathCost>
    <StaticSunShadowHeight>0.17</StaticSunShadowHeight>
    <CastEdgeShadows>True</CastEdgeShadows>
    <designationHotKey>Misc2</designationHotKey>
    <Passability>PassThroughOnly</Passability>
    <DrawGUIOverlay>True</DrawGUIOverlay>
    <canOverlapZones>false</canOverlapZones>
		<placeWorkers>
			<li>PlaceWorker_ShowFacilitiesConnections</li>
		</placeWorkers>
  </ThingDef>

  <ThingDef ParentName="ArtableFurnitureBase">
    <defName>DoubleBed</defName>
    <label>double bed</label>
    <Description>A simple double-wide bed that fits two people.</Description>
    <ThingClass>Building_Bed</ThingClass>
    <graphicData>
      <texPath>Things/Building/Furniture/Bed/DoubleBed</texPath>
      <graphicClass>Graphic_Multi</graphicClass>
      <shaderType>CutoutComplex</shaderType>
      <drawSize>(4,4)</drawSize>
      <damageData>
        <rect>(0,0.05,2,1.95)</rect>
      </damageData>
    </graphicData>
    <AltitudeLayer>Building</AltitudeLayer>
    <statBases>
      <MaxHitPoints>200</MaxHitPoints>
      <Flammability>1.0</Flammability>
      <WorkToBuild>1740</WorkToBuild>
      <Mass>85</Mass>
      <Comfort>0.75</Comfort>
      <Beauty>2</Beauty>
      <BedRestEffectiveness>1</BedRestEffectiveness>
      <ImmunityGainSpeedFactor>1.1</ImmunityGainSpeedFactor>
    </statBases>
    <Size>(2,2)</Size>
    <stuffCategories>
      <li>Metallic</li>
      <li>Woody</li>
      <li>Stony</li>
    </stuffCategories>
    <costStuffCount>70</costStuffCount>
    <building>
      <Bed_ShowSleeperBody>False</Bed_ShowSleeperBody>
      <bed_healPerDay>3</bed_healPerDay>
    </building>
    <comps>
      <li Class="CompProperties_AffectedByFacilities">
        <linkableFacilities>
          <li>VitalsMonitor</li>
        </linkableFacilities>
      </li>
			<li Class="CompProperties_RoomIdentifier">
				<roomStat>Impressiveness</roomStat>
			</li>
    </comps>
    <terrainAffordanceNeeded>Light</terrainAffordanceNeeded>
    <fillPercent>0.4</fillPercent>
    <PathCost>60</PathCost>
    <LeaveResourcesWhenKilled>True</LeaveResourcesWhenKilled>
    <StaticSunShadowHeight>0.17</StaticSunShadowHeight>
    <CastEdgeShadows>True</CastEdgeShadows>
    <designationHotKey>Misc3</designationHotKey>
    <Passability>PassThroughOnly</Passability>
    <DrawGUIOverlay>True</DrawGUIOverlay>
    <canOverlapZones>false</canOverlapZones>
		<placeWorkers>
			<li>PlaceWorker_ShowFacilitiesConnections</li>
		</placeWorkers>
  </ThingDef>

  <ThingDef ParentName="ArtableFurnitureBase">
    <defName>RoyalBed</defName>
    <label>royal bed</label>
    <Description>A luxurious gold-inlaid bed fit for the highborn. Very comfy and beautiful. Fits two.</Description>
    <ThingClass>Building_Bed</ThingClass>
    <graphicData>
      <texPath>Things/Building/Furniture/Bed/RoyalBed</texPath>
      <graphicClass>Graphic_Multi</graphicClass>
      <shaderType>CutoutComplex</shaderType>
      <drawSize>(4,4)</drawSize>
      <damageData>
        <rect>(0,0.05,2,1.95)</rect>
      </damageData>
    </graphicData>
    <AltitudeLayer>Building</AltitudeLayer>
    <statBases>
      <MaxHitPoints>200</MaxHitPoints>
      <Flammability>1.0</Flammability>
      <WorkToBuild>4500</WorkToBuild>
      <Mass>90</Mass>
      <Beauty>25</Beauty>
      <BedRestEffectiveness>1.05</BedRestEffectiveness>
      <Comfort>0.90</Comfort>
      <ImmunityGainSpeedFactor>1.1</ImmunityGainSpeedFactor>
    </statBases>
    <Size>(2,2)</Size>
    <stuffCategories>
      <li>Metallic</li>
      <li>Woody</li>
      <li>Stony</li>
    </stuffCategories>
    <costStuffCount>110</costStuffCount>
    <costList>
      <Gold>50</Gold>
    </costList>
    <building>
      <Bed_ShowSleeperBody>False</Bed_ShowSleeperBody>
      <bed_healPerDay>3</bed_healPerDay>
    </building>
    <comps>
      <li Class="CompProperties_AffectedByFacilities">
        <linkableFacilities>
          <li>VitalsMonitor</li>
        </linkableFacilities>
      </li>
			<li Class="CompProperties_RoomIdentifier">
				<roomStat>Impressiveness</roomStat>
			</li>
    </comps>
    <terrainAffordanceNeeded>Light</terrainAffordanceNeeded>
    <fillPercent>0.4</fillPercent>
    <PathCost>60</PathCost>
    <LeaveResourcesWhenKilled>True</LeaveResourcesWhenKilled>
    <StaticSunShadowHeight>0.17</StaticSunShadowHeight>
    <CastEdgeShadows>True</CastEdgeShadows>
    <designationHotKey>Misc4</designationHotKey>
    <Passability>PassThroughOnly</Passability>
    <DrawGUIOverlay>True</DrawGUIOverlay>
    <canOverlapZones>false</canOverlapZones>
		<placeWorkers>
			<li>PlaceWorker_ShowFacilitiesConnections</li>
		</placeWorkers>
  </ThingDef>

  <ThingDef ParentName="FurnitureBase">
    <defName>HospitalBed</defName>
    <label>hospital bed</label>
    <Description>A bed specially designed for injured people. Improves chance of successful medical work.</Description>
    <ThingClass>Building_Bed</ThingClass>
    <graphicData>
      <texPath>Things/Building/Furniture/Bed/HospitalBed</texPath>
      <graphicClass>Graphic_Multi</graphicClass>
      <shaderType>CutoutComplex</shaderType>
      <drawSize>(3,4)</drawSize>
    </graphicData>
    <AltitudeLayer>Building</AltitudeLayer>
    <statBases>
      <MaxHitPoints>150</MaxHitPoints>
      <WorkToBuild>2850</WorkToBuild>
      <Mass>45</Mass>
      <Flammability>1.0</Flammability>
      <BedRestEffectiveness>1</BedRestEffectiveness>
      <Comfort>0.80</Comfort>
      <ImmunityGainSpeedFactor>1.144</ImmunityGainSpeedFactor>
      <MedicalTendQualityOffset>0.10</MedicalTendQualityOffset>
    </statBases>
    <Size>(1,2)</Size>
    <stuffCategories>
      <li>Metallic</li>
    </stuffCategories>
    <costStuffCount>40</costStuffCount>
    <costList>
      <Steel>80</Steel>
      <Medicine>10</Medicine>
    </costList>
    <building>
      <Bed_ShowSleeperBody>False</Bed_ShowSleeperBody>
      <bed_healPerDay>9</bed_healPerDay>
      <bed_defaultMedical>true</bed_defaultMedical>
    </building>
    <comps>
      <li Class="CompProperties_AffectedByFacilities">
        <linkableFacilities>
          <li>VitalsMonitor</li>
        </linkableFacilities>
      </li>
			<li Class="CompProperties_RoomIdentifier">
				<roomStat>Impressiveness</roomStat>
			</li>
    </comps>
    <fillPercent>0.4</fillPercent>
    <PathCost>60</PathCost>
    <LeaveResourcesWhenKilled>True</LeaveResourcesWhenKilled>
    <StaticSunShadowHeight>0.17</StaticSunShadowHeight>
    <CastEdgeShadows>True</CastEdgeShadows>
    <designationHotkey>Misc5</designationHotkey>
    <Passability>PassThroughOnly</Passability>
    <DrawGUIOverlay>True</DrawGUIOverlay>
    <canOverlapZones>false</canOverlapZones>
    <researchPrerequisites><li>HospitalBed</li></researchPrerequisites>
		<placeWorkers>
			<li>PlaceWorker_ShowFacilitiesConnections</li>
		</placeWorkers>
  </ThingDef>




	<!--=========================== Animal beds ===============================-->

	<ThingDef ParentName="BuildingBase">
		<defName>AnimalSleepingSpot</defName>
		<ThingClass>Building_Bed</ThingClass>
		<label>animal sleeping spot</label>
		<description>Designates a spot on the ground where animals should sleep.</description>
		<size>(1,1)</size>
		<Passability>Standable</Passability>
		<designationCategory>Furniture</designationCategory>
		<scatterableOnMapGen>false</scatterableOnMapGen>
		<useHitPoints>False</useHitPoints>
		<AltitudeLayer>FloorEmplacement</AltitudeLayer>
		<graphicData>
			<texPath>Things/Building/Misc/AnimalBed/AnimalSleepSpot</texPath>
			<graphicClass>Graphic_Single</graphicClass>
		</graphicData>
		<statBases>
			<WorkToBuild>0</WorkToBuild>
		</statBases>
		<building>
			<bed_humanlike>false</bed_humanlike>
			<Bed_ShowSleeperBody>True</Bed_ShowSleeperBody>
			<sowTag>SupportPlantsOnly</sowTag>
			<canPlaceOverImpassablePlant>false</canPlaceOverImpassablePlant>
      <ai_chillDestination>false</ai_chillDestination>
		</building>
		<comps>
			<li Class="CompProperties_RoomIdentifier">
				<roomStat>Impressiveness</roomStat>
			</li>
		</comps>
	</ThingDef>

	<ThingDef ParentName="FurnitureBase">
		<defName>AnimalSleepingBox</defName>
		<ThingClass>Building_Bed</ThingClass>
		<label>animal sleeping box</label>
		<description>A small box for animals to sleep in. Fits smaller animals like chickens, cats, or small dogs.</description>
		<rotatable>false</rotatable>
		<fillPercent>0.15</fillPercent>
		<PathCost>40</PathCost>
		<CastEdgeShadows>true</CastEdgeShadows>
		<Passability>PassThroughOnly</Passability>
    <canOverlapZones>false</canOverlapZones>
		<graphicData>
			<texPath>Things/Building/Misc/AnimalBed/AnimalSleepBox</texPath>
			<graphicClass>Graphic_Single</graphicClass>
      <damageData>
        <rect>(0.05,0.05,0.9,0.9)</rect>
        <cornerTL>Damage/Corner</cornerTL>
        <cornerTR>Damage/Corner</cornerTR>
        <cornerBL>Damage/Corner</cornerBL>
        <cornerBR>Damage/Corner</cornerBR>
      </damageData>
		</graphicData>
		<stuffCategories>
			<li>Metallic</li>
			<li>Woody</li>
			<li>Stony</li>
		</stuffCategories>
		<costStuffCount>35</costStuffCount>
		<building>
      <bed_humanlike>false</bed_humanlike>
			<bed_maxBodySize>0.55</bed_maxBodySize>
			<bed_ShowSleeperBody>true</bed_ShowSleeperBody>
      <bed_healPerDay>3</bed_healPerDay>
		</building>
		<AltitudeLayer>Building</AltitudeLayer>
		<statBases>
			<MaxHitPoints>75</MaxHitPoints>
			<Flammability>1.0</Flammability>
			<WorkToBuild>120</WorkToBuild>
      <Mass>3</Mass>
			<BedRestEffectiveness>0.93</BedRestEffectiveness>
			<Comfort>0.60</Comfort>
			<ImmunityGainSpeedFactor>1.05</ImmunityGainSpeedFactor>
		</statBases>
		<comps>
			<li Class="CompProperties_RoomIdentifier">
				<roomStat>Impressiveness</roomStat>
			</li>
		</comps>
	</ThingDef>

	<ThingDef ParentName="FurnitureBase">
		<defName>AnimalBed</defName>
		<ThingClass>Building_Bed</ThingClass>
		<label>animal bed</label>
		<description>A soft bed for animals to sleep on. Fits any animal.</description>
		<rotatable>false</rotatable>
		<fillPercent>0.15</fillPercent>
		<PathCost>40</PathCost>
		<CastEdgeShadows>true</CastEdgeShadows>
		<Passability>PassThroughOnly</Passability>
    <canOverlapZones>false</canOverlapZones>
		<graphicData>
			<texPath>Things/Building/Misc/AnimalBed/AnimalBed</texPath>
			<graphicClass>Graphic_Single</graphicClass>
			<drawSize>1.2</drawSize>
		</graphicData>
		<stuffCategories>
			<li>Fabric</li>
			<li>Leathery</li>
		</stuffCategories>
		<costStuffCount>45</costStuffCount>
		<building>
      <bed_humanlike>false</bed_humanlike>
			<bed_ShowSleeperBody>true</bed_ShowSleeperBody>
      <bed_healPerDay>3</bed_healPerDay>
		</building>
		<AltitudeLayer>Building</AltitudeLayer>
		<statBases>
			<MaxHitPoints>140</MaxHitPoints>
			<Flammability>1.0</Flammability>
			<WorkToBuild>600</WorkToBuild>
      <Mass>10</Mass>
			<BedRestEffectiveness>1</BedRestEffectiveness>
			<Comfort>0.75</Comfort>
			<ImmunityGainSpeedFactor>1.1</ImmunityGainSpeedFactor>
		</statBases>
		<comps>
			<li Class="CompProperties_RoomIdentifier">
				<roomStat>Impressiveness</roomStat>
			</li>
		</comps>
	</ThingDef>


  <!--======================= Basic domestic furniture ==============================-->


  <ThingDef ParentName="FurnitureBase">
    <defName>Stool</defName>
    <label>stool</label>
    <graphicData>
      <texPath>Things/Building/Furniture/Stool</texPath>
      <graphicClass>Graphic_Multi</graphicClass>
      <shadowData>
        <volume>(0.3, 0.6, 0.3)</volume>
      </shadowData>
      <damageData>
        <rectN>(0.125,0.296875,0.734375,0.421875)</rectN>
        <rectS>(0.125,0.296875,0.734375,0.421875)</rectS>
        <rectE>(0.234375,0.296875,0.5,0.546875)</rectE>
        <rectW>(0.234375,0.296875,0.5,0.546875)</rectW>
        <cornerTL>Damage/Corner</cornerTL>
        <cornerTR>Damage/Corner</cornerTR>
        <cornerBL>Damage/Corner</cornerBL>
        <cornerBR>Damage/Corner</cornerBR>
      </damageData>
    </graphicData>
    <altitudeLayer>Building</altitudeLayer>
    <statBases>
      <MaxHitPoints>75</MaxHitPoints>
      <WorkToBuild>750</WorkToBuild>
      <Mass>3</Mass>
      <Flammability>1.0</Flammability>
      <Beauty>1</Beauty>
      <Comfort>0.5</Comfort>
    </statBases>
    <description>A simple platform on which to sit.</description>
    <socialPropernessMatters>true</socialPropernessMatters>
    <stuffCategories>
      <li>Metallic</li>
      <li>Woody</li>
      <li>Stony</li>
    </stuffCategories>
    <costStuffCount>15</costStuffCount>
    <pathCost>30</pathCost>
    <designationHotKey>Misc6</designationHotKey>
    <fillPercent>0.20</fillPercent>
    <building>
      <isSittable>true</isSittable>
    </building>
  </ThingDef>


  <ThingDef ParentName="ArtableFurnitureBase">
    <defName>DiningChair</defName>
    <label>dining chair</label>
    <graphicData>
      <texPath>Things/Building/Furniture/DiningChair</texPath>
      <graphicClass>Graphic_Multi</graphicClass>
      <drawSize>(3,3)</drawSize>
      <shadowData>
        <volume>(0.3, 0.6, 0.3)</volume>
      </shadowData>
      <damageData>
        <rectN>(0.25,0.234375,0.5,0.28125)</rectN>
        <rectS>(0.25,0.234375,0.5,0.28125)</rectS>
        <rectE>(0.28125,0.25,0.453125,0.25)</rectE>
        <rectW>(0.28125,0.25,0.453125,0.25)</rectW>
      </damageData>
    </graphicData>
    <altitudeLayer>Building</altitudeLayer>
    <statBases>
      <MaxHitPoints>170</MaxHitPoints>
      <WorkToBuild>6000</WorkToBuild>
      <Mass>5</Mass>
      <Flammability>1.0</Flammability>
      <Beauty>4</Beauty>
      <Comfort>0.70</Comfort>
    </statBases>
    <description>A comfortable and attractive chair for sitting at a table.</description>
    <socialPropernessMatters>true</socialPropernessMatters>
    <stuffCategories>
      <li>Metallic</li>
      <li>Woody</li>
    </stuffCategories>
    <costStuffCount>60</costStuffCount>
    <pathCost>30</pathCost>
    <designationHotKey>Misc7</designationHotKey>
    <fillPercent>0.35</fillPercent>
    <building>
      <isSittable>true</isSittable>
    </building>
  </ThingDef>


  <ThingDef ParentName="FurnitureBase">
    <defName>Armchair</defName>
    <label>armchair</label>
    <graphicData>
      <texPath>Things/Building/Furniture/Armchair</texPath>
      <graphicClass>Graphic_Multi</graphicClass>
      <drawSize>(3,3)</drawSize>
      <shadowData>
        <volume>(0.6, 0.6, 0.6)</volume>
      </shadowData>
      <damageData>
        <rectN>(0,0,1,0.703125)</rectN>
        <rectS>(0.09375,0,0.84375,1)</rectS>
        <rectE>(0,0,0.84375,0.625)</rectE>
        <rectW>(0.15625,0,0.84375,0.625)</rectW>
      </damageData>
    </graphicData>
    <altitudeLayer>Building</altitudeLayer>
    <statBases>
      <MaxHitPoints>220</MaxHitPoints>
      <WorkToBuild>7500</WorkToBuild>
      <Mass>18</Mass>
      <Flammability>1.0</Flammability>
      <Beauty>1</Beauty>
      <Comfort>0.8</Comfort>
    </statBases>
    <description>A large, soft, comfy seat. Great for relaxation.</description>
    <socialPropernessMatters>true</socialPropernessMatters>
    <stuffCategories>
      <li>Fabric</li>
      <li>Leathery</li>
    </stuffCategories>
    <costStuffCount>100</costStuffCount>
    <pathCost>30</pathCost>
    <fillPercent>0.40</fillPercent>
    <designationHotKey>Misc8</designationHotKey>
    <building>
      <isSittable>true</isSittable>
    </building>
  </ThingDef>




  <!-- Table base -->
  <ThingDef Abstract="True" ParentName="FurnitureBase" Name="TableBase">
    <thingClass>Building</thingClass>
    <altitudeLayer>Building</altitudeLayer>
    <description>People eat off tables when chairs are placed facing them.</description>
    <passability>PassThroughOnly</passability>
    <castEdgeShadows>true</castEdgeShadows>
    <pathCost>60</pathCost>
    <fillPercent>0.4</fillPercent>
    <socialPropernessMatters>true</socialPropernessMatters>
    <canOverlapZones>false</canOverlapZones>
    <stuffCategories>
      <li>Metallic</li>
      <li>Woody</li>
      <li>Stony</li>
    </stuffCategories>
    <leaveResourcesWhenKilled>true</leaveResourcesWhenKilled>
    <staticSunShadowHeight>0.20</staticSunShadowHeight>
    <surfaceType>Eat</surfaceType>
    <comps>
      <li>
        <compClass>CompGatherSpot</compClass>
      </li>
			<li Class="CompProperties_RoomIdentifier">
				<roomStat>Impressiveness</roomStat>
			</li>
    </comps>
  </ThingDef>


  <ThingDef ParentName="TableBase">
    <defName>TableShort</defName>
    <label>table (short)</label>
    <graphicData>
      <texPath>Things/Building/Furniture/TableShort</texPath>
      <graphicClass>Graphic_Multi</graphicClass>
      <drawSize>(4,4)</drawSize>
      <damageData>
        <rect>(0.05,0.27,1.9,1.73)</rect>
        <cornerTL>Damage/Corner</cornerTL>
        <cornerTR>Damage/Corner</cornerTR>
        <cornerBL>Damage/Corner</cornerBL>
        <cornerBR>Damage/Corner</cornerBR>
      </damageData>
    </graphicData>
    <statBases>
      <MaxHitPoints>100</MaxHitPoints>
      <WorkToBuild>1500</WorkToBuild>
      <Mass>10</Mass>
      <Flammability>1.0</Flammability>
      <Beauty>1</Beauty>
    </statBases>
    <size>(2,2)</size>
    <costStuffCount>50</costStuffCount>
    <rotatable>false</rotatable>
  </ThingDef>


  <ThingDef ParentName="TableBase">
    <defName>TableLong</defName>
    <label>table (long)</label>
    <graphicData>
      <texPath>Things/Building/Furniture/TableLong</texPath>
      <graphicClass>Graphic_Multi</graphicClass>
      <drawSize>(4,6)</drawSize>
      <damageData>
        <rectN>(0,0.27,2,3.73)</rectN>
        <rectS>(0,0.27,2,3.73)</rectS>
        <rectE>(0.125,0.27,3.75,1.73)</rectE>
        <rectW>(0.125,0.27,3.75,1.73)</rectW>
        <cornerTL>Damage/Corner</cornerTL>
        <cornerTR>Damage/Corner</cornerTR>
        <cornerBL>Damage/Corner</cornerBL>
        <cornerBR>Damage/Corner</cornerBR>
      </damageData>
    </graphicData>
    <statBases>
      <MaxHitPoints>150</MaxHitPoints>
      <WorkToBuild>3000</WorkToBuild>
      <Mass>20</Mass>
      <Flammability>1.0</Flammability>
      <Beauty>2</Beauty>
    </statBases>
    <size>(2,4)</size>
    <costStuffCount>95</costStuffCount>
  </ThingDef>

  
    <ThingDef ParentName="FurnitureBase">
    <defName>PlantPot</defName>
    <label>plant pot</label>
    <thingClass>Building_PlantGrower</thingClass>
    <graphicData>
      <texPath>Things/Building/Furniture/PlantPot</texPath>
      <graphicClass>Graphic_Single</graphicClass>
      <shadowData>
        <volume>(0.3, 0.6, 0.3)</volume>
      </shadowData>
      <damageData>
        <rect>(0.2,0.2,0.6,0.6)</rect>
      </damageData>
    </graphicData>
    <altitudeLayer>Building</altitudeLayer>
    <passability>PassThroughOnly</passability>
    <fillPercent>0.20</fillPercent>
    <statBases>
      <MaxHitPoints>100</MaxHitPoints>
      <WorkToBuild>495</WorkToBuild>
      <Mass>2</Mass>
      <Flammability>1.0</Flammability>
    </statBases>
    <stuffCategories>
      <li>Metallic</li>
      <li>Woody</li>
      <li>Stony</li>
    </stuffCategories>
    <costStuffCount>15</costStuffCount>
    <description>Plant decorative flowers here to improve the mood of people nearby.</description>
    <comps>
      <li Class="CompProperties_Forbiddable"/>
    </comps>
    <fertility>1.0</fertility>
    <designationHotKey>Misc9</designationHotKey>
    <leaveResourcesWhenKilled>false</leaveResourcesWhenKilled>
    <building>
      <defaultPlantToGrow>PlantDaylily</defaultPlantToGrow>
      <sowTag>Decorative</sowTag>
    </building>
    <rotatable>false</rotatable>
  </ThingDef>


  <!-- ======================== Lighting ======================= -->

  <ThingDef ParentName="BuildingBase">
    <defName>TorchLamp</defName>
    <label>torch lamp</label>
    <description>A wooden torch for lighting an area. Can be automatically refueled with wood. Produces a small amount of heat.</description>
    <category>Building</category>
    <graphicData>
      <texPath>Things/Building/Misc/TorchLamp</texPath>
      <graphicClass>Graphic_Single</graphicClass>
      <drawRotated>false</drawRotated>
      <damageData>
        <rect>(0.35,0.35,0.3,0.3)</rect>
      </damageData>
    </graphicData>
    <rotatable>false</rotatable>
    <altitudeLayer>Building</altitudeLayer>
    <passability>PassThroughOnly</passability>
    <pathCost>8</pathCost>
    <constructEffect>ConstructWood</constructEffect>
    <tickerType>Normal</tickerType>
    <drawerType>RealtimeOnly</drawerType>
    <fillPercent>0.15</fillPercent>
    <statBases>
      <MaxHitPoints>80</MaxHitPoints>
      <WorkToBuild>200</WorkToBuild>
      <Flammability>0</Flammability>
    </statBases>
    <selectable>true</selectable>
    <costList>
      <WoodLog>20</WoodLog>
    </costList>
    <soundImpactDefault>BulletImpactGround</soundImpactDefault>
    <leaveResourcesWhenKilled>false</leaveResourcesWhenKilled>
    <resourcesFractionWhenDeconstructed>0</resourcesFractionWhenDeconstructed>
    <placeWorkers>
      <li>PlaceWorker_Heater</li>
    </placeWorkers>
    <drawPlaceWorkersWhileSelected>true</drawPlaceWorkersWhileSelected>
    <comps>
      <li Class="CompProperties_Refuelable">
        <fuelConsumptionRate>2.2</fuelConsumptionRate>
        <fuelCapacity>20.0</fuelCapacity>
        <fuelConsumptionPerTickInRain>0.0006</fuelConsumptionPerTickInRain>
        <fuelFilter>
          <thingDefs>
            <li>WoodLog</li>
          </thingDefs>
        </fuelFilter>
        <destroyOnNoFuel>true</destroyOnNoFuel>
      </li>
      <li Class="CompProperties_Glower">
        <glowRadius>10</glowRadius>
        <glowColor>(252,187,113,0)</glowColor>
      </li>
      <li Class="CompProperties_HeatPusher">
        <heatPerSecond>3.5</heatPerSecond>
        <heatPushMaxTemperature>23</heatPushMaxTemperature>
      </li>
      <li Class="CompProperties_FireOverlay">
        <fireSize>0.4</fireSize>
        <offset>(0,0,0.2)</offset>
      </li>
    </comps>
    <designationCategory>Furniture</designationCategory>
    <designationHotKey>Misc10</designationHotKey>
  </ThingDef>


  <ThingDef Abstract="True" Name="LampBase" ParentName="BuildingBase">
    <thingClass>Building</thingClass>
    <category>Building</category>
    <minifiedDef>MinifiedFurniture</minifiedDef>
    <altitudeLayer>Building</altitudeLayer>
    <passability>PassThroughOnly</passability>
    <selectable>true</selectable>
    <fillPercent>0.20</fillPercent>
    <pathCost>8</pathCost>
    <leaveResourcesWhenKilled>false</leaveResourcesWhenKilled>
    <soundImpactDefault>BulletImpactMetal</soundImpactDefault>
    <designationCategory>Furniture</designationCategory>
    <rotatable>false</rotatable>
    <graphicData>
      <graphicClass>Graphic_Single</graphicClass>
      <shadowData>
        <volume>(0.3, 0.6, 0.3)</volume>
        <offset>(0,0,-0.1)</offset>
      </shadowData>
      <damageData>
        <rect>(0.2,0.2,0.6,0.6)</rect>
      </damageData>
    </graphicData>
    <comps>
      <li Class="CompProperties_Flickable"/>
    </comps>
    <statBases>
      <MaxHitPoints>50</MaxHitPoints>
      <WorkToBuild>170</WorkToBuild>
      <Flammability>1.0</Flammability>
    </statBases>
    <researchPrerequisites>
      <li>Electricity</li>
    </researchPrerequisites>
  </ThingDef>

  <ThingDef Abstract="True" Name="StandingLampBase" ParentName="LampBase">
    <graphicData>
      <texPath>Things/Building/Furniture/LampStanding</texPath>
    </graphicData>
    <costList>
      <Steel>15</Steel>
    </costList>
    <statBases>
      <Mass>4</Mass>
    </statBases>
    <comps>
      <li Class="CompProperties_Power">
        <compClass>CompPowerTrader</compClass>
        <basePowerConsumption>75</basePowerConsumption>
        <shortCircuitInRain>false</shortCircuitInRain>
      </li>
    </comps>
  </ThingDef>
  
  <ThingDef ParentName="StandingLampBase" >
    <defName>StandingLamp</defName>
    <label>standing lamp</label>
    <description>Standing lamp that lights an area.</description>
    <designationHotKey>Misc11</designationHotKey>
    <comps>
      <li Class="CompProperties_Glower">
        <glowRadius>12</glowRadius>
        <glowColor>(217,217,208,0)</glowColor>
      </li>
    </comps>
  </ThingDef>

  <ThingDef ParentName="StandingLampBase">
    <defName>StandingLamp_Red</defName>
    <label>standing lamp (red)</label>
    <description>Standing lamp that lights an area in red.</description>
    <comps>
      <li Class="CompProperties_Glower">
        <glowRadius>12</glowRadius>
        <glowColor>(217,0,0,0)</glowColor>
      </li>
    </comps>
    <researchPrerequisites><li>ColoredLights</li></researchPrerequisites>
  </ThingDef>

  <ThingDef ParentName="StandingLampBase">
    <defName>StandingLamp_Green</defName>
    <label>standing lamp (green)</label>
    <description>Standing lamp that lights an area in green.</description>
    <comps>   
      <li Class="CompProperties_Glower">
        <glowRadius>12</glowRadius>
        <glowColor>(0,217,0,0)</glowColor>
      </li>
    </comps>
    <researchPrerequisites><li>ColoredLights</li></researchPrerequisites>
  </ThingDef>

  <ThingDef ParentName="StandingLampBase">
    <defName>StandingLamp_Blue</defName>
    <label>standing lamp (blue)</label>
    <description>Standing lamp that lights an area in blue.</description>
    <comps>
      <li Class="CompProperties_Glower">
        <glowRadius>12</glowRadius>
        <glowColor>(0,0,217,0)</glowColor>
      </li>
    </comps>
    <researchPrerequisites><li>ColoredLights</li></researchPrerequisites>
  </ThingDef>


  <ThingDef ParentName="LampBase">
    <defName>SunLamp</defName>
    <label>sun lamp</label>
    <description>Lights an area brightly enough to grow crops, but consumes a huge amount of power. Automatically turns itself off at night.</description>
    <thingClass>Building_SunLamp</thingClass>
    <graphicData>
      <texPath>Things/Building/Production/LampSun</texPath>
    </graphicData>
    <blockWind>true</blockWind>
    <tickerType>Rare</tickerType>
    <statBases>
      <WorkToBuild>330</WorkToBuild>
      <Mass>4.5</Mass>
    </statBases>
    <costList>
      <Steel>25</Steel>
    </costList>
    <comps>
      <li Class="CompProperties_Glower">
        <overlightRadius>7.0</overlightRadius>
        <glowRadius>14</glowRadius>
        <glowColor>(370,370,370,0)</glowColor>
      </li>
      <li Class="CompProperties_Power">
        <compClass>CompPowerTrader</compClass>
        <startElectricalFires>true</startElectricalFires>
        <basePowerConsumption>2900</basePowerConsumption>
      </li>
      <li Class="CompProperties_Schedule">
        <!-- Match plant growing times -->
        <startTime>0.25</startTime>
        <endTime>0.8</endTime>
        <offMessage>Off for plant resting period</offMessage>
      </li>
    </comps>
    <!-- Determined by trial and error
    This value isn't perfect because these radii use different algorithms
    but it matches in this case-->
    <specialDisplayRadius>5.8</specialDisplayRadius>
  </ThingDef>


  <!--============================== Storage ==============================-->


  <ThingDef ParentName="FurnitureBase">
    <defName>Shelf</defName>
    <label>shelf</label>
    <thingClass>Building_Storage</thingClass>
    <graphicData>
      <texPath>Things/Building/Furniture/Shelf</texPath>
      <graphicClass>Graphic_Multi</graphicClass>
      <drawSize>(3,2)</drawSize>
    </graphicData>
    <altitudeLayer>Building</altitudeLayer>
    <passability>PassThroughOnly</passability>
    <fillPercent>0.4</fillPercent>
    <castEdgeShadows>true</castEdgeShadows>
    <stuffCategories>
      <li>Metallic</li>
      <li>Woody</li>
      <li>Stony</li>
    </stuffCategories>
    <costStuffCount>30</costStuffCount>
    <statBases>
      <MaxHitPoints>100</MaxHitPoints>
      <Mass>8</Mass>
      <WorkToBuild>1050</WorkToBuild>
      <Flammability>1.0</Flammability>
    </statBases>
    <description>Items stored in this will not deteriorate, even if outside.</description>
    <size>(2,1)</size>
    <building>
      <preventDeterioration>true</preventDeterioration>
      <ignoreStoredThingsBeauty>true</ignoreStoredThingsBeauty>
      <defaultStorageSettings>
        <priority>Important</priority>
        <filter>
          <categories>
            <li>Weapons</li>
          </categories>
        </filter>
      </defaultStorageSettings>
    </building>
    <inspectorTabs>
      <li>ITab_Storage</li>
    </inspectorTabs>
    <designationHotKey>Misc12</designationHotKey>
    <staticSunShadowHeight>0.5</staticSunShadowHeight>
    <surfaceType>Item</surfaceType>
    <canOverlapZones>false</canOverlapZones>
  </ThingDef>

</Buildings>