﻿<?xml version="1.0" encoding="utf-8" ?>
<Buildings>

  <ThingDef ParentName="BuildingBase">
    <defName>PowerConduit</defName>
    <label>power conduit</label>
    <thingClass>Building</thingClass>
    <category>Building</category>
    <graphicData>
      <texPath>Things/Building/Linked/PowerConduit_Atlas</texPath>
      <graphicClass>Graphic_Single</graphicClass>
      <linkType>Transmitter</linkType>
      <linkFlags>
        <li>PowerConduit</li>
      </linkFlags>
      <damageData>
        <rect>(0,0.35,1,0.3)</rect>
      </damageData>
    </graphicData>
    <blueprintGraphicData>
      <texPath>Things/Building/Linked/PowerConduit_Blueprint_Atlas</texPath>
    </blueprintGraphicData>
    <uiIconPath>Things/Building/Linked/PowerConduit_MenuIcon</uiIconPath>
    <building>
			<ai_chillDestination>false</ai_chillDestination>
			<isInert>true</isInert>
      <ignoreNeedsPower>true</ignoreNeedsPower>
      <isEdifice>false</isEdifice>
    </building>
    <altitudeLayer>FloorEmplacement</altitudeLayer>
    <passability>Standable</passability>
    <leaveResourcesWhenKilled>false</leaveResourcesWhenKilled>
    <statBases>
      <MaxHitPoints>80</MaxHitPoints>
      <WorkToBuild>35</WorkToBuild>
      <Flammability>1.0</Flammability>
      <Beauty>-2</Beauty>
    </statBases>
    <description>A set of electrical cables for moving power around. Can be placed under walls and other buildings.</description>
    <placingDraggableDimensions>1</placingDraggableDimensions>
    <costList>
      <Steel>1</Steel>
    </costList>
    <comps>
      <li Class="CompProperties_Power">
        <compClass>CompPowerTransmitter</compClass>
        <transmitsPower>true</transmitsPower>
      </li>
    </comps>
    <placeWorkers>
      <li>PlaceWorker_Conduit</li>
    </placeWorkers>
    <rotatable>false</rotatable>
    <selectable>true</selectable>
    <neverMultiSelect>true</neverMultiSelect>
    <soundImpactDefault>BulletImpactMetal</soundImpactDefault>
    <terrainAffordanceNeeded>Light</terrainAffordanceNeeded>
    <designationCategory>Power</designationCategory>
    <constructEffect>ConstructMetal</constructEffect>
    <designationHotKey>Misc1</designationHotKey>
    <researchPrerequisites>
      <li>Electricity</li>
    </researchPrerequisites>
  </ThingDef>

  <ThingDef ParentName="BuildingBase">
    <defName>PowerSwitch</defName>
    <label>power switch</label>
    <thingClass>Building_PowerSwitch</thingClass>
    <category>Building</category>
    <description>Switches power on/off.</description>
    <graphicData>
      <texPath>Things/Building/Power/PowerSwitch</texPath>
      <graphicClass>Graphic_Single</graphicClass>
      <shaderType>Transparent</shaderType>
      <damageData>
        <rect>(0.2,0.2,0.6,0.6)</rect>
      </damageData>
    </graphicData>
    <building>
			<ai_chillDestination>false</ai_chillDestination>
			<ignoreNeedsPower>true</ignoreNeedsPower>
      <allowWireConnection>false</allowWireConnection>
    </building>
    <altitudeLayer>Building</altitudeLayer>
    <passability>Standable</passability>
    <leaveResourcesWhenKilled>false</leaveResourcesWhenKilled>
    <statBases>
      <MaxHitPoints>120</MaxHitPoints>
      <WorkToBuild>200</WorkToBuild>
      <Flammability>0.4</Flammability>
      <Beauty>-2</Beauty>
    </statBases>
    <placingDraggableDimensions>0</placingDraggableDimensions>
    <costList>
      <Steel>15</Steel>
      <Component>1</Component>
    </costList>
    <comps>
      <li Class="CompProperties_Power">
        <compClass>CompPowerTransmitter</compClass>
        <transmitsPower>true</transmitsPower>
      </li>
      <li Class="CompProperties_Flickable"/>
    </comps>
    <rotatable>false</rotatable>
    <selectable>true</selectable>
    <neverMultiSelect>false</neverMultiSelect>
    <tickerType>Normal</tickerType>
    <designationCategory>Power</designationCategory>
    <constructEffect>ConstructMetal</constructEffect>
    <designationHotKey>Misc2</designationHotKey>
    <researchPrerequisites>
      <li>Electricity</li>
    </researchPrerequisites>
  </ThingDef>


  <ThingDef ParentName="BuildingBase">
    <defName>FueledGenerator</defName>
    <label>fueled generator</label>
    <thingClass>Building</thingClass>
    <graphicData>
      <texPath>Things/Building/Power/FueledGenerator</texPath>
      <graphicClass>Graphic_Single</graphicClass>
      <drawSize>(2,2)</drawSize>
    </graphicData>
    <altitudeLayer>Building</altitudeLayer>
    <passability>PassThroughOnly</passability>
    <pathCost>150</pathCost>
    <blockWind>true</blockWind>
    <fillPercent>1.0</fillPercent>
    <castEdgeShadows>false</castEdgeShadows>
    <rotatable>false</rotatable>
    <statBases>
      <MaxHitPoints>300</MaxHitPoints>
      <WorkToBuild>2500</WorkToBuild>
      <Flammability>1.0</Flammability>
    </statBases>
    <tickerType>Normal</tickerType>
    <description>Produces power by consuming wood fuel. Must be fueled by hand.</description>
    <canOverlapZones>false</canOverlapZones>
    <size>(2,2)</size>
    <building>
      <ignoreNeedsPower>true</ignoreNeedsPower>
    </building>
    <costList>
      <Steel>100</Steel>
      <Component>2</Component>
    </costList>
    <comps>
      <li Class="CompProperties_Power">
        <compClass>CompPowerPlant</compClass>
        <basePowerConsumption>-1000</basePowerConsumption>
        <transmitsPower>true</transmitsPower>
      </li>
      <li Class="CompProperties_Flickable" />
      <li Class="CompProperties_Refuelable">
        <fuelConsumptionRate>22.0</fuelConsumptionRate>
        <fuelCapacity>75.0</fuelCapacity>
        <fuelFilter>
          <thingDefs>
            <li>WoodLog</li>
          </thingDefs>
        </fuelFilter>
      </li>
      <li Class="CompProperties_Glower">
        <glowRadius>6</glowRadius>
        <glowColor>(217,112,33,0)</glowColor>
      </li>
      <li Class="CompProperties_HeatPusher">
        <compClass>CompHeatPusherPowered</compClass>
        <heatPerSecond>4</heatPerSecond>
      </li>
      <li Class="CompProperties_Breakdownable"/>
    </comps>
    <terrainAffordanceNeeded>Heavy</terrainAffordanceNeeded>
    <designationCategory>Power</designationCategory>
    <staticSunShadowHeight>0.5</staticSunShadowHeight>
    <designationHotkey>Misc3</designationHotkey>
    <constructEffect>ConstructMetal</constructEffect>
    <researchPrerequisites>
      <li>Electricity</li>
    </researchPrerequisites>
  </ThingDef>

  <ThingDef ParentName="BuildingBase">
    <defName>Battery</defName>
    <label>battery</label>
    <thingClass>Building_Battery</thingClass>
    <graphicData>
      <texPath>Things/Building/Power/Battery</texPath>
      <graphicClass>Graphic_Multi</graphicClass>
      <drawSize>(2,3)</drawSize>
      <damageData>
        <cornerTL>Damage/Corner</cornerTL>
        <cornerTR>Damage/Corner</cornerTR>
        <cornerBL>Damage/Corner</cornerBL>
        <cornerBR>Damage/Corner</cornerBR>
      </damageData>
    </graphicData>
    <altitudeLayer>Building</altitudeLayer>
    <passability>PassThroughOnly</passability>
    <pathCost>70</pathCost>
    <blockWind>true</blockWind>
    <castEdgeShadows>true</castEdgeShadows>
    <fillPercent>0.40</fillPercent>
    <tickerType>Normal</tickerType>
    <minifiedDef>MinifiedFurniture</minifiedDef>
    <statBases>
      <MaxHitPoints>100</MaxHitPoints>
      <WorkToBuild>800</WorkToBuild>
      <Mass>20</Mass>
      <Flammability>1.0</Flammability>
      <Beauty>-18</Beauty>
    </statBases>
    <description>Stores electricity when there is excess power and yields it when there is not. Warning - charged batteries tend to explode when exposed to rain or fire.</description>
    <size>(1,2)</size>
    <building>
      <ignoreNeedsPower>true</ignoreNeedsPower>
    </building>
    <costList>
      <Steel>50</Steel>
      <Component>2</Component>
    </costList>
    <comps>
      <li Class="CompProperties_Battery">
        <storedEnergyMax>1000</storedEnergyMax>
        <efficiency>0.5</efficiency>
        <startElectricalFires>true</startElectricalFires>
        <transmitsPower>true</transmitsPower>
      </li>
      <li Class="CompProperties_Breakdownable"/>
    </comps>
    <terrainAffordanceNeeded>Light</terrainAffordanceNeeded>
    <designationCategory>Power</designationCategory>
    <staticSunShadowHeight>0.5</staticSunShadowHeight>
    <constructEffect>ConstructMetal</constructEffect>
    <designationHotkey>Misc4</designationHotkey>
    <canOverlapZones>false</canOverlapZones>
    <researchPrerequisites>
      <li>Batteries</li>
    </researchPrerequisites>
  </ThingDef>


  <ThingDef ParentName="BuildingBase">
    <defName>SolarGenerator</defName>
    <label>solar generator</label>
    <thingClass>Building</thingClass>
    <graphicData>
      <texPath>Things/Building/Power/SolarCollector</texPath>
      <graphicClass>Graphic_Single</graphicClass>
      <drawSize>(4,4)</drawSize>
      <damageData>
        <rect>(0,0.6,4,2.8)</rect>
      </damageData>
    </graphicData>
    <altitudeLayer>Building</altitudeLayer>
    <passability>PassThroughOnly</passability>
    <pathCost>70</pathCost>
    <fillPercent>0.5</fillPercent>
    <castEdgeShadows>true</castEdgeShadows>
    <canOverlapZones>false</canOverlapZones>
    <statBases>
      <MaxHitPoints>300</MaxHitPoints>
      <WorkToBuild>2500</WorkToBuild>
      <Flammability>1.0</Flammability>
    </statBases>
    <tickerType>Normal</tickerType>
    <description>Produces electricity from sunlight. Does not work in the dark.</description>
    <size>(4,4)</size>
    <building>
      <ignoreNeedsPower>true</ignoreNeedsPower>
    </building>
    <costList>
      <Steel>100</Steel>
      <Component>3</Component>
    </costList>
    <comps>
      <li Class="CompProperties_Power">
        <compClass>CompPowerPlantSolar</compClass>
        <basePowerConsumption>-1</basePowerConsumption>
        <transmitsPower>true</transmitsPower>
      </li>
      <li Class="CompProperties_Breakdownable"/>
    </comps>
    <terrainAffordanceNeeded>Light</terrainAffordanceNeeded>
    <designationCategory>Power</designationCategory>
    <staticSunShadowHeight>0.20</staticSunShadowHeight>
    <designationHotkey>Misc5</designationHotkey>
    <constructEffect>ConstructMetal</constructEffect>
    <researchPrerequisites>
      <li>Electricity</li>
      <li>SolarPanels</li>
    </researchPrerequisites>
  </ThingDef>


  <ThingDef ParentName="BuildingBase">
    <defName>GeothermalGenerator</defName>
    <label>geothermal generator</label>
    <thingClass>Building</thingClass>
    <graphicData>
      <texPath>Things/Building/Power/GeothermalPlant</texPath>
      <graphicClass>Graphic_Single</graphicClass>
      <drawSize>(6,6)</drawSize>
      <damageData>
        <rect>(0.3,0,5.4,6)</rect>
      </damageData>
    </graphicData>
    <altitudeLayer>Building</altitudeLayer>
    <passability>Impassable</passability>
    <blockWind>true</blockWind>
    <castEdgeShadows>true</castEdgeShadows>
		<scatterableOnMapGen>false</scatterableOnMapGen>
		<fillPercent>1</fillPercent>
    <blockLight>true</blockLight>
    <canOverlapZones>false</canOverlapZones>
    <statBases>
      <MaxHitPoints>500</MaxHitPoints>
      <WorkToBuild>6000</WorkToBuild>
      <Flammability>1.0</Flammability>
      <Beauty>-30</Beauty>
    </statBases>
    <tickerType>Normal</tickerType>
    <description>Produces electricity from geothermal steam geysers. Must be placed on a geyser.</description>
    <size>(6,6)</size>
    <costList>
      <Steel>400</Steel>
      <Component>8</Component>
    </costList>
    <comps>
      <li Class="CompProperties_Power">
        <compClass>CompPowerPlantSteam</compClass>
        <basePowerConsumption>-3600</basePowerConsumption>
        <transmitsPower>true</transmitsPower>
      </li>
      <li Class="CompProperties_Breakdownable"/>
    </comps>
    <rotatable>false</rotatable>
    <terrainAffordanceNeeded>Heavy</terrainAffordanceNeeded>
    <designationCategory>Power</designationCategory>
    <staticSunShadowHeight>1.0</staticSunShadowHeight>
    <placeWorkers>
      <li>PlaceWorker_OnSteamGeyser</li>
    </placeWorkers>
    <building>
			<ai_chillDestination>false</ai_chillDestination>
			<soundAmbient>GeothermalPlant_Ambience</soundAmbient>
      <ignoreNeedsPower>true</ignoreNeedsPower>
    </building>
    <constructEffect>ConstructMetal</constructEffect>
    <designationHotkey>Misc6</designationHotkey>
    <researchPrerequisites><li>GeothermalPower</li></researchPrerequisites>
  </ThingDef>
  
</Buildings>