﻿<?xml version="1.0" encoding="utf-8" ?>
<Buildings>


  <!--========================= Doors =============================-->

  <ThingDef ParentName="BuildingBase" Name="DoorBase" Abstract="True">
    <thingClass>Building_Door</thingClass>
    <blueprintClass>Blueprint_Door</blueprintClass>
    <category>Building</category>
    <blueprintGraphicData>
      <texPath>Things/Building/Door/Door_Blueprint</texPath>
    </blueprintGraphicData>
    <altitudeLayer>DoorMoveable</altitudeLayer>
    <fillPercent>1</fillPercent>
    <useHitPoints>true</useHitPoints>
    <stuffCategories>
      <li>Metallic</li>
      <li>Woody</li>
      <li>Stony</li>
    </stuffCategories>
    <statBases>
      <MaxHitPoints>250</MaxHitPoints>
      <Flammability>1.0</Flammability>
    </statBases>
    <leaveResourcesWhenKilled>false</leaveResourcesWhenKilled>
    <selectable>true</selectable>
    <tickerType>Normal</tickerType>
    <rotatable>false</rotatable>
    <soundImpactDefault>BulletImpactMetal</soundImpactDefault>
    <terrainAffordanceNeeded>Light</terrainAffordanceNeeded>
    <designationCategory>Structure</designationCategory>
    <holdsRoof>true</holdsRoof>
    <staticSunShadowHeight>1.0</staticSunShadowHeight>
    <blockLight>true</blockLight>
    <drawerType>RealtimeOnly</drawerType>
    <building>
			<isInert>true</isInert>
			<ignoreNeedsPower>true</ignoreNeedsPower>
			<canPlaceOverWall>true</canPlaceOverWall>
      <soundDoorOpenPowered>DoorOpenPowered</soundDoorOpenPowered>
      <soundDoorClosePowered>DoorClosePowered</soundDoorClosePowered>
      <soundDoorOpenManual>DoorOpenManual</soundDoorOpenManual>
      <soundDoorCloseManual>DoorCloseManual</soundDoorCloseManual>
    </building>
    <comps>
      <li Class="CompProperties_Forbiddable"/>
    </comps>
		<placeWorkers>
			<li>PlaceWorker_DoorLearnOpeningSpeed</li>
		</placeWorkers>
  </ThingDef>

  <ThingDef ParentName="DoorBase">
    <defName>Door</defName>
    <label>door</label>
    <description>Divides rooms. Must be manually opened and closed, which slows people down.</description>
    <statBases>
      <WorkToBuild>850</WorkToBuild>
    </statBases>
    <graphicData>
      <texPath>Things/Building/Door/DoorSimple_Mover</texPath>
      <graphicClass>Graphic_Single</graphicClass>
      <damageData>
        <!--  no damage marks because they don't move with the door
        <rect>(0,0.12,1,0.76)</rect>-->
        <enabled>false</enabled>
      </damageData>
    </graphicData>
    <uiIconPath>Things/Building/Door/DoorSimple_MenuIcon</uiIconPath>
    <costStuffCount>25</costStuffCount>
    <designationHotKey>Misc1</designationHotKey>
  </ThingDef>

  <ThingDef ParentName="DoorBase">
    <defName>Autodoor</defName>
    <label>autodoor</label>
    <description>Divides rooms. Powered operation allows people to move through the door without slowing down.</description>
    <statBases>
      <WorkToBuild>1100</WorkToBuild>
    </statBases>
    <graphicData>
      <texPath>Things/Building/Door/Autodoor_Mover</texPath>
      <graphicClass>Graphic_Single</graphicClass>
      <damageData>
      <!--  no damage marks because they don't move with the door
        <rect>(0,0.12,1,0.76)</rect>-->
        <enabled>false</enabled>
      </damageData>
    </graphicData>
    <uiIconPath>Things/Building/Door/Autodoor_MenuIcon</uiIconPath>
    <costList>
      <Steel>40</Steel>
      <Component>2</Component>
    </costList>
    <costStuffCount>25</costStuffCount>
    <comps>
      <li Class="CompProperties_Power">
        <compClass>CompPowerTrader</compClass>
        <basePowerConsumption>50</basePowerConsumption>
      </li>
      <li Class="CompProperties_Breakdownable"/>
    </comps>
    <designationHotKey>Misc2</designationHotKey>
    <researchPrerequisites>
      <li>Autodoors</li>
    </researchPrerequisites>
  </ThingDef>





  <!--========================= Walls =============================-->



  <ThingDef ParentName="BuildingBase" Name="Wall">
    <defName>Wall</defName>
    <label>wall</label>
    <thingClass>Building</thingClass>
    <category>Building</category>
    <description>An impassable wall. Capable of holding up a roof.</description>
    <graphicData>
      <texPath>Things/Building/Linked/Wall</texPath>
      <graphicClass>Graphic_Appearances</graphicClass>
      <linkType>CornerFiller</linkType>
      <linkFlags>
        <li>Wall</li>
        <li>Rock</li>
      </linkFlags>
      <damageData>
        <cornerTL>Damage/Corner</cornerTL>
        <cornerTR>Damage/Corner</cornerTR>
        <cornerBL>Damage/Corner</cornerBL>
        <cornerBR>Damage/Corner</cornerBR>
        <edgeTop>Damage/Edge</edgeTop>
        <edgeBot>Damage/Edge</edgeBot>
        <edgeLeft>Damage/Edge</edgeLeft>
        <edgeRight>Damage/Edge</edgeRight>
      </damageData>
    </graphicData>
    <blueprintGraphicData>
      <texPath>Things/Building/Linked/Wall_Blueprint_Atlas</texPath>
    </blueprintGraphicData>
    <uiIconPath>Things/Building/Linked/WallSmooth_MenuIcon</uiIconPath>
    <statBases>
      <MaxHitPoints>350</MaxHitPoints>
      <WorkToBuild>150</WorkToBuild>
      <Flammability>1.0</Flammability>
    </statBases>
    <costStuffCount>5</costStuffCount>
    <leaveResourcesWhenKilled>false</leaveResourcesWhenKilled>
    <altitudeLayer>Building</altitudeLayer>
    <passability>Impassable</passability>
    <blockWind>true</blockWind>
    <castEdgeShadows>true</castEdgeShadows>
    <fillPercent>1</fillPercent>
    <coversFloor>true</coversFloor>
    <placingDraggableDimensions>1</placingDraggableDimensions>
    <tickerType>Never</tickerType>
    <rotatable>false</rotatable>
    <selectable>true</selectable>
    <neverMultiSelect>true</neverMultiSelect>
    <terrainAffordanceNeeded>Heavy</terrainAffordanceNeeded>
    <holdsRoof>true</holdsRoof>
    <designationCategory>Structure</designationCategory>
    <staticSunShadowHeight>1.0</staticSunShadowHeight>
    <blockLight>true</blockLight>
    <canOverlapZones>false</canOverlapZones>
    <stuffCategories>
      <li>Metallic</li>
      <li>Woody</li>
      <li>Stony</li>
    </stuffCategories>
    <building>
      <isInert>true</isInert>
      <ignoreNeedsPower>true</ignoreNeedsPower>
    </building>
    <damageMultipliers>
      <li>
        <damageDef>Bomb</damageDef>
        <multiplier>2</multiplier>
      </li>
    </damageMultipliers>
    <designationHotKey>Misc3</designationHotKey>
  </ThingDef>

</Buildings>