﻿<?xml version="1.0" encoding="utf-8" ?>
<Defs>

  <ThingSetMakerDef>
    <defName>Reward_StandardByDropPod</defName>
    <debugParams> <!-- debug only! -->
      <totalMarketValueRange>
        <min>1700</min>
        <max>3200</max>
      </totalMarketValueRange>
    </debugParams>
    <root Class="ThingSetMaker_RandomOption">
      <fixedParams>
        <qualityGenerator>Reward</qualityGenerator>
      </fixedParams>
      <options>
        <li>
          <weight>1</weight>
          <weightIfPlayerHasNoItem>6</weightIfPlayerHasNoItem>
          <weightIfPlayerHasNoItemItem>AIPersonaCore</weightIfPlayerHasNoItemItem>
          <thingSetMaker Class="ThingSetMaker_Conditional_MinMaxTotalMarketValue">
            <minMaxTotalMarketValue>2500</minMaxTotalMarketValue>
            <thingSetMaker Class="ThingSetMaker_Conditional_ResearchFinished">
              <researchProject>MultiAnalyzer</researchProject>
              <thingSetMaker Class="ThingSetMaker_Count">
                <fixedParams>
                  <filter>
                    <thingDefs>
                      <li>AIPersonaCore</li>
                    </thingDefs>
                  </filter>
                </fixedParams>
              </thingSetMaker>
            </thingSetMaker>
          </thingSetMaker>
        </li>
        <li>
          <weight>1</weight>
          <thingSetMaker Class="ThingSetMaker_MarketValue">
            <fixedParams>
              <filter>
                <thingDefs>
                  <li>Silver</li>
                </thingDefs>
              </filter>
            </fixedParams>
          </thingSetMaker>
        </li>
        <li>
          <weight>6</weight>
          <thingSetMaker Class="ThingSetMaker_MarketValue">
            <fixedParams>
              <filter>
                <thingSetMakerTagsToAllow>
                  <li>RewardSpecial</li>
                </thingSetMakerTagsToAllow>
              </filter>
            </fixedParams>
          </thingSetMaker>
        </li>
        <li>
          <weight>1</weight>
          <thingSetMaker Class="ThingSetMaker_MarketValue">
            <fixedParams>
              <filter>
                <categories>
                  <li>ResourcesRaw</li>
                </categories>
                <thingSetMakerTagsToDisallow>
                  <li>RewardSpecial</li>
                </thingSetMakerTagsToDisallow>
                <disallowCheaperThan>6</disallowCheaperThan>
              </filter>
            </fixedParams>
          </thingSetMaker>
        </li>
        <li>
          <weight>6</weight>
          <thingSetMaker Class="ThingSetMaker_MarketValue">
            <fixedParams>
              <filter>
                <tradeTagsToAllow>
                  <li>ExoticMisc</li>
                </tradeTagsToAllow>
                <categories>
                  <li>Weapons</li>
                  <li>Apparel</li>
                  <li>BuildingsArt</li>
                  <li>BuildingsFurniture</li>
                  <li>BodyPartsArtificial</li>
                </categories>
                <thingDefs>
                  <li>MegascreenTelevision</li>
                  <li>FlatscreenTelevision</li>
                </thingDefs>
                <disallowedThingDefs>
                  <li>Apparel_SmokepopBelt</li>
                  <li>MedicineUltratech</li>
                  <li>ComponentSpacer</li>
                  <li>Hyperweave</li>
                  <li>CochlearImplant</li>
                  <li>BionicEar</li>
                  <li>AIPersonaCore</li>
                </disallowedThingDefs>
                <thingSetMakerTagsToDisallow>
                  <li>RewardSpecial</li>
                  <li>AnimalPart</li>
                </thingSetMakerTagsToDisallow>
              </filter>
            </fixedParams>
          </thingSetMaker>
        </li>
        <li>
          <weight>1.4</weight>
          <thingSetMaker Class="ThingSetMaker_MarketValue">
            <fixedParams>
              <filter>
                <thingDefs>
                  <li>MedicineUltratech</li>
                  <li>ComponentSpacer</li>
                  <li>Hyperweave</li>
                  <li>TechprofSubpersonaCore</li>
                </thingDefs>
              </filter>
            </fixedParams>
          </thingSetMaker>
        </li>
        <li>
          <weight>1</weight>
          <thingSetMaker Class="ThingSetMaker_Count">
            <fixedParams>
              <filter>
                <thingDefs>
                  <li>Apparel_PowerArmor</li>
                  <li>Apparel_PlateArmor</li>
                  <li>Apparel_ShieldBelt</li>
                </thingDefs>
              </filter>
            </fixedParams>
          </thingSetMaker>
        </li>
      </options>
    </root>
  </ThingSetMakerDef>

  <ThingSetMakerDef>
    <defName>Reward_ItemStashQuestContents</defName>
    <debugParams> <!-- debug only! -->
      <totalMarketValueRange>
        <min>1700</min>
        <max>3200</max>
      </totalMarketValueRange>
    </debugParams>
    <root Class="ThingSetMaker_RandomOption">
      <fixedParams>
        <qualityGenerator>Reward</qualityGenerator>
        <maxTotalMass>75</maxTotalMass>
      </fixedParams>
      <options>
        <li>
          <weight>1</weight>
          <weightIfPlayerHasNoItem>5</weightIfPlayerHasNoItem>
          <weightIfPlayerHasNoItemItem>AIPersonaCore</weightIfPlayerHasNoItemItem>
          <thingSetMaker Class="ThingSetMaker_Conditional_MinMaxTotalMarketValue">
            <minMaxTotalMarketValue>2500</minMaxTotalMarketValue>
            <thingSetMaker Class="ThingSetMaker_Conditional_ResearchFinished">
              <researchProject>MultiAnalyzer</researchProject>
              <thingSetMaker Class="ThingSetMaker_Count">
                <fixedParams>
                  <filter>
                    <thingDefs>
                      <li>AIPersonaCore</li>
                    </thingDefs>
                  </filter>
                </fixedParams>
              </thingSetMaker>
            </thingSetMaker>
          </thingSetMaker>
        </li>
        <li>
          <weight>1</weight>
          <thingSetMaker Class="ThingSetMaker_MarketValue">
            <fixedParams>
              <filter>
                <thingDefs>
                  <li>Silver</li>
                </thingDefs>
              </filter>
            </fixedParams>
          </thingSetMaker>
        </li>
        <li>
          <weight>6</weight>
          <thingSetMaker Class="ThingSetMaker_MarketValue">
            <fixedParams>
              <filter>
                <thingSetMakerTagsToAllow>
                  <li>RewardSpecial</li>
                </thingSetMakerTagsToAllow>
              </filter>
            </fixedParams>
          </thingSetMaker>
        </li>
        <li>
          <weight>1</weight>
          <thingSetMaker Class="ThingSetMaker_MarketValue">
            <fixedParams>
              <filter>
                <categories>
                  <li>ResourcesRaw</li>
                </categories>
                <thingSetMakerTagsToDisallow>
                  <li>RewardSpecial</li>
                </thingSetMakerTagsToDisallow>
                <disallowCheaperThan>6</disallowCheaperThan>
              </filter>
            </fixedParams>
          </thingSetMaker>
        </li>
        <li>
          <weight>6</weight>
          <thingSetMaker Class="ThingSetMaker_MarketValue">
            <fixedParams>
              <filter>
                <tradeTagsToAllow>
                  <li>ExoticMisc</li>
                </tradeTagsToAllow>
                <categories>
                  <li>Weapons</li>
                  <li>Apparel</li>
                  <li>BuildingsArt</li>
                  <li>BuildingsFurniture</li>
                  <li>BodyPartsArtificial</li>
                </categories>
                <thingDefs>
                  <li>MegascreenTelevision</li>
                  <li>FlatscreenTelevision</li>
                </thingDefs>
                <disallowedThingDefs>
                  <li>Apparel_SmokepopBelt</li>
                  <li>MedicineUltratech</li>
                  <li>ComponentSpacer</li>
                  <li>Hyperweave</li>
                  <li>CochlearImplant</li>
                  <li>BionicEar</li>
                  <li>AIPersonaCore</li>
                </disallowedThingDefs>
                <thingSetMakerTagsToDisallow>
                  <li>RewardSpecial</li>
                  <li>AnimalPart</li>
                </thingSetMakerTagsToDisallow>
              </filter>
            </fixedParams>
          </thingSetMaker>
        </li>
        <li>
          <weight>1.4</weight>
          <thingSetMaker Class="ThingSetMaker_MarketValue">
            <fixedParams>
              <filter>
                <thingDefs>
                  <li>MedicineUltratech</li>
                  <li>ComponentSpacer</li>
                  <li>Hyperweave</li>
                  <li>TechprofSubpersonaCore</li>
                </thingDefs>
              </filter>
            </fixedParams>
          </thingSetMaker>
        </li>
        <li>
          <weight>1</weight>
          <thingSetMaker Class="ThingSetMaker_Count">
            <fixedParams>
              <filter>
                <thingDefs>
                  <li>Apparel_PowerArmor</li>
                  <li>Apparel_PlateArmor</li>
                  <li>Apparel_ShieldBelt</li>
                </thingDefs>
              </filter>
            </fixedParams>
          </thingSetMaker>
        </li>
      </options>
    </root>
  </ThingSetMakerDef>

  <ThingSetMakerDef>
    <defName>Reward_TradeRequest</defName>
    <debugParams>
      <totalMarketValueRange> <!-- debug only, in-game it's based on the request -->
        <min>1700</min>
        <max>3200</max>
      </totalMarketValueRange>
    </debugParams>
    <root Class="ThingSetMaker_RandomOption">
      <fixedParams>
        <qualityGenerator>Reward</qualityGenerator>
        <maxTotalMass>50</maxTotalMass>
      </fixedParams>
      <options>
        <li>
          <weight>1</weight>
          <thingSetMaker Class="ThingSetMaker_Conditional_MinMaxTotalMarketValue">
            <minMaxTotalMarketValue>2500</minMaxTotalMarketValue>
            <thingSetMaker Class="ThingSetMaker_Conditional_ResearchFinished">
              <researchProject>MultiAnalyzer</researchProject>
              <thingSetMaker Class="ThingSetMaker_Count">
                <fixedParams>
                  <filter>
                    <thingDefs>
                      <li>AIPersonaCore</li>
                    </thingDefs>
                  </filter>
                </fixedParams>
              </thingSetMaker>
            </thingSetMaker>
          </thingSetMaker>
        </li>
        <li>
          <weight>1</weight>
          <thingSetMaker Class="ThingSetMaker_MarketValue">
            <fixedParams>
              <filter>
                <thingDefs>
                  <li>Silver</li>
                </thingDefs>
              </filter>
            </fixedParams>
          </thingSetMaker>
        </li>
        <li>
          <weight>6</weight>
          <thingSetMaker Class="ThingSetMaker_MarketValue">
            <fixedParams>
              <filter>
                <thingSetMakerTagsToAllow>
                  <li>RewardSpecial</li>
                </thingSetMakerTagsToAllow>
              </filter>
            </fixedParams>
          </thingSetMaker>
        </li>
        <li>
          <weight>1</weight>
          <thingSetMaker Class="ThingSetMaker_MarketValue">
            <fixedParams>
              <filter>
                <categories>
                  <li>ResourcesRaw</li>
                </categories>
                <thingSetMakerTagsToDisallow>
                  <li>RewardSpecial</li>
                </thingSetMakerTagsToDisallow>
                <disallowCheaperThan>6</disallowCheaperThan>
              </filter>
            </fixedParams>
          </thingSetMaker>
        </li>
        <li>
          <weight>6</weight>
          <thingSetMaker Class="ThingSetMaker_MarketValue">
            <fixedParams>
              <filter>
                <tradeTagsToAllow>
                  <li>ExoticMisc</li>
                </tradeTagsToAllow>
                <categories>
                  <li>Weapons</li>
                  <li>Apparel</li>
                  <li>BuildingsArt</li>
                  <li>BuildingsFurniture</li>
                  <li>BodyPartsArtificial</li>
                </categories>
                <thingDefs>
                  <li>MegascreenTelevision</li>
                  <li>FlatscreenTelevision</li>
                </thingDefs>
                <disallowedThingDefs>
                  <li>Apparel_SmokepopBelt</li>
                  <li>MedicineUltratech</li>
                  <li>ComponentSpacer</li>
                  <li>Hyperweave</li>
                  <li>CochlearImplant</li>
                  <li>BionicEar</li>
                  <li>AIPersonaCore</li>
                </disallowedThingDefs>
                <thingSetMakerTagsToDisallow>
                  <li>RewardSpecial</li>
                  <li>AnimalPart</li>
                </thingSetMakerTagsToDisallow>
              </filter>
            </fixedParams>
          </thingSetMaker>
        </li>
        <li>
          <weight>1</weight>
          <thingSetMaker Class="ThingSetMaker_MarketValue">
            <fixedParams>
              <filter>
                <thingDefs>
                  <li>MedicineUltratech</li>
                  <li>ComponentSpacer</li>
                  <li>Hyperweave</li>
                  <li>TechprofSubpersonaCore</li>
                </thingDefs>
              </filter>
            </fixedParams>
          </thingSetMaker>
        </li>
        <li>
          <weight>1</weight>
          <thingSetMaker Class="ThingSetMaker_Count">
            <fixedParams>
              <filter>
                <thingDefs>
                  <li>Apparel_PowerArmor</li>
                  <li>Apparel_PlateArmor</li>
                  <li>Apparel_ShieldBelt</li>
                </thingDefs>
              </filter>
            </fixedParams>
          </thingSetMaker>
        </li>
      </options>
    </root>
  </ThingSetMakerDef>

  <ThingSetMakerDef>
    <defName>Reward_PeaceTalksGift</defName>
    <root Class="ThingSetMaker_RandomOption">
      <fixedParams>
        <totalMarketValueRange>
          <min>500</min>
          <max>1200</max>
        </totalMarketValueRange>
        <qualityGenerator>Reward</qualityGenerator>
        <maxTotalMass>20</maxTotalMass>
      </fixedParams>
      <options>
        <li>
          <weight>1</weight>
          <thingSetMaker Class="ThingSetMaker_MarketValue">
            <fixedParams>
              <filter>
                <thingDefs>
                  <li>Silver</li>
                </thingDefs>
              </filter>
            </fixedParams>
          </thingSetMaker>
        </li>
        <li>
          <weight>6</weight>
          <thingSetMaker Class="ThingSetMaker_MarketValue">
            <fixedParams>
              <filter>
                <thingSetMakerTagsToAllow>
                  <li>RewardSpecial</li>
                </thingSetMakerTagsToAllow>
              </filter>
            </fixedParams>
          </thingSetMaker>
        </li>
        <li>
          <weight>1</weight>
          <thingSetMaker Class="ThingSetMaker_MarketValue">
            <fixedParams>
              <filter>
                <categories>
                  <li>ResourcesRaw</li>
                </categories>
                <thingSetMakerTagsToDisallow>
                  <li>RewardSpecial</li>
                </thingSetMakerTagsToDisallow>
                <disallowCheaperThan>6</disallowCheaperThan>
              </filter>
            </fixedParams>
          </thingSetMaker>
        </li>
        <li>
          <weight>6</weight>
          <thingSetMaker Class="ThingSetMaker_MarketValue">
            <fixedParams>
              <filter>
                <tradeTagsToAllow>
                  <li>ExoticMisc</li>
                </tradeTagsToAllow>
                <categories>
                  <li>Weapons</li>
                  <li>Apparel</li>
                  <li>BuildingsArt</li>
                  <li>BuildingsFurniture</li>
                  <li>BodyPartsArtificial</li>
                </categories>
                <thingDefs>
                  <li>MegascreenTelevision</li>
                  <li>FlatscreenTelevision</li>
                </thingDefs>
                <disallowedThingDefs>
                  <li>Apparel_SmokepopBelt</li>
                  <li>MedicineUltratech</li>
                  <li>ComponentSpacer</li>
                  <li>Hyperweave</li>
                  <li>CochlearImplant</li>
                  <li>BionicEar</li>
                </disallowedThingDefs>
                <thingSetMakerTagsToDisallow>
                  <li>RewardSpecial</li>
                  <li>AnimalPart</li>
                </thingSetMakerTagsToDisallow>
              </filter>
            </fixedParams>
          </thingSetMaker>
        </li>
        <li>
          <weight>1.4</weight>
          <thingSetMaker Class="ThingSetMaker_MarketValue">
            <fixedParams>
              <filter>
                <thingDefs>
                  <li>MedicineUltratech</li>
                  <li>ComponentSpacer</li>
                  <li>Hyperweave</li>
                  <li>TechprofSubpersonaCore</li>
                </thingDefs>
              </filter>
            </fixedParams>
          </thingSetMaker>
        </li>
      </options>
    </root>
  </ThingSetMakerDef>

</Defs>

