﻿<?xml version="1.0" encoding="utf-8" ?>
<Defs>

  <MapGeneratorDef>
    <defName>EscapeShipMap</defName>
    <parent>BasicMap</parent>
    <selectionWeight>0</selectionWeight>
  </MapGeneratorDef>
  
  <!-- Landed ship -->
  <GenStepDef>
    <defName>EscapeShip</defName>
    <linkWithMapGenerator>EscapeShipMap</linkWithMapGenerator>
    <order>400</order>
    <genStep Class="GenStep_EscapeShip">
      <count>1</count>
      <nearMapCenter>true</nearMapCenter>
    </genStep>
  </GenStepDef>
  
</Defs>
