<?xml version="1.0" encoding="utf-8" ?>
<Defs>

  <MapGeneratorDef>
    <defName>FactionBase</defName>
    <parent>BasicMap</parent>
    <selectionWeight>0</selectionWeight>
  </MapGeneratorDef>
  
  <!-- Generate faction base -->
  <GenStepDef>
    <defName>FactionBase</defName>
    <linkWithMapGenerator>FactionBase</linkWithMapGenerator>
    <order>400</order>
    <genStep Class="GenStep_FactionBase">
      <count>1</count>
      <nearMapCenter>true</nearMapCenter>
    </genStep>
  </GenStepDef>

  <!-- Spawn power conduits -->
  <GenStepDef>
    <defName>FactionBasePower</defName>
    <linkWithMapGenerator>FactionBase</linkWithMapGenerator>
    <order>401</order>
    <genStep Class="GenStep_Power" />
  </GenStepDef>
  
</Defs>
