﻿<?xml version="1.0" encoding="utf-8" ?>
<Defs>

  <WorldGenStepDef>
    <defName>Terrain</defName>
    <order>0</order>
    <worldGenStep Class="WorldGenStep_Terrain"/>
  </WorldGenStepDef>

  <WorldGenStepDef>
    <defName>Components</defName>
    <order>100</order>
    <worldGenStep Class="WorldGenStep_Components"/>
  </WorldGenStepDef>

  <WorldGenStepDef>
    <defName>Lakes</defName>
    <order>150</order>
    <worldGenStep Class="WorldGenStep_Lakes"/>
  </WorldGenStepDef>

  <WorldGenStepDef>
    <defName>Rivers</defName>
    <order>200</order>
    <worldGenStep Class="WorldGenStep_Rivers"/>
  </WorldGenStepDef>

  <WorldGenStepDef>
    <defName>AncientSites</defName>
    <order>300</order>
    <worldGenStep Class="WorldGenStep_AncientSites">
      <ancientSitesPer100kTiles>
        <min>10</min>
        <max>20</max>
      </ancientSitesPer100kTiles>
    </worldGenStep>
  </WorldGenStepDef>

  <WorldGenStepDef>
    <defName>AncientRoads</defName>
    <order>400</order>
    <worldGenStep Class="WorldGenStep_AncientRoads">
      <maximumSiteCurve>15</maximumSiteCurve>
      <minimumChain>4</minimumChain>
      <maximumSegmentCurviness>1.5</maximumSegmentCurviness>
    </worldGenStep>
  </WorldGenStepDef>

  <WorldGenStepDef>
    <defName>Factions</defName>
    <order>500</order>
    <worldGenStep Class="WorldGenStep_Factions"/>
  </WorldGenStepDef>

  <WorldGenStepDef>
    <defName>Roads</defName>
    <order>600</order>
    <worldGenStep Class="WorldGenStep_Roads"/>
  </WorldGenStepDef>

</Defs>