﻿<?xml version="1.0" encoding="utf-8" ?>
<Defs>

  <ScenarioDef>
    <defName>Crashlanded</defName>
    <label>Crashlanded</label>
    <description>The three of you awake in your cryptosleep sarcophagi to the sound of sirens and ripping metal. You barely get to the escape pods before the ship is torn apart. Some time later, you land on this unknown rimworld.</description>
    <scenario>
      <summary>Three crashlanded survivors - the classic RimWorld experience.</summary>
      <playerFaction>
        <def>PlayerFaction</def>
        <factionDef>PlayerColony</factionDef>
      </playerFaction>
      <parts>

        <!-- Config pages -->
        <li Class="ScenPart_ConfigPage_ConfigureStartingPawns">
          <def>ConfigPage_ConfigureStartingPawns</def>
          <pawnCount>3</pawnCount>
          <pawnChoiceCount>8</pawnChoiceCount>
        </li>

        <!-- Player starting stuff spawn method-->
        <li Class="ScenPart_PlayerPawnsArriveMethod">
          <def>PlayerPawnsArriveMethod</def>
          <method>DropPods</method>
          <visible>false</visible>
        </li>

        <!-- Player pawns modifiers -->
        <li Class="ScenPart_ForcedHediff">
          <def>ForcedHediff</def>
          <visible>false</visible>
          <context>PlayerStarter</context>
          <chance>0.5</chance>
          <hediff>CryptosleepSickness</hediff>
          <hideOffMap>true</hideOffMap>
          <severityRange>
            <min>1</min>
            <max>1</max>
          </severityRange>
        </li>
        
        <!-- Player starting things -->
        <li Class="ScenPart_StartingThing_Defined">
          <def>StartingThing_Defined</def>
          <thingDef>Silver</thingDef>
          <count>800</count>
        </li>
        <li Class="ScenPart_StartingThing_Defined">
          <def>StartingThing_Defined</def>
          <thingDef>MealSurvivalPack</thingDef>
          <count>50</count>
        </li>
        <li Class="ScenPart_StartingThing_Defined">
          <def>StartingThing_Defined</def>
          <thingDef>MedicineIndustrial</thingDef>
          <count>30</count>
        </li>
        <li Class="ScenPart_StartingThing_Defined">
          <def>StartingThing_Defined</def>
          <thingDef>ComponentIndustrial</thingDef>
          <count>30</count>
        </li>
        <li Class="ScenPart_StartingThing_Defined">
          <def>StartingThing_Defined</def>
          <thingDef>Gun_BoltActionRifle</thingDef>
        </li>
        <li Class="ScenPart_StartingThing_Defined">
          <def>StartingThing_Defined</def>
          <thingDef>Gun_Revolver</thingDef>
        </li>
        <li Class="ScenPart_StartingThing_Defined">
          <def>StartingThing_Defined</def>
          <thingDef>MeleeWeapon_Knife</thingDef>
          <stuff>Plasteel</stuff>
        </li>
        <li Class="ScenPart_StartingAnimal">
          <def>StartingAnimal</def>
          <count>1</count>
          <bondToRandomPlayerPawnChance>1.0</bondToRandomPlayerPawnChance>
        </li>

        <!-- Scatter some things near player start -->
        <li Class="ScenPart_ScatterThingsNearPlayerStart">
          <def>ScatterThingsNearPlayerStart</def>
          <thingDef>Steel</thingDef>
          <count>450</count>
        </li>
        <li Class="ScenPart_ScatterThingsNearPlayerStart">
          <def>ScatterThingsNearPlayerStart</def>
          <thingDef>WoodLog</thingDef>
          <count>300</count>
        </li>      

        <!-- Scatter some things anywhere -->
        <li Class="ScenPart_ScatterThingsAnywhere">
          <def>ScatterThingsAnywhere</def>
          <thingDef>ShipChunk</thingDef>
          <count>3</count>
        </li>
        <li Class="ScenPart_ScatterThingsAnywhere">
          <def>ScatterThingsAnywhere</def>
          <thingDef>Steel</thingDef>
          <count>720</count>
        </li>
        <li Class="ScenPart_ScatterThingsAnywhere">
          <def>ScatterThingsAnywhere</def>
          <thingDef>MealSurvivalPack</thingDef>
          <count>7</count>
        </li>
        
        <!-- Game start dialog -->
        <li Class="ScenPart_GameStartDialog">
          <def>GameStartDialog</def>
          <textKey>GameStartDialog</textKey>
          <closeSound>GameStartSting</closeSound>
        </li>
        
      </parts>
    </scenario>
  </ScenarioDef>





	<ScenarioDef>
		<defName>LostTribe</defName>
		<label>Lost Tribe</label>
		<description>Your tribe was destroyed by the great blood machines sent by the gods. Five of you managed to escape. Now, it's time to build up a new home.\n\nNote: Since you'll start poor and research slowly, this is a difficult scenario.</description>
		<scenario>
			<summary>Five lost tribespeople attempt to rebuild. Difficult.</summary>
			<playerFaction>
				<def>PlayerFaction</def>
				<factionDef>PlayerTribe</factionDef>
			</playerFaction>
			<parts>

				<!-- Config pages -->
				<li Class="ScenPart_ConfigPage_ConfigureStartingPawns">
					<def>ConfigPage_ConfigureStartingPawns</def>
					<pawnCount>5</pawnCount>
          <pawnChoiceCount>8</pawnChoiceCount>
				</li>

				<!-- Player starting stuff spawn method-->
				<li Class="ScenPart_PlayerPawnsArriveMethod">
					<def>PlayerPawnsArriveMethod</def>
					<method>Standing</method>
				</li>

				<!-- Player pawns modifiers -->
				<li Class="ScenPart_ForcedHediff">
					<def>ForcedHediff</def>
					<visible>false</visible>
					<context>PlayerStarter</context>
					<chance>0.5</chance>
					<hediff>Malnutrition</hediff>
					<severityRange>
						<min>0.2</min>
						<max>0.4</max>
					</severityRange>
				</li>
				<li Class="ScenPart_SetNeedLevel">
					<def>SetNeedLevel</def>
					<visible>false</visible>
					<context>PlayerStarter</context>
					<chance>1.0</chance>
					<need>Food</need>
					<levelRange>
						<min>0</min>
						<max>0.1</max>
					</levelRange>
				</li>

				<!-- Player starting things -->
				<li Class="ScenPart_StartingThing_Defined">
					<def>StartingThing_Defined</def>
					<thingDef>Silver</thingDef>
					<count>200</count>
				</li>
				<li Class="ScenPart_StartingThing_Defined">
					<def>StartingThing_Defined</def>
					<thingDef>Pemmican</thingDef>
					<count>400</count>
				</li>
				<li Class="ScenPart_StartingThing_Defined">
					<def>StartingThing_Defined</def>
					<thingDef>MedicineHerbal</thingDef>
					<count>20</count>
				</li>
				<li Class="ScenPart_StartingThing_Defined">
					<def>StartingThing_Defined</def>
					<thingDef>MeleeWeapon_Club</thingDef>
					<stuff>WoodLog</stuff>
				</li>
				<li Class="ScenPart_StartingThing_Defined">
					<def>StartingThing_Defined</def>
					<thingDef>MeleeWeapon_Ikwa</thingDef>
					<stuff>Steel</stuff>
				</li>
				<li Class="ScenPart_StartingThing_Defined">
					<def>StartingThing_Defined</def>
					<thingDef>MeleeWeapon_Knife</thingDef>
					<stuff>Jade</stuff>
				</li>
				<li Class="ScenPart_StartingThing_Defined">
					<def>StartingThing_Defined</def>
					<thingDef>Bow_Short</thingDef>
					<count>2</count>
				</li>
				<li Class="ScenPart_StartingThing_Defined">
					<def>StartingThing_Defined</def>
					<thingDef>Pila</thingDef>
				</li>
				<li Class="ScenPart_StartingAnimal">
					<def>StartingAnimal</def>
					<count>3</count>
					<bondToRandomPlayerPawnChance>1.0</bondToRandomPlayerPawnChance>
				</li>

				<!-- Scatter some things near player start -->
				<li Class="ScenPart_ScatterThingsNearPlayerStart">
					<def>ScatterThingsNearPlayerStart</def>
					<thingDef>WoodLog</thingDef>
					<count>500</count>
				</li>

				<!-- Game start dialog -->
				<li Class="ScenPart_GameStartDialog">
					<def>GameStartDialog</def>
					<text>The gods were very angry. The blood machines came at night. They swept through your village, cutting and burning your people with their blades and devil-fire.\n\nOnly a few of you escaped. Now, after a harrowing journey on foot, with no close friends to turn to, you must build a new home in the wilderness, like your ancestors did.</text>
					<closeSound>GameStartSting</closeSound>
				</li>

			</parts>
		</scenario>
	</ScenarioDef>




	<ScenarioDef>
		<defName>TheRichExplorer</defName>
		<label>The Rich Explorer</label>
		<description>People called you crazy for leaving your glitterworld home, but you always yearned to explore the stars - outside the neurosimulator. Now you're at the end of your long journey in cryptosleep, landing on an unknown rimworld to see what it's like.\n\nNote: Since your starting character will lack some skills, this is an especially difficult scenario in the early game.</description>
		<scenario>
			<summary>One rich explorer out to experience the universe. Extra difficult.</summary>
			<playerFaction>
				<def>PlayerFaction</def>
				<factionDef>PlayerColony</factionDef>
			</playerFaction>
			<parts>

				<!-- Config pages -->
				<li Class="ScenPart_ConfigPage_ConfigureStartingPawns">
					<def>ConfigPage_ConfigureStartingPawns</def>
					<pawnCount>1</pawnCount>
          <pawnChoiceCount>8</pawnChoiceCount>
				</li>

				<!-- Player starting stuff spawn method-->
				<li Class="ScenPart_PlayerPawnsArriveMethod">
					<def>PlayerPawnsArriveMethod</def>
					<visible>false</visible>
					<method>DropPods</method>
				</li>

				<!-- Starting research -->
				<li Class="ScenPart_StartingResearch">
					<def>StartingResearch</def>
					<project>GunTurrets</project>
				</li>

				<!-- Player starting things -->
				<li Class="ScenPart_StartingThing_Defined">
					<def>StartingThing_Defined</def>
					<thingDef>Silver</thingDef>
					<count>2000</count>
				</li>
				<li Class="ScenPart_StartingThing_Defined">
					<def>StartingThing_Defined</def>
					<thingDef>Gold</thingDef>
					<count>30</count>
				</li>
				<li Class="ScenPart_StartingThing_Defined">
					<def>StartingThing_Defined</def>
					<thingDef>MealSurvivalPack</thingDef>
					<count>40</count>
				</li>
				<li Class="ScenPart_StartingThing_Defined">
					<def>StartingThing_Defined</def>
					<thingDef>MedicineUltratech</thingDef>
					<count>30</count>
				</li>
				<li Class="ScenPart_StartingThing_Defined">
					<def>StartingThing_Defined</def>
					<thingDef>ComponentIndustrial</thingDef>
					<count>30</count>
				</li>
				<li Class="ScenPart_StartingThing_Defined">
					<def>StartingThing_Defined</def>
					<thingDef>Gun_ChargeRifle</thingDef>
				</li>
				<li Class="ScenPart_StartingAnimal">
					<def>StartingAnimal</def>
					<count>1</count>
					<bondToRandomPlayerPawnChance>1.0</bondToRandomPlayerPawnChance>
				</li>

				<!-- Scatter some things near player start -->
				<li Class="ScenPart_ScatterThingsNearPlayerStart">
					<def>ScatterThingsNearPlayerStart</def>
					<thingDef>Steel</thingDef>
					<count>450</count>
				</li>
				<li Class="ScenPart_ScatterThingsNearPlayerStart">
					<def>ScatterThingsNearPlayerStart</def>
					<thingDef>WoodLog</thingDef>
					<count>300</count>
				</li>

				<!-- Game start dialog -->
				<li Class="ScenPart_GameStartDialog">
					<def>GameStartDialog</def>
					<text>The neurosimulations, holo-games, and free-orgies were never enough for you. You wanted more - the grit and consequence of real life, like they talk about in the history books. You wanted to know what real challenge and consequence feel like.\n\nNow, after a journey of decades in cryptosleep, you're landing on this unknown rimworld. Real consequences await you.</text>
					<closeSound>GameStartSting</closeSound>
				</li>

			</parts>
		</scenario>
	</ScenarioDef>




  <ScenarioDef>
    <defName>NakedBrutality</defName>
    <label>Naked Brutality</label>
    <description>You went under anasthetic for a minor surgery. Now you've awoken in a drop pod crashing into a distant planet. You're naked, alone, and totally unprepared. Can you survive?\n\nWarning: This is an extremely difficult scenario.</description>
    <scenario>
      <summary>Naked, alone, and utterly unprepared. Can you survive? Extremely difficult.</summary>
      <playerFaction>
        <def>PlayerFaction</def>
        <factionDef>PlayerColony</factionDef>
      </playerFaction>
      <parts>

        <!-- Config pages -->
        <li Class="ScenPart_ConfigPage_ConfigureStartingPawns">
          <def>ConfigPage_ConfigureStartingPawns</def>
          <pawnCount>1</pawnCount>
          <pawnChoiceCount>8</pawnChoiceCount>
        </li>

        <!-- Player starting stuff spawn method-->
        <li Class="ScenPart_PlayerPawnsArriveMethod">
          <def>PlayerPawnsArriveMethod</def>
          <visible>false</visible>
          <method>DropPods</method>
        </li>

        <!-- Player starting stuff spawn method-->
        <li Class="ScenPart_Naked">
          <def>Naked</def>
          <context>PlayerStarter</context>
        </li>

        <!-- Game start dialog -->
        <li Class="ScenPart_GameStartDialog">
          <def>GameStartDialog</def>
          <text>It was supposed to be a minor surgery. Just an hour under anasthetic. You felt totally safe.\n\nNow you've awoken inside a drop pod punching through the atmosphere of a distant rim world.\n\nAside from a slick of mysterious goo all over your body, you are totally naked. With no preparation, no supplies, and no tools, can you survive?</text>
          <closeSound>GameStartSting</closeSound>
        </li>

      </parts>
    </scenario>
  </ScenarioDef>



</Defs>
