﻿<?xml version="1.0" encoding="utf-8" ?>
<Defs>

  <ThoughtDef>
    <defName>MasochistPain</defName>
    <workerClass>ThoughtWorker_Pain</workerClass>
    <validWhileDespawned>true</validWhileDespawned>
    <requiredTraits>
      <li>Masochist</li>
    </requiredTraits>
    <stages>
      <li>
        <label>masochist in minor pain</label>
        <description>Ow... Heh heh heh... I could get used to this!</description>
        <baseMoodEffect>5</baseMoodEffect>
      </li>
      <li>
        <label>masochist in serious pain</label>
        <description>Ughhh... It hurts, but I love it! Keep it coming!</description>
        <baseMoodEffect>10</baseMoodEffect>
      </li>
      <li>
        <label>masochist in intense pain</label>
        <description>Ouch... I think something's broken... But what an exquisite feeling!</description>
        <baseMoodEffect>15</baseMoodEffect>
      </li>
      <li>
        <label>masochist in mind-shattering pain</label>
        <description>Ahhh... Am I in heaven?</description>
        <baseMoodEffect>20</baseMoodEffect>
      </li>
    </stages>
  </ThoughtDef>

  <ThoughtDef>
    <defName>ProsthophileNoProsthetic</defName>
    <workerClass>ThoughtWorker_HasAddedBodyPart</workerClass>
    <validWhileDespawned>true</validWhileDespawned>
    <invert>true</invert>
    <requiredTraits>
      <li>Transhumanist</li>
    </requiredTraits>
    <stages>
      <li>
        <label>transhumanist frustrated</label>
        <description>Flesh is so limiting. I wish I had some kind of artificial body part.</description>
        <baseMoodEffect>-4</baseMoodEffect>
      </li>
    </stages>
  </ThoughtDef>

  <ThoughtDef>
    <defName>ProsthophileHappy</defName>
    <workerClass>ThoughtWorker_HasAddedBodyPart</workerClass>
    <validWhileDespawned>true</validWhileDespawned>
    <requiredTraits>
      <li>Transhumanist</li>
    </requiredTraits>
    <stages>
      <li>
        <label>transhumanist pleased</label>
        <description>This artificial part is cool. I want more.</description>
        <baseMoodEffect>4</baseMoodEffect>
      </li>
      <li>
        <label>transhumanist quite pleased</label>
        <description>Two artificial parts are better than one. I wish I had more.</description>
        <baseMoodEffect>6</baseMoodEffect>
      </li>
      <li>
        <label>transhumanist delighted</label>
        <description>Three artificial parts, and my weak human flesh is receding. But I still want more machine power.</description>
        <baseMoodEffect>7</baseMoodEffect>
      </li>
      <li>
        <label>transhumanist enchanted</label>
        <description>Four artificial body parts and I am becoming more than human. But there's still some flesh that needs replacing.</description>
        <baseMoodEffect>8</baseMoodEffect>
      </li>
      <li>
        <label>transhumanist overjoyed</label>
        <description>Five artificial body parts! How could an enhanced being like me ever feel sad?</description>
        <baseMoodEffect>9</baseMoodEffect>
      </li>
      <li>
        <label>machine body is complete</label>
        <description>I asked for this.</description>
        <baseMoodEffect>10</baseMoodEffect>
      </li>
    </stages>
  </ThoughtDef>

  <ThoughtDef>
    <defName>ProsthophobeUnhappy</defName>
    <workerClass>ThoughtWorker_HasAddedBodyPart</workerClass>
    <validWhileDespawned>true</validWhileDespawned>
    <requiredTraits>
      <li>BodyPurist</li>
    </requiredTraits>
    <stages>
      <li>
        <label>body purist squeamish</label>
        <description>I hate having this unnatural thing attached to me. It feels so filthy!</description>
        <baseMoodEffect>-10</baseMoodEffect>
      </li>
      <li>
        <label>body purist disgusted</label>
        <description>Two artificial parts are sullying my natural, pure body. It makes me sick to think of it.</description>
        <baseMoodEffect>-15</baseMoodEffect>
      </li>
      <li>
        <label>body purist violated</label>
        <description>Three artificial parts violate my body's pure flesh. I shudder when I think of it... and these objects shudder with me.</description>
        <baseMoodEffect>-20</baseMoodEffect>
      </li>
      <li>
        <label>body purist horrified</label>
        <description>I have four artificial body parts; it's like I'm becoming a robot. What a horrifying sensation.</description>
        <baseMoodEffect>-25</baseMoodEffect>
      </li>
      <li>
        <label>body purist nightmare</label>
        <description>Five artificial body parts... Is there anything left of me? Or am I just a robot that thinks it's human?</description>
        <baseMoodEffect>-30</baseMoodEffect>
      </li>
      <li>
        <label>I have become what I hate</label>
        <description>I asked for the exact opposite of this!</description>
        <baseMoodEffect>-35</baseMoodEffect>
      </li>
    </stages>
  </ThoughtDef>

  <ThoughtDef>
    <defName>NonProsthophileHasAddedBodyParts</defName>
    <workerClass>ThoughtWorker_HasAddedBodyPart</workerClass>
    <validWhileDespawned>true</validWhileDespawned>
    <nullifyingTraits>
      <li>Transhumanist</li>
      <li>BodyPurist</li>
    </nullifyingTraits>
    <stages>
      <li IsNull="True" />
      <li>
        <label>artificial body uneasiness</label>
        <description>Two artificial body parts were okay, but having three is bothersome. I miss my natural, clean body.</description>
        <baseMoodEffect>-1</baseMoodEffect>
      </li>
      <li>
        <label>artificial body squeamishness</label>
        <description>I have four artificial body parts. Even if they're necessary, I still wish I could be natural again.</description>
        <baseMoodEffect>-2</baseMoodEffect>
      </li>
      <li>
        <label>artificial body discomfort</label>
        <description>Five artificial body parts. It's like I click and creak when I move. I wish I could just be a healthy again, without these reminders of pain.</description>
        <baseMoodEffect>-3</baseMoodEffect>
      </li>
      <li>
        <label>artificial body disgust</label>
        <description>Six artificial body parts is too much. It's like I'm becoming an android.</description>
        <baseMoodEffect>-4</baseMoodEffect>
      </li>
      <li>
        <label>artificial body horror</label>
        <description>I never asked for this.</description>
        <baseMoodEffect>-5</baseMoodEffect>
      </li>
    </stages>
  </ThoughtDef>

  <ThoughtDef>
    <defName>BrawlerUnhappy</defName>
    <workerClass>ThoughtWorker_IsCarryingRangedWeapon</workerClass>
    <validWhileDespawned>true</validWhileDespawned>
    <requiredTraits>
      <li>Brawler</li>
    </requiredTraits>
    <stages>
      <li>
        <label>brawler has ranged weapon</label>
        <description>I hate shooting from a distance. I want to get up close and personal!</description>
        <baseMoodEffect>-20</baseMoodEffect>
      </li>
    </stages>
  </ThoughtDef>

  <ThoughtDef>
    <defName>PyromaniacHappy</defName>
    <workerClass>ThoughtWorker_IsCarryingIncendiaryWeapon</workerClass>
    <validWhileDespawned>true</validWhileDespawned>
    <requiredTraits>
      <li>Pyromaniac</li>
    </requiredTraits>
    <stages>
      <li>
        <label>pyromaniac has incendiary weapon</label>
        <description>It makes me think of flame and fire. I'm so happy.</description>
        <baseMoodEffect>5</baseMoodEffect>
      </li>
    </stages>
  </ThoughtDef>

  <ThoughtDef>
    <defName>ClothedNudist</defName>
    <workerClass>ThoughtWorker_NudistNude</workerClass>
    <validWhileDespawned>true</validWhileDespawned>
    <invert>true</invert>
    <requiredTraits>
      <li>Nudist</li>
    </requiredTraits>
    <stages>
      <li>
        <label>constraining clothes</label>
        <description>I'm a nudist but I have to wear these clothes. It's not unbearable - but I still feel constrained and uncomfortable.</description>
        <baseMoodEffect>-3</baseMoodEffect>
      </li>
    </stages>
  </ThoughtDef>

  <ThoughtDef>
    <defName>HappyNude</defName>
    <workerClass>ThoughtWorker_NudistNude</workerClass>
    <validWhileDespawned>true</validWhileDespawned>
    <requiredTraits>
      <li>Nudist</li>
    </requiredTraits>
    <stages>
      <li>
        <label>happily nude</label>
        <description>I'm nude and loving it! I feel so free and unconstrained and in touch with my surroundings!</description>
        <baseMoodEffect>20</baseMoodEffect>
      </li>
    </stages>
  </ThoughtDef>

  <ThoughtDef>
    <defName>NightOwlDuringTheDay</defName>
    <workerClass>ThoughtWorker_IsDayForNightOwl</workerClass>
    <requiredTraits>
      <li>NightOwl</li>
    </requiredTraits>
    <stages>
      <li>
        <label>night owl in daytime</label>
        <description>I don't like working during the day.</description>
        <baseMoodEffect>-10</baseMoodEffect>
      </li>
    </stages>
  </ThoughtDef>

  <ThoughtDef>
    <defName>NightOwlDuringTheNight</defName>
    <workerClass>ThoughtWorker_IsNightForNightOwl</workerClass>
    <requiredTraits>
      <li>NightOwl</li>
    </requiredTraits>
    <stages>
      <li>
        <label>night owl at night</label>
        <description>I feel much better at night.</description>
        <baseMoodEffect>16</baseMoodEffect>
      </li>
    </stages>
  </ThoughtDef>
  
  <ThoughtDef>
    <defName>Greedy</defName>
    <workerClass>ThoughtWorker_Greedy</workerClass>
    <requiredTraits>
      <li>Greedy</li>
    </requiredTraits>
    <stages>
      <li> <!-- used if no bedroom at all -->
        <label>greedy for impressive bedroom</label>
        <description>I'm greedy. I want a really impressive bedroom.</description>
        <baseMoodEffect>-8</baseMoodEffect>
      </li>
      <li>
        <label>greedy for impressive bedroom</label>
        <description>I'm greedy. My room is pathetic! I want a really impressive bedroom.</description>
        <baseMoodEffect>-8</baseMoodEffect>
      </li>
      <li>
        <label>greedy for impressive bedroom</label>
        <description>I'm greedy. My room isn't nearly good enough. I want a really impressive bedroom.</description>
        <baseMoodEffect>-8</baseMoodEffect>
      </li>
      <li>
        <label>greedy for impressive bedroom</label>
        <description>I'm greedy. My room isn't good enough. I want a really impressive bedroom.</description>
        <baseMoodEffect>-6</baseMoodEffect>
      </li>
      <li>
        <label>greedy for impressive bedroom</label>
        <description>I'm greedy. My room isn't quite good enough. I want a really impressive bedroom.</description>
        <baseMoodEffect>-4</baseMoodEffect>
      </li>
      <li IsNull="True" /> <!-- slightly impressive -->
      <li IsNull="True" /> <!-- somewhat impressive -->
      <li IsNull="True" /> <!-- very impressive -->
      <li IsNull="True" /> <!-- extremely impressive -->
      <li IsNull="True" /> <!-- unbelievably impressive -->
      <li IsNull="True" /> <!-- wondrously impressive -->
    </stages>
  </ThoughtDef>
  
  <ThoughtDef>
    <defName>Jealous</defName>
    <workerClass>ThoughtWorker_BedroomJealous</workerClass>
    <requiredTraits>
      <li>Jealous</li>
    </requiredTraits>
    <stages>
      <li>
        <label>jealous of {0}'s bedroom</label>
        <description>I need to have the best one!</description>
        <baseMoodEffect>-8</baseMoodEffect>
      </li>
    </stages>
  </ThoughtDef>
  
  <ThoughtDef>
    <defName>Ascetic</defName>
    <workerClass>ThoughtWorker_Ascetic</workerClass>
    <requiredTraits>
      <li>Ascetic</li>
    </requiredTraits>
    <stages>
      <li>
        <label>ascetic has awful bedroom</label>
        <description>My bedroom is just how I want it to be. Very humble and simple.</description>
        <baseMoodEffect>5</baseMoodEffect>
      </li>
      <li>
        <label>ascetic has repulsive bedroom</label>
        <description>My bedroom is just how I want it to be. Very humble and simple.</description>
        <baseMoodEffect>4</baseMoodEffect>
      </li>
      <li>
        <label>ascetic has dull bedroom</label>
        <description>My bedroom is very humble and simple. I like it.</description>
        <baseMoodEffect>3</baseMoodEffect>
      </li>
      <li IsNull="True" /> <!-- mediocre -->
      <li IsNull="True" /> <!-- interesting -->
      <li>
        <label>ascetic has impressive bedroom</label>
        <description>I don't like having an impressive bedroom.</description>
        <baseMoodEffect>-5</baseMoodEffect>
      </li>
      <li>
        <label>ascetic has impressive bedroom</label>
        <description>I don't like having an impressive bedroom.</description>
        <baseMoodEffect>-5</baseMoodEffect>
      </li>
      <li>
        <label>ascetic has impressive bedroom</label>
        <description>I don't like having an impressive bedroom.</description>
        <baseMoodEffect>-5</baseMoodEffect>
      </li>
      <li>
        <label>ascetic has impressive bedroom</label>
        <description>I don't like having an impressive bedroom.</description>
        <baseMoodEffect>-5</baseMoodEffect>
      </li>
      <li>
        <label>ascetic has impressive bedroom</label>
        <description>I don't like having an impressive bedroom.</description>
        <baseMoodEffect>-5</baseMoodEffect>
      </li>
      <li>
        <label>ascetic has impressive bedroom</label>
        <description>I don't like having an impressive bedroom.</description>
        <baseMoodEffect>-5</baseMoodEffect>
      </li>
      <li>
        <label>ascetic has impressive bedroom</label>
        <description>I don't like having an impressive bedroom.</description>
        <baseMoodEffect>-5</baseMoodEffect>
      </li>
    </stages>
  </ThoughtDef>


</Defs>
