﻿<?xml version="1.0" encoding="utf-8" ?>
<Defs>

  <!-- Random social interactions -->

  <ThoughtDef>
    <defName>Chitchat</defName>
    <thoughtClass>Thought_MemorySocialCumulative</thoughtClass>
    <stackLimit>300</stackLimit>
    <maxCumulatedOpinionOffset>10</maxCumulatedOpinionOffset>
    <nullifyingTraits>
      <li>Psychopath</li>
    </nullifyingTraits>
    <stages>
      <li>
        <label>chitchat</label>
        <baseOpinionOffset>0.66</baseOpinionOffset>
      </li>
    </stages>
  </ThoughtDef>

  <ThoughtDef>
    <defName>DeepTalk</defName>
    <thoughtClass>Thought_MemorySocial</thoughtClass>
    <durationDays>20</durationDays>
    <stackLimit>300</stackLimit>
    <stackLimitForSameOtherPawn>10</stackLimitForSameOtherPawn>
    <stackedEffectMultiplier>0.9</stackedEffectMultiplier>
    <nullifyingTraits>
      <li>Psychopath</li>
    </nullifyingTraits>
    <stages>
      <li>
        <label>deep talk</label>
        <baseOpinionOffset>15</baseOpinionOffset>
      </li>
    </stages>
  </ThoughtDef>
  
  <ThoughtDef>
    <defName>Slighted</defName>
    <thoughtClass>Thought_MemorySocial</thoughtClass>
    <durationDays>20</durationDays>
    <stackLimit>300</stackLimit>
    <stackLimitForSameOtherPawn>10</stackLimitForSameOtherPawn>
    <stackedEffectMultiplier>0.9</stackedEffectMultiplier>
    <stages>
      <li>
        <label>slighted</label>
        <baseOpinionOffset>-5</baseOpinionOffset>
      </li>
    </stages>
  </ThoughtDef>
  
  <ThoughtDef>
    <defName>Insulted</defName>
    <thoughtClass>Thought_MemorySocial</thoughtClass>
    <durationDays>20</durationDays>
    <stackLimit>300</stackLimit>
    <stackLimitForSameOtherPawn>10</stackLimitForSameOtherPawn>
    <stackedEffectMultiplier>0.9</stackedEffectMultiplier>
    <stages>
      <li>
        <label>insulted</label>
        <baseOpinionOffset>-15</baseOpinionOffset>
      </li>
    </stages>
    <thoughtToMake>InsultedMood</thoughtToMake>
  </ThoughtDef>
  <ThoughtDef>
    <defName>InsultedMood</defName>
    <durationDays>2</durationDays>
    <stackLimit>10</stackLimit>
    <stackedEffectMultiplier>0.9</stackedEffectMultiplier>
    <stages>
      <li>
        <label>insulted</label>
        <description>I've been directly insulted! What an awful person!</description>
        <baseMoodEffect>-5</baseMoodEffect>
      </li>
    </stages>
  </ThoughtDef>
  
  <ThoughtDef>
    <defName>KindWords</defName>
    <showBubble>true</showBubble>
    <thoughtClass>Thought_MemorySocial</thoughtClass>
    <durationDays>20</durationDays>
    <stackLimit>300</stackLimit>
    <stackLimitForSameOtherPawn>10</stackLimitForSameOtherPawn>
    <stackedEffectMultiplier>0.9</stackedEffectMultiplier>
    <stages>
      <li>
        <label>kind words</label>
        <baseOpinionOffset>15</baseOpinionOffset>
      </li>
    </stages>
    <thoughtToMake>KindWordsMood</thoughtToMake>
  </ThoughtDef>
  <ThoughtDef>
    <defName>KindWordsMood</defName>
    <durationDays>2</durationDays>
    <stackLimit>10</stackLimit>
    <stackedEffectMultiplier>0.9</stackedEffectMultiplier>
    <stages>
      <li>
        <label>kind words</label>
        <description>I've been bestowed with kind words! What a nice person!</description>
        <baseMoodEffect>5</baseMoodEffect>
      </li>
    </stages>
  </ThoughtDef>
  
  
  <!-- Special -->
  
  <ThoughtDef>
    <defName>RapportBuilt</defName>
    <thoughtClass>Thought_MemorySocial</thoughtClass>
    <durationDays>20</durationDays>
    <stackedEffectMultiplier>1</stackedEffectMultiplier>
    <stackLimit>300</stackLimit>
    <stackLimitForSameOtherPawn>50</stackLimitForSameOtherPawn>
    <stages>
      <li>
        <label>rapport built</label>
        <baseOpinionOffset>2</baseOpinionOffset>
      </li>
    </stages>
  </ThoughtDef>
  
  <!-- Social fights -->
  
  <ThoughtDef>
    <defName>HadAngeringFight</defName>
    <thoughtClass>Thought_MemorySocial</thoughtClass>
    <durationDays>20</durationDays>
    <stackLimit>300</stackLimit>
    <stackLimitForSameOtherPawn>5</stackLimitForSameOtherPawn>
    <stackedEffectMultiplier>0.9</stackedEffectMultiplier>
    <stages>
      <li>
        <label>angering fight</label>
        <baseOpinionOffset>-22</baseOpinionOffset>
      </li>
    </stages>
  </ThoughtDef>
  
  <ThoughtDef>
    <defName>HadCatharticFight</defName>
    <thoughtClass>Thought_MemorySocial</thoughtClass>
    <durationDays>20</durationDays>
    <stackLimit>300</stackLimit>
    <stackLimitForSameOtherPawn>5</stackLimitForSameOtherPawn>
    <stackedEffectMultiplier>0.9</stackedEffectMultiplier>
    <stages>
      <li>
        <label>cathartic fight</label>
        <baseOpinionOffset>38</baseOpinionOffset>
      </li>
    </stages>
  </ThoughtDef>
  
  <!-- Misc actions affecting opinion -->
  
  <ThoughtDef>
    <defName>HarmedMe</defName>
    <thoughtClass>Thought_MemorySocial</thoughtClass>
    <durationDays>10</durationDays>
    <stackLimit>300</stackLimit>
    <stackLimitForSameOtherPawn>1</stackLimitForSameOtherPawn>
    <stages>
      <li>
        <label>harmed me</label>
        <baseOpinionOffset>-15</baseOpinionOffset>
      </li>
    </stages>
  </ThoughtDef>
  
  <ThoughtDef>
    <defName>BotchedMySurgery</defName>
    <thoughtClass>Thought_MemorySocial</thoughtClass>
    <durationDays>90</durationDays>
    <stackLimit>300</stackLimit>
    <stackLimitForSameOtherPawn>5</stackLimitForSameOtherPawn>
    <stackedEffectMultiplier>0.9</stackedEffectMultiplier>
    <stages>
      <li>
        <label>botched my surgery</label>
        <baseOpinionOffset>-20</baseOpinionOffset>
      </li>
    </stages>
  </ThoughtDef>
  
  <ThoughtDef>
    <defName>RescuedMe</defName> <!-- "Regular" rescue, for example rescuing a downed pawn in colony -->
    <thoughtClass>Thought_MemorySocial</thoughtClass>
    <durationDays>30</durationDays>
    <stackLimit>300</stackLimit>
    <stackLimitForSameOtherPawn>3</stackLimitForSameOtherPawn>
    <stackedEffectMultiplier>0.9</stackedEffectMultiplier>
    <stages>
      <li>
        <label>rescued me</label>
        <baseOpinionOffset>15</baseOpinionOffset>
      </li>
    </stages>
  </ThoughtDef>

  <ThoughtDef>
    <defName>RescuedMeByOfferingHelp</defName> <!-- Rescuing a stranger by offering help / freeing them from prison -->
    <thoughtClass>Thought_MemorySocial</thoughtClass>
    <durationDays>30</durationDays>
    <stackLimit>300</stackLimit>
    <stackLimitForSameOtherPawn>1</stackLimitForSameOtherPawn>
    <showBubble>true</showBubble>
    <stages>
      <li>
        <label>rescued me</label>
        <description>I was rescued by someone! I almost thought I was done for back there. I'm so thankful.</description>
        <baseOpinionOffset>25</baseOpinionOffset>
      </li>
    </stages>
  </ThoughtDef>
  
  <ThoughtDef>
    <defName>RecruitedMe</defName>
    <thoughtClass>Thought_MemorySocial</thoughtClass>
    <durationDays>120</durationDays>
    <stackLimit>1</stackLimit>
    <stackLimitForSameOtherPawn>1</stackLimitForSameOtherPawn>
    <stages>
      <li>
        <label>recruited me</label>
        <baseOpinionOffset>20</baseOpinionOffset>
      </li>
    </stages>
  </ThoughtDef>
  
  <ThoughtDef>
    <defName>CrashedTogether</defName>
    <thoughtClass>Thought_MemorySocial</thoughtClass>
    <durationDays>20</durationDays>
    <stackLimit>300</stackLimit>
    <stackLimitForSameOtherPawn>1</stackLimitForSameOtherPawn>
    <stages>
      <li>
        <label>crashed together</label>
        <baseOpinionOffset>25</baseOpinionOffset>
      </li>
    </stages>
  </ThoughtDef>
  
  <ThoughtDef>
    <defName>SoldMyLovedOne</defName>
    <thoughtClass>Thought_MemorySocial</thoughtClass>
    <durationDays>120</durationDays>
    <stackLimit>10</stackLimit>
    <stackLimitForSameOtherPawn>2</stackLimitForSameOtherPawn>
    <stages>
      <li>
        <label>loved one sold</label>
        <labelSocial>sold my loved one</labelSocial>
        <description>Someone I love was sold to a trader like a piece of meat!</description>
        <baseOpinionOffset>-10</baseOpinionOffset>
        <baseMoodEffect>-10</baseMoodEffect>
      </li>
    </stages>
  </ThoughtDef>

  <ThoughtDef>
    <defName>SoldMyBondedAnimal</defName>
    <thoughtClass>Thought_MemorySocial</thoughtClass>
    <durationDays>60</durationDays>
    <stackLimit>10</stackLimit>
    <stackLimitForSameOtherPawn>2</stackLimitForSameOtherPawn>
    <stages>
      <li>
        <label>bonded animal given away</label>
        <labelSocial>gave away my bonded animal</labelSocial>
        <description>My special bonded animal was given away!</description>
        <baseOpinionOffset>-10</baseOpinionOffset>
      </li>
    </stages>
  </ThoughtDef>

  <ThoughtDef>
    <defName>SoldMyBondedAnimalMood</defName>
    <durationDays>60</durationDays>
    <stackLimit>10</stackLimit>
    <stages>
      <li>
        <label>bonded animal given away</label>
        <labelSocial>gave away my bonded animal</labelSocial>
        <description>My special bonded animal was given away!</description>
        <baseMoodEffect>-10</baseMoodEffect>
      </li>
    </stages>
  </ThoughtDef>

  <ThoughtDef>
    <defName>ForcedMeToTakeDrugs</defName>
    <thoughtClass>Thought_MemorySocial</thoughtClass>
    <durationDays>60</durationDays>
    <stackLimit>10</stackLimit>
    <stackLimitForSameOtherPawn>1</stackLimitForSameOtherPawn>
    <stages>
      <li>
        <label>forced me to take drugs</label>
        <baseOpinionOffset>-30</baseOpinionOffset>
      </li>
    </stages>
    <thoughtToMake>ForcedMeToTakeDrugsMood</thoughtToMake>
  </ThoughtDef>
  <ThoughtDef>
    <defName>ForcedMeToTakeDrugsMood</defName>
    <durationDays>6.0</durationDays>
    <stages>
      <li>
        <label>forced to take drugs</label>
        <description>I'm a teetotaler; I would never take drugs by choice. But I was forced! I feel unclean.</description>
        <baseMoodEffect>-20</baseMoodEffect>
      </li>
    </stages>
  </ThoughtDef>

  <ThoughtDef>
    <defName>ForcedMeToTakeLuciferium</defName>
    <thoughtClass>Thought_MemorySocial</thoughtClass>
    <durationDays>120</durationDays>
    <stackLimit>10</stackLimit>
    <stackLimitForSameOtherPawn>1</stackLimitForSameOtherPawn>
    <stages>
      <li>
        <label>forced me to take luciferium</label>
        <baseOpinionOffset>-30</baseOpinionOffset>
      </li>
    </stages>
    <thoughtToMake>ForcedMeToTakeLuciferiumMood</thoughtToMake>
  </ThoughtDef>
  <ThoughtDef>
    <defName>ForcedMeToTakeLuciferiumMood</defName>
    <durationDays>6.0</durationDays>
    <stages>
      <li>
        <label>forced to take luciferium</label>
        <description>I'm a body purist; I would never take luciferium by choice. But I was forced! I feel unclean.</description>
        <baseMoodEffect>-20</baseMoodEffect>
      </li>
    </stages>
  </ThoughtDef>
  
  <!-- Romance -->
  
  <ThoughtDef>
    <defName>RebuffedMyRomanceAttempt</defName>
    <thoughtClass>Thought_MemorySocial</thoughtClass>
    <durationDays>10</durationDays>
    <stackLimit>300</stackLimit>
    <stackLimitForSameOtherPawn>5</stackLimitForSameOtherPawn>
    <stackedEffectMultiplier>0.9</stackedEffectMultiplier>
    <stages>
      <li>
        <label>rebuffed me</label>
        <baseOpinionOffset>-10</baseOpinionOffset>
      </li>
    </stages>
    <thoughtToMake>RebuffedMyRomanceAttemptMood</thoughtToMake>
  </ThoughtDef>
  <ThoughtDef>
    <defName>RebuffedMyRomanceAttemptMood</defName>
    <durationDays>3.0</durationDays>
    <stackLimit>5</stackLimit>
    <stackedEffectMultiplier>0.9</stackedEffectMultiplier>
    <stages>
      <li>
        <label>rebuffed by {0}</label>
        <description>I attempted to create a romance, but I got the cold shoulder. Feels bad man.</description>
        <baseMoodEffect>-5</baseMoodEffect>
      </li>
    </stages>
  </ThoughtDef>
  
  <ThoughtDef>
    <defName>FailedRomanceAttemptOnMe</defName>
    <thoughtClass>Thought_MemorySocial</thoughtClass>
    <durationDays>10</durationDays>
    <stackLimit>300</stackLimit>
    <stackLimitForSameOtherPawn>5</stackLimitForSameOtherPawn>
    <stackedEffectMultiplier>0.9</stackedEffectMultiplier>
    <stages>
      <li>
        <label>failed to romance me</label>
        <baseOpinionOffset>-15</baseOpinionOffset>
      </li>
    </stages>
  </ThoughtDef>
  <ThoughtDef>
    <defName>FailedRomanceAttemptOnMeLowOpinionMood</defName>
    <durationDays>3.0</durationDays>
    <stackLimit>5</stackLimit>
    <stackedEffectMultiplier>0.9</stackedEffectMultiplier>
    <stages>
      <li>
        <label>had to rebuff {0}</label>
        <description>Someone I don't like tried to romance me.</description>
        <baseMoodEffect>-3</baseMoodEffect>
      </li>
    </stages>
  </ThoughtDef>
  
  
  <ThoughtDef>
    <defName>BrokeUpWithMe</defName>
    <thoughtClass>Thought_MemorySocial</thoughtClass>
    <durationDays>60</durationDays>
    <stackLimit>300</stackLimit>
    <stackLimitForSameOtherPawn>1</stackLimitForSameOtherPawn>
    <stages>
      <li>
        <label>broke up with me</label>
        <baseOpinionOffset>-50</baseOpinionOffset>
      </li>
    </stages>
    <thoughtToMake>BrokeUpWithMeMood</thoughtToMake>
  </ThoughtDef>
  <ThoughtDef>
    <defName>BrokeUpWithMeMood</defName>
    <durationDays>25.0</durationDays>
    <stackLimit>5</stackLimit>
    <stages>
      <li>
        <label>broken up with by {0}</label>
        <description>I was just dumped like a load of garbage.</description>
        <baseMoodEffect>-15</baseMoodEffect>
      </li>
    </stages>
  </ThoughtDef>
  
  <ThoughtDef>
    <defName>CheatedOnMe</defName>
    <thoughtClass>Thought_MemorySocial</thoughtClass>
    <durationDays>120</durationDays>
    <stackLimit>300</stackLimit>
    <stackLimitForSameOtherPawn>1</stackLimitForSameOtherPawn>
    <stages>
      <li>
        <label>cheated on me</label>
        <baseOpinionOffset>-70</baseOpinionOffset>
      </li>
    </stages>
    <thoughtToMake>CheatedOnMeMood</thoughtToMake>
  </ThoughtDef>
  <ThoughtDef>
    <defName>CheatedOnMeMood</defName>
    <durationDays>25.0</durationDays>
    <stackLimit>10</stackLimit>
    <stages>
      <li>
        <label>cheated on by {0}</label>
        <description>How could someone cheat on me!</description>
        <baseMoodEffect>-20</baseMoodEffect>
      </li>
    </stages>
  </ThoughtDef>

  <ThoughtDef>
    <defName>DivorcedMe</defName>
    <thoughtClass>Thought_MemorySocial</thoughtClass>
    <durationDays>180</durationDays>
    <stackLimit>300</stackLimit>
    <stackLimitForSameOtherPawn>1</stackLimitForSameOtherPawn>
    <stages>
      <li>
        <label>divorced me</label>
        <baseOpinionOffset>-70</baseOpinionOffset>
      </li>
    </stages>
    <thoughtToMake>DivorcedMeMood</thoughtToMake>
  </ThoughtDef>
  <ThoughtDef>
    <defName>DivorcedMeMood</defName>
    <durationDays>30.0</durationDays>
    <stackLimit>10</stackLimit>
    <stages>
      <li>
        <label>divorced by {0}</label>
        <description>We made a commitment, and they just tore it apart.</description>
        <baseMoodEffect>-20</baseMoodEffect>
      </li>
    </stages>
  </ThoughtDef>
  
  <ThoughtDef>
    <defName>RejectedMyProposal</defName>
    <thoughtClass>Thought_MemorySocial</thoughtClass>
    <durationDays>60</durationDays>
    <stackLimit>300</stackLimit>
    <stackLimitForSameOtherPawn>1</stackLimitForSameOtherPawn>
    <stackedEffectMultiplier>0.9</stackedEffectMultiplier>
    <stages>
      <li>
        <label>rejected my proposal</label>
        <baseOpinionOffset>-30</baseOpinionOffset>
      </li>
    </stages>
    <thoughtToMake>RejectedMyProposalMood</thoughtToMake>
  </ThoughtDef>
  <ThoughtDef>
    <defName>RejectedMyProposalMood</defName>
    <durationDays>25.0</durationDays>
    <stackLimit>5</stackLimit>
    <stackedEffectMultiplier>0.9</stackedEffectMultiplier>
    <stages>
      <li>
        <label>my proposal was rejected by {0}</label>
        <description>I thought we were meant to marry. But I was just shot down.</description>
        <baseMoodEffect>-18</baseMoodEffect>
      </li>
    </stages>
  </ThoughtDef>
  
  <ThoughtDef>
    <defName>IRejectedTheirProposal</defName>
    <thoughtClass>Thought_MemorySocial</thoughtClass>
    <durationDays>60</durationDays>
    <stackLimit>300</stackLimit>
    <stackLimitForSameOtherPawn>1</stackLimitForSameOtherPawn>
    <stackedEffectMultiplier>0.9</stackedEffectMultiplier>
    <stages>
      <li>
        <label>I rejected their proposal</label>
        <baseOpinionOffset>-15</baseOpinionOffset>
      </li>
    </stages>
  </ThoughtDef>
  
  <ThoughtDef>
    <defName>HoneymoonPhase</defName>
    <thoughtClass>Thought_MemorySocial</thoughtClass>
    <durationDays>30</durationDays>
    <stackLimit>300</stackLimit>
    <stackLimitForSameOtherPawn>1</stackLimitForSameOtherPawn>
    <stages>
      <li>
        <label>honeymoon phase</label>
        <baseOpinionOffset>40</baseOpinionOffset>
      </li>
    </stages>
  </ThoughtDef>
  
  <ThoughtDef>
    <defName>GotSomeLovin</defName>
    <thoughtClass>Thought_MemorySocial</thoughtClass>
    <durationDays>3</durationDays>
    <stackLimit>10</stackLimit>
    <stackedEffectMultiplier>0.75</stackedEffectMultiplier>
    <stages>
      <li>
        <label>got some lovin’</label>
        <description>There's nothing like a tumble between the sheets to lift the mood.</description>
        <baseMoodEffect>8</baseMoodEffect>
        <baseOpinionOffset>6</baseOpinionOffset>
      </li>
    </stages>
  </ThoughtDef>
  
  <!-- Killed my X -->
  
  <ThoughtDef>
    <defName>KilledMyFriend</defName>
    <thoughtClass>Thought_MemorySocial</thoughtClass>
    <durationDays>60</durationDays>
    <stackLimit>300</stackLimit>
    <stackLimitForSameOtherPawn>10</stackLimitForSameOtherPawn>
    <stages>
      <li>
        <label>killed my friend</label>
        <baseOpinionOffset>-35</baseOpinionOffset>
      </li>
    </stages>
  </ThoughtDef>
  
  <ThoughtDef>
    <defName>KilledMyRival</defName>
    <thoughtClass>Thought_MemorySocial</thoughtClass>
    <durationDays>60</durationDays>
    <stackLimit>300</stackLimit>
    <stackLimitForSameOtherPawn>10</stackLimitForSameOtherPawn>
    <stages>
      <li>
        <label>killed my rival</label>
        <baseOpinionOffset>35</baseOpinionOffset>
      </li>
    </stages>
  </ThoughtDef>
  
  <ThoughtDef>
    <defName>KilledMyLover</defName>
    <thoughtClass>Thought_MemorySocial</thoughtClass>
    <durationDays>120</durationDays>
    <stackLimit>300</stackLimit>
    <stackLimitForSameOtherPawn>10</stackLimitForSameOtherPawn>
    <stages>
      <li>
        <label>killed my lover</label>
        <baseOpinionOffset>-50</baseOpinionOffset>
      </li>
    </stages>
  </ThoughtDef>
  
  <ThoughtDef>
    <defName>KilledMyFiance</defName>
    <thoughtClass>Thought_MemorySocial</thoughtClass>
    <durationDays>120</durationDays>
    <stackLimit>300</stackLimit>
    <stackLimitForSameOtherPawn>10</stackLimitForSameOtherPawn>
    <stages>
      <li>
        <label>killed my fiance</label>
        <baseOpinionOffset>-65</baseOpinionOffset>
      </li>
    </stages>
  </ThoughtDef>
  
  <ThoughtDef>
    <defName>KilledMySpouse</defName>
    <thoughtClass>Thought_MemorySocial</thoughtClass>
    <durationDays>120</durationDays>
    <stackLimit>300</stackLimit>
    <stackLimitForSameOtherPawn>10</stackLimitForSameOtherPawn>
    <stages>
      <li>
        <label>killed my spouse</label>
        <baseOpinionOffset>-65</baseOpinionOffset>
      </li>
    </stages>
  </ThoughtDef>
  
  <ThoughtDef>
    <defName>KilledMyFather</defName>
    <thoughtClass>Thought_MemorySocial</thoughtClass>
    <durationDays>120</durationDays>
    <stackLimit>300</stackLimit>
    <stackLimitForSameOtherPawn>10</stackLimitForSameOtherPawn>
    <stages>
      <li>
        <label>killed my father</label>
        <baseOpinionOffset>-80</baseOpinionOffset>
      </li>
    </stages>
  </ThoughtDef>
  
  <ThoughtDef>
    <defName>KilledMyMother</defName>
    <thoughtClass>Thought_MemorySocial</thoughtClass>
    <durationDays>120</durationDays>
    <stackLimit>300</stackLimit>
    <stackLimitForSameOtherPawn>10</stackLimitForSameOtherPawn>
    <stages>
      <li>
        <label>killed my mother</label>
        <baseOpinionOffset>-80</baseOpinionOffset>
      </li>
    </stages>
  </ThoughtDef>
  
  <ThoughtDef>
    <defName>KilledMySon</defName>
    <thoughtClass>Thought_MemorySocial</thoughtClass>
    <durationDays>120</durationDays>
    <stackLimit>300</stackLimit>
    <stackLimitForSameOtherPawn>10</stackLimitForSameOtherPawn>
    <stages>
      <li>
        <label>killed my son</label>
        <baseOpinionOffset>-80</baseOpinionOffset>
      </li>
    </stages>
  </ThoughtDef>
  
  <ThoughtDef>
    <defName>KilledMyDaughter</defName>
    <thoughtClass>Thought_MemorySocial</thoughtClass>
    <durationDays>120</durationDays>
    <stackLimit>300</stackLimit>
    <stackLimitForSameOtherPawn>10</stackLimitForSameOtherPawn>
    <stages>
      <li>
        <label>killed my daughter</label>
        <baseOpinionOffset>-80</baseOpinionOffset>
      </li>
    </stages>
  </ThoughtDef>
  
  <ThoughtDef>
    <defName>KilledMyBrother</defName>
    <thoughtClass>Thought_MemorySocial</thoughtClass>
    <durationDays>120</durationDays>
    <stackLimit>300</stackLimit>
    <stackLimitForSameOtherPawn>10</stackLimitForSameOtherPawn>
    <stages>
      <li>
        <label>killed my brother</label>
        <baseOpinionOffset>-80</baseOpinionOffset>
      </li>
    </stages>
  </ThoughtDef>
  
  <ThoughtDef>
    <defName>KilledMySister</defName>
    <thoughtClass>Thought_MemorySocial</thoughtClass>
    <durationDays>120</durationDays>
    <stackLimit>300</stackLimit>
    <stackLimitForSameOtherPawn>10</stackLimitForSameOtherPawn>
    <stages>
      <li>
        <label>killed my sister</label>
        <baseOpinionOffset>-80</baseOpinionOffset>
      </li>
    </stages>
  </ThoughtDef>
  
  <ThoughtDef>
    <defName>KilledMyKin</defName>
    <thoughtClass>Thought_MemorySocial</thoughtClass>
    <durationDays>60</durationDays>
    <stackLimit>300</stackLimit>
    <stackLimitForSameOtherPawn>10</stackLimitForSameOtherPawn>
    <stages>
      <li>
        <label>killed my kin</label>
        <baseOpinionOffset>-15</baseOpinionOffset>
      </li>
    </stages>
  </ThoughtDef>
  
  <ThoughtDef>
    <defName>KilledMyBondedAnimal</defName>
    <thoughtClass>Thought_MemorySocial</thoughtClass>
    <durationDays>60</durationDays>
    <stackLimit>300</stackLimit>
    <stackLimitForSameOtherPawn>10</stackLimitForSameOtherPawn>
    <stages>
      <li>
        <label>killed my bonded animal</label>
        <baseOpinionOffset>-10</baseOpinionOffset>
      </li>
    </stages>
  </ThoughtDef>
  
</Defs>
