﻿<?xml version="1.0" encoding="utf-8" ?>
<Defs>
  
  <ThoughtDef>
    <defName>EnvironmentDark</defName>
    <workerClass>ThoughtWorker_Dark</workerClass>
    <nullifyingTraits>
      <li>NightOwl</li>
    </nullifyingTraits>
    <stages>
      <li>
        <label>darkness</label>
        <description>I've been in the dark for a while. I don't like it.</description>
        <baseMoodEffect>-5</baseMoodEffect>
      </li>
    </stages>
  </ThoughtDef>

  <ThoughtDef>
    <defName>ApparelDamaged</defName>
    <workerClass>ThoughtWorker_ApparelDamaged</workerClass>
    <validWhileDespawned>true</validWhileDespawned>
    <stages>
      <li>
        <label>ratty apparel</label>
        <description>The holes in my outfit are annoyingly large. Can't I get something new to wear?</description>
        <baseMoodEffect>-3</baseMoodEffect>
      </li>
      <li>
        <label>tattered apparel</label>
        <description>This thing looks like it's about to fall apart. Can't I wear something that doesn't belong in a trash heap?</description>
        <baseMoodEffect>-5</baseMoodEffect>
      </li>
    </stages>
  </ThoughtDef>

  <ThoughtDef>
    <defName>DeadMansApparel</defName>
    <workerClass>ThoughtWorker_DeadMansApparel</workerClass>
    <validWhileDespawned>true</validWhileDespawned>
    <stages>
      <li>
        <label>tainted {0}</label>
        <description>I am wearing a piece of apparel that someone died in. It creeps me out and feels dirty.</description>
        <baseMoodEffect>-3</baseMoodEffect>
      </li>
			<li>
				<label>tainted {0} (+1)</label>
				<description>I am wearing two pieces of apparel that someone died in. It creeps me out and feels dirty.</description>
				<baseMoodEffect>-5</baseMoodEffect>
			</li>
			<li>
				<label>tainted {0} (+2)</label>
				<description>I am wearing three pieces of apparel that someone died in. It creeps me out and feels dirty.</description>
				<baseMoodEffect>-7</baseMoodEffect>
			</li>
			<li>
				<label>tainted {0} etc</label>
				<description>I am wearing four or more pieces of apparel that someone died in. It creeps me out and feels dirty.</description>
				<baseMoodEffect>-8</baseMoodEffect>
			</li>
    </stages>
		<nullifyingTraits>
			<li>Bloodlust</li>
		</nullifyingTraits>
  </ThoughtDef>

  <ThoughtDef>
    <defName>HumanLeatherApparelSad</defName>
    <workerClass>ThoughtWorker_HumanLeatherApparel</workerClass>
    <validWhileDespawned>true</validWhileDespawned>
    <stages>
      <li>
        <label>human leather {0}</label>
        <description>Wearing human leather is disturbing. Who could do this?</description>
        <baseMoodEffect>-2</baseMoodEffect>
      </li>
			<li>
				<label>human leather {0} (+1)</label>
				<description>I'm dressed like an insane person.</description>
				<baseMoodEffect>-4</baseMoodEffect>
			</li>
			<li>
				<label>human leather {0} (+2)</label>
				<description>I think there may be a face on my clothes. Oh, no... my clothes *are* a face.</description>
				<baseMoodEffect>-6</baseMoodEffect>
			</li>
			<li>
				<label>human leather {0} etc</label>
				<description>I look like a freak from a horror show, and I feel like I'm in a horror show.</description>
				<baseMoodEffect>-8</baseMoodEffect>
			</li>
    </stages>
		<nullifyingTraits>
			<li>Bloodlust</li>
			<li>Cannibal</li>
		</nullifyingTraits>
  </ThoughtDef>
	
  <ThoughtDef>
    <defName>HumanLeatherApparelHappy</defName>
    <workerClass>ThoughtWorker_HumanLeatherApparel</workerClass>
    <validWhileDespawned>true</validWhileDespawned>
    <stages>
      <li>
        <label>human leather {0}</label>
        <description>I enjoy wearing the suffering of others.</description>
        <baseMoodEffect>2</baseMoodEffect>
      </li>
			<li>
				<label>human leather {0} (+1)</label>
				<description>This will scare them. All will know my power.</description>
				<baseMoodEffect>4</baseMoodEffect>
			</li>
			<li>
				<label>human leather {0} (+2)</label>
				<description>The faces on my clothes aren't smiling, but they make *me* happy.</description>
				<baseMoodEffect>6</baseMoodEffect>
			</li>
			<li>
				<label>human leather {0} etc</label>
				<description>The flesh! The flesh signals my triumph!</description>
				<baseMoodEffect>8</baseMoodEffect>
			</li>
    </stages>
		<requiredTraits>
			<li>Bloodlust</li>
			<li>Cannibal</li>
		</requiredTraits>
  </ThoughtDef>
	
  <ThoughtDef>
    <defName>Sick</defName>
    <workerClass>ThoughtWorker_Sick</workerClass>
    <validWhileDespawned>true</validWhileDespawned>
    <stages>
      <li>
        <label>sick</label>
        <description>I don't feel very well.</description>
        <baseMoodEffect>-5</baseMoodEffect>
      </li>
    </stages>
  </ThoughtDef>

  <ThoughtDef>
    <defName>EnvironmentCold</defName>
    <workerClass>ThoughtWorker_Cold</workerClass>
    <validWhileDespawned>true</validWhileDespawned>
    <stages>
      <li>
        <label>chilly</label>
        <description>I'm uncomfortably cold.</description>
        <baseMoodEffect>-4</baseMoodEffect>
      </li>
       <li>
        <label>cold</label>
        <description>I'm so cold, I'm shivering.</description>
        <baseMoodEffect>-8</baseMoodEffect>
      </li>   
        <li>
        <label>numbing cold</label>
        <description>I can't stop shivering. My teeth are chattering. All I can think of is getting warm.</description>
        <baseMoodEffect>-12</baseMoodEffect>
      </li>
      <li>
        <label>absolutely freezing</label>
        <description>My teeth are chattering so hard I can barely speak. My toes are numb. I need to get warm.</description>
        <baseMoodEffect>-16</baseMoodEffect>
      </li>
    </stages>
  </ThoughtDef>

  <ThoughtDef>
    <defName>EnvironmentHot</defName>
    <workerClass>ThoughtWorker_Hot</workerClass>
    <validWhileDespawned>true</validWhileDespawned>
    <stages>
      <li>
        <label>sweaty</label>
        <description>It's too hot here. I'm sweating.</description>
        <baseMoodEffect>-4</baseMoodEffect>
      </li>
      <li>
        <label>hot</label>
        <description>It's way too hot here. If I could just have a breath of cool air...</description>
        <baseMoodEffect>-8</baseMoodEffect>
      </li>    
        <li>
        <label>sweltering hot</label>
        <description>I feel like I'm in an oven! I'm not sure how long I can handle this.</description>
        <baseMoodEffect>-12</baseMoodEffect>
      </li>
      <li>
        <label>blistering hot</label>
        <description>This place is searing hot. I think I could die from this heat!</description>
        <baseMoodEffect>-16</baseMoodEffect>
      </li>     
    </stages>
  </ThoughtDef>

</Defs>
