﻿<?xml version="1.0" encoding="utf-8" ?>
<Defs>

  <ThoughtDef>
    <defName>GotMarried</defName>
    <durationDays>30.0</durationDays>
    <stackLimit>1</stackLimit>
    <stages>
      <li>
        <label>got married to {0}</label>
        <description>I got married! It's so wonderful to be starting a new life together!</description>
        <baseMoodEffect>40</baseMoodEffect>
      </li>
    </stages>
  </ThoughtDef>

  <ThoughtDef>
    <defName>AttendedWedding</defName>
    <durationDays>10.0</durationDays>
    <stackLimit>10</stackLimit>
    <stages>
      <li>
        <label>attended wedding</label>
        <description>It was great to see two people come together to build a future like that.</description>
        <baseMoodEffect>20</baseMoodEffect>
      </li>
    </stages>
  </ThoughtDef>

  <ThoughtDef>
    <defName>AttendedParty</defName>
    <durationDays>10</durationDays>
    <stackLimit>10</stackLimit>
    <stages>
      <li>
        <label>attended party</label>
        <description>I had a good time at that party.</description>
        <baseMoodEffect>1</baseMoodEffect>
      </li>
    </stages>
  </ThoughtDef>

</Defs>
