﻿<?xml version="1.0" encoding="utf-8" ?>
<Defs>

  <TransferableSorterDef>
    <defName>None</defName>
    <label>none</label>
    <comparerClass>TransferableComparer_None</comparerClass>
  </TransferableSorterDef>
  
  <TransferableSorterDef>
    <defName>Name</defName>
    <label>name</label>
    <comparerClass>TransferableComparer_Name</comparerClass>
  </TransferableSorterDef>
  
  <TransferableSorterDef>
    <defName>MarketValue</defName>
    <label>market value</label>
    <comparerClass>TransferableComparer_MarketValue</comparerClass>
  </TransferableSorterDef>
  
  <TransferableSorterDef>
    <defName>Category</defName>
    <label>category</label>
    <comparerClass>TransferableComparer_Category</comparerClass>
  </TransferableSorterDef>
  
  <TransferableSorterDef>
    <defName>Quality</defName>
    <label>quality</label>
    <comparerClass>TransferableComparer_Quality</comparerClass>
  </TransferableSorterDef>
  
  <TransferableSorterDef>
    <defName>HitPointsPercentage</defName>
    <label>hit points percentage</label>
    <comparerClass>TransferableComparer_HitPointsPercentage</comparerClass>
  </TransferableSorterDef>
  
</Defs>