﻿<?xml version="1.0" encoding="utf-8" ?>
<Defs>

  <RoomRoleDef>
    <defName>None</defName>
    <label>none</label>
    <workerClass>RoomRoleWorker_None</workerClass>
  </RoomRoleDef>
  
  <RoomRoleDef>
    <defName>Room</defName>
    <label>room</label>
    <workerClass>RoomRoleWorker_Room</workerClass>
  </RoomRoleDef>
  
  <RoomRoleDef>
    <defName>Bedroom</defName>
    <label>bedroom</label>
    <workerClass>RoomRoleWorker_Bedroom</workerClass>
    <relatedStats>
      <li>Beauty</li>
      <li>Cleanliness</li>
      <li>Wealth</li>
      <li>Space</li>
      <li>Impressiveness</li>
    </relatedStats>
  </RoomRoleDef>
  
  <RoomRoleDef>
    <defName>PrisonCell</defName>
    <label>prison cell</label>
    <workerClass>RoomRoleWorker_PrisonCell</workerClass>
    <relatedStats>
      <li>Beauty</li>
      <li>Cleanliness</li>
      <li>Wealth</li>
      <li>Space</li>
      <li>Impressiveness</li>
    </relatedStats>
  </RoomRoleDef>
  
  <RoomRoleDef>
    <defName>DiningRoom</defName>
    <label>dining room</label>
    <workerClass>RoomRoleWorker_DiningRoom</workerClass>
    <relatedStats>
      <li>Beauty</li>
      <li>Cleanliness</li>
      <li>Wealth</li>
      <li>Space</li>
      <li>Impressiveness</li>
    </relatedStats>
  </RoomRoleDef>
  
  <RoomRoleDef>
    <defName>RecRoom</defName>
    <label>rec room</label>
    <workerClass>RoomRoleWorker_RecRoom</workerClass>
    <relatedStats>
      <li>Beauty</li>
      <li>Cleanliness</li>
      <li>Wealth</li>
      <li>Space</li>
      <li>Impressiveness</li>
    </relatedStats>
  </RoomRoleDef>
  
  <RoomRoleDef>
    <defName>Hospital</defName>
    <label>hospital</label>
    <workerClass>RoomRoleWorker_Hospital</workerClass>
    <relatedStats>
      <li>Beauty</li>
      <li>Cleanliness</li>
      <li>Space</li>
    </relatedStats>
  </RoomRoleDef>
  
  <RoomRoleDef>
    <defName>Laboratory</defName>
    <label>laboratory</label>
    <workerClass>RoomRoleWorker_Laboratory</workerClass>
    <relatedStats>
      <li>Cleanliness</li>
    </relatedStats>
  </RoomRoleDef>
  
  <RoomRoleDef>
    <defName>Workshop</defName>
    <label>workshop</label>
    <workerClass>RoomRoleWorker_Workshop</workerClass>
  </RoomRoleDef>
  
  <RoomRoleDef>
    <defName>Barracks</defName>
    <label>barracks</label>
    <workerClass>RoomRoleWorker_Barracks</workerClass>
    <relatedStats>
      <li>Beauty</li>
      <li>Cleanliness</li>
      <li>Wealth</li>
      <li>Space</li>
      <li>Impressiveness</li>
    </relatedStats>
  </RoomRoleDef>
  
  <RoomRoleDef>
    <defName>PrisonBarracks</defName>
    <label>prison barracks</label>
    <workerClass>RoomRoleWorker_PrisonBarracks</workerClass>
    <relatedStats>
      <li>Beauty</li>
      <li>Cleanliness</li>
      <li>Wealth</li>
      <li>Space</li>
      <li>Impressiveness</li>
    </relatedStats>
  </RoomRoleDef>
  
  <RoomRoleDef>
    <defName>Kitchen</defName>
    <label>kitchen</label>
    <workerClass>RoomRoleWorker_Kitchen</workerClass>
  </RoomRoleDef>
  
  <RoomRoleDef>
    <defName>Tomb</defName>
    <label>tomb</label>
    <workerClass>RoomRoleWorker_Tomb</workerClass>
  </RoomRoleDef>
  
  <RoomRoleDef>
    <defName>Barn</defName>
    <label>barn</label>
    <workerClass>RoomRoleWorker_Barn</workerClass>
  </RoomRoleDef>

</Defs>
