﻿<?xml version="1.0" encoding="utf-8" ?>
<Defs>

  <ThingDef ParentName="BaseMeleeWeapon_Blunt">
    <defName>MeleeWeapon_Club</defName>
    <label>club</label>
    <description>A shaped stick, heavy at one end, for bashing enemies to death. This weapon is so old it's part of human biology. Evolutionary biologists say that a major reason humans can tilt our wrists side-to-side (instead of just forward-and-back like other primates) is to be able to better swing a club.</description>
    <graphicData>
      <texPath>Things/Item/Equipment/WeaponMelee/Club</texPath>
      <graphicClass>Graphic_Single</graphicClass>
    </graphicData>
    <techLevel>Neolithic</techLevel>
    <weaponTags>
      <li>NeolithicMeleeBasic</li>
    </weaponTags>
    <costStuffCount>40</costStuffCount>
    <statBases>
      <WorkToMake>1200</WorkToMake>
      <Mass>2</Mass>
      <Weapon_Bulk>0.5</Weapon_Bulk>
    </statBases>
    <equippedAngleOffset>-65</equippedAngleOffset>
    <stuffCategories>
      <li>Metallic</li>
      <li>Woody</li>
      <li>Stony</li>
    </stuffCategories>
    <recipeMaker>
      <recipeUsers>
        <li>CraftingSpot</li>
      </recipeUsers>
    </recipeMaker>
    <tools>
      <li>
        <label>handle</label>
        <capacities>
          <li>Poke</li>
        </capacities>
        <power>8.8</power>
        <cooldownTime>2.15</cooldownTime>
      </li>
      <li>
        <label>head</label>
        <labelUsedInLogging>false</labelUsedInLogging>
        <capacities>
          <li>Blunt</li>
        </capacities>
        <power>15.6</power>
        <cooldownTime>2.15</cooldownTime>
      </li>
    </tools>
  </ThingDef>

  <ThingDef ParentName="BaseMeleeWeapon_Sharp_Quality">
		<defName>MeleeWeapon_Knife</defName>
		<label>knife</label>
    <techLevel>Neolithic</techLevel>
		<description>One of mankind's oldest manufactured objects. The knife has taken many forms, but the concept has always remained the same: A handle for holding and a sharp edge for cutting.</description>
		<graphicData>
			<texPath>Things/Item/Equipment/WeaponMelee/Knife</texPath>
			<graphicClass>Graphic_Single</graphicClass>
		</graphicData>
    <weaponTags>
      <li>MedievalMeleeBasic</li>
      <li>NeolithicMeleeBasic</li>
    </weaponTags>
    <costStuffCount>30</costStuffCount>
		<statBases>
			<WorkToMake>1800</WorkToMake>
			<Mass>0.5</Mass>
      <Weapon_Bulk>0.2</Weapon_Bulk>
		</statBases>
		<equippedAngleOffset>-65</equippedAngleOffset>
		<stuffCategories>
			<li>Metallic</li>
		</stuffCategories>
    <tools>
      <li>
        <label>handle</label>
        <capacities>
          <li>Blunt</li>
        </capacities>
        <power>6.6</power>
        <cooldownTime>1.6</cooldownTime>
      </li>
      <li>
        <label>blade</label>
        <capacities>
          <li>Cut</li>
        </capacities>
        <power>9.9</power>
        <cooldownTime>1.6</cooldownTime>
      </li>
      <li>
        <label>point</label>
        <capacities>
          <li>Stab</li>
        </capacities>
        <power>11.8</power>
        <cooldownTime>1.6</cooldownTime>
      </li>
    </tools>
		<recipeMaker>
      <recipeUsers>
        <li>CraftingSpot</li>
      </recipeUsers>
    </recipeMaker>
	</ThingDef>

  <ThingDef ParentName="BaseMeleeWeapon_Sharp_Quality">
    <defName>MeleeWeapon_Ikwa</defName>
    <label>ikwa</label>
    <description>A short spearhandle attached to a long bladed point, designed to be driven into vital organs with a quick thrust.</description>
    <graphicData>
      <texPath>Things/Item/Equipment/WeaponMelee/Ikwa</texPath>
      <graphicClass>Graphic_Single</graphicClass>
    </graphicData>
    <techLevel>Neolithic</techLevel>
    <weaponTags>
      <li>NeolithicMeleeDecent</li>
    </weaponTags>
    <costStuffCount>50</costStuffCount>
    <statBases>
      <WorkToMake>8000</WorkToMake>
      <Mass>1.1</Mass>
      <Weapon_Bulk>0.5</Weapon_Bulk>
    </statBases>
    <equippedAngleOffset>-25</equippedAngleOffset>
    <stuffCategories>
      <li>Metallic</li>
      <li>Woody</li>
    </stuffCategories>
    <tools>
      <li>
        <label>handle</label>
        <capacities>
          <li>Blunt</li>
          <li>Poke</li>
        </capacities>
        <power>6.6</power>
        <cooldownTime>1.8</cooldownTime>
      </li>
      <li>
        <label>head</label>
        <capacities>
          <li>Stab</li>
        </capacities>
        <power>16.5</power>
        <cooldownTime>1.8</cooldownTime>
      </li>
      <li>
        <label>edge</label>
        <capacities>
          <li>Cut</li>
        </capacities>
        <power>12.1</power>
        <cooldownTime>1.8</cooldownTime>
      </li>
    </tools>
    <recipeMaker>
      <researchPrerequisite>Smithing</researchPrerequisite>
      <skillRequirements>
        <Crafting>3</Crafting>
      </skillRequirements>
    </recipeMaker>
  </ThingDef>

  <ThingDef ParentName="BaseMeleeWeapon_Sharp_Quality">
    <defName>MeleeWeapon_Spear</defName>
    <label>spear</label>
    <description>A polearm tipped with a sharp point for stabbing opponents.</description>
    <graphicData>
      <texPath>Things/Item/Equipment/WeaponMelee/Spear</texPath>
      <graphicClass>Graphic_Single</graphicClass>
    </graphicData>
    <techLevel>Neolithic</techLevel>
    <weaponTags>
      <li>NeolithicMeleeAdvanced</li>
      <li>MedievalMeleeAdvanced</li>
    </weaponTags>
    <costStuffCount>75</costStuffCount>
    <statBases>
      <WorkToMake>12000</WorkToMake>
      <Mass>2</Mass>
      <Weapon_Bulk>1.0</Weapon_Bulk>
    </statBases>
    <equippedAngleOffset>-25</equippedAngleOffset>
    <stuffCategories>
      <li>Metallic</li>
      <li>Woody</li>
    </stuffCategories>
    <tools>
      <li>
        <label>shaft</label>
        <capacities>
          <li>Blunt</li>
          <li>Poke</li>
        </capacities>
        <power>8.8</power>
        <cooldownTime>2.3</cooldownTime>
      </li>
      <li>
        <label>point</label>
        <capacities>
          <li>Stab</li>
        </capacities>
        <power>22.6</power>
        <cooldownTime>2.3</cooldownTime>
      </li>
    </tools>
    <recipeMaker>
      <researchPrerequisite>LongBlades</researchPrerequisite>
      <skillRequirements>
        <Crafting>4</Crafting>
      </skillRequirements>
    </recipeMaker>
  </ThingDef>

</Defs>
