﻿<?xml version="1.0" encoding="utf-8" ?>
<Defs>
  
  
  <ThingDef ParentName="BaseMeleeWeapon_Blunt_Quality">
		<defName>MeleeWeapon_Mace</defName>
		<label>mace</label>
		<description>A refined club, engineered for efficient swinging and deadly impacts.</description>
		<graphicData>
			<texPath>Things/Item/Equipment/WeaponMelee/Mace</texPath>
			<graphicClass>Graphic_Single</graphicClass>
		</graphicData>
    <techLevel>Medieval</techLevel>
		<costStuffCount>50</costStuffCount>
		<statBases>
			<WorkToMake>6000</WorkToMake>
			<Mass>1.25</Mass>
      <Weapon_Bulk>0.5</Weapon_Bulk>
		</statBases>
		<equippedAngleOffset>-65</equippedAngleOffset>
    <recipeMaker>
      <skillRequirements>
        <Crafting>3</Crafting>
      </skillRequirements>
    </recipeMaker>
		<stuffCategories>
			<li>Metallic</li>
			<li>Woody</li>
		</stuffCategories>
    <weaponTags>
      <li>MedievalMeleeDecent</li>
    </weaponTags>
    <tools>
      <li>
        <label>handle</label>
        <capacities>
          <li>Poke</li>
        </capacities>
        <power>8.8</power>
        <cooldownTime>2.0</cooldownTime>
      </li>
      <li>
        <label>head</label>
        <labelUsedInLogging>false</labelUsedInLogging>
        <capacities>
          <li>Blunt</li>
        </capacities>
        <power>15.8</power>
        <cooldownTime>2.0</cooldownTime>
      </li>
    </tools>
	</ThingDef>

	<ThingDef ParentName="BaseMeleeWeapon_Sharp_Quality">
    <defName>MeleeWeapon_Gladius</defName>
    <label>gladius</label>
    <description>A short sword of ancient design. Good for stabbing or slashing. It's light and nimble, which sometimes lets it beat bigger, heavier weapons.</description>
    <graphicData>
      <texPath>Things/Item/Equipment/WeaponMelee/Gladius</texPath>
      <graphicClass>Graphic_Single</graphicClass>
    </graphicData>
    <techLevel>Medieval</techLevel>
    <costStuffCount>50</costStuffCount>
    <weaponTags>
      <li>MedievalMeleeDecent</li>
    </weaponTags>
    <statBases>
      <WorkToMake>8000</WorkToMake>
      <Mass>0.85</Mass>
      <Weapon_Bulk>0.5</Weapon_Bulk>
    </statBases>
    <equippedAngleOffset>-65</equippedAngleOffset>
    <stuffCategories>
      <li>Metallic</li>
      <li>Woody</li>
    </stuffCategories>
    <tools>
      <li>
        <label>handle</label>
        <capacities>
          <li>Blunt</li>
        </capacities>
        <power>6.6</power>
        <cooldownTime>1.95</cooldownTime>
      </li>
      <li>
        <label>point</label>
        <capacities>
          <li>Stab</li>
        </capacities>
        <power>13.2</power>
        <cooldownTime>1.95</cooldownTime>
      </li>
      <li>
        <label>edge</label>
        <capacities>
          <li>Cut</li>
        </capacities>
        <power>15.9</power>
        <cooldownTime>1.95</cooldownTime>
      </li>
    </tools>
    <recipeMaker>
	    <researchPrerequisite>Smithing</researchPrerequisite>
      <skillRequirements>
        <Crafting>3</Crafting>
      </skillRequirements>
    </recipeMaker>
  </ThingDef>

	<ThingDef ParentName="BaseMeleeWeapon_Sharp_Quality">
    <defName>MeleeWeapon_LongSword</defName>
    <label>longsword</label>
    <description>The ancient weapon of kings, the longsword can be used for slashing or stabbing.</description>
    <graphicData>
      <texPath>Things/Item/Equipment/WeaponMelee/LongSword</texPath>
      <graphicClass>Graphic_Single</graphicClass>
    </graphicData>
    <techLevel>Medieval</techLevel>
    <weaponTags>
      <li>MedievalMeleeAdvanced</li>
    </weaponTags>
    <costStuffCount>100</costStuffCount>
    <statBases>
      <WorkToMake>18000</WorkToMake>
      <Mass>1.6</Mass>
      <Weapon_Bulk>1.0</Weapon_Bulk>
    </statBases>
    <equippedAngleOffset>-65</equippedAngleOffset>
    <stuffCategories>
      <li>Metallic</li>
      <li>Woody</li>
    </stuffCategories>
    <tools>
      <li>
        <label>handle</label>
        <capacities>
          <li>Blunt</li>
        </capacities>
        <power>6.6</power>
        <cooldownTime>2.5</cooldownTime>
      </li>
      <li>
        <label>point</label>
        <capacities>
          <li>Stab</li>
        </capacities>
        <power>17.6</power>
        <cooldownTime>2.5</cooldownTime>
      </li>
      <li>
        <label>edge</label>
        <capacities>
          <li>Cut</li>
        </capacities>
        <power>23.1</power>
        <cooldownTime>2.5</cooldownTime>
      </li>
    </tools>
    <recipeMaker>
      <researchPrerequisite>LongBlades</researchPrerequisite>
      <skillRequirements>
        <Crafting>5</Crafting>
      </skillRequirements>
    </recipeMaker>
  </ThingDef>

  
</Defs>