﻿<?xml version="1.0" encoding="utf-8" ?>
<Defs>


  <ThingDef ParentName="BaseHumanMakeableGun">
    <defName>Gun_ChargeRifle</defName>
    <label>charge rifle</label>
    <description>A charged-shot assault rifle. Pulse-charge technology charges each shot with unstable energy as it leaves the barrel. Released on impact, the charged energy greatly increases the damage done.</description>
    <techLevel>Spacer</techLevel>
    <graphicData>
      <texPath>Things/Item/Equipment/WeaponRanged/ChargeRifle</texPath>
      <graphicClass>Graphic_Single</graphicClass>
    </graphicData>
    <soundInteract>Interact_ChargeRifle</soundInteract>
    <statBases>
      <WorkToMake>45000</WorkToMake>
      <Mass>4.6</Mass>
      <AccuracyTouch>0.70</AccuracyTouch>
      <AccuracyShort>0.83</AccuracyShort>
      <AccuracyMedium>0.68</AccuracyMedium>
      <AccuracyLong>0.53</AccuracyLong>
      <RangedWeapon_Cooldown>1.16</RangedWeapon_Cooldown>
      <Weapon_Bulk>1.0</Weapon_Bulk>
    </statBases>
    <recipeMaker>
      <researchPrerequisite>ChargedShot</researchPrerequisite>
      <skillRequirements>
        <Crafting>7</Crafting>
      </skillRequirements>
      <recipeUsers Inherit="False">
        <li>FabricationBench</li>
      </recipeUsers>
    </recipeMaker>
    <costList>
      <Plasteel>50</Plasteel>
      <ComponentSpacer>2</ComponentSpacer>
    </costList>
    <weaponTags>
      <li>SpacerGun</li>
    </weaponTags>
    <verbs>
      <li>
        <verbClass>Verb_Shoot</verbClass>
        <hasStandardCommand>true</hasStandardCommand>
        <defaultProjectile>Bullet_ChargeRifle</defaultProjectile>
        <warmupTime>1.1</warmupTime>
        <range>21.9</range>
        <ticksBetweenBurstShots>12</ticksBetweenBurstShots>
        <burstShotCount>3</burstShotCount>
        <soundCast>Shot_ChargeRifle</soundCast>
        <soundCastTail>GunTail_Medium</soundCastTail>
        <muzzleFlashScale>9</muzzleFlashScale>
      </li>
    </verbs>
    <tools>
      <li>
        <label>stock</label>
        <capacities>
          <li>Blunt</li>
        </capacities>
        <power>7</power>
        <cooldownTime>1.8</cooldownTime>
      </li>
      <li>
        <label>barrel</label>
        <capacities>
          <li>Blunt</li>
          <li>Poke</li>
        </capacities>
        <power>7.7</power>
        <cooldownTime>1.9</cooldownTime>
      </li>
    </tools>
  </ThingDef>
  <ThingDef ParentName="BaseBullet">
    <defName>Bullet_ChargeRifle</defName>
    <label>charge shot</label>
    <graphicData>
      <texPath>Things/Projectile/Charge_Small</texPath>
      <graphicClass>Graphic_Single</graphicClass>
    </graphicData>
    <projectile>
      <damageDef>Bullet</damageDef>
      <damageAmountBase>11</damageAmountBase>
      <speed>70</speed>
    </projectile>
  </ThingDef>

  <ThingDef ParentName="BaseHumanMakeableGun">
    <defName>Gun_ChargeLance</defName>
    <label>charge lance</label>
    <description>A pulse-charged rail-assisted lance weapon. It fires a single shot at high velocity, charging it with unstable energy as it leaves the acceleration rail.</description>
    <techLevel>Spacer</techLevel>
    <graphicData>
      <texPath>Things/Item/Equipment/WeaponRanged/ChargeLance</texPath>
      <graphicClass>Graphic_Single</graphicClass>
    </graphicData>
    <soundInteract>Interact_ChargeLance</soundInteract>
    <statBases>
      <Mass>8</Mass>
      <AccuracyTouch>0.65</AccuracyTouch>
      <AccuracyShort>0.80</AccuracyShort>
      <AccuracyMedium>0.90</AccuracyMedium>
      <AccuracyLong>0.80</AccuracyLong>
      <RangedWeapon_Cooldown>2.5</RangedWeapon_Cooldown>
      <Weapon_Bulk>2.0</Weapon_Bulk>
      <WorkToMake>60000</WorkToMake>
    </statBases>
    <recipeMaker>
      <researchPrerequisite>ChargedShot</researchPrerequisite>
      <skillRequirements>
        <Crafting>9</Crafting>
      </skillRequirements>
      <recipeUsers Inherit="False">
        <li>FabricationBench</li>
      </recipeUsers>
    </recipeMaker>
    <costList>
      <Plasteel>60</Plasteel>
      <ComponentSpacer>3</ComponentSpacer>
    </costList>
    <weaponTags>
      <li>MechanoidGunMedium</li>
      <li>SpacerGun</li>
    </weaponTags>
    <verbs>
      <li>
        <verbClass>Verb_Shoot</verbClass>
        <hasStandardCommand>true</hasStandardCommand>
        <defaultProjectile>Bullet_ChargeLance</defaultProjectile>
        <warmupTime>1.9</warmupTime>
        <range>36.9</range>
        <soundCast>ChargeLance_Fire</soundCast>
        <soundCastTail>GunTail_Heavy</soundCastTail>
        <muzzleFlashScale>9</muzzleFlashScale>
      </li>
    </verbs>
    <tools>
      <li>
        <label>barrel</label>
        <capacities>
          <li>Blunt</li>
          <li>Poke</li>
        </capacities>
        <power>7.6</power>
        <cooldownTime>1.9</cooldownTime>
      </li>
    </tools>
  </ThingDef>
  <ThingDef ParentName="BaseBullet">
    <defName>Bullet_ChargeLance</defName>
    <label>charge lance shot</label>
    <graphicData>
      <texPath>Things/Projectile/ChargeLanceShot</texPath>
      <graphicClass>Graphic_Single</graphicClass>
      <shaderType>TransparentPostLight</shaderType>
      <drawSize>(3,3)</drawSize>
    </graphicData>
    <projectile>
      <damageDef>Bullet</damageDef>
      <damageAmountBase>32</damageAmountBase>
      <stoppingPower>1.5</stoppingPower>
      <speed>120</speed>
    </projectile>
  </ThingDef>

</Defs>