﻿<?xml version="1.0" encoding="utf-8" ?>
<Defs>

  <ThingDef ParentName="BaseWeapon" Name="OrbitalWeaponBase" Abstract="True">
    <thingCategories>
      <li>WeaponsRanged</li>
    </thingCategories>
    <graphicData>
      <texPath>Things/Item/Equipment/WeaponSpecial/OrbitalTargeter</texPath>
      <graphicClass>Graphic_Single</graphicClass>
    </graphicData>
    <statBases>
      <MarketValue>1000</MarketValue>
      <Mass>0.2</Mass>
      <Beauty>-3</Beauty>
      <Weapon_Bulk>0.1</Weapon_Bulk>
      <Flammability>0.5</Flammability>
    </statBases>
    <techLevel>Spacer</techLevel>
    <tradeability>Sellable</tradeability>
    <soundInteract>Standard_Pickup</soundInteract>
    <tradeTags>
      <li>ExoticMisc</li>
    </tradeTags>
    <thingSetMakerTags>
      <li>RewardSpecial</li>
      <li>SingleUseWeapon</li>
    </thingSetMakerTags>
  </ThingDef>

  <ThingDef ParentName="OrbitalWeaponBase">
    <defName>OrbitalTargeterBombardment</defName>
    <label>orbital bombardment targeter</label>
    <description>An ancient targeting apparatus for an orbital bombardment system. This unit designates a target and transmits the coordinates to a network of satellites, which then bombard the target area with kinetic impactors. This unit has been reprogrammed to accept unauthorized users, but once it is used, the network will detect the incursion and cut off the link permanently.</description>
    <verbs>
      <li>
        <verbClass>Verb_Bombardment</verbClass>
        <hasStandardCommand>true</hasStandardCommand>
        <warmupTime>3</warmupTime>
        <ai_AvoidFriendlyFireRadius>23</ai_AvoidFriendlyFireRadius>
        <ai_IsBuildingDestroyer>true</ai_IsBuildingDestroyer>
        <range>44.9</range>
        <burstShotCount>1</burstShotCount>
        <soundAiming>OrbitalTargeter_Aiming</soundAiming>
        <soundCast>OrbitalTargeter_Fire</soundCast>
        <onlyManualCast>true</onlyManualCast>
        <targetParams>
          <canTargetLocations>true</canTargetLocations>
        </targetParams>
      </li>
    </verbs>
  </ThingDef>

  <ThingDef ParentName="OrbitalWeaponBase">
    <defName>OrbitalTargeterPowerBeam</defName>
    <label>orbital power beam targeter</label>
    <description>An ancient targeting unit for a network of power-collection satellites. Once aimed at a target, it directs ancient satellites to begin beaming power down in a massive column of electromagnetic energy. This power can safely be collected in a giant absorption dish. Since you have no absorption dish, you'll be aiming it at enemies, at which point the power column will turn the area into a thousand-degree inferno. This will last until the satellites detect the unsafe targeting, shut themselves down, and permanently deactivate the targeter.</description>
    <verbs>
      <li>
        <verbClass>Verb_PowerBeam</verbClass>
        <hasStandardCommand>true</hasStandardCommand>
        <warmupTime>3</warmupTime>
        <ai_AvoidFriendlyFireRadius>15</ai_AvoidFriendlyFireRadius>
        <range>44.9</range>
        <burstShotCount>1</burstShotCount>
        <soundAiming>OrbitalTargeter_Aiming</soundAiming>
        <soundCast>OrbitalTargeter_Fire</soundCast>
        <onlyManualCast>true</onlyManualCast>
        <targetParams>
          <canTargetLocations>true</canTargetLocations>
        </targetParams>
      </li>
    </verbs>
  </ThingDef>

  <ThingDef ParentName="OrbitalWeaponBase">
    <defName>TornadoGenerator</defName>
    <label>tornado generator</label>
    <description>An ancient control unit for a network of weather-control satellites. This device has had certain failsafes bypassed; it is capable of causing a massive air current disturbance, which will generate a tornado at a chosen location. The weather network will detect this unauthorized intrusion and lock out the device after use, but the tornado will be left to spend its energy normally.</description>
    <statBases>
      <MarketValue>800</MarketValue>
    </statBases>
    <verbs>
      <li>
        <verbClass>Verb_Spawn</verbClass>
        <hasStandardCommand>true</hasStandardCommand>
        <warmupTime>3</warmupTime>
        <ai_AvoidFriendlyFireRadius>10</ai_AvoidFriendlyFireRadius>
        <spawnDef>Tornado</spawnDef>
        <colonyWideTaleDef>TornadoFromItem</colonyWideTaleDef>
        <range>44.9</range>
        <burstShotCount>1</burstShotCount>
        <soundAiming>OrbitalTargeter_Aiming</soundAiming>
        <soundCast>OrbitalTargeter_Fire</soundCast>
        <onlyManualCast>true</onlyManualCast>
        <targetParams>
          <canTargetLocations>true</canTargetLocations>
        </targetParams>
      </li>
    </verbs>
  </ThingDef>

</Defs>
