﻿<?xml version="1.0" encoding="utf-8" ?>
<Defs>

  <TerrainDef Name="FloorBase" Abstract="True">
    <layerable>true</layerable>
    <affordances>
      <li>Light</li>
      <li>Heavy</li>
      <li>SmoothHard</li>
    </affordances>
    <statBases>
      <WorkToBuild>135</WorkToBuild>
    </statBases>
    <designationCategory>Floors</designationCategory>
    <fertility>0</fertility>
    <constructEffect>ConstructDirt</constructEffect>
    <acceptTerrainSourceFilth>True</acceptTerrainSourceFilth>
    <terrainAffordanceNeeded>Heavy</terrainAffordanceNeeded>
  </TerrainDef>

  <!-- ================= Misc ================= -->

	<TerrainDef ParentName="FloorBase">
		<defName>Concrete</defName>
		<label>concrete</label>
		<description>Quick-poured concrete. Fast to walk on, cheap, and very quick to pour, but quite ugly.</description>
		<texturePath>Terrain/Surfaces/Concrete</texturePath>
		<edgeType>Hard</edgeType>
		<renderPrecedence>70</renderPrecedence>
		<statBases>
			<Beauty>-1</Beauty>
			<WorkToBuild>100</WorkToBuild>
		</statBases>
		<costList>
			<Steel>1</Steel>
		</costList>
		<designationHotKey>Misc6</designationHotKey>
	</TerrainDef>

	<TerrainDef ParentName="FloorBase">
		<defName>PavedTile</defName>
		<label>paved tile</label>
		<renderPrecedence>230</renderPrecedence>
		<description>Utilitarian concrete tiles. Cheap and quick to move around on, but neutral in terms of looks and slow to build.</description>
		<texturePath>Terrain/Surfaces/PavedTile</texturePath>
		<statBases>
			<WorkToBuild>400</WorkToBuild>
		</statBases>
		<costList>
			<Steel>2</Steel>
		</costList>
		<designationHotKey>Misc5</designationHotKey>
	</TerrainDef>

	<TerrainDef  ParentName="FloorBase">
		<defName>WoodPlankFloor</defName>
		<label>wood floor</label>
		<renderPrecedence>250</renderPrecedence>
		<description>Wood plank flooring. For that warm, homey feeling. While it is easy to lay, it is also flammable.</description>
		<texturePath>Terrain/Surfaces/WoodFloor</texturePath>
		<burnedDef>BurnedWoodPlankFloor</burnedDef>
		<color>(108,78,55)</color>
		<statBases>
			<WorkToBuild>85</WorkToBuild>
			<Flammability>0.22</Flammability>
		</statBases>
		<costList>
			<WoodLog>3</WoodLog>
		</costList>
		<constructEffect>ConstructWood</constructEffect>
		<designationHotKey>Misc7</designationHotKey>
	</TerrainDef>
	
	<TerrainDef ParentName="FloorBase">
    <defName>MetalTile</defName>
    <label>metal tile</label>
    <renderPrecedence>240</renderPrecedence>
    <description>Metal tiles, for that spaceship look. Pretty, but labor and material-intensive.</description>
    <texturePath>Terrain/Surfaces/GenericFloorTile</texturePath>
    <color>(0.369, 0.369, 0.369)</color>
    <statBases>
      <WorkToBuild>700</WorkToBuild>
			<Beauty>1</Beauty>
    </statBases>
    <costList>
      <Steel>7</Steel>
    </costList>
    <constructEffect>ConstructMetal</constructEffect>
    <designationHotKey>Misc1</designationHotKey>
  </TerrainDef>
  
  <TerrainDef ParentName="FloorBase">
    <defName>SilverTile</defName>
    <label>silver tile</label>
    <renderPrecedence>241</renderPrecedence>
    <description>Expensive and slow to build, but very pretty. Fits perfectly into luxurious rooms.</description>
    <texturePath>Terrain/Surfaces/GenericFloorTile</texturePath>
    <color>(0.45, 0.45, 0.45)</color>
    <statBases>
      <Beauty>2</Beauty>
      <WorkToBuild>1200</WorkToBuild>
    </statBases>
    <costList>
      <Silver>85</Silver>
    </costList>
    <constructEffect>ConstructMetal</constructEffect>
    <designationHotKey>Misc2</designationHotKey>
  </TerrainDef>
  
  <TerrainDef ParentName="FloorBase">
    <defName>GoldTile</defName>
    <label>gold tile</label>
    <renderPrecedence>242</renderPrecedence>
    <description>The most beautiful and impressive kind of floor. Very expensive and requires a lot of work to build.</description>
    <texturePath>Terrain/Surfaces/GenericFloorTile</texturePath>
    <color>(0.65, 0.65, 0.35)</color>
    <statBases>
      <Beauty>4</Beauty>
      <WorkToBuild>1800</WorkToBuild>
    </statBases>
    <costList>
      <Gold>85</Gold>
    </costList>
    <constructEffect>ConstructMetal</constructEffect>
    <designationHotKey>Misc3</designationHotKey>
  </TerrainDef>
  
  <TerrainDef ParentName="FloorBase">
    <defName>SterileTile</defName>
    <label>sterile tile</label>
    <renderPrecedence>243</renderPrecedence>
    <description>Sterile tiles help keep the room clean. Very useful in hospitals to prevent patients from getting various infections. Neutral in terms of looks and very slow to build.</description>
    <texturePath>Terrain/Surfaces/GenericFloorTile</texturePath>
    <color>(0.71, 0.71, 0.71)</color>
    <statBases>
      <Cleanliness>0.6</Cleanliness>
      <WorkToBuild>1650</WorkToBuild>
    </statBases>
    <costList>
      <Steel>3</Steel>
      <Silver>15</Silver>
    </costList>
    <constructEffect>ConstructMetal</constructEffect>
    <designationHotKey>Misc4</designationHotKey>
    <constructionSkillPrerequisite>8</constructionSkillPrerequisite>
  </TerrainDef>

  <!-- ================= Carpets ================= -->

    <TerrainDef Name="CarpetBase" ParentName="FloorBase" Abstract="True">
    <texturePath>Terrain/Surfaces/Carpet</texturePath>
    <researchPrerequisites><li>CarpetMaking</li></researchPrerequisites>
    <burnedDef>BurnedCarpet</burnedDef>
    <costList>
      <Cloth>7</Cloth>
    </costList>
    <statBases>
      <Beauty>2</Beauty>
      <Flammability>0.32</Flammability>
    </statBases>
    </TerrainDef>
  
  <TerrainDef ParentName="CarpetBase">
    <defName>CarpetRed</defName>
    <label>red carpet</label>
    <renderPrecedence>200</renderPrecedence>
    <description>Plush carpet in a lovely rose hue.</description>
    <color>(118,49,57)</color>
    <designationHotKey>Misc8</designationHotKey>
  </TerrainDef>

  <TerrainDef ParentName="CarpetBase">
    <defName>CarpetGreen</defName>
    <label>green carpet</label>
    <renderPrecedence>199</renderPrecedence>
    <description>Naturalistic-feeling green carpet.</description>
    <color>(89,105,62)</color>
    <designationHotKey>Misc9</designationHotKey>
  </TerrainDef>

  <TerrainDef ParentName="CarpetBase">
    <defName>CarpetBlue</defName>
    <label>blue carpet</label>
    <renderPrecedence>198</renderPrecedence>
    <description>Toe-hugging plush carpet in a cool blue color.</description>
    <color>(24,65,121)</color>
    <designationHotKey>Misc10</designationHotKey>
  </TerrainDef>

  <TerrainDef ParentName="CarpetBase">
    <defName>CarpetCream</defName>
    <label>cream carpet</label>
    <renderPrecedence>197</renderPrecedence>
    <description>Inviting cream-colored carpet.</description>
    <color>(195,192,176)</color>
    <designationHotKey>Misc11</designationHotKey>
  </TerrainDef>

  <TerrainDef ParentName="CarpetBase">
    <defName>CarpetDark</defName>
    <label>dark carpet</label>
    <renderPrecedence>196</renderPrecedence>
    <description>Professional-looking dark gray carpet.</description>
    <color>(81,81,81)</color>
    <designationHotKey>Misc12</designationHotKey>
  </TerrainDef>

</Defs>
