﻿<?xml version="1.0" encoding="utf-8" ?>
<Defs>

  <WorkTypeDef>
    <defName>Firefighter</defName>
    <labelShort>Firefight</labelShort>
    <pawnLabel>Firefighter</pawnLabel>
    <gerundLabel>firefighting</gerundLabel>
    <description>Extinguish fires in the colony.</description>
    <verb>Extinguish</verb>
    <naturalPriority>1400</naturalPriority>
    <alwaysStartActive>true</alwaysStartActive>
    <requireCapableColonist>true</requireCapableColonist>
    <workTags>
      <li>Firefighting</li>
    </workTags>
  </WorkTypeDef>

  <WorkTypeDef>
    <defName>Patient</defName>
    <labelShort>Patient</labelShort>
    <pawnLabel>Patient</pawnLabel>
    <gerundLabel>patienting</gerundLabel>
    <description>Go to a medical bed for treatment if you have an immediately life-threatening health condition.</description>
    <verb>Become patient</verb>
    <naturalPriority>1350</naturalPriority>
    <alwaysStartActive>true</alwaysStartActive>
  </WorkTypeDef>

  <WorkTypeDef>
    <defName>Doctor</defName>
    <labelShort>Doctor</labelShort>
    <pawnLabel>Doctor</pawnLabel>
    <gerundLabel>doctoring</gerundLabel>
    <description>Treat the sick, bring them food, cheer them up, and perform assigned surgeries. Doctors will care for both colonists and prisoners.</description>
    <verb>Care for</verb>
    <naturalPriority>1300</naturalPriority>
    <relevantSkills>
      <li>Medicine</li>
    </relevantSkills>
    <workTags>
      <li>Caring</li>
    </workTags>
  </WorkTypeDef>

  <WorkTypeDef>
    <defName>PatientBedRest</defName>
    <labelShort>Bed rest</labelShort>
    <pawnLabel>Bed rester</pawnLabel>
    <gerundLabel>resting in bed</gerundLabel>
    <description>Rest in bed to recuperate from not-immediately-life-threatening medical problems.</description>
    <verb>Become patient</verb>
    <naturalPriority>1200</naturalPriority>
    <alwaysStartActive>true</alwaysStartActive>
  </WorkTypeDef>

  <WorkTypeDef>
    <defName>BasicWorker</defName>
    <labelShort>Basic</labelShort>
    <pawnLabel>Worker</pawnLabel>
    <gerundLabel>dealing with</gerundLabel>
    <description>Unskilled and easy tasks. Release prisoners and flick switches on machines.</description>
    <verb>Deal with</verb>
    <naturalPriority>1150</naturalPriority>
    <alwaysStartActive>true</alwaysStartActive>
  </WorkTypeDef>

  <WorkTypeDef>
    <defName>Warden</defName>
    <labelShort>Warden</labelShort>
    <pawnLabel>Warden</pawnLabel>
    <gerundLabel>wardening</gerundLabel>
    <description>Manage, feed, chat with, and recruit prisoners.</description>
    <verb>Handle</verb>
    <naturalPriority>1100</naturalPriority>
    <requireCapableColonist>true</requireCapableColonist>
    <relevantSkills>
      <li>Social</li>
    </relevantSkills>
    <workTags>
      <li>Social</li>
    </workTags>
  </WorkTypeDef>

  <WorkTypeDef>
    <defName>Handling</defName>
    <labelShort>Handle</labelShort>
    <pawnLabel>Handler</pawnLabel>
    <gerundLabel>handling</gerundLabel>
    <description>Tame, train, harvest resources from and slaughter animals.</description>
    <verb>Handle</verb>
    <naturalPriority>1050</naturalPriority>
    <relevantSkills>
      <li>Animals</li>
    </relevantSkills>
    <workTags>
      <li>Animals</li>
    </workTags>
  </WorkTypeDef>

  <WorkTypeDef>
    <defName>Cooking</defName>
    <labelShort>Cook</labelShort>
    <pawnLabel>Cook</pawnLabel>
    <gerundLabel>cooking</gerundLabel>
    <description>Prepare meals and butcher meat.</description>
    <verb>Cook</verb>
    <naturalPriority>1000</naturalPriority>
    <relevantSkills>
      <li>Cooking</li>
    </relevantSkills>
    <workTags>
      <li>Cooking</li>
      <li>ManualSkilled</li>
    </workTags>
  </WorkTypeDef>

  <WorkTypeDef>
    <defName>Hunting</defName>
    <labelShort>Hunt</labelShort>
    <pawnLabel>Hunter</pawnLabel>
    <gerundLabel>hunting</gerundLabel>
    <description>Kill animals which are designated to be hunted.</description>
    <verb>Hunt</verb>
    <naturalPriority>950</naturalPriority>
    <relevantSkills>
      <li>Shooting</li>
      <li>Animals</li>
    </relevantSkills>
    <workTags>
      <li>Violent</li>
    </workTags>
  </WorkTypeDef>

  <WorkTypeDef>
    <defName>Construction</defName>
    <labelShort>Construct</labelShort>
    <pawnLabel>Constructor</pawnLabel>
    <gerundLabel>constructing</gerundLabel>
    <description>Build things that you've designated, and fix damaged or broken-down buildings.</description>
    <verb>Construct</verb>
    <naturalPriority>900</naturalPriority>
    <requireCapableColonist>true</requireCapableColonist>
    <relevantSkills>
      <li>Construction</li>
    </relevantSkills>
    <workTags>
      <li>ManualSkilled</li>
    </workTags>
  </WorkTypeDef>

  <WorkTypeDef>
    <defName>Growing</defName>
    <labelShort>Grow</labelShort>
    <pawnLabel>Grower</pawnLabel>
    <gerundLabel>growing</gerundLabel>
    <description>Plant seeds, harvest crops, and forage for wild plants.</description>
    <verb>Grow</verb>
    <naturalPriority>700</naturalPriority>
    <requireCapableColonist>true</requireCapableColonist>
    <relevantSkills>
      <li>Plants</li>
    </relevantSkills>
    <workTags>
      <li>ManualSkilled</li>
      <li>PlantWork</li>
    </workTags>
  </WorkTypeDef>

  <WorkTypeDef>
    <defName>Mining</defName>
    <labelShort>Mine</labelShort>
    <pawnLabel>Miner</pawnLabel>
    <gerundLabel>mining</gerundLabel>
    <description>Digging and drilling.</description>
    <verb>Mine</verb>
    <naturalPriority>600</naturalPriority>
    <requireCapableColonist>true</requireCapableColonist>
    <relevantSkills>
      <li>Mining</li>
    </relevantSkills>
    <workTags>
      <li>ManualSkilled</li>
      <li>Mining</li>
    </workTags>
  </WorkTypeDef>

  <WorkTypeDef>
    <defName>PlantCutting</defName>
    <labelShort>Plant cut</labelShort>
    <pawnLabel>Plant cutter</pawnLabel>
    <gerundLabel>plant cutting</gerundLabel>
    <description>Cut or harvest plants as designated.</description>
    <verb>Cut</verb>
    <naturalPriority>500</naturalPriority>
    <requireCapableColonist>true</requireCapableColonist>
    <relevantSkills>
      <li>Plants</li>
    </relevantSkills>
    <workTags>
      <li>ManualSkilled</li>
      <li>PlantWork</li>
    </workTags>
  </WorkTypeDef>

  <WorkTypeDef>
    <defName>Smithing</defName>
    <labelShort>Smith</labelShort>
    <pawnLabel>Smith</pawnLabel>
    <gerundLabel>smithing</gerundLabel>
    <description>Create weapons and tools from raw materials, either as a blacksmith or by machining.</description>
    <verb>Smith at</verb>
    <naturalPriority>470</naturalPriority>
    <relevantSkills>
      <li>Crafting</li>
    </relevantSkills>
    <workTags>
      <li>Crafting</li>
      <li>ManualSkilled</li>
    </workTags>
  </WorkTypeDef>

  <WorkTypeDef>
    <defName>Tailoring</defName>
    <labelShort>Tailor</labelShort>
    <pawnLabel>Tailor</pawnLabel>
    <gerundLabel>tailoring</gerundLabel>
    <description>Create apparel from raw materials.</description>
    <verb>Tailor at</verb>
    <naturalPriority>450</naturalPriority>
    <relevantSkills>
      <li>Crafting</li>
    </relevantSkills>
    <workTags>
      <li>Crafting</li>
      <li>ManualSkilled</li>
    </workTags>
  </WorkTypeDef>

  <WorkTypeDef>
    <defName>Art</defName>
    <labelShort>Art</labelShort>
    <pawnLabel>Artist</pawnLabel>
    <gerundLabel>art</gerundLabel>
    <description>Create beautiful works of art from raw materials.</description>
    <verb>Do art at</verb>
    <naturalPriority>430</naturalPriority>
    <relevantSkills>
      <li>Artistic</li>
    </relevantSkills>
    <workTags>
      <li>Artistic</li>
    </workTags>
  </WorkTypeDef>

  <WorkTypeDef>
    <defName>Crafting</defName>
    <labelShort>Craft</labelShort>
    <pawnLabel>Crafter</pawnLabel>
    <gerundLabel>crafting</gerundLabel>
    <description>Do general low-skilled labor at work stations. This includes stonecutting, smelting, and more.</description>
    <verb>Craft at</verb>
    <naturalPriority>400</naturalPriority>
    <relevantSkills>
      <li>Crafting</li>
    </relevantSkills>
    <requireCapableColonist>true</requireCapableColonist>
    <workTags>
      <li>Crafting</li>
      <li>ManualSkilled</li>
    </workTags>
  </WorkTypeDef>

  <WorkTypeDef>
    <defName>Hauling</defName>
    <labelShort>Haul</labelShort>
    <pawnLabel>Hauler</pawnLabel>
    <gerundLabel>hauling</gerundLabel>
    <description>Carry things to where they need to be.</description>
    <verb>Haul</verb>
    <naturalPriority>300</naturalPriority>
    <alwaysStartActive>true</alwaysStartActive>
    <requireCapableColonist>true</requireCapableColonist>
    <workTags>
      <li>ManualDumb</li>
      <li>Hauling</li>
    </workTags>
  </WorkTypeDef>

  <WorkTypeDef>
    <defName>Cleaning</defName>
    <labelShort>Clean</labelShort>
    <pawnLabel>Cleaner</pawnLabel>
    <gerundLabel>cleaning</gerundLabel>
    <description>Clear snow and clean the floor in the home area.</description>
    <verb>Clean</verb>
    <naturalPriority>200</naturalPriority>
    <alwaysStartActive>true</alwaysStartActive>
    <requireCapableColonist>true</requireCapableColonist>
    <workTags>
      <li>ManualDumb</li>
      <li>Cleaning</li>
    </workTags>
  </WorkTypeDef>

  <WorkTypeDef>
    <defName>Research</defName>
    <labelShort>Research</labelShort>
    <pawnLabel>Researcher</pawnLabel>
    <gerundLabel>researching</gerundLabel>
    <description>Perform research work.</description>
    <verb>Research at</verb>
    <naturalPriority>100</naturalPriority>
    <relevantSkills>
      <li>Intellectual</li>
    </relevantSkills>
    <workTags>
      <li>Intellectual</li>
    </workTags>
  </WorkTypeDef>

</Defs>