﻿<?xml version="1.0" encoding="utf-8" ?>

<FleshTypeDefs>
  <FleshTypeDef>
    <defName>Normal</defName>
    <corpseCategory>CorpsesAnimal</corpseCategory>
  </FleshTypeDef>

  <FleshTypeDef>
    <defName>Mechanoid</defName>
    <corpseCategory>CorpsesMechanoid</corpseCategory>
  </FleshTypeDef>

  <FleshTypeDef>
    <defName>Insectoid</defName>
    <ateDirect>AteInsectMeatDirect</ateDirect>
    <ateAsIngredient>AteInsectMeatAsIngredient</ateAsIngredient>
    <corpseCategory>CorpsesInsect</corpseCategory>
  </FleshTypeDef>
</FleshTypeDefs>
