﻿<?xml version="1.0" encoding="utf-8" ?>
<Defs>
  <!-- Implants -->

  <HediffDef Name="ImplantHediffBase" Abstract="True">
    <hediffClass>Hediff_Implant</hediffClass>
    <defaultLabelColor>(0.65, 0.3, 0.9)</defaultLabelColor>
    <isBad>false</isBad>
  </HediffDef>

  <HediffDef ParentName="ImplantHediffBase">
    <defName>Joywire</defName>
    <label>joywire</label>
    <labelNoun>a joywire</labelNoun>
    <stages>
      <li>
				<partEfficiencyOffset>-0.2</partEfficiencyOffset>
      </li>
    </stages>
    <spawnThingOnRemoved>Joywire</spawnThingOnRemoved>
  </HediffDef>
  
  <HediffDef ParentName="ImplantHediffBase">
    <defName>Painstopper</defName>
    <label>painstopper</label>
    <labelNoun>a painstopper</labelNoun>
    <stages>
      <li>
        <painFactor>0</painFactor>
      </li>
    </stages>
    <spawnThingOnRemoved>Painstopper</spawnThingOnRemoved>
  </HediffDef>

</Defs>
