﻿<?xml version="1.0" encoding="utf-8" ?>
<Defs>

  <ThingCategoryDef>
    <defName>Root</defName>
    <label>root</label>
  </ThingCategoryDef>

  <!-- Foods -->

  <ThingCategoryDef>
    <defName>Foods</defName>
    <label>foods</label>
    <parent>Root</parent>
    <resourceReadoutRoot>true</resourceReadoutRoot>
    <iconPath>UI/Icons/ThingCategories/Foods</iconPath>
  </ThingCategoryDef>

    <ThingCategoryDef>
      <defName>FoodMeals</defName>
      <label>meals</label>
      <parent>Foods</parent>
      <resourceReadoutRoot>true</resourceReadoutRoot>
      <iconPath>UI/Icons/ThingCategories/FoodMeals</iconPath>
    </ThingCategoryDef>

    <ThingCategoryDef>
      <defName>FoodRaw</defName>
      <label>raw food</label>
      <parent>Foods</parent>
      <resourceReadoutRoot>true</resourceReadoutRoot>
      <iconPath>UI/Icons/ThingCategories/FoodRaw</iconPath>
    </ThingCategoryDef>

      <ThingCategoryDef>
        <defName>MeatRaw</defName>
        <label>meat</label>
        <parent>FoodRaw</parent>
        <iconPath>UI/Icons/ThingCategories/MeatRaw</iconPath>
      </ThingCategoryDef>
  
      <ThingCategoryDef>
        <defName>PlantFoodRaw</defName>
        <label>vegetarian</label>
        <parent>FoodRaw</parent>
        <iconPath>UI/Icons/ThingCategories/PlantFoodRaw</iconPath>
      </ThingCategoryDef>

      <ThingCategoryDef>
        <defName>AnimalProductRaw</defName>
        <label>animal products</label>
        <parent>FoodRaw</parent>
        <iconPath>UI/Icons/ThingCategories/AnimalProductRaw</iconPath>
      </ThingCategoryDef>

        <ThingCategoryDef>
          <defName>EggsUnfertilized</defName>
          <label>eggs (unfert.)</label>
          <parent>AnimalProductRaw</parent>
          <iconPath>UI/Icons/ThingCategories/EggsUnfertilized</iconPath>
        </ThingCategoryDef>

        <ThingCategoryDef>
          <defName>EggsFertilized</defName>
          <label>eggs (fert.)</label>
          <parent>AnimalProductRaw</parent>
          <iconPath>UI/Icons/ThingCategories/EggsFertilized</iconPath>
        </ThingCategoryDef>

  <!-- Manufactured -->
  
  <ThingCategoryDef>
    <defName>Manufactured</defName>
    <label>manufactured</label>
    <parent>Root</parent>
    <iconPath>UI/Icons/ThingCategories/Manufactured</iconPath>
    <resourceReadoutRoot>true</resourceReadoutRoot>
  </ThingCategoryDef>

    <ThingCategoryDef>
      <defName>Textiles</defName>
      <label>textiles</label>
      <parent>Manufactured</parent>
      <iconPath>UI/Icons/ThingCategories/Textiles</iconPath>
      <resourceReadoutRoot>true</resourceReadoutRoot>
    </ThingCategoryDef>

      <ThingCategoryDef>
        <defName>Leathers</defName>
        <label>leathers</label>
        <parent>Textiles</parent>
        <iconPath>UI/Icons/ThingCategories/Leathers</iconPath>
      </ThingCategoryDef>  
  
    <ThingCategoryDef>
      <defName>Medicine</defName>
      <label>medicine</label>
      <parent>Manufactured</parent>
      <resourceReadoutRoot>true</resourceReadoutRoot>
      <iconPath>UI/Icons/ThingCategories/Medicine</iconPath>
    </ThingCategoryDef>

    <ThingCategoryDef>
      <defName>Drugs</defName>
      <label>drugs</label>
      <parent>Manufactured</parent>
      <resourceReadoutRoot>true</resourceReadoutRoot>
      <iconPath>UI/Icons/ThingCategories/Drugs</iconPath>
    </ThingCategoryDef>

    <ThingCategoryDef>
      <defName>MortarShells</defName>
      <label>mortar shells</label>
      <parent>Manufactured</parent>
      <iconPath>UI/Icons/ThingCategories/MortarShells</iconPath>
    </ThingCategoryDef>

  <!-- Raw resources -->

  <ThingCategoryDef>
    <defName>ResourcesRaw</defName>
    <label>raw resources</label>
    <parent>Root</parent>
    <resourceReadoutRoot>true</resourceReadoutRoot>
    <iconPath>UI/Icons/ThingCategories/ResourcesRaw</iconPath>
  </ThingCategoryDef>

    <ThingCategoryDef>
      <defName>PlantMatter</defName>
      <label>plant matter</label>
      <parent>ResourcesRaw</parent>
      <iconPath>UI/Icons/ThingCategories/PlantMatter</iconPath>
      <resourceReadoutRoot>true</resourceReadoutRoot>
    </ThingCategoryDef>

    <ThingCategoryDef>
      <defName>StoneBlocks</defName>
      <label>stone blocks</label>
      <parent>ResourcesRaw</parent>
      <iconPath>UI/Icons/ThingCategories/StoneBlocks</iconPath>
      <resourceReadoutRoot>true</resourceReadoutRoot>
    </ThingCategoryDef>

  
  <!--==================== Non-resource readout categories =====================-->
  
  <!-- Items -->

  <ThingCategoryDef>
    <defName>Items</defName>
    <label>items</label>
    <parent>Root</parent>
  </ThingCategoryDef>

    <ThingCategoryDef>
      <defName>Art</defName>
      <label>art</label>
      <parent>Items</parent>
    </ThingCategoryDef>

    <ThingCategoryDef>
      <defName>Furniture</defName>
      <label>furniture</label>
      <parent>Items</parent>
    </ThingCategoryDef>

    <ThingCategoryDef>
      <defName>Unfinished</defName>
      <label>unfinished</label>
      <parent>Items</parent>
    </ThingCategoryDef>

    <ThingCategoryDef>
      <defName>Artifacts</defName>
      <label>artifacts</label>
      <parent>Items</parent>
    </ThingCategoryDef>

    <ThingCategoryDef>
      <defName>BodyParts</defName>
      <label>body parts</label>
      <parent>Items</parent>
    </ThingCategoryDef>

      <ThingCategoryDef>
        <defName>BodyPartsNatural</defName>
        <label>natural</label>
        <parent>BodyParts</parent>
      </ThingCategoryDef>

      <ThingCategoryDef>
        <defName>BodyPartsArtificial</defName>
        <label>artificial</label>
        <parent>BodyParts</parent>
      </ThingCategoryDef>
  
  <!-- Weapons -->

  <ThingCategoryDef>
    <defName>Weapons</defName>
    <label>weapons</label>
    <parent>Root</parent>
  </ThingCategoryDef>

    <ThingCategoryDef>
      <defName>WeaponsMelee</defName>
      <label>melee weapons</label>
      <parent>Weapons</parent>
    </ThingCategoryDef>

    <ThingCategoryDef>
      <defName>WeaponsRanged</defName>
      <label>ranged weapons</label>
      <parent>Weapons</parent>
    </ThingCategoryDef>

      <ThingCategoryDef>
        <defName>Grenades</defName>
        <label>grenades</label>
        <parent>WeaponsRanged</parent>
      </ThingCategoryDef>

  <!-- Apparel -->

  <ThingCategoryDef>
    <defName>Apparel</defName>
    <label>apparel</label>
    <parent>Root</parent>
  </ThingCategoryDef>

    <ThingCategoryDef>
      <defName>Headgear</defName>
      <label>headgear</label>
      <parent>Apparel</parent>
    </ThingCategoryDef>

  <!-- Chunks -->

  <ThingCategoryDef>
    <defName>Chunks</defName>
    <label>chunks</label>
    <parent>Root</parent>
  </ThingCategoryDef>

    <ThingCategoryDef>
      <defName>StoneChunks</defName>
      <label>stone chunks</label>
      <parent>Chunks</parent>
      <resourceReadoutRoot>true</resourceReadoutRoot>
      <iconPath>UI/Icons/ThingCategories/StoneChunks</iconPath>
    </ThingCategoryDef>

  <!-- Corpses -->

  <ThingCategoryDef>
    <defName>Corpses</defName>
    <label>corpses</label>
    <parent>Root</parent>
  </ThingCategoryDef>
  
    <ThingCategoryDef>
    <defName>CorpsesHumanlike</defName>
    <label>humanlike corpses</label>
      <parent>Corpses</parent>
    </ThingCategoryDef>
  
    <ThingCategoryDef>
      <defName>CorpsesAnimal</defName>
      <label>animal corpses</label>
      <parent>Corpses</parent>
    </ThingCategoryDef>
  
      <ThingCategoryDef>
        <defName>CorpsesInsect</defName>
        <label>insect corpses</label>
        <parent>CorpsesAnimal</parent>
      </ThingCategoryDef>
  
    <ThingCategoryDef>
      <defName>CorpsesMechanoid</defName>
      <label>mechanoid corpses</label>
      <parent>Corpses</parent>
    </ThingCategoryDef>


</Defs>
