﻿<?xml version="1.0" encoding="utf-8" ?>
<Defs>

  <ThingDef Abstract="True" Name="LeatherBase" ParentName="ResourceBase">
    <description>Tanned, dried, scraped skin. A good traditional material for making clothes and bags.</description>
    <graphicData>
      <graphicClass>Graphic_Single</graphicClass>
      <texPath>Things/Item/Resource/Leather</texPath>
    </graphicData>
    <statBases>
      <MaxHitPoints>60</MaxHitPoints>
      <DeteriorationRate>2</DeteriorationRate>
      <Mass>0.03</Mass>
      <Flammability>1</Flammability>
      <MarketValue>2.1</MarketValue>
      <StuffPower_Armor_Sharp>0.81</StuffPower_Armor_Sharp>
      <StuffPower_Armor_Blunt>0.24</StuffPower_Armor_Blunt>
      <StuffPower_Armor_Heat>1.5</StuffPower_Armor_Heat>
      <StuffPower_Insulation_Cold>16</StuffPower_Insulation_Cold>
      <StuffPower_Insulation_Heat>16</StuffPower_Insulation_Heat>
    </statBases>
    <thingCategories>
      <li>Leathers</li>
    </thingCategories>
    <stuffProps>
      <categories>
        <li>Leathery</li>
      </categories>
      <commonality>0.025</commonality>
    </stuffProps>
  </ThingDef>

  <!--========== Basic leathers ============-->

  <ThingDef ParentName="LeatherBase">
    <defName>Leather_Plain</defName>
    <label>plainleather</label>
    <graphicData>
      <color>(162,106,57)</color>
      <colorTwo>(162,106,57)</colorTwo>
    </graphicData>
    <stuffProps>
      <color>(162,106,57)</color>
      <commonality>0.2</commonality>
    </stuffProps>
  </ThingDef>

  <ThingDef ParentName="LeatherBase">
    <defName>Leather_Dog</defName>
    <label>dog leather</label>
    <graphicData>
      <color>(209,168,39)</color>
      <colorTwo>(209,168,39)</colorTwo>
    </graphicData>
    <statBases>
      <MarketValue>2.0</MarketValue>
      <StuffPower_Insulation_Cold>14</StuffPower_Insulation_Cold>
    </statBases>
    <stuffProps>
      <color>(209,168,39)</color>
      <commonality>0.075</commonality>
    </stuffProps>
  </ThingDef>

  <ThingDef ParentName="LeatherBase">
    <defName>Leather_Wolf</defName>
    <label>wolfskin</label>
    <description>A soft furry pelt harvested from a wolf-like creature. It is difficult to pierce and insulates well against cold.</description>
    <graphicData>
      <color>(115,110,100)</color>
      <colorTwo>(115,110,100)</colorTwo>
    </graphicData>
    <statBases>
      <MarketValue>3.0</MarketValue>
      <StuffPower_Armor_Sharp>1.02</StuffPower_Armor_Sharp>
      <StuffPower_Insulation_Cold>24</StuffPower_Insulation_Cold>
    </statBases>
    <stuffProps>
      <color>(115,110,100)</color>
      <commonality>0.075</commonality>
    </stuffProps>
  </ThingDef>
  
  <ThingDef ParentName="LeatherBase">
    <defName>Leather_Panthera</defName>
    <label>panthera fur</label>
    <description>A soft furry pelt harvested from a big cat. It is difficult to pierce and insulates well against heat.</description>
    <graphicData>
      <color>(60,60,60)</color>
      <colorTwo>(60,60,60)</colorTwo>
    </graphicData>
    <statBases>
      <MarketValue>3.0</MarketValue>
      <StuffPower_Armor_Sharp>0.93</StuffPower_Armor_Sharp>
      <StuffPower_Insulation_Heat>24</StuffPower_Insulation_Heat>
    </statBases>
    <stuffProps>
      <color>(60,60,60)</color>
      <commonality>0.075</commonality>
    </stuffProps>
  </ThingDef>

  <ThingDef ParentName="LeatherBase">
    <defName>Leather_Camel</defName>
    <label>camelhide</label>
    <description>Tanned, dried, scraped camel skin. Good at temperature regulation in hot climates.</description>
    <graphicData>
      <color>(204,180,150)</color>
      <colorTwo>(204,180,150)</colorTwo>
    </graphicData>
    <statBases>
      <MarketValue>2.3</MarketValue>
      <StuffPower_Insulation_Heat>24</StuffPower_Insulation_Heat>
    </statBases>
    <stuffProps>
      <color>(204,180,150)</color>
      <commonality>0.05</commonality>
    </stuffProps>
  </ThingDef>

  <ThingDef ParentName="LeatherBase">
    <defName>Leather_Bluefur</defName>
    <label>bluefur</label>
    <description>The furry pelt of muffalo. Recognizable by its distinctive blue tint. Good at temperature regulation in cold climates.</description>
    <graphicData>
      <color>(152,170,174)</color>
      <colorTwo>(152,170,174)</colorTwo>
    </graphicData>
    <statBases>
      <MarketValue>2.3</MarketValue>
      <StuffPower_Insulation_Cold>20</StuffPower_Insulation_Cold>
    </statBases>
    <stuffProps>
      <color>(152,170,174)</color>
      <commonality>0.025</commonality>
    </stuffProps>
  </ThingDef>

  <ThingDef ParentName="LeatherBase">
    <defName>Leather_Bear</defName>
    <label>bearskin</label>
    <description>The strong furry leather of a bear. Compared to most leather, it is quite a bit tougher and a bit better at all kinds of temperature regulation.</description>
    <graphicData>
      <color>(112,82,65)</color>
      <colorTwo>(112,82,65)</colorTwo>
    </graphicData>
    <statBases>
      <MarketValue>3.4</MarketValue>
      <StuffPower_Armor_Sharp>1.12</StuffPower_Armor_Sharp>
      <StuffPower_Insulation_Cold>20</StuffPower_Insulation_Cold>
      <StuffPower_Insulation_Heat>20</StuffPower_Insulation_Heat>
    </statBases>
    <stuffProps>
      <color>(112,82,65)</color>
      <commonality>0.05</commonality>
    </stuffProps>
  </ThingDef>

  <!--========== Thin leathers ============-->

  <ThingDef ParentName="LeatherBase">
    <defName>Leather_Light</defName>
    <label>lightleather</label>
    <description>Lightweight, thin leather. Probably harvested from a small animal. Not as protective as thicker leathers.</description>
    <graphicData>
      <color>(140,85,36)</color>
      <colorTwo>(140,85,36)</colorTwo>
    </graphicData>
    <statBases>
      <MarketValue>1.9</MarketValue>
      <StuffPower_Armor_Sharp>0.54</StuffPower_Armor_Sharp>
      <StuffPower_Armor_Blunt>0.14</StuffPower_Armor_Blunt>
      <StuffPower_Insulation_Cold>12</StuffPower_Insulation_Cold>
      <StuffPower_Insulation_Heat>12</StuffPower_Insulation_Heat>
    </statBases>
    <stuffProps>
      <color>(140,85,36)</color>
      <commonality>0.25</commonality>
    </stuffProps>
  </ThingDef>
  
  <ThingDef ParentName="LeatherBase">
    <defName>Leather_Bird</defName>
    <label>birdskin</label>
    <description>Tanned, dried, scraped bird skin. It is quite delicate. Without its feathers, it provides little protection from heat or cold.</description>
    <graphicData>
      <color>(76,83,99)</color>
      <colorTwo>(76,83,99)</colorTwo>
    </graphicData>
    <statBases>
      <MarketValue>1.8</MarketValue>
      <StuffPower_Armor_Sharp>0.67</StuffPower_Armor_Sharp>
      <StuffPower_Armor_Blunt>0.14</StuffPower_Armor_Blunt>
      <StuffPower_Insulation_Cold>10</StuffPower_Insulation_Cold>
      <StuffPower_Insulation_Heat>10</StuffPower_Insulation_Heat>
    </statBases>
    <stuffProps>
      <color>(76,83,99)</color>
      <commonality>0.1</commonality>
    </stuffProps>
  </ThingDef>

  <ThingDef ParentName="LeatherBase">
    <defName>Leather_Chinchilla</defName>
    <label>chinchilla fur</label>
    <description>Tanned, dried, scraped chinchilla skin. Known as an extremely luxurious and insulating fur, it is exceptionally valuable.</description>
    <graphicData>
      <color>(178,170,158)</color>
      <colorTwo>(178,170,158)</colorTwo>
    </graphicData>
    <statBases>
      <MarketValue>6.5</MarketValue>
      <StuffPower_Armor_Sharp>0.67</StuffPower_Armor_Sharp>
      <StuffPower_Armor_Blunt>0.14</StuffPower_Armor_Blunt>
      <StuffPower_Insulation_Cold>30</StuffPower_Insulation_Cold>
      <StuffPower_Insulation_Heat>16</StuffPower_Insulation_Heat>
    </statBases>
    <stuffProps>
      <color>(178,170,158)</color>
      <commonality>0.025</commonality>
    </stuffProps>
  </ThingDef>

  <ThingDef ParentName="LeatherBase">
    <defName>Leather_Fox</defName>
    <label>foxfur</label>
    <description>The pelt of a fox. It protects well from the cold and is quite luxurious, fetching a high price.</description>
    <graphicData>
      <color>(178,100,34)</color>
      <colorTwo>(178,100,34)</colorTwo>
    </graphicData>
    <statBases>
      <MarketValue>3.5</MarketValue>
      <StuffPower_Armor_Sharp>0.81</StuffPower_Armor_Sharp>
      <StuffPower_Armor_Blunt>0.21</StuffPower_Armor_Blunt>
      <StuffPower_Insulation_Cold>20</StuffPower_Insulation_Cold>
    </statBases>
    <stuffProps>
      <color>(178,100,34)</color>
      <commonality>0.075</commonality>
    </stuffProps>
  </ThingDef>
  
  <ThingDef ParentName="LeatherBase">
    <defName>Leather_Lizard</defName>
    <label>lizardskin</label>
    <description>The tanned skin of a cold-blooded reptile. Lizardskin is reasonably tough, but does not insulate well at all.</description>
    <statBases>
      <MarketValue>2.1</MarketValue>
      <StuffPower_Armor_Sharp>0.81</StuffPower_Armor_Sharp>
      <StuffPower_Armor_Blunt>0.27</StuffPower_Armor_Blunt>
      <StuffPower_Insulation_Cold>12</StuffPower_Insulation_Cold>
      <StuffPower_Insulation_Heat>12</StuffPower_Insulation_Heat>
    </statBases>
    <graphicData>
      <color>(101,116,58)</color>
      <colorTwo>(101,116,58)</colorTwo>
    </graphicData>
    <stuffProps>
      <color>(101,116,58)</color>
      <commonality>0.075</commonality>
    </stuffProps>
  </ThingDef>

  <!--========== Skin leathers ============-->

  <ThingDef ParentName="LeatherBase">
    <defName>Leather_Human</defName>
    <label>human leather</label>
    <description>Tanned, dried, scraped human skin. Most people find this material horrifying. Some find it fascinating. While a decent leather, it neither protects nor insulates particularly well.</description>
    <graphicData>
      <color>(211,194,143)</color>
      <colorTwo>(211,194,143)</colorTwo>
    </graphicData>
    <statBases>
      <MarketValue>4.2</MarketValue>
      <StuffPower_Armor_Sharp>0.64</StuffPower_Armor_Sharp>
      <StuffPower_Insulation_Cold>12</StuffPower_Insulation_Cold>
      <StuffPower_Insulation_Heat>12</StuffPower_Insulation_Heat>
    </statBases>
    <stuffProps>
      <color>(211,194,143)</color>
      <commonality>0.0025</commonality>
    </stuffProps>
  </ThingDef>
  
  <ThingDef ParentName="LeatherBase">
    <defName>Leather_Pig</defName>
    <label>pigskin</label>
    <description>Tanned, dried, scraped pig skin. While a decent leather, it neither protects nor insulates particularly well.</description>
    <graphicData>
      <color>(174,150,126)</color>
      <colorTwo>(174,150,126)</colorTwo>
    </graphicData>
    <statBases>
      <MarketValue>1.9</MarketValue>
      <StuffPower_Armor_Sharp>0.64</StuffPower_Armor_Sharp>
      <StuffPower_Insulation_Cold>12</StuffPower_Insulation_Cold>
      <StuffPower_Insulation_Heat>12</StuffPower_Insulation_Heat>
    </statBases>
    <stuffProps>
      <color>(174,150,126)</color>
      <commonality>0.05</commonality>
    </stuffProps>
  </ThingDef>

  <!--========== Tough leathers ============-->

  <ThingDef ParentName="LeatherBase">
    <defName>Leather_Elephant</defName>
    <label>elephant leather</label>
    <description>Tanned, dried, scraped elephant skin. While quite tough, it is a poor insulator.</description>
    <graphicData>
      <color>(130,126,119)</color>
      <colorTwo>(130,126,119)</colorTwo>
    </graphicData>
    <statBases>
      <MarketValue>3.0</MarketValue>
      <StuffPower_Armor_Sharp>1.12</StuffPower_Armor_Sharp>
      <StuffPower_Insulation_Cold>14</StuffPower_Insulation_Cold>
      <StuffPower_Insulation_Heat>12</StuffPower_Insulation_Heat>
    </statBases>
    <stuffProps>
      <color>(130,126,119)</color>
      <commonality>0.025</commonality>
    </stuffProps>
  </ThingDef>

  <ThingDef ParentName="LeatherBase">
    <defName>Leather_Heavy</defName>
    <label>heavy fur</label>
    <description>Thick leather covered in a long, rugged mat of fur. Harvested from a large, hardy animal. This thick skin insulates and protects very well.</description>
    <graphicData>
      <color>(189,161,116)</color>
      <colorTwo>(189,161,116)</colorTwo>
    </graphicData>
    <statBases>
      <MarketValue>3.3</MarketValue>
      <StuffPower_Armor_Sharp>1.24</StuffPower_Armor_Sharp>
      <StuffPower_Insulation_Cold>30</StuffPower_Insulation_Cold>
      <StuffPower_Insulation_Heat>14</StuffPower_Insulation_Heat>
    </statBases>
    <stuffProps>
      <color>(189,161,116)</color>
      <commonality>0.025</commonality>
    </stuffProps>
  </ThingDef>

  <ThingDef ParentName="LeatherBase">
    <defName>Leather_Rhinoceros</defName>
    <label>rhinoceros leather</label>
    <description>Tanned, dried, scraped rhinocerous skin. It is exceptionally durable in combat, but provides little protection from weather.</description>
    <graphicData>
      <color>(150,150,150)</color>
      <colorTwo>(150,150,150)</colorTwo>
    </graphicData>
    <statBases>
      <MarketValue>4.2</MarketValue>
      <StuffPower_Armor_Sharp>1.29</StuffPower_Armor_Sharp>
      <StuffPower_Insulation_Cold>14</StuffPower_Insulation_Cold>
      <StuffPower_Insulation_Heat>14</StuffPower_Insulation_Heat>
    </statBases>
    <stuffProps>
      <color>(150,150,150)</color>
      <commonality>0.025</commonality>
    </stuffProps>
  </ThingDef>

  <!--========== Super leathers ============-->

  <ThingDef ParentName="LeatherBase">
    <defName>Leather_Thrumbo</defName>
    <label>thrumbofur</label>
    <description>Furry pelt of a thrumbo. Luxurious and extraordinarily durable. Used for the highest-quality crafts for its insulation and strength.</description>
    <graphicData>
      <color>(233,233,233)</color>
      <colorTwo>(233,233,233)</colorTwo>
    </graphicData>
    <statBases>
      <MarketValue>14.0</MarketValue>
      <StuffPower_Armor_Sharp>2.08</StuffPower_Armor_Sharp>
      <StuffPower_Armor_Blunt>0.36</StuffPower_Armor_Blunt>
      <StuffPower_Insulation_Cold>34</StuffPower_Insulation_Cold>
      <StuffPower_Insulation_Heat>22</StuffPower_Insulation_Heat>
    </statBases>
    <stuffProps>
      <color>(233,233,233)</color>
      <commonality>0.0025</commonality>
    </stuffProps>
  </ThingDef>

  <!--========== Awful leathers ============-->

  <ThingDef ParentName="LeatherBase">
    <defName>Leather_Patch</defName>
    <label>patchleather</label>
    <description>A weak textile created by cutting up and sewing together various types of leathers. Regardless of what kind of leather is used to create it, patchleather's irregular seams make it less tough and less insulating than any intact leather.</description>
    <graphicData>
      <color>(90,75,60)</color>
      <colorTwo>(90,75,60)</colorTwo>
    </graphicData>
    <statBases>
      <MarketValue>1.5</MarketValue>
      <StuffPower_Armor_Sharp>0.45</StuffPower_Armor_Sharp>
      <StuffPower_Armor_Blunt>0.19</StuffPower_Armor_Blunt>
      <StuffPower_Armor_Heat>0.9</StuffPower_Armor_Heat>
      <StuffPower_Insulation_Cold>9</StuffPower_Insulation_Cold>
      <StuffPower_Insulation_Heat>9</StuffPower_Insulation_Heat>
    </statBases>
    <stuffProps>
      <color>(90,75,60)</color>
      <commonality>0.075</commonality>
    </stuffProps>
  </ThingDef>

</Defs>
