﻿<?xml version="1.0" encoding="utf-8" ?>
<Defs>

  <ThingDef Name="ShellBase" ParentName="ResourceBase" Abstract="True">
    <soundInteract>Metal_Drop</soundInteract>
    <soundDrop>Standard_Drop</soundDrop>
    <tickerType>Normal</tickerType>
    <stackLimit>25</stackLimit>
    <techLevel>Industrial</techLevel>
    <statBases>
      <MaxHitPoints>60</MaxHitPoints>
      <MarketValue>55</MarketValue>
      <Mass>1.25</Mass>
      <Flammability>1.0</Flammability>
      <DeteriorationRate>1.5</DeteriorationRate>
    </statBases>
    <thingCategories>
      <li>MortarShells</li>
    </thingCategories>
    <tradeTags>
      <li>MortarShell</li>
    </tradeTags>
  </ThingDef>

  <ThingDef Name="MakeableShellBase" ParentName="ShellBase" Abstract="True">
    <recipeMaker>
      <workSpeedStat>SmithingSpeed</workSpeedStat>
      <effectWorking>Cook</effectWorking>
      <soundWorking>Recipe_Machining</soundWorking>
      <workAmount>800</workAmount>
      <targetCountAdjustment>5</targetCountAdjustment>
      <workSkill>Crafting</workSkill>
      <recipeUsers>
        <li>TableMachining</li>
      </recipeUsers>
      <skillRequirements>
        <Crafting>4</Crafting>
      </skillRequirements>
    </recipeMaker>
  </ThingDef>

  <!-- High-explosive -->

  <ThingDef ParentName="MakeableShellBase">
    <defName>Shell_HighExplosive</defName>
    <label>high-explosive shell</label>
    <description>A shell filled with high explosives. Can be fired from mortars or installed as a trap. Explodes when damaged.</description>
    <graphicData>
      <texPath>Things/Item/Resource/Shell/Shell_HighExplosive</texPath>
      <graphicClass>Graphic_Single</graphicClass>
    </graphicData>
    <comps>
      <li Class="CompProperties_Explosive">
        <explosiveRadius>2.9</explosiveRadius>
        <explosiveDamageType>Bomb</explosiveDamageType>
        <explosiveExpandPerStackcount>0.4</explosiveExpandPerStackcount>
        <startWickHitPointsPercent>0.7</startWickHitPointsPercent>
        <wickTicks>
          <min>30</min>
          <max>60</max>
        </wickTicks>
      </li>
    </comps>
    <projectileWhenLoaded>Bullet_Shell_HighExplosive</projectileWhenLoaded>
    <costList>
      <Steel>15</Steel>
      <Chemfuel>10</Chemfuel>
    </costList>
  </ThingDef>
  
  <ThingDef ParentName="BaseBullet">
    <defName>Bullet_Shell_HighExplosive</defName>
    <label>high-explosive shell</label>
    <graphicData>
      <texPath>Things/Projectile/ShellHighExplosive</texPath>
      <graphicClass>Graphic_Single</graphicClass>
      <shaderType>TransparentPostLight</shaderType>
    </graphicData>
    <thingClass>Projectile_Explosive</thingClass>
    <projectile>
      <damageDef>Bomb</damageDef>
      <!-- damage amount is the damage def default -->
      <speed>41</speed>
      <explosionRadius>3.5</explosionRadius>
      <flyOverhead>true</flyOverhead>
      <soundHitThickRoof>Artillery_HitThickRoof</soundHitThickRoof>
      <soundExplode>MortarBomb_Explode</soundExplode>
      <soundImpactAnticipate>MortarRound_PreImpact</soundImpactAnticipate>
      <soundAmbient>MortarRound_Ambient</soundAmbient>
    </projectile>
  </ThingDef>

  <!-- Incendiary -->

  <ThingDef ParentName="MakeableShellBase">
    <defName>Shell_Incendiary</defName>
    <label>incendiary shell</label>
    <description>A shell filled with flammable gel and a small explosive charge. Starts fires when detonated. Can be fired from mortars or installed as a trap. Explodes when damaged.</description>
    <graphicData>
      <texPath>Things/Item/Resource/Shell/Shell_Incendiary</texPath>
      <graphicClass>Graphic_Single</graphicClass>
    </graphicData>
    <comps>
      <li Class="CompProperties_Explosive">
        <explosiveRadius>2.9</explosiveRadius>
        <explosiveDamageType>Flame</explosiveDamageType>
        <explosiveExpandPerStackcount>0.4</explosiveExpandPerStackcount>
        <startWickHitPointsPercent>0.7</startWickHitPointsPercent>
        <wickTicks>
          <min>30</min>
          <max>60</max>
        </wickTicks>
      </li>
    </comps>
    <projectileWhenLoaded>Bullet_Shell_Incendiary</projectileWhenLoaded>
    <costList>
      <Steel>10</Steel>
      <Chemfuel>15</Chemfuel>
    </costList>
  </ThingDef>
  
  <ThingDef ParentName="BaseBullet">
    <defName>Bullet_Shell_Incendiary</defName>
    <label>incendiary shell</label>
    <graphicData>
      <texPath>Things/Projectile/ShellIncendiary</texPath>
      <graphicClass>Graphic_Single</graphicClass>
      <shaderType>TransparentPostLight</shaderType>
    </graphicData>
    <thingClass>Projectile_Explosive</thingClass>
    <projectile>
      <damageDef>Flame</damageDef>
      <!-- damage amount is the damage def default -->
      <speed>41</speed>
      <explosionRadius>2.9</explosionRadius>
      <preExplosionSpawnThingDef>Filth_Fuel</preExplosionSpawnThingDef>
      <preExplosionSpawnChance>0.25</preExplosionSpawnChance>
      <flyOverhead>true</flyOverhead>
      <soundHitThickRoof>Artillery_HitThickRoof</soundHitThickRoof>
      <soundExplode>MortarIncendiary_Explode</soundExplode>
      <soundImpactAnticipate>MortarRound_PreImpact</soundImpactAnticipate>
      <soundAmbient>MortarRound_Ambient</soundAmbient>
      <ai_IsIncendiary>true</ai_IsIncendiary>
    </projectile>
  </ThingDef>

  <!-- EMP -->

  <ThingDef ParentName="MakeableShellBase">
    <defName>Shell_EMP</defName>
    <label>EMP shell</label>
    <description>A shell filled with batteries and antennas, for generating an electromagnetic pulse when detonated. Electromagnetic pulses temporarily disable electrical devices and mechanoids. Can be fired from mortars or installed as a trap. Explodes when damaged.</description>
    <graphicData>
      <texPath>Things/Item/Resource/Shell/Shell_EMP</texPath>
      <graphicClass>Graphic_Single</graphicClass>
    </graphicData>
    <comps>
      <li Class="CompProperties_Explosive">
        <explosiveRadius>11.9</explosiveRadius>
        <explosiveDamageType>EMP</explosiveDamageType>
        <explosiveExpandPerStackcount>0.4</explosiveExpandPerStackcount>
        <startWickHitPointsPercent>0.7</startWickHitPointsPercent>
        <wickTicks>
          <min>30</min>
          <max>60</max>
        </wickTicks>
      </li>
    </comps>
    <projectileWhenLoaded>Bullet_Shell_EMP</projectileWhenLoaded>
    <costList>
      <Steel>15</Steel>
      <ComponentIndustrial>1</ComponentIndustrial>
    </costList>
  </ThingDef>

  <ThingDef ParentName="BaseBullet">
    <defName>Bullet_Shell_EMP</defName>
    <label>EMP shell</label>
    <graphicData>
      <texPath>Things/Projectile/ShellEMP</texPath>
      <graphicClass>Graphic_Single</graphicClass>
      <shaderType>TransparentPostLight</shaderType>
    </graphicData>
    <thingClass>Projectile_Explosive</thingClass>
    <projectile>
      <damageDef>EMP</damageDef>
      <!-- damage amount is the damage def default -->
      <speed>41</speed>
      <explosionRadius>8.5</explosionRadius>
      <flyOverhead>true</flyOverhead>
      <soundHitThickRoof>Artillery_HitThickRoof</soundHitThickRoof>
      <soundExplode>Explosion_EMP</soundExplode>
      <soundImpactAnticipate>MortarRound_PreImpact</soundImpactAnticipate>
      <soundAmbient>MortarRound_Ambient</soundAmbient>
    </projectile>
  </ThingDef>

  <!-- Firefoam -->

  <ThingDef ParentName="MakeableShellBase">
    <defName>Shell_Firefoam</defName>
    <label>firefoam shell</label>
    <description>A pressurized shell filled with fire-retardant foam. Can be fired from mortars or installed as a trap. Explodes when damaged.</description>
    <graphicData>
      <texPath>Things/Item/Resource/Shell/Shell_Firefoam</texPath>
      <graphicClass>Graphic_Single</graphicClass>
    </graphicData>
    <comps>
      <li Class="CompProperties_Explosive">
        <explosiveRadius>9.9</explosiveRadius>
        <explosiveDamageType>Extinguish</explosiveDamageType>
        <explosiveExpandPerStackcount>0.4</explosiveExpandPerStackcount>
        <startWickHitPointsPercent>0.7</startWickHitPointsPercent>
        <postExplosionSpawnThingDef>Filth_FireFoam</postExplosionSpawnThingDef>
        <postExplosionSpawnChance>1</postExplosionSpawnChance>
        <postExplosionSpawnThingCount>3</postExplosionSpawnThingCount>
        <applyDamageToExplosionCellsNeighbors>true</applyDamageToExplosionCellsNeighbors>
        <explosionEffect>ExtinguisherExplosion</explosionEffect>
        <wickTicks>
          <min>30</min>
          <max>60</max>
        </wickTicks>
      </li>
    </comps>
    <projectileWhenLoaded>Bullet_Shell_Firefoam</projectileWhenLoaded>
    <costList>
      <Steel>25</Steel>
    </costList>
  </ThingDef>

  <ThingDef ParentName="BaseBullet">
    <defName>Bullet_Shell_Firefoam</defName>
    <label>firefoam shell</label>
    <graphicData>
      <texPath>Things/Projectile/ShellFirefoam</texPath>
      <graphicClass>Graphic_Single</graphicClass>
      <shaderType>TransparentPostLight</shaderType>
    </graphicData>
    <thingClass>Projectile_Explosive</thingClass>
    <projectile>
      <damageDef>Extinguish</damageDef>
      <!-- damage amount is the damage def default -->
      <speed>41</speed>
      <explosionRadius>5</explosionRadius>
      <flyOverhead>true</flyOverhead>
      <soundHitThickRoof>Artillery_HitThickRoof</soundHitThickRoof>
      <soundExplode>Explosion_EMP</soundExplode>
      <soundImpactAnticipate>MortarRound_PreImpact</soundImpactAnticipate>
      <soundAmbient>MortarRound_Ambient</soundAmbient>
      <postExplosionSpawnThingDef>Filth_FireFoam</postExplosionSpawnThingDef>
      <postExplosionSpawnChance>1</postExplosionSpawnChance>
      <postExplosionSpawnThingCount>3</postExplosionSpawnThingCount>
      <applyDamageToExplosionCellsNeighbors>true</applyDamageToExplosionCellsNeighbors>
      <explosionEffect>ExtinguisherExplosion</explosionEffect>
    </projectile>
  </ThingDef>

  <!-- Antigrain warhead -->

  <ThingDef ParentName="ShellBase">
    <defName>Shell_AntigrainWarhead</defName>
    <label>antigrain warhead</label>
    <description>An ultra-tech warhead powered by a grain of antimatter. Usually used by spacecraft or glitterworld war machines, it creates a huge explosion and starts fires around the target. Can be fired from mortars or installed as a trap. Explodes when damaged.</description>
    <graphicData>
      <texPath>Things/Item/Resource/Shell/Shell_AntigrainWarhead</texPath>
      <graphicClass>Graphic_Single</graphicClass>
    </graphicData>
    <tradeability>Sellable</tradeability>
    <statBases>
      <MarketValue>1200</MarketValue>
    </statBases>
    <thingSetMakerTags>
      <li>RewardSpecial</li>
    </thingSetMakerTags>
    <comps>
      <li Class="CompProperties_Explosive">
        <explosiveRadius>15</explosiveRadius>
        <explosiveDamageType>BombSuper</explosiveDamageType>
        <explosiveExpandPerStackcount>0.4</explosiveExpandPerStackcount>
        <startWickHitPointsPercent>0.7</startWickHitPointsPercent>
        <chanceToStartFire>0.22</chanceToStartFire>
        <damageFalloff>true</damageFalloff>
        <explosionEffect>GiantExplosion</explosionEffect>
        <explosionSound>Explosion_GiantBomb</explosionSound>
        <wickTicks>
          <min>60</min>
          <max>120</max>
        </wickTicks>
      </li>
    </comps>
    <projectileWhenLoaded>Bullet_Shell_AntigrainWarhead</projectileWhenLoaded>
  </ThingDef>
  
  <ThingDef ParentName="BaseBullet">
    <defName>Bullet_Shell_AntigrainWarhead</defName>
    <label>antigrain warhead</label>
    <graphicData>
      <texPath>Things/Projectile/ShellAntigrainWarhead</texPath>
      <graphicClass>Graphic_Single</graphicClass>
      <shaderType>TransparentPostLight</shaderType>
    </graphicData>
    <thingClass>Projectile_Explosive</thingClass>
    <projectile>
      <damageDef>BombSuper</damageDef>
      <speed>41</speed>
      <explosionRadius>15</explosionRadius>
      <explosionChanceToStartFire>0.22</explosionChanceToStartFire>
      <explosionDamageFalloff>true</explosionDamageFalloff>
      <explosionEffect>GiantExplosion</explosionEffect>
      <flyOverhead>true</flyOverhead>
      <soundHitThickRoof>Artillery_HitThickRoof</soundHitThickRoof>
      <soundExplode>Explosion_GiantBomb</soundExplode>
      <soundImpactAnticipate>MortarRound_PreImpact</soundImpactAnticipate>
      <soundAmbient>MortarRound_Ambient</soundAmbient>
    </projectile>
  </ThingDef>

</Defs>
