﻿<?xml version="1.0" encoding="utf-8" ?>
<Defs>

  <ThingDef Name="ImplantBase" Abstract="True">
    <label>implant</label>
    <thingClass>ThingWithComps</thingClass>
    <category>Item</category>
    <useHitPoints>true</useHitPoints>
    <selectable>true</selectable>
    <statBases>
      <MaxHitPoints>50</MaxHitPoints>
      <Flammability>0.7</Flammability>
			<DeteriorationRate>2.0</DeteriorationRate>
			<Beauty>-4</Beauty>
		</statBases>
    <altitudeLayer>Item</altitudeLayer>
    <tickerType>Never</tickerType>
    <alwaysHaulable>true</alwaysHaulable>
    <isTechHediff>true</isTechHediff>
    <techLevel>Spacer</techLevel>
    <tradeTags>
      <li>TechHediff</li>
    </tradeTags>
    <comps>
      <li Class="CompProperties_Forbiddable"/>
    </comps>
    <thingCategories>
      <li>BodyPartsArtificial</li>
    </thingCategories>
    <pathCost>10</pathCost>
  </ThingDef>

  <ThingDef ParentName="ImplantBase">
    <defName>Joywire</defName>
    <label>joywire</label>
    <description>A brain implant that stimulates the brain's pleasure centers. While it dramatically improves a user's mood, the blanket of happiness makes it hard to concentrate on anything real. Joywires are illegal on many worlds, and are known for destroying whole cultures.</description>
    <graphicData>
      <texPath>Things/Item/Health/HealthItemBionic</texPath>
      <graphicClass>Graphic_Single</graphicClass>
      <drawSize>0.80</drawSize>
    </graphicData>
    <thingSetMakerTags>
      <li>RewardSpecial</li>
    </thingSetMakerTags>
    <statBases>
      <MarketValue>800</MarketValue>
      <Mass>0.2</Mass>
    </statBases>
    <techHediffsTags>
      <li>Advanced</li>
    </techHediffsTags>
  </ThingDef>
  
  <ThingDef ParentName="ImplantBase">
    <defName>Painstopper</defName>
    <label>painstopper</label>
    <description>A brain implant which inhibits nociception, or pain sensation. While it does allow the user to accomplish more, it turns out pain has a purpose. When you don't feel it, you can get hurt really bad really easily.</description>
    <graphicData>
      <texPath>Things/Item/Health/HealthItemBionic</texPath>
      <graphicClass>Graphic_Single</graphicClass>
      <drawSize>0.80</drawSize>
    </graphicData>
    <thingSetMakerTags>
      <li>RewardSpecial</li>
    </thingSetMakerTags>
    <statBases>
      <MarketValue>800</MarketValue>
      <Mass>0.08</Mass>
    </statBases>
    <techHediffsTags>
      <li>Advanced</li>
    </techHediffsTags>
  </ThingDef>
  
</Defs>
