﻿<?xml version="1.0" encoding="utf-8" ?>
<Defs>

  <!--=============== Pure stuffs: Basics ====================-->


  <ThingDef ParentName="ResourceBase">
    <defName>Silver</defName>
    <label>silver</label>
    <description>This metal is mostly used as a commodity currency. It can also be used for making decorations.</description>
    <graphicData>
      <texPath>Things/Item/Resource/Silver</texPath>
      <graphicClass>Graphic_StackCount</graphicClass>
    </graphicData>
    <resourceReadoutPriority>First</resourceReadoutPriority>
    <soundInteract>Silver_Drop</soundInteract>
    <soundDrop>Silver_Drop</soundDrop>
    <useHitPoints>false</useHitPoints>
    <healthAffectsPrice>false</healthAffectsPrice>
    <resourceReadoutAlwaysShow>true</resourceReadoutAlwaysShow>
    <statBases>
      <MarketValue>1</MarketValue>
      <Mass>0.008</Mass>
      <StuffPower_Armor_Sharp>0.72</StuffPower_Armor_Sharp>
      <StuffPower_Armor_Blunt>0.36</StuffPower_Armor_Blunt>
      <StuffPower_Armor_Heat>0.36</StuffPower_Armor_Heat>
      <StuffPower_Insulation_Cold>3</StuffPower_Insulation_Cold>
      <StuffPower_Insulation_Heat>0</StuffPower_Insulation_Heat>
      <SharpDamageMultiplier>0.85</SharpDamageMultiplier>
      <BluntDamageMultiplier>1.0</BluntDamageMultiplier>
    </statBases>
    <thingCategories>
      <li>ResourcesRaw</li>
    </thingCategories>
    <stackLimit>500</stackLimit>
    <smallVolume>true</smallVolume>
    <deepCommonality>0.5</deepCommonality>
    <deepCountPerPortion>40</deepCountPerPortion>
    <deepLumpSizeRange>2~10</deepLumpSizeRange>
    <burnableByRecipe>false</burnableByRecipe>
    <smeltable>true</smeltable>
    <stuffProps>
      <categories>
        <li>Metallic</li>
      </categories>
      <color>(180,173,150)</color>
      <commonality>0.05</commonality>
      <constructEffect>ConstructMetal</constructEffect>
      <soundImpactStuff>BulletImpact_Metal</soundImpactStuff>
      <soundMeleeHitSharp>MeleeHit_Metal_Sharp</soundMeleeHitSharp>
      <soundMeleeHitBlunt>MeleeHit_Metal_Blunt</soundMeleeHitBlunt>
      <statOffsets>
        <Beauty>6</Beauty>
      </statOffsets>
      <statFactors>
        <MaxHitPoints>0.7</MaxHitPoints>
        <Flammability>0.4</Flammability>
        <Beauty>2</Beauty>
      </statFactors>
    </stuffProps>
    <terrainAffordanceNeeded>Medium</terrainAffordanceNeeded>
  </ThingDef>

  <ThingDef ParentName="ResourceBase">
    <defName>Gold</defName>
    <label>gold</label>
    <description>The most seductive metal of them all. While it is too soft to be of much practical use, it is strikingly beautiful and never tarnishes. Millions have died in attempting to feed the endless human thirst for gold.</description>
    <graphicData>
      <texPath>Things/Item/Resource/Gold</texPath>
      <graphicClass>Graphic_StackCount</graphicClass>
    </graphicData>
    <soundInteract>Silver_Drop</soundInteract>
    <soundDrop>Silver_Drop</soundDrop>
    <useHitPoints>false</useHitPoints>
    <healthAffectsPrice>false</healthAffectsPrice>
    <statBases>
      <MarketValue>10</MarketValue>
      <RoyalFavorValue>0.01</RoyalFavorValue>
      <Mass>0.008</Mass>
      <StuffPower_Armor_Sharp>0.72</StuffPower_Armor_Sharp>
      <StuffPower_Armor_Blunt>0.36</StuffPower_Armor_Blunt>
      <StuffPower_Armor_Heat>0.36</StuffPower_Armor_Heat>
      <StuffPower_Insulation_Cold>3</StuffPower_Insulation_Cold>
      <StuffPower_Insulation_Heat>0</StuffPower_Insulation_Heat>
      <SharpDamageMultiplier>0.75</SharpDamageMultiplier>
      <BluntDamageMultiplier>1.0</BluntDamageMultiplier>
    </statBases>
    <thingCategories>
      <li>ResourcesRaw</li>
    </thingCategories>
    <stackLimit>500</stackLimit>
    <smallVolume>true</smallVolume>
    <deepCommonality>0.5</deepCommonality>
    <deepCountPerPortion>10</deepCountPerPortion>
    <deepLumpSizeRange>1~5</deepLumpSizeRange>
    <burnableByRecipe>false</burnableByRecipe>
    <smeltable>true</smeltable>
    <stuffProps>
      <stuffAdjective>golden</stuffAdjective>
      <categories>
        <li>Metallic</li>
      </categories>
      <commonality>0.02</commonality>
      <color>(255,235,122)</color>
      <constructEffect>ConstructMetal</constructEffect>
      <soundImpactStuff>BulletImpact_Metal</soundImpactStuff>
      <soundMeleeHitSharp>MeleeHit_Metal_Sharp</soundMeleeHitSharp>
      <soundMeleeHitBlunt>MeleeHit_Metal_Blunt</soundMeleeHitBlunt>
      <statOffsets>
        <Beauty>20</Beauty>
      </statOffsets>
      <statFactors>
        <MaxHitPoints>0.6</MaxHitPoints>
        <Flammability>0.4</Flammability>
        <Beauty>4</Beauty>
        <WorkToMake>0.9</WorkToMake>
        <WorkToBuild>0.9</WorkToBuild>
        <MeleeWeapon_CooldownMultiplier>1.0</MeleeWeapon_CooldownMultiplier>
      </statFactors>
    </stuffProps>
    <terrainAffordanceNeeded>Medium</terrainAffordanceNeeded>
  </ThingDef>

  <ThingDef ParentName="ResourceBase">
    <defName>Steel</defName>
    <label>steel</label>
    <description>An iron-carbon metal alloy used for building a huge variety of structures, weapons, and machines.</description>
    <graphicData>
      <texPath>Things/Item/Resource/Steel</texPath>
      <graphicClass>Graphic_StackCount</graphicClass>
    </graphicData>
    <soundInteract>Metal_Drop</soundInteract>
    <soundDrop>Metal_Drop</soundDrop>
    <statBases>
      <MarketValue>1.9</MarketValue>
      <Mass>0.5</Mass>
      <StuffPower_Armor_Sharp>0.9</StuffPower_Armor_Sharp>
      <StuffPower_Armor_Blunt>0.45</StuffPower_Armor_Blunt>
      <StuffPower_Armor_Heat>0.60</StuffPower_Armor_Heat>
      <StuffPower_Insulation_Cold>3</StuffPower_Insulation_Cold>
      <StuffPower_Insulation_Heat>0</StuffPower_Insulation_Heat>
      <SharpDamageMultiplier>1</SharpDamageMultiplier>
      <BluntDamageMultiplier>1</BluntDamageMultiplier>
    </statBases>
    <useHitPoints>false</useHitPoints>
    <healthAffectsPrice>false</healthAffectsPrice>
    <slagDef>ChunkSlagSteel</slagDef>
    <thingCategories>
      <li>ResourcesRaw</li>
    </thingCategories>
    <deepCommonality>4</deepCommonality>
    <deepCountPerPortion>35</deepCountPerPortion>
    <deepLumpSizeRange>20~40</deepLumpSizeRange>
    <burnableByRecipe>false</burnableByRecipe>
    <smeltable>true</smeltable>
    <stuffProps>
      <categories>
        <li>Metallic</li>
      </categories>
      <commonality>1.00</commonality>
      <constructEffect>ConstructMetal</constructEffect>
      <color>(105,105,105)</color>
      <soundImpactStuff>BulletImpact_Metal</soundImpactStuff>
      <soundMeleeHitSharp>MeleeHit_Metal_Sharp</soundMeleeHitSharp>
      <soundMeleeHitBlunt>MeleeHit_Metal_Blunt</soundMeleeHitBlunt>
      <statFactors>
        <MaxHitPoints>1</MaxHitPoints>
        <Beauty>1</Beauty>
        <Flammability>0.4</Flammability>
      </statFactors>
    </stuffProps>
    <terrainAffordanceNeeded>Medium</terrainAffordanceNeeded>
  </ThingDef>

  <ThingDef ParentName="ResourceBase">
    <defName>Plasteel</defName>
    <label>plasteel</label>
    <description>Advanced spacer tech structural material. Plasteel is extremely strong due to its unique molecular structure.</description>
    <graphicData>
      <texPath>Things/Item/Resource/Plasteel</texPath>
      <graphicClass>Graphic_StackCount</graphicClass>
    </graphicData>
    <soundInteract>Metal_Drop</soundInteract>
    <soundDrop>Metal_Drop</soundDrop>
    <useHitPoints>false</useHitPoints>
    <healthAffectsPrice>false</healthAffectsPrice>
    <statBases>
      <MarketValue>9</MarketValue>
      <Mass>0.25</Mass>
      <StuffPower_Armor_Sharp>1.14</StuffPower_Armor_Sharp>
      <StuffPower_Armor_Blunt>0.55</StuffPower_Armor_Blunt>
      <StuffPower_Armor_Heat>0.65</StuffPower_Armor_Heat>
      <StuffPower_Insulation_Cold>3</StuffPower_Insulation_Cold>
      <StuffPower_Insulation_Heat>0</StuffPower_Insulation_Heat>
      <SharpDamageMultiplier>1.1</SharpDamageMultiplier>
      <BluntDamageMultiplier>0.9</BluntDamageMultiplier>
    </statBases>
    <thingCategories>
      <li>ResourcesRaw</li>
    </thingCategories>
    <deepCommonality>1</deepCommonality>
    <deepCountPerPortion>7</deepCountPerPortion>
    <deepLumpSizeRange>2~10</deepLumpSizeRange>
    <burnableByRecipe>false</burnableByRecipe>
    <smeltable>true</smeltable>
    <stuffProps>
      <categories>
        <li>Metallic</li>
      </categories>
      <commonality>0.05</commonality>
      <constructEffect>ConstructMetal</constructEffect>
      <color>(160,178,181)</color>
      <soundImpactStuff>BulletImpact_Metal</soundImpactStuff>
      <soundMeleeHitSharp>MeleeHit_Metal_Sharp</soundMeleeHitSharp>
      <soundMeleeHitBlunt>MeleeHit_Metal_Blunt</soundMeleeHitBlunt>
      <statFactors>
        <MaxHitPoints>2.8</MaxHitPoints>
        <Beauty>1</Beauty>
        <Flammability>0.2</Flammability>
        <WorkToMake>2.2</WorkToMake>
        <WorkToBuild>2.2</WorkToBuild>
        <MeleeWeapon_CooldownMultiplier>0.8</MeleeWeapon_CooldownMultiplier>
      </statFactors>
    </stuffProps>
    <terrainAffordanceNeeded>Medium</terrainAffordanceNeeded>
  </ThingDef>



  <ThingDef ParentName="ResourceVerbBase">
    <defName>WoodLog</defName>
    <label>wood</label>
    <description>Wood from trees or other fibrous plants. Useful for building structures and weapons. It is a good fuel for campfires and generators, and can be refined into chemfuel. In a pinch, a piece of wood can be used as a weapon or a leg.</description>
    <graphicData>
      <texPath>Things/Item/Resource/WoodLog</texPath>
      <graphicClass>Graphic_StackCount</graphicClass>
    </graphicData>
    <equippedAngleOffset>-20</equippedAngleOffset>
    <soundInteract>Wood_Drop</soundInteract>
    <soundDrop>Wood_Drop</soundDrop>
    <statBases>
      <MarketValue>1.2</MarketValue>
      <MaxHitPoints>150</MaxHitPoints>
      <Mass>0.4</Mass> 
      <Flammability>1.0</Flammability>
      <DeteriorationRate>0.5</DeteriorationRate>
      <StuffPower_Armor_Sharp>0.54</StuffPower_Armor_Sharp>
      <StuffPower_Armor_Blunt>0.54</StuffPower_Armor_Blunt>
      <StuffPower_Armor_Heat>0.40</StuffPower_Armor_Heat>
      <StuffPower_Insulation_Cold>8</StuffPower_Insulation_Cold>
      <StuffPower_Insulation_Heat>4</StuffPower_Insulation_Heat>
      <SharpDamageMultiplier>0.45</SharpDamageMultiplier>
      <BluntDamageMultiplier>0.9</BluntDamageMultiplier>
    </statBases>
    <burnableByRecipe>true</burnableByRecipe>
    <healthAffectsPrice>false</healthAffectsPrice>
    <stuffProps>
      <stuffAdjective>wooden</stuffAdjective>
      <categories>
        <li>Woody</li>
      </categories>
      <commonality>1.00</commonality>
      <color>(133,97,67)</color>
      <constructEffect>ConstructWood</constructEffect>
      <appearance>Planks</appearance>
      <soundImpactStuff>BulletImpact_Wood</soundImpactStuff>
      <soundMeleeHitSharp>MeleeHit_Wood</soundMeleeHitSharp>
      <soundMeleeHitBlunt>MeleeHit_Wood</soundMeleeHitBlunt>
      <statFactors>
        <MaxHitPoints>0.65</MaxHitPoints>
        <Beauty>1</Beauty>
        <Flammability>1</Flammability>
        <WorkToMake>0.7</WorkToMake>
        <WorkToBuild>0.7</WorkToBuild>
        <DoorOpenSpeed>1.2</DoorOpenSpeed>
      </statFactors>
    </stuffProps>
    <isTechHediff>true</isTechHediff>
    <thingCategories>
      <li>ResourcesRaw</li>
    </thingCategories>
    <techHediffsTags>
      <li>Poor</li>
    </techHediffsTags>
    <tools>
      <li>
        <label>log</label>
        <capacities>
          <li>Blunt</li>
        </capacities>
        <power>10</power>
        <cooldownTime>2</cooldownTime>
      </li>
    </tools>
    <terrainAffordanceNeeded>Light</terrainAffordanceNeeded>
  </ThingDef>


  <ThingDef ParentName="ResourceBase">
    <defName>Uranium</defName>
    <label>uranium</label>
    <description>A dark, heavy metal. While it is best known as a fuel for nuclear devices, its extreme density and hardness also make it good for making certain weapons, armor, and ammunition.</description>
    <graphicData>
      <texPath>Things/Item/Resource/Uranium</texPath>
      <graphicClass>Graphic_StackCount</graphicClass>
    </graphicData>
    <useHitPoints>false</useHitPoints>
    <healthAffectsPrice>false</healthAffectsPrice>
    <soundInteract>Metal_Drop</soundInteract>
    <soundDrop>Metal_Drop</soundDrop>
    <statBases>
      <MarketValue>6</MarketValue>
      <Mass>1</Mass>
      <StuffPower_Armor_Sharp>1.08</StuffPower_Armor_Sharp>
      <StuffPower_Armor_Blunt>0.54</StuffPower_Armor_Blunt>
      <StuffPower_Armor_Heat>0.65</StuffPower_Armor_Heat>
      <StuffPower_Insulation_Cold>3</StuffPower_Insulation_Cold>
      <StuffPower_Insulation_Heat>0</StuffPower_Insulation_Heat>
      <SharpDamageMultiplier>1.1</SharpDamageMultiplier>
      <BluntDamageMultiplier>1.5</BluntDamageMultiplier>
    </statBases>
    <thingCategories>
      <li>ResourcesRaw</li>
    </thingCategories>
    <deepCommonality>1</deepCommonality>
    <deepCountPerPortion>10</deepCountPerPortion>
    <deepLumpSizeRange>4~10</deepLumpSizeRange>
    <burnableByRecipe>false</burnableByRecipe>
    <smeltable>true</smeltable>
    <stuffProps>
      <categories>
        <li>Metallic</li>
      </categories>
      <commonality>0.05</commonality>
      <color>(100,100,100)</color>
      <constructEffect>ConstructMetal</constructEffect>
      <soundImpactStuff>BulletImpact_Metal</soundImpactStuff>
      <soundMeleeHitSharp>MeleeHit_Metal_Sharp</soundMeleeHitSharp>
      <soundMeleeHitBlunt>MeleeHit_Metal_Blunt</soundMeleeHitBlunt>
      <statFactors>
        <MaxHitPoints>2.5</MaxHitPoints>
        <WorkToMake>1.9</WorkToMake>
        <WorkToBuild>1.9</WorkToBuild>
        <Beauty>0.5</Beauty>
        <Flammability>0.0</Flammability>
        <DoorOpenSpeed>0.75</DoorOpenSpeed>
        <MeleeWeapon_CooldownMultiplier>1.10</MeleeWeapon_CooldownMultiplier>
      </statFactors>
    </stuffProps>
    <terrainAffordanceNeeded>Medium</terrainAffordanceNeeded>
  </ThingDef>


  <ThingDef ParentName="ResourceBase">
    <defName>Jade</defName>
    <label>jade</label>
    <description>A hard, green stone. Because of its beauty and rarity, jade is often used for ornaments and decorations. Its hardness and density also makes it a good material for blunt weapons.</description>
    <graphicData>
      <texPath>Things/Item/Resource/Jade</texPath>
      <graphicClass>Graphic_StackCount</graphicClass>
    </graphicData>
    <useHitPoints>false</useHitPoints>
    <healthAffectsPrice>false</healthAffectsPrice>
    <soundInteract>ChunkRock_Drop</soundInteract>
    <soundDrop>ChunkRock_Drop</soundDrop>
    <statBases>
      <MarketValue>5</MarketValue>
      <Mass>0.5</Mass>
      <StuffPower_Armor_Sharp>0.9</StuffPower_Armor_Sharp>
      <StuffPower_Armor_Blunt>0.45</StuffPower_Armor_Blunt>
      <StuffPower_Armor_Heat>0.54</StuffPower_Armor_Heat>
      <StuffPower_Insulation_Cold>3</StuffPower_Insulation_Cold>
      <StuffPower_Insulation_Heat>0</StuffPower_Insulation_Heat>
      <BluntDamageMultiplier>1.5</BluntDamageMultiplier>
    </statBases>
    <thingCategories>
      <li>ResourcesRaw</li>
    </thingCategories>
    <deepCommonality>0.5</deepCommonality>
    <deepCountPerPortion>10</deepCountPerPortion>
    <deepLumpSizeRange>1~5</deepLumpSizeRange>
    <burnableByRecipe>false</burnableByRecipe>
    <smeltable>false</smeltable>
    <stuffProps>
      <categories>
        <li>Stony</li>
      </categories>
      <commonality>0.05</commonality>
      <color>(85,118,69)</color>
      <constructEffect>ConstructMetal</constructEffect>
      <soundImpactStuff>BulletImpact_Metal</soundImpactStuff>
      <soundMeleeHitSharp>MeleeHit_Stone</soundMeleeHitSharp>
      <soundMeleeHitBlunt>MeleeHit_Stone</soundMeleeHitBlunt>
      <statOffsets>
        <Beauty>10</Beauty>
      </statOffsets>
      <statFactors>
        <MaxHitPoints>0.5</MaxHitPoints>
        <WorkToMake>1.4</WorkToMake>
        <WorkToBuild>5.0</WorkToBuild>
        <Beauty>2.5</Beauty>
        <Flammability>0</Flammability>
        <MeleeWeapon_CooldownMultiplier>1.3</MeleeWeapon_CooldownMultiplier>
      </statFactors>
    </stuffProps>
    <terrainAffordanceNeeded>Heavy</terrainAffordanceNeeded>
  </ThingDef>




  
  
  <!--=============== Pure stuffs: Fabric, leather, etc  ====================-->

  <ThingDef ParentName="ResourceBase">
    <defName>Cloth</defName>
    <label>cloth</label>
    <description>Cloth woven from organic fibers.</description>
    <graphicData>
      <texPath>Things/Item/Resource/Cloth</texPath>
      <graphicClass>Graphic_StackCount</graphicClass>
      <color>(162,157,152)</color>
    </graphicData>
    <statBases>
      <StuffPower_Armor_Sharp>0.36</StuffPower_Armor_Sharp>
      <StuffPower_Armor_Blunt>0</StuffPower_Armor_Blunt>
      <StuffPower_Armor_Heat>0.18</StuffPower_Armor_Heat>
      <StuffPower_Insulation_Cold>18</StuffPower_Insulation_Cold>
      <StuffPower_Insulation_Heat>18</StuffPower_Insulation_Heat>
      <MaxHitPoints>80</MaxHitPoints>
      <MarketValue>1.5</MarketValue>
      <Mass>0.026</Mass>
      <Flammability>1.2</Flammability>
      <DeteriorationRate>4</DeteriorationRate>
    </statBases>
    <burnableByRecipe>true</burnableByRecipe>
    <healthAffectsPrice>false</healthAffectsPrice>
    <stuffProps>
      <statFactors>
        <Flammability>1.2</Flammability>
        <Beauty>1</Beauty>
      </statFactors>
      <categories>
        <li>Fabric</li>
      </categories>
      <color>(162,157,152)</color>
      <commonality>1.4</commonality>
      <allowColorGenerators>true</allowColorGenerators>
    </stuffProps>
    <thingCategories>
      <li>Textiles</li>
    </thingCategories>
    <comps>
      <li>
        <compClass>CompColorable</compClass>
      </li>
    </comps>
    <colorGeneratorInTraderStock Class="ColorGenerator_Options">
      <options>
        <li>
          <weight>5</weight>
          <only>(0.33,0.33,0.33,1)</only>
        </li>
        <li>
          <weight>10</weight>
          <min>(0.3,0.3,0.3,1)</min>
          <max>(0.9,0.9,0.9,1)</max>
        </li>
        <li>
          <weight>5</weight>
          <only>(0.9,0.9,0.9,1)</only>
        </li>
      </options>
    </colorGeneratorInTraderStock>
  </ThingDef>

  <ThingDef ParentName="ResourceBase">
    <defName>Synthread</defName>
    <label>synthread</label>
    <description>Spacer-tech synthetic fabric designed for making ordinary clothes. It is soft, light, strong, and insulates well.</description>
    <graphicData>
      <texPath>Things/Item/Resource/Synthread</texPath>
      <graphicClass>Graphic_StackCount</graphicClass>
    </graphicData>
    <statBases>
      <MaxHitPoints>150</MaxHitPoints>
      <MarketValue>4</MarketValue>
      <Mass>0.025</Mass>
      <Flammability>0.7</Flammability>
      <DeteriorationRate>3</DeteriorationRate>
      <StuffPower_Armor_Sharp>0.94</StuffPower_Armor_Sharp>
      <StuffPower_Armor_Blunt>0.26</StuffPower_Armor_Blunt>
      <StuffPower_Armor_Heat>0.90</StuffPower_Armor_Heat>
      <StuffPower_Insulation_Cold>22</StuffPower_Insulation_Cold>
      <StuffPower_Insulation_Heat>22</StuffPower_Insulation_Heat>
    </statBases>
    <burnableByRecipe>true</burnableByRecipe>
    <healthAffectsPrice>false</healthAffectsPrice>
    <stuffProps>
      <categories>
        <li>Fabric</li>
      </categories>
      <commonality>0.15</commonality>
      <color>(174,219,228)</color>
      <statFactors>
        <Flammability>0.7</Flammability>
        <MaxHitPoints>1.3</MaxHitPoints>
        <Beauty>2.3</Beauty>
      </statFactors>
    </stuffProps>
    <thingCategories>
      <li>Textiles</li>
    </thingCategories>
  </ThingDef>

  <ThingDef ParentName="ResourceBase">
    <defName>DevilstrandCloth</defName>
    <label>devilstrand</label>
    <description>Fabric spun from microfibers extracted from devilstrand mushrooms. It is very tough, good at insulating, and protects exceptionally well against flame.</description>
    <graphicData>
      <texPath>Things/Item/Resource/Devilstrand</texPath>
      <graphicClass>Graphic_StackCount</graphicClass>
    </graphicData>
    <statBases>
      <MaxHitPoints>100</MaxHitPoints>
      <MarketValue>5.5</MarketValue>
      <Mass>0.032</Mass>
      <Flammability>0.4</Flammability>
      <DeteriorationRate>3</DeteriorationRate>
      <StuffPower_Armor_Sharp>1.40</StuffPower_Armor_Sharp>
      <StuffPower_Armor_Blunt>0.36</StuffPower_Armor_Blunt>
      <StuffPower_Armor_Heat>3.00</StuffPower_Armor_Heat>
      <StuffPower_Insulation_Cold>20</StuffPower_Insulation_Cold>
      <StuffPower_Insulation_Heat>24</StuffPower_Insulation_Heat>
    </statBases>
    <burnableByRecipe>true</burnableByRecipe>
    <healthAffectsPrice>false</healthAffectsPrice>
    <stuffProps>
      <categories>
        <li>Fabric</li>
      </categories>
      <commonality>0.20</commonality>
      <color>(180,60,60)</color>
      <statFactors>
        <Flammability>0.4</Flammability>
        <MaxHitPoints>1.3</MaxHitPoints>
        <Beauty>3.2</Beauty>
      </statFactors>
    </stuffProps>
    <thingCategories>
      <li>Textiles</li>
    </thingCategories>
    <comps>
      <li>
        <compClass>CompColorable</compClass>
      </li>
    </comps>
  </ThingDef>

  <ThingDef ParentName="ResourceBase">
    <defName>Hyperweave</defName>
    <label>hyperweave</label>
    <description>Nano-fibers woven into sheets molecule-by-molecule using specialized production mechanites. While it flexes freely most of the time, it stiffens to absorb blows as they land, and is incredibly difficult to break. The secrets of its production are known only to the most advanced glitterworld cultures.</description>
    <graphicData>
      <texPath>Things/Item/Resource/Hyperweave</texPath>
      <graphicClass>Graphic_StackCount</graphicClass>
    </graphicData>
    <statBases>
      <MaxHitPoints>200</MaxHitPoints>
      <MarketValue>9</MarketValue>
      <Mass>0.038</Mass>
      <Flammability>0.4</Flammability>
      <DeteriorationRate>1.0</DeteriorationRate>
      <StuffPower_Armor_Sharp>2.00</StuffPower_Armor_Sharp>
      <StuffPower_Armor_Blunt>0.54</StuffPower_Armor_Blunt>
      <StuffPower_Armor_Heat>2.88</StuffPower_Armor_Heat>
      <StuffPower_Insulation_Cold>26</StuffPower_Insulation_Cold>
      <StuffPower_Insulation_Heat>26</StuffPower_Insulation_Heat>
    </statBases>
    <burnableByRecipe>true</burnableByRecipe>
    <healthAffectsPrice>false</healthAffectsPrice>
    <stuffProps>
      <categories>
        <li>Fabric</li>
      </categories>
      <commonality>0.10</commonality>
      <color>(0,106,126)</color>
      <statFactors>
        <Flammability>0.4</Flammability>
        <MaxHitPoints>2.4</MaxHitPoints>
        <Beauty>5.5</Beauty>
      </statFactors>
    </stuffProps>
    <thingCategories>
      <li>Textiles</li>
    </thingCategories>
    <tradeTags>
      <li>ExoticMisc</li>
    </tradeTags>
    <thingSetMakerTags><li>RewardStandardHighFreq</li></thingSetMakerTags>
  </ThingDef>

  <!--=====================================================================-->
  <!--=============================== Wool ================================-->
  <!--=====================================================================-->

  <ThingDef ParentName="ResourceBase" Name="WoolBase" Abstract="True">
    <stackLimit>100</stackLimit>
    <graphicData>
      <texPath>Things/Item/Resource/Wool</texPath>
      <graphicClass>Graphic_Single</graphicClass>
    </graphicData>
    <statBases>
      <MaxHitPoints>90</MaxHitPoints>
      <MarketValue>2.7</MarketValue>
      <Mass>0.028</Mass>
      <Flammability>0.4</Flammability>
      <DeteriorationRate>3.4</DeteriorationRate>
      <StuffPower_Armor_Sharp>0.36</StuffPower_Armor_Sharp>
      <StuffPower_Armor_Blunt>0.00</StuffPower_Armor_Blunt>
      <StuffPower_Armor_Heat>1.10</StuffPower_Armor_Heat>
    </statBases>
    <burnableByRecipe>true</burnableByRecipe>
    <healthAffectsPrice>false</healthAffectsPrice>
    <stuffProps>
      <statFactors>
        <Flammability>1.7</Flammability>
        <Beauty>1.5</Beauty>
      </statFactors>
      <categories>
        <li>Fabric</li>
      </categories>
      <commonality>0.12</commonality>
    </stuffProps>
    <thingCategories>
      <li>Textiles</li>
    </thingCategories>
  </ThingDef>

  <ThingDef ParentName="WoolBase">
    <defName>WoolMegasloth</defName>
    <label>megasloth wool</label>
    <description>While somewhat coarse, megasloth wool's long fibers make it very strong. It is exceptionally warm.</description>
    <graphicData>
      <color>(189,161,116)</color>
    </graphicData>
    <statBases>
      <StuffPower_Armor_Sharp>0.80</StuffPower_Armor_Sharp>
      <StuffPower_Insulation_Cold>34</StuffPower_Insulation_Cold>
      <StuffPower_Insulation_Heat>12</StuffPower_Insulation_Heat>
    </statBases>
    <stuffProps>
      <color>(189,161,116)</color>
    </stuffProps>
  </ThingDef>

  <ThingDef ParentName="WoolBase">
    <defName>WoolMuffalo</defName>
    <label>muffalo wool</label>
    <description>Soft, light and provides very good insulation. Muffalo wool clothes can keep the body warm even in very cold conditions.</description>
    <graphicData>
      <color>(179,192,186)</color>
    </graphicData>
    <statBases>
      <StuffPower_Insulation_Cold>30</StuffPower_Insulation_Cold>
      <StuffPower_Insulation_Heat>12</StuffPower_Insulation_Heat>
    </statBases>
    <stuffProps>
      <color>(179,192,186)</color>
    </stuffProps>
  </ThingDef>

  <ThingDef ParentName="WoolBase">
    <defName>WoolAlpaca</defName>
    <label>alpaca wool</label>
    <description>The remarkably soft wool of an alpaca. It is very warm.</description>
    <graphicData>
      <color>(237,216,174)</color>
    </graphicData>
    <statBases>
      <DeteriorationRate>2.6</DeteriorationRate>
      <StuffPower_Insulation_Cold>28</StuffPower_Insulation_Cold>
      <StuffPower_Insulation_Heat>16</StuffPower_Insulation_Heat>
    </statBases>
    <stuffProps>
      <color>(180,148,109)</color>
    </stuffProps>
  </ThingDef>

  <ThingDef ParentName="WoolBase">
    <defName>WoolBison</defName>
    <label>bison wool</label>
    <description>Thick and coarse wool of a bison. Quite warm.</description>
    <graphicData>
      <color>(104,69,45)</color>
    </graphicData>
    <statBases>
      <StuffPower_Insulation_Cold>26</StuffPower_Insulation_Cold>
      <StuffPower_Insulation_Heat>12</StuffPower_Insulation_Heat>
    </statBases>
    <stuffProps>
      <color>(104,69,45)</color>
    </stuffProps>
  </ThingDef>

  <ThingDef ParentName="WoolBase">
    <defName>WoolSheep</defName>
    <label>sheep wool</label>
    <description>Sheep's wool. It provides good insulation.</description>
    <graphicData>
      <color>(219,214,209)</color>
    </graphicData>
    <statBases>
      <StuffPower_Insulation_Cold>26</StuffPower_Insulation_Cold>
      <StuffPower_Insulation_Heat>10</StuffPower_Insulation_Heat>
    </statBases>
    <stuffProps>
      <color>(219,214,209)</color>
      <commonality>0.24</commonality>
    </stuffProps>
  </ThingDef>

  <!-- Not obtainable any more after rebalance, todo remove -->

  <ThingDef ParentName="WoolBase">
    <defName>WoolCamel</defName>
    <label>camelhair</label>
    <description>Camelhair clothing is usually worn by desert travelers to protect them from the heat. It provides excellent heat insulation due to its thermostatic properties.</description>
    <graphicData>
      <color>(220,179,132)</color>
    </graphicData>
    <statBases>
      <StuffPower_Insulation_Cold>18</StuffPower_Insulation_Cold>
      <StuffPower_Insulation_Heat>26</StuffPower_Insulation_Heat>
    </statBases>
    <stuffProps>
      <color>(220,179,132)</color>
    </stuffProps>
  </ThingDef>

  <ThingDef ParentName="WoolBase">
    <defName>WoolYak</defName>
    <label>yak wool</label>
    <description>Rough and dense fiber of a yak. Good insulation, but very rare.</description>
    <graphicData>
      <color>(77,69,66)</color>
    </graphicData>
    <statBases>
      <StuffPower_Insulation_Cold>30</StuffPower_Insulation_Cold>
      <StuffPower_Insulation_Heat>10</StuffPower_Insulation_Heat>
    </statBases>
    <stuffProps>
      <color>(77,69,66)</color>
    </stuffProps>
  </ThingDef>
  
</Defs>
