﻿<?xml version="1.0" encoding="utf-8" ?>
<Defs>


  <ThingDef Name="UnfinishedBase" Abstract="True">
    <thingClass>UnfinishedThing</thingClass>
    <category>Item</category>
    <label>unfinished thing</label>
    <graphicData>
      <texPath>Things/Item/Unfinished/UnfinishedSculpture</texPath>
      <graphicClass>Graphic_Single</graphicClass>
    </graphicData>
    <altitudeLayer>Item</altitudeLayer>
    <useHitPoints>true</useHitPoints>
    <isUnfinishedThing>true</isUnfinishedThing>
    <scatterableOnMapGen>false</scatterableOnMapGen>
    <selectable>true</selectable>
    <tradeability>None</tradeability>
    <drawerType>RealtimeOnly</drawerType>
    <!-- For CompForbiddable -->
    <statBases>
      <MaxHitPoints>50</MaxHitPoints>
      <DeteriorationRate>2.0</DeteriorationRate>
      <Beauty>-8</Beauty>
      <Mass>1</Mass> <!-- ingredients are added to this value -->
    </statBases>
    <comps>
      <li Class="CompProperties_Forbiddable"/>
    </comps>
    <alwaysHaulable>true</alwaysHaulable>
    <rotatable>false</rotatable>
    <pathCost>15</pathCost>
    <thingCategories>
      <li>Unfinished</li>
    </thingCategories>
    <stuffCategories>
      <li>Metallic</li>
      <li>Woody</li>
      <li>Stony</li>
    </stuffCategories>
  </ThingDef>

  <ThingDef ParentName="UnfinishedBase">
    <defName>UnfinishedSculpture</defName>
    <label>unfinished sculpture</label>
    <description>An unfinished sculpture.</description>
    <graphicData>
      <texPath>Things/Item/Unfinished/UnfinishedSculpture</texPath>
      <graphicClass>Graphic_Single</graphicClass>
    </graphicData>
    <stuffCategories>
      <li>Metallic</li>
      <li>Woody</li>
      <li>Stony</li>
    </stuffCategories>
  </ThingDef>

  <ThingDef ParentName="UnfinishedBase">
    <defName>UnfinishedGun</defName>
    <label>unfinished gun</label>
    <description>An unfinished gun of some kind.</description>
    <statBases>
      <Flammability>0.5</Flammability>
    </statBases>
    <graphicData>
      <texPath>Things/Item/Unfinished/UnfinishedGun</texPath>
      <graphicClass>Graphic_Single</graphicClass>
    </graphicData>
    <stuffCategories Inherit="false" />
  </ThingDef>
  
  <ThingDef ParentName="UnfinishedBase">
    <defName>UnfinishedWeapon</defName>
    <label>unfinished weapon</label>
    <description>An unfinished weapon.</description>
    <graphicData>
      <texPath>Things/Item/Unfinished/UnfinishedWeapon</texPath>
      <graphicClass>Graphic_Single</graphicClass>
    </graphicData>
    <stuffCategories>
      <li>Metallic</li>
      <li>Woody</li>
      <li>Stony</li>
    </stuffCategories>
  </ThingDef>

  <ThingDef ParentName="UnfinishedBase">
    <defName>UnfinishedArmor</defName>
    <label>unfinished simple armor</label>
    <description>An unfinished piece of simple armor.</description>
    <graphicData>
      <texPath>Things/Item/Unfinished/UnfinishedWeapon</texPath>
      <graphicClass>Graphic_Single</graphicClass>
    </graphicData>
    <stuffCategories>
      <li>Metallic</li>
      <li>Woody</li>
      <li>Stony</li>
    </stuffCategories>
  </ThingDef>

  <ThingDef Name="UnfinishedTechArmor" ParentName="UnfinishedBase">
    <defName>UnfinishedTechArmor</defName>
    <label>unfinished advanced armor</label>
    <description>An unfinished piece of high-tech armor.</description>
    <statBases>
      <Flammability>0.4</Flammability>
    </statBases>
    <graphicData>
      <texPath>Things/Item/Unfinished/UnfinishedTechArmor</texPath>
      <graphicClass>Graphic_Single</graphicClass>
    </graphicData>
    <stuffCategories Inherit="false" />
  </ThingDef>
  
  <ThingDef ParentName="UnfinishedTechArmor">
    <defName>UnfinishedMetallicTechArmor</defName>
    <label>unfinished metal armor</label>
    <description>An unfinished piece of metal armor.</description>
    <stuffCategories>
      <li>Metallic</li>
      <li>Woody</li>
    </stuffCategories>
  </ThingDef>

  <ThingDef ParentName="UnfinishedBase">
    <defName>UnfinishedApparel</defName>
    <label>unfinished apparel</label>
    <description>An unfinished piece of an apparel.</description>
    <graphicData>
      <texPath>Things/Item/Unfinished/UnfinishedApparel</texPath>
      <graphicClass>Graphic_Single</graphicClass>
    </graphicData>
    <stuffCategories>
      <li>Fabric</li>
      <li>Leathery</li>
      <li>Metallic</li>
    </stuffCategories>
    <comps>
      <li>
        <compClass>CompColorable</compClass>
      </li>
    </comps>
  </ThingDef>

  <ThingDef ParentName="UnfinishedBase">
    <defName>UnfinishedBelt</defName>
    <label>unfinished belt</label>
    <description>An unfinished piece of a belt.</description>
    <statBases>
      <Flammability>0.5</Flammability>
    </statBases>
    <graphicData>
      <texPath>Things/Item/Unfinished/UnfinishedBelt</texPath>
      <graphicClass>Graphic_Single</graphicClass>
    </graphicData>
    <stuffCategories Inherit="false" />
  </ThingDef>

  <ThingDef ParentName="UnfinishedBase">
    <defName>UnfinishedComponent</defName>
    <label>unfinished component</label>
    <description>An unfinished component.</description>
    <statBases>
      <Flammability>0.5</Flammability>
    </statBases>
    <graphicData>
      <texPath>Things/Item/Unfinished/UnfinishedComponent</texPath>
      <graphicClass>Graphic_Single</graphicClass>
    </graphicData>
    <stuffCategories Inherit="false" />
  </ThingDef>
  
  <ThingDef ParentName="UnfinishedBase">
    <defName>UnfinishedHealthItemProsthetic</defName>
    <label>unfinished prosthetic</label>
    <description>An unfinished prosthetic.</description>
    <statBases>
      <Flammability>0.5</Flammability>
    </statBases>
    <graphicData>
      <texPath>Things/Item/Unfinished/UnfinishedHealthItem</texPath>
      <graphicClass>Graphic_Single</graphicClass>
      <color>(154,124,104)</color>
    </graphicData>
    <stuffCategories Inherit="false" />
  </ThingDef>

  <ThingDef ParentName="UnfinishedBase">
    <defName>UnfinishedHealthItemBionic</defName>
    <label>unfinished bionic</label>
    <description>An unfinished bionic.</description>
    <statBases>
      <Flammability>0.5</Flammability>
    </statBases>
    <graphicData>
      <texPath>Things/Item/Unfinished/UnfinishedHealthItem</texPath>
      <graphicClass>Graphic_Single</graphicClass>
      <color>(189,169,118)</color>
    </graphicData>
    <stuffCategories Inherit="false" />
  </ThingDef>

  <!-- ======================= Minified things ========================= -->

  <ThingDef>
    <defName>MinifiedThing</defName>
    <label>minified thing</label>
    <thingClass>MinifiedThing</thingClass>
    <category>Item</category>
    <useHitPoints>true</useHitPoints>
    <selectable>true</selectable>
    <altitudeLayer>Item</altitudeLayer>
    <scatterableOnMapGen>false</scatterableOnMapGen>
    <tickerType>Normal</tickerType>
    <!-- for CompForbiddable -->
    <drawerType>RealtimeOnly</drawerType>
    <comps>
      <li Class="CompProperties_Forbiddable"/>
    </comps>
    <inspectorTabs>
      <li>ITab_Art</li>
    </inspectorTabs>
    <alwaysHaulable>true</alwaysHaulable>
    <rotatable>false</rotatable>
    <pathCost>15</pathCost>
  </ThingDef>

</Defs>
