﻿<?xml version="1.0" encoding="utf-8" ?>
<Ambrosia>

  <ThingDef ParentName="DrugBase">
    <defName>Ambrosia</defName>
    <label>ambrosia</label>
    <description>A soft fruit. Ambrosia has a wonderful smell and taste, and produces a soft chemical high, which increases mood. However, it is slightly addictive if eaten too often.</description>
    <tradeability>Sellable</tradeability>
    <socialPropernessMatters>true</socialPropernessMatters>
    <tickerType>Rare</tickerType>
    <graphicData>
      <texPath>Things/Item/Drug/Ambrosia</texPath>
      <graphicClass>Graphic_StackCount</graphicClass>
    </graphicData>
    <statBases>
      <MarketValue>15</MarketValue>
      <Mass>0.1</Mass>
			<DeteriorationRate>4</DeteriorationRate>
    </statBases>
    <techLevel>Neolithic</techLevel>
    <ingestible>
      <nutrition>0.20</nutrition>
			<baseIngestTicks>100</baseIngestTicks>
			<chairSearchRadius>4</chairSearchRadius>
      <preferability>RawTasty</preferability>
      <tasteThought></tasteThought>
      <foodType>VegetableOrFruit</foodType>
      <joy>0.5</joy>
      <nurseable>true</nurseable>
      <drugCategory>Social</drugCategory>
      <outcomeDoers>
        <li Class="IngestionOutcomeDoer_GiveHediff">
          <hediffDef>AmbrosiaHigh</hediffDef>
          <severity>0.50</severity>
          <toleranceChemical>Ambrosia</toleranceChemical>
        </li>
        <li Class="IngestionOutcomeDoer_GiveHediff">
          <hediffDef>AmbrosiaTolerance</hediffDef>
          <severity>0.032</severity>
          <divideByBodySize>true</divideByBodySize>
        </li>
      </outcomeDoers>
    </ingestible>
		<comps>
			<li Class="CompProperties_Rottable">
				<daysToRotStart>30</daysToRotStart>
				<rotDestroys>true</rotDestroys>
			</li>
			<li Class="CompProperties_Drug">
				<chemical>Ambrosia</chemical>
				<addictiveness>0.010</addictiveness>
				<minToleranceToAddict>0.15</minToleranceToAddict>
				<existingAddictionSeverityOffset>0.1</existingAddictionSeverityOffset>
				<needLevelOffset>1</needLevelOffset>
				<listOrder>30</listOrder>
			</li>
		</comps>
  </ThingDef>

  <HediffDef>
    <defName>AmbrosiaHigh</defName>
    <hediffClass>HediffWithComps</hediffClass>
    <label>ambrosia warmth</label>
    <defaultLabelColor>(1,0,0.5)</defaultLabelColor>
    <scenarioCanAdd>true</scenarioCanAdd>
    <maxSeverity>1.0</maxSeverity>
    <comps>
      <li Class="HediffCompProperties_SeverityPerDay">
        <severityPerDay>-0.75</severityPerDay>
      </li>
    </comps>
    <stages>
      <li/>
    </stages>
  </HediffDef>

  <ThoughtDef>
    <defName>AmbrosiaHigh</defName>
    <workerClass>ThoughtWorker_Hediff</workerClass>
    <hediff>AmbrosiaHigh</hediff>
    <validWhileDespawned>true</validWhileDespawned>
    <stages>
      <li>
        <label>ambrosia warmth</label>
        <description>That ambrosia makes me feel a little bit more relaxed, but with more energy too.</description>
        <baseMoodEffect>5</baseMoodEffect>
      </li>
    </stages>
  </ThoughtDef>

  <!-- Ambrosia addiction -->
  
  <ChemicalDef>
    <defName>Ambrosia</defName>
    <label>ambrosia</label>
    <addictionHediff>AmbrosiaAddiction</addictionHediff>
    <toleranceHediff>AmbrosiaTolerance</toleranceHediff>
    <onGeneratedAddictedToleranceChance>0.8</onGeneratedAddictedToleranceChance>
  </ChemicalDef>
  
  <NeedDef ParentName="DrugAddictionNeedBase">
    <defName>Chemical_Ambrosia</defName>
    <needClass>Need_Chemical</needClass>
    <label>ambrosia</label>
    <description>Because of an ambrosia addiction, this person needs to regularly consume the drug to avoid withdrawal symptoms.</description>
    <listPriority>20</listPriority>
  </NeedDef>

  <HediffDef ParentName="DrugToleranceBase">
    <defName>AmbrosiaTolerance</defName>
    <label>ambrosia tolerance</label>
    <comps>
      <li Class="HediffCompProperties_SeverityPerDay">
        <severityPerDay>-0.020</severityPerDay>
      </li>
      <li Class="HediffCompProperties_DrugEffectFactor">
        <chemical>Ambrosia</chemical>
      </li>
    </comps>
  </HediffDef>
  
  <HediffDef ParentName="AddictionBase">
    <defName>AmbrosiaAddiction</defName>
    <hediffClass>Hediff_Addiction</hediffClass>
    <label>ambrosia addiction</label>
    <causesNeed>Chemical_Ambrosia</causesNeed>
    <comps>
      <li Class="HediffCompProperties_SeverityPerDay">
        <severityPerDay>-0.1</severityPerDay>
      </li>
    </comps>
    <stages>
      <li>
      </li>
      <li>
        <label>withdrawal</label>
      </li>
    </stages>
  </HediffDef>

  <ThoughtDef>
    <defName>AmbrosiaWithdrawal</defName>
    <workerClass>ThoughtWorker_Hediff</workerClass>
    <hediff>AmbrosiaAddiction</hediff>
    <validWhileDespawned>true</validWhileDespawned>
    <stages>
      <li>
        <visible>false</visible>
      </li>
      <li>
        <label>ambrosia withdrawal</label>
        <description>I just feel heavy and cold all the time. I never thought I'd want a piece of fruit so much.</description>
        <baseMoodEffect>-10</baseMoodEffect>
      </li>
    </stages>
  </ThoughtDef>

</Ambrosia>
