﻿<?xml version="1.0" encoding="utf-8" ?>
<GoJuice>

  <ThingDef ParentName="MakeableDrugBase">
    <defName>GoJuice</defName>
    <label>go-juice</label>
    <description>A synthetic combat drug developed for space marines during the early days of interplanetary warfare. Go-juice blocks pain and increases the user's melee and shooting abilities. It also enhances movement speed.\n\nMilitary chemists who created it were never able to remove its addictiveness. Some saw this as a downside; others saw it as a benefit.</description>
    <graphicData>
      <texPath>Things/Item/Drug/GoJuice</texPath>
      <graphicClass>Graphic_StackCount</graphicClass>
    </graphicData>
    <rotatable>false</rotatable>
    <statBases>
      <WorkToMake>600</WorkToMake>
      <MarketValue>53</MarketValue>
      <Mass>0.1</Mass>
    </statBases>
    <techLevel>Industrial</techLevel>
    <ingestible>
      <joy>0.40</joy>
      <drugCategory>Hard</drugCategory>
      <foodType>Processed, Fluid</foodType>
      <baseIngestTicks>90</baseIngestTicks>
      <ingestSound>Ingest_Inject</ingestSound>
      <ingestHoldOffsetStanding>
        <northDefault>
          <offset>(0.18,0,0)</offset>
        </northDefault>
      </ingestHoldOffsetStanding>
      <ingestCommandString>Inject {0}</ingestCommandString>
      <ingestReportString>Injecting {0}.</ingestReportString>
      <useEatingSpeedStat>false</useEatingSpeedStat>
      <chairSearchRadius>0</chairSearchRadius>
      <outcomeDoers>
        <li Class="IngestionOutcomeDoer_GiveHediff">
          <hediffDef>GoJuiceHigh</hediffDef>
          <severity>0.75</severity>
          <toleranceChemical>GoJuice</toleranceChemical>
        </li>
        <li Class="IngestionOutcomeDoer_OffsetNeed">
          <need>Rest</need>
          <offset>0.4</offset>
          <toleranceChemical>GoJuice</toleranceChemical>
        </li>
        <li Class="IngestionOutcomeDoer_GiveHediff">
          <hediffDef>GoJuiceTolerance</hediffDef>
          <severity>0.044</severity>
					<divideByBodySize>true</divideByBodySize>
				</li>
      </outcomeDoers>
    </ingestible>
    <recipeMaker>
			<researchPrerequisite>GoJuiceProduction</researchPrerequisite>
      <recipeUsers>
        <li>DrugLab</li>
      </recipeUsers>
    </recipeMaker>
    <costList>
      <Neutroamine>2</Neutroamine>
      <Yayo>1</Yayo>
    </costList>
    <comps>
      <li Class="CompProperties_Drug">
        <chemical>GoJuice</chemical>
        <addictiveness>0.08</addictiveness>
        <minToleranceToAddict>0.03</minToleranceToAddict>
        <existingAddictionSeverityOffset>0.20</existingAddictionSeverityOffset>
        <needLevelOffset>1</needLevelOffset>
        <isCombatEnhancingDrug>true</isCombatEnhancingDrug>
        <listOrder>200</listOrder>
        <overdoseSeverityOffset>
          <min>0.18</min>
          <max>0.35</max>
        </overdoseSeverityOffset>
				<largeOverdoseChance>0.01</largeOverdoseChance>
      </li>
    </comps>
  </ThingDef>
  
  <HediffDef>
    <defName>GoJuiceHigh</defName>
    <hediffClass>HediffWithComps</hediffClass>
    <label>high on go-juice</label>
    <defaultLabelColor>(1,0,0.5)</defaultLabelColor>
    <scenarioCanAdd>true</scenarioCanAdd>
    <maxSeverity>1.0</maxSeverity>
    <comps>
      <li Class="HediffCompProperties_SeverityPerDay">
        <severityPerDay>-0.40</severityPerDay>
      </li>
    </comps>
      <stages>
        <li>
          <painFactor>0.1</painFactor>
          <capMods>
            <li>
              <capacity>Consciousness</capacity>
              <offset>0.10</offset>
            </li>
						<li>
							<capacity>Sight</capacity>
							<offset>0.25</offset>
						</li>
            <li>
              <capacity>Moving</capacity>
              <offset>0.30</offset>
            </li>
          </capMods>
        </li>
      </stages>
  </HediffDef>
  
  <ThoughtDef>
    <defName>GoJuiceHigh</defName>
    <workerClass>ThoughtWorker_Hediff</workerClass>
    <hediff>GoJuiceHigh</hediff>
    <validWhileDespawned>true</validWhileDespawned>
    <stages>
      <li>
        <label>high on go-juice</label>
        <description>Feeling pumped but calm. I am the sniper bullet in flight, ready to cut through you.</description>
        <baseMoodEffect>5</baseMoodEffect>
      </li>
    </stages>
  </ThoughtDef>
  
  <!-- Go-juice addiction -->

  <ChemicalDef>
    <defName>GoJuice</defName>
    <label>go-juice</label>
    <addictionHediff>GoJuiceAddiction</addictionHediff>
    <toleranceHediff>GoJuiceTolerance</toleranceHediff>
		<onGeneratedAddictedToleranceChance>0.8</onGeneratedAddictedToleranceChance>
	</ChemicalDef>
  
  <NeedDef ParentName="DrugAddictionNeedBase">
    <defName>Chemical_GoJuice</defName>
    <needClass>Need_Chemical</needClass>
    <label>go-juice</label>
    <description>Because of a go-juice addiction, this person needs to regularly consume the drug to avoid withdrawal symptoms.</description>
    <listPriority>45</listPriority>
  </NeedDef>

  <HediffDef ParentName="DrugToleranceBase">
    <defName>GoJuiceTolerance</defName>
    <label>go-juice tolerance</label>
    <comps>
      <li Class="HediffCompProperties_SeverityPerDay">
        <severityPerDay>-0.015</severityPerDay>
      </li>
      <li Class="HediffCompProperties_DrugEffectFactor">
        <chemical>GoJuice</chemical>
      </li>
    </comps>
		<hediffGivers>
			<li Class="HediffGiver_RandomDrugEffect">
				<hediff>ChemicalDamageModerate</hediff>
				<minSeverity>0.50</minSeverity>
				<baseMtbDays>120</baseMtbDays>
				<partsToAffect>
					<li>Brain</li>
				</partsToAffect>
			</li>
		</hediffGivers>
  </HediffDef>

  <HediffDef ParentName="AddictionBase">
    <defName>GoJuiceAddiction</defName>
    <hediffClass>Hediff_Addiction</hediffClass>
    <label>go-juice addiction</label>
    <causesNeed>Chemical_GoJuice</causesNeed>
    <comps>
      <li Class="HediffCompProperties_SeverityPerDay">
        <severityPerDay>-0.04</severityPerDay>
      </li>
    </comps>
    <stages>
      <li>
      </li>
      <li>
        <label>withdrawal</label>
        <painFactor>3</painFactor>
        <restFallFactor>1.3</restFallFactor>
        <hungerRateFactor>1.5</hungerRateFactor>
        <capMods>
          <li>
            <capacity>Consciousness</capacity>
            <offset>-0.20</offset>
          </li>
          <li>
            <capacity>Moving</capacity>
            <offset>-0.50</offset>
          </li>
          <li>
            <capacity>Sight</capacity>
            <offset>-0.20</offset>
          </li>
          <li>
            <capacity>BloodPumping</capacity>
            <offset>-0.20</offset>
          </li>
          <li>
            <capacity>Manipulation</capacity>
            <offset>-0.10</offset>
          </li>
        </capMods>
        <mentalStateGivers>
					<li>
						<mentalState>BingingDrugExtreme</mentalState>
						<mtbDays>40</mtbDays>
					</li>
          <li>
            <mentalState>WanderPsychotic</mentalState>
            <mtbDays>7</mtbDays>
          </li>
        </mentalStateGivers>
      </li>
    </stages>
  </HediffDef>
  
  <ThoughtDef>
    <defName>GoJuiceWithdrawal</defName>
    <workerClass>ThoughtWorker_Hediff</workerClass>
    <hediff>GoJuiceAddiction</hediff>
    <validWhileDespawned>true</validWhileDespawned>
    <stages>
      <li>
        <visible>false</visible>
      </li>
      <li>
        <label>go-juice withdrawal</label>
        <description>I'm all fuzzy and can't think straight. My limbs feel heavy, I'm tired and hungry, everything hurts. And why won't my eyes focus properly?</description>
        <baseMoodEffect>-35</baseMoodEffect>
      </li>
    </stages>
  </ThoughtDef>
  
</GoJuice>