﻿<?xml version="1.0" encoding="utf-8" ?>
<Penoxycyline>

  <ThingDef ParentName="MakeableDrugPillBase">
    <defName>Penoxycyline</defName>
    <label>penoxycyline</label>
    <description>A drug for preventing infections from starting. Blocks malaria, sleeping sickness, and plague. Take every five days. Note: This drug does nothing to cure existing infections - it only prevents new ones.</description>
    <graphicData>
      <texPath>Things/Item/Drug/Penoxycyline</texPath>
      <graphicClass>Graphic_StackCount</graphicClass>
    </graphicData>
    <socialPropernessMatters>false</socialPropernessMatters>
    <rotatable>false</rotatable>
    <statBases>
      <WorkToMake>500</WorkToMake>
      <MarketValue>32</MarketValue>
      <Mass>0.005</Mass>
    </statBases>
    <techLevel>Industrial</techLevel>
    <ingestible>
      <drugCategory>Medical</drugCategory>
      <outcomeDoers>
        <li Class="IngestionOutcomeDoer_GiveHediff">
          <hediffDef>PenoxycylineHigh</hediffDef>
          <severity>1.0</severity>
        </li>
      </outcomeDoers>
    </ingestible>
    <recipeMaker>
			<researchPrerequisite>PenoxycylineProduction</researchPrerequisite>
      <recipeUsers>
        <li>DrugLab</li>
      </recipeUsers>
    </recipeMaker>
    <costList>
      <Neutroamine>2</Neutroamine>
    </costList>
    <comps>
      <li Class="CompProperties_Drug">
        <listOrder>1000</listOrder>
        <overdoseSeverityOffset>
          <min>0.08</min>
          <max>0.14</max>
        </overdoseSeverityOffset>
      </li>
    </comps>
  </ThingDef>
  
  <HediffDef>
    <defName>PenoxycylineHigh</defName>
    <hediffClass>HediffWithComps</hediffClass>
    <label>penoxycyline</label>
    <defaultLabelColor>(1,0,0.5)</defaultLabelColor>
    <scenarioCanAdd>true</scenarioCanAdd>
    <maxSeverity>1.0</maxSeverity>
    <comps>
      <li Class="HediffCompProperties_SeverityPerDay">
        <severityPerDay>-0.18</severityPerDay>
      </li>
    </comps>
      <stages>
        <li>
          <makeImmuneTo>
						<li>Malaria</li>
						<li>SleepingSickness</li>
						<li>Plague</li>
					</makeImmuneTo>
				</li>
      </stages>
  </HediffDef>
  
</Penoxycyline>