﻿<?xml version="1.0" encoding="utf-8" ?>
<Yayo>

  <ThingDef ParentName="MakeableDrugBase">
    <defName>Yayo</defName>
    <label>yayo</label>
    <description>A fine white powder snorted to produce a euphoric high. Yayo reduces the user's need for rest, and suppresses pain. It is, however, addictive.</description>
    <graphicData>
      <texPath>Things/Item/Drug/Yayo</texPath>
      <graphicClass>Graphic_StackCount</graphicClass>
    </graphicData>
    <rotatable>false</rotatable>
    <statBases>
      <WorkToMake>600</WorkToMake>
      <MarketValue>23</MarketValue>
      <Mass>0.05</Mass>
    </statBases>
    <techLevel>Industrial</techLevel>
    <ingestible>
      <foodType>Processed</foodType>
      <joy>0.80</joy>
      <drugCategory>Hard</drugCategory>
      <baseIngestTicks>240</baseIngestTicks>
      <ingestSound>Ingest_Snort</ingestSound>
      <ingestHoldOffsetStanding>
        <northDefault>
          <offset>(0.21,0,0.05)</offset>
        </northDefault>
      </ingestHoldOffsetStanding>
      <ingestHoldUsesTable>false</ingestHoldUsesTable>
      <ingestCommandString>Snort {0}</ingestCommandString>
      <ingestReportString>Snorting {0}.</ingestReportString>
      <useEatingSpeedStat>false</useEatingSpeedStat>
      <outcomeDoers>
        <li Class="IngestionOutcomeDoer_GiveHediff">
          <hediffDef>YayoHigh</hediffDef>
          <severity>0.75</severity>
          <toleranceChemical>Psychite</toleranceChemical>
        </li>
        <li Class="IngestionOutcomeDoer_OffsetNeed">
          <need>Rest</need>
          <offset>0.4</offset>
          <toleranceChemical>Psychite</toleranceChemical>
        </li>
        <li Class="IngestionOutcomeDoer_GiveHediff">
          <hediffDef>PsychiteTolerance</hediffDef>
          <severity>0.040</severity>
					<divideByBodySize>true</divideByBodySize>
        </li>
      </outcomeDoers>
    </ingestible>
    <recipeMaker>
			<researchPrerequisite>PsychiteRefining</researchPrerequisite>
      <recipeUsers>
        <li>DrugLab</li>
      </recipeUsers>
    </recipeMaker>
    <costList>
      <PsychoidLeaves>8</PsychoidLeaves>
    </costList>
    <comps>
      <li Class="CompProperties_Drug">
        <chemical>Psychite</chemical>
        <addictiveness>0.10</addictiveness>
        <minToleranceToAddict>0.04</minToleranceToAddict>
        <existingAddictionSeverityOffset>0.20</existingAddictionSeverityOffset>
        <needLevelOffset>1</needLevelOffset>
        <isCombatEnhancingDrug>true</isCombatEnhancingDrug>
        <listOrder>100</listOrder>
        <overdoseSeverityOffset>
          <min>0.18</min>
          <max>0.35</max>
        </overdoseSeverityOffset>
				<largeOverdoseChance>0.01</largeOverdoseChance>
			</li>
    </comps>
  </ThingDef>

  <HediffDef>
    <defName>YayoHigh</defName>
    <hediffClass>HediffWithComps</hediffClass>
    <label>high on yayo</label>
    <defaultLabelColor>(1,0,0.5)</defaultLabelColor>
    <scenarioCanAdd>true</scenarioCanAdd>
    <maxSeverity>1.0</maxSeverity>
    <comps>
      <li Class="HediffCompProperties_SeverityPerDay">
        <severityPerDay>-1.5</severityPerDay>
      </li>
    </comps>
      <stages>
        <li>
          <painFactor>0.5</painFactor>
          <restFallFactor>0.33</restFallFactor>
          <capMods>
            <li>
              <capacity>Moving</capacity>
              <offset>0.15</offset>
            </li>
          </capMods>
        </li>
      </stages>
  </HediffDef>

  <ThoughtDef>
    <defName>YayoHigh</defName>
    <workerClass>ThoughtWorker_Hediff</workerClass>
    <hediff>YayoHigh</hediff>
    <validWhileDespawned>true</validWhileDespawned>
    <stages>
      <li>
        <label>high on yayo</label>
        <description>Feeling pumped! Let's do this!</description>
        <baseMoodEffect>35</baseMoodEffect>
      </li>
    </stages>
  </ThoughtDef>
  
  <!-- Psychite addiction -->
  
  <ChemicalDef>
    <defName>Psychite</defName>
    <label>psychite</label>
    <addictionHediff>PsychiteAddiction</addictionHediff>
    <toleranceHediff>PsychiteTolerance</toleranceHediff>
    <onGeneratedAddictedToleranceChance>0.8</onGeneratedAddictedToleranceChance>
    <onGeneratedAddictedEvents>
      <li>
        <hediff>ChemicalDamageSevere</hediff>
        <chance>0.15</chance>
        <partsToAffect>
          <li>LeftKidney</li>
          <li>RightKidney</li>
        </partsToAffect>
      </li>
    </onGeneratedAddictedEvents>
  </ChemicalDef>
  
  <NeedDef ParentName="DrugAddictionNeedBase">
    <defName>Chemical_Psychite</defName>
    <needClass>Need_Chemical</needClass>
    <label>psychite</label>
    <description>Because of a psychite addiction, this person needs to regularly consume the drug to avoid withdrawal symptoms.</description>
    <listPriority>50</listPriority>
  </NeedDef>

  <HediffDef ParentName="DrugToleranceBase">
    <defName>PsychiteTolerance</defName>
    <label>psychite tolerance</label>
    <comps>
      <li Class="HediffCompProperties_SeverityPerDay">
        <severityPerDay>-0.015</severityPerDay>
      </li>
      <li Class="HediffCompProperties_DrugEffectFactor">
        <chemical>Psychite</chemical>
      </li>
    </comps>
		<hediffGivers>
			<li Class="HediffGiver_RandomDrugEffect">
				<hediff>ChemicalDamageSevere</hediff>
				<minSeverity>0.50</minSeverity>
				<baseMtbDays>120</baseMtbDays>
				<partsToAffect>
					<li>LeftKidney</li>
					<li>RightKidney</li>
				</partsToAffect>
			</li>
		</hediffGivers>
  </HediffDef>
  
  <HediffDef ParentName="AddictionBase">
    <defName>PsychiteAddiction</defName>
    <hediffClass>Hediff_Addiction</hediffClass>
    <label>psychite addiction</label>
    <causesNeed>Chemical_Psychite</causesNeed>
    <comps>
      <li Class="HediffCompProperties_SeverityPerDay">
        <severityPerDay>-0.0333</severityPerDay>
      </li>
    </comps>
    <stages>
      <li>
      </li>
      <li>
        <label>withdrawal</label>
        <restFallFactor>1.3</restFallFactor>
        <socialFightChanceFactor>3.0</socialFightChanceFactor>
        <capMods>
          <li>
            <capacity>Consciousness</capacity>
            <offset>-0.20</offset>
          </li>
          <li>
            <capacity>Moving</capacity>
            <offset>-0.20</offset>
          </li>
          <li>
            <capacity>Manipulation</capacity>
            <offset>-0.20</offset>
          </li>
        </capMods>
        <mentalStateGivers>
					<li>
						<mentalState>BingingDrugExtreme</mentalState>
						<mtbDays>40</mtbDays>
					</li>
          <li>
            <mentalState>WanderPsychotic</mentalState>
            <mtbDays>10</mtbDays>
          </li>
        </mentalStateGivers>
      </li>
    </stages>
  </HediffDef>

  <ThoughtDef>
    <defName>PsychiteWithdrawal</defName>
    <workerClass>ThoughtWorker_Hediff</workerClass>
    <hediff>PsychiteAddiction</hediff>
    <validWhileDespawned>true</validWhileDespawned>
    <stages>
      <li>
        <visible>false</visible>
      </li>
      <li>
        <label>psychite withdrawal</label>
        <description>God I'm tired. And nothing feels good any more.</description>
        <baseMoodEffect>-35</baseMoodEffect>
      </li>
    </stages>
  </ThoughtDef>
  
</Yayo>