﻿<?xml version="1.0" encoding="utf-8" ?>
<Defs>

  <ThingDef ParentName="MakeableDrugPillBase">
    <defName>WakeUp</defName>
    <label>wake-up</label>
    <description>An addictive stimulant. Fills the need for rest, and allows users to work for extended periods without getting tired. Addiction causes reduced mental performance and, sometimes, psychotic breaks with reality.</description>
    <graphicData>
      <texPath>Things/Item/Drug/WakeUp</texPath>
      <graphicClass>Graphic_StackCount</graphicClass>
    </graphicData>
    <rotatable>false</rotatable>
    <statBases>
      <WorkToMake>900</WorkToMake>
      <MarketValue>45</MarketValue>
      <Mass>0.005</Mass>
    </statBases>
    <techLevel>Industrial</techLevel>
    <ingestible>
      <joy>0.40</joy>
      <drugCategory>Hard</drugCategory>
      <outcomeDoers>
        <li Class="IngestionOutcomeDoer_GiveHediff">
          <hediffDef>WakeUpHigh</hediffDef>
          <severity>0.75</severity>
          <toleranceChemical>WakeUp</toleranceChemical>
        </li>
        <li Class="IngestionOutcomeDoer_OffsetNeed">
          <need>Rest</need>
          <offset>1.0</offset>
          <toleranceChemical>WakeUp</toleranceChemical>
        </li>
        <li Class="IngestionOutcomeDoer_GiveHediff">
          <hediffDef>WakeUpTolerance</hediffDef>
          <severity>0.045</severity>
					<divideByBodySize>true</divideByBodySize>
				</li>
      </outcomeDoers>
    </ingestible>
    <recipeMaker>
			<researchPrerequisite>WakeUpProduction</researchPrerequisite>
      <recipeUsers>
        <li>DrugLab</li>
      </recipeUsers>
    </recipeMaker>
    <costList>
      <Neutroamine>2</Neutroamine>
    </costList>
    <comps>
      <li Class="CompProperties_Drug">
        <chemical>WakeUp</chemical>
        <addictiveness>0.10</addictiveness>
        <minToleranceToAddict>0.08</minToleranceToAddict>
        <existingAddictionSeverityOffset>0.20</existingAddictionSeverityOffset>
        <needLevelOffset>1</needLevelOffset>
        <listOrder>210</listOrder>
        <overdoseSeverityOffset>
          <min>0.18</min>
          <max>0.35</max>
        </overdoseSeverityOffset>
				<largeOverdoseChance>0.01</largeOverdoseChance>
			</li>
    </comps>
  </ThingDef>

  <HediffDef>
    <defName>WakeUpHigh</defName>
    <hediffClass>HediffWithComps</hediffClass>
    <label>high on wake-up</label>
    <defaultLabelColor>(1,0,0.5)</defaultLabelColor>
    <scenarioCanAdd>true</scenarioCanAdd>
    <maxSeverity>1.0</maxSeverity>
    <comps>
      <li Class="HediffCompProperties_SeverityPerDay">
        <severityPerDay>-1.5</severityPerDay>
      </li>
    </comps>
      <stages>
        <li>
          <restFallFactor>0.8</restFallFactor>
          <capMods>
            <li>
              <capacity>Consciousness</capacity>
              <offset>0.1</offset>
            </li>
            <li>
              <capacity>Moving</capacity>
              <offset>0.1</offset>
            </li>
          </capMods>
          <statOffsets>
            <WorkSpeedGlobal>0.5</WorkSpeedGlobal>
          </statOffsets>
          <hediffGivers>
            <li Class="HediffGiver_Random">
              <hediff>HeartAttack</hediff>
              <mtbDays>120</mtbDays>
              <partsToAffect>
                <li>Heart</li>
              </partsToAffect>
            </li>
          </hediffGivers>
        </li>
      </stages>
  </HediffDef>
  
  <!-- WakeUp addiction -->
  
  <ChemicalDef>
    <defName>WakeUp</defName>
    <label>wake-up</label>
    <addictionHediff>WakeUpAddiction</addictionHediff>
    <toleranceHediff>WakeUpTolerance</toleranceHediff>
		<onGeneratedAddictedToleranceChance>0.8</onGeneratedAddictedToleranceChance>
	</ChemicalDef>
  
  <NeedDef ParentName="DrugAddictionNeedBase">
    <defName>Chemical_WakeUp</defName>
    <needClass>Need_Chemical</needClass>
    <label>wake-up</label>
    <description>Because of an wake-up addiction, this person needs to regularly consume the drug to avoid withdrawal symptoms.</description>
    <listPriority>40</listPriority>
  </NeedDef>

  <HediffDef ParentName="DrugToleranceBase">
    <defName>WakeUpTolerance</defName>
    <label>wake-up tolerance</label>
    <comps>
      <li Class="HediffCompProperties_SeverityPerDay">
        <severityPerDay>-0.015</severityPerDay>
      </li>
      <li Class="HediffCompProperties_DrugEffectFactor">
        <chemical>WakeUp</chemical>
      </li>
    </comps>
		<hediffGivers>
			<li Class="HediffGiver_RandomDrugEffect">
				<hediff>ChemicalDamageModerate</hediff>
				<minSeverity>0.50</minSeverity>
				<baseMtbDays>120</baseMtbDays>
				<partsToAffect>
					<li>Brain</li>
				</partsToAffect>
			</li>
		</hediffGivers>
  </HediffDef>
  
  <HediffDef ParentName="AddictionBase">
    <defName>WakeUpAddiction</defName>
    <hediffClass>Hediff_Addiction</hediffClass>
    <label>wake-up addiction</label>
    <causesNeed>Chemical_WakeUp</causesNeed>
    <comps>
      <li Class="HediffCompProperties_SeverityPerDay">
        <severityPerDay>-0.0333</severityPerDay>
      </li>
    </comps>
    <stages>
      <li>
      </li>
      <li>
        <label>withdrawal</label>
        <restFallFactor>1.3</restFallFactor>
        <socialFightChanceFactor>2.0</socialFightChanceFactor>
        <capMods>
          <li>
            <capacity>Consciousness</capacity>
            <offset>-0.50</offset>
          </li>
          <li>
            <capacity>Manipulation</capacity>
            <offset>-0.25</offset>
          </li>
          <li>
            <capacity>Moving</capacity>
            <offset>-0.20</offset>
          </li>
        </capMods>
        <mentalStateGivers>
					<li>
						<mentalState>BingingDrugExtreme</mentalState>
						<mtbDays>40</mtbDays>
					</li>
          <li>
            <mentalState>WanderPsychotic</mentalState>
            <mtbDays>10</mtbDays>
          </li>
        </mentalStateGivers>
      </li>
    </stages>
  </HediffDef>

  <ThoughtDef>
    <defName>WakeUpWithdrawal</defName>
    <workerClass>ThoughtWorker_Hediff</workerClass>
    <hediff>WakeUpAddiction</hediff>
    <validWhileDespawned>true</validWhileDespawned>
    <stages>
      <li>
        <visible>false</visible>
      </li>
      <li>
        <label>wake-up withdrawal</label>
        <description>I feel all fuzzy and unfocused.</description>
        <baseMoodEffect>-35</baseMoodEffect>
      </li>
    </stages>
  </ThoughtDef>
  
</Defs>