﻿<?xml version="1.0" encoding="utf-8" ?>

<Defs>
  
  <BodyTypeDef>
    <defName>Male</defName>
    <headOffset>(0.04, 0.34)</headOffset>
  </BodyTypeDef>

  <BodyTypeDef>
    <defName>Female</defName>
    <headOffset>(0.10, 0.34)</headOffset>
  </BodyTypeDef>

  <BodyTypeDef>
    <defName>Thin</defName>
    <headOffset>(0.09, 0.34)</headOffset>
  </BodyTypeDef>

  <BodyTypeDef>
    <defName>Hulk</defName>
    <headOffset>(0.10, 0.34)</headOffset>
  </BodyTypeDef>

  <BodyTypeDef>
    <defName>Fat</defName>
    <headOffset>(0.09, 0.34)</headOffset>
  </BodyTypeDef>
  
</Defs>
