﻿<?xml version="1.0" encoding="utf-8" ?>
<Defs>

	<!--========================= Tier 4: Hi-tech research bench with multi-analyzer ===================================-->

	<ResearchProjectDef>
		<defName>GroundPenetratingScanner</defName>
		<label>ground-penetrating scanner</label>
		<description>Allows you to build ground-penetrating scanners that can detect drillable resources deep under the surface.</description>
		<baseCost>7000</baseCost>
		<techLevel>Industrial</techLevel>
		<prerequisites>
			<li>DeepDrilling</li>
		</prerequisites>
		<requiredResearchBuilding>HiTechResearchBench</requiredResearchBuilding>
		<requiredResearchFacilities>
			<li>MultiAnalyzer</li>
		</requiredResearchFacilities>
		<researchViewX>10</researchViewX>
		<researchViewY>1</researchViewY>
	</ResearchProjectDef>

	<ResearchProjectDef>
		<defName>DeepDrilling</defName>
		<label>deep drilling</label>
		<description>Allows you to build deep drills for extracting resources from deep underground. You'll need a ground-penetrating scanner to find the resources.</description>
		<baseCost>1500</baseCost>
		<techLevel>Industrial</techLevel>
		<prerequisites>
			<li>MultiAnalyzer</li>
		</prerequisites>
		<requiredResearchBuilding>HiTechResearchBench</requiredResearchBuilding>
		<requiredResearchFacilities>
			<li>MultiAnalyzer</li>
		</requiredResearchFacilities>
		<researchViewX>9</researchViewX>
		<researchViewY>1</researchViewY>
	</ResearchProjectDef>

	<ResearchProjectDef>
		<defName>VitalsMonitor</defName>
		<label>vitals monitor</label>
		<description>Allows colonists to build vitals monitors which increase patients treatment quality if placed next to medical beds.</description>
		<baseCost>1600</baseCost>
		<techLevel>Industrial</techLevel>
		<prerequisites>
			<li>MultiAnalyzer</li>
			<li>HospitalBed</li>
		</prerequisites>
		<requiredResearchBuilding>HiTechResearchBench</requiredResearchBuilding>
		<requiredResearchFacilities>
			<li>MultiAnalyzer</li>
		</requiredResearchFacilities>
		<researchViewX>9</researchViewX>
		<researchViewY>0</researchViewY>
	</ResearchProjectDef>

	<ResearchProjectDef>
		<defName>ComponentAssembly</defName>
		<label>component assembly</label>
		<description>Allows you to build the Component Assembly Bench, where colonists can make components from simple materials.</description>
		<baseCost>3000</baseCost>
		<techLevel>Industrial</techLevel>
		<prerequisites>
			<li>MultiAnalyzer</li>
		</prerequisites>
		<requiredResearchBuilding>HiTechResearchBench</requiredResearchBuilding>
		<requiredResearchFacilities>
			<li>MultiAnalyzer</li>
		</requiredResearchFacilities>
		<researchViewX>10</researchViewX>
		<researchViewY>3</researchViewY>
	</ResearchProjectDef>

	<ResearchProjectDef>
		<defName>MultibarrelWeapons</defName>
		<label>multibarrel weapons</label>
		<description>Allows you to build miniguns.</description>
		<baseCost>3000</baseCost>
		<techLevel>Industrial</techLevel>
		<prerequisites>
			<li>MultiAnalyzer</li>
		</prerequisites>
		<requiredResearchBuilding>HiTechResearchBench</requiredResearchBuilding>
		<requiredResearchFacilities>
			<li>MultiAnalyzer</li>
		</requiredResearchFacilities>
		<researchViewX>9</researchViewX>
		<researchViewY>3</researchViewY>
	</ResearchProjectDef>

	<ResearchProjectDef>
		<defName>Cryptosleep</defName>
		<label>cryptosleep casket</label>
		<description>Allows colonists to construct cryptosleep caskets, which can put living beings in a state of suspended animation.</description>
		<baseCost>1100</baseCost>
		<techLevel>Spacer</techLevel>
		<prerequisites>
			<li>MultiAnalyzer</li>
		</prerequisites>
		<requiredResearchBuilding>HiTechResearchBench</requiredResearchBuilding>
		<requiredResearchFacilities>
			<li>MultiAnalyzer</li>
		</requiredResearchFacilities>
		<researchViewX>10</researchViewX>
		<researchViewY>4</researchViewY>
	</ResearchProjectDef>

	<ResearchProjectDef>
		<defName>PoweredArmor</defName>
		<label>powered armor</label>
		<description>Neuro-memetic robotics and advanced plasteel weaving technologies allow you to build the power armor and power armor helmets.</description>
		<baseCost>1600</baseCost>
		<techLevel>Spacer</techLevel>
		<prerequisites>
			<li>MultiAnalyzer</li>
		</prerequisites>
		<requiredResearchBuilding>HiTechResearchBench</requiredResearchBuilding>
		<requiredResearchFacilities>
			<li>MultiAnalyzer</li>
		</requiredResearchFacilities>
		<researchViewX>9</researchViewX>
		<researchViewY>5</researchViewY>
	</ResearchProjectDef>

	<ResearchProjectDef>
		<defName>ShieldBelt</defName>
		<label>shield belt</label>
		<description>Momentum-repulsion field technology allows you to build shield belts, which block ranged attacks coming in or going out.</description>
		<baseCost>1500</baseCost>
		<techLevel>Spacer</techLevel>
		<prerequisites>
			<li>MultiAnalyzer</li>
		</prerequisites>
		<requiredResearchBuilding>HiTechResearchBench</requiredResearchBuilding>
		<requiredResearchFacilities>
			<li>MultiAnalyzer</li>
		</requiredResearchFacilities>
		<researchViewX>10</researchViewX>
		<researchViewY>5</researchViewY>
	</ResearchProjectDef>

	<ResearchProjectDef>
		<defName>ChargedShot</defName>
		<label>charged shot</label>
		<description>Understand the secrets of pulse-charged energy/projectile munitions. Allows you to build the charge rifle.</description>
		<baseCost>1500</baseCost>
		<techLevel>Spacer</techLevel>
		<prerequisites>
			<li>MultiAnalyzer</li>
		</prerequisites>
		<requiredResearchBuilding>HiTechResearchBench</requiredResearchBuilding>
		<requiredResearchFacilities>
			<li>MultiAnalyzer</li>
		</requiredResearchFacilities>
		<researchViewX>9</researchViewX>
		<researchViewY>4</researchViewY>
	</ResearchProjectDef>

</Defs>
