﻿<?xml version="1.0" encoding="utf-8" ?>
<Defs>

  <FactionDef Abstract="True" Name="PlayerFactionBase">
    <homeIconPath>World/WorldObjects/DefaultSettlement</homeIconPath>
    <colorSpectrum>
      <li>(0, 0.737, 0.847)</li>
    </colorSpectrum>
  </FactionDef>
  
  <FactionDef ParentName="PlayerFactionBase">
    <defName>PlayerColony</defName>
    <label>New Arrivals</label>
    <description>A colony of recently-arrived off-worlders.</description>
    <isPlayer>true</isPlayer>
    <basicMemberKind>Colonist</basicMemberKind>
    <pawnSingular>colonist</pawnSingular>
    <pawnsPlural>colonists</pawnsPlural>
    <techLevel>Industrial</techLevel>
    <backstoryCategories>
      <li>Civil</li>
    </backstoryCategories>
    <expandingIconTexture>World/WorldObjects/Expanding/Town</expandingIconTexture>
    <playerInitialSettlementNameMaker>NamerInitialSettlementColony</playerInitialSettlementNameMaker>
		<factionNameMaker>NamerFactionOutlander</factionNameMaker>
    <settlementNameMaker>NamerSettlementOutlander</settlementNameMaker>
    <geneticVariance>1</geneticVariance>
		<startingResearchTags>
			<li>ClassicStart</li>
		</startingResearchTags>
		<hairTags>
			<li>Urban</li>
		</hairTags>
		<apparelStuffFilter>
			<thingDefs>
				<li>Synthread</li>
			</thingDefs>
		</apparelStuffFilter>
  </FactionDef>
  
  <FactionDef ParentName="PlayerFactionBase">
    <defName>PlayerTribe</defName>
    <label>New Tribe</label>
    <description>A small tribe.</description>
    <isPlayer>true</isPlayer>
    <pawnSingular>tribesman</pawnSingular>
    <pawnsPlural>tribespeople</pawnsPlural>
    <basicMemberKind>Tribesperson</basicMemberKind>
		<techLevel>Neolithic</techLevel>
		<backstoryCategories>
			<li>Tribal</li>
		</backstoryCategories>
		<expandingIconTexture>World/WorldObjects/Expanding/Village</expandingIconTexture>
		<homeIconPath>World/WorldObjects/TribalSettlement</homeIconPath>
		<pawnNameMaker>NamerPersonTribal</pawnNameMaker>
    <playerInitialSettlementNameMaker>NamerInitialSettlementColony</playerInitialSettlementNameMaker>
    <factionNameMaker>NamerFactionTribal</factionNameMaker>
    <settlementNameMaker>NamerSettlementTribal</settlementNameMaker>
		<geneticVariance>1</geneticVariance>
    <forageabilityFactor>1.7</forageabilityFactor>
		<startingResearchTags>
      <li>TribalStart</li>
    </startingResearchTags>
    <hairTags>
      <li>Tribal</li>
    </hairTags>
    <apparelStuffFilter>
      <thingDefs>
        <li>Cloth</li>
      </thingDefs>
    </apparelStuffFilter>
    <recipePrerequisiteTags>
      <li>Tribal</li>
    </recipePrerequisiteTags>
    </FactionDef>

</Defs>
