﻿<?xml version="1.0" encoding="utf-8"?><DefPackage-SoundDef>

  <SoundDef>
    <defName>CrashedShipPart_Ambience</defName>  
    <sustain>True</sustain>  
    <context>MapOnly</context>
    <eventNames />  
    <priorityMode>PrioritizeNearest</priorityMode>  
    <subSounds>
      <li>
        <grains>
          <li Class="AudioGrain_Clip">
            <clipPath>Exotic/Crashed_Ship_Part/Drone/EvilShip_Loop_1b</clipPath>
          </li>
        </grains>      
        <volumeRange>
          <min>21.7647</min>        
          <max>22.94118</max>
        </volumeRange>      
        <distRange>
          <min>10.88235</min>        
          <max>50.70592</max>
        </distRange>
      </li>
    </subSounds>
  </SoundDef>

  <SoundDef>
    <defName>GeothermalPlant_Ambience_Start</defName>  
    <context>MapOnly</context>
    <eventNames />  
    <subSounds>
      <li>
        <grains>
          <li Class="AudioGrain_Clip">
            <clipPath>Electricity/GeothermalPlant/Start/GeothermalPlantStart_1a</clipPath>
          </li>
        </grains>      
        <volumeRange>
          <min>16</min>        
          <max>16</max>
        </volumeRange>      
        <distRange>
          <min>0</min>        
          <max>50.27907</max>
        </distRange>      
        <sustainLoop>False</sustainLoop>
      </li>
    </subSounds>
  </SoundDef>

  <SoundDef>
    <defName>GeothermalPlant_Ambience_Stop</defName>  
    <context>MapOnly</context>
    <eventNames />  
    <subSounds>
      <li>
        <grains>
          <li Class="AudioGrain_Clip">
            <clipPath>Electricity/GeothermalPlant/Stop/GeothermalPlantStop_1a</clipPath>
          </li>
        </grains>      
        <volumeRange>
          <min>16</min>        
          <max>16</max>
        </volumeRange>      
        <distRange>
          <min>0</min>        
          <max>50.27907</max>
        </distRange>      
        <sustainLoop>False</sustainLoop>
      </li>
    </subSounds>
  </SoundDef>

  <SoundDef>
    <defName>GeothermalPlant_Ambience</defName>  
    <sustain>True</sustain>  
    <context>MapOnly</context>
    <eventNames />  
    <priorityMode>PrioritizeNearest</priorityMode>  
    <sustainStartSound>GeothermalPlant_Ambience_Start</sustainStartSound>  
    <sustainStopSound>GeothermalPlant_Ambience_Stop</sustainStopSound>  
    <subSounds>
      <li>
        <muteWhenPaused>True</muteWhenPaused>      
        <grains>
          <li Class="AudioGrain_Clip">
            <clipPath>Electricity/GeothermalPlant/Run/GeothermalPlantRun_Loop1a</clipPath>
          </li>
        </grains>      
        <volumeRange>
          <min>15</min>        
          <max>15</max>
        </volumeRange>      
        <pitchRange>
          <min>1</min>        
          <max>1.015</max>
        </pitchRange>      
        <distRange>
          <min>0</min>        
          <max>30</max>
        </distRange>
      </li>
    </subSounds>
  </SoundDef>

</DefPackage-SoundDef>