﻿<?xml version="1.0" encoding="utf-8"?><DefPackage-SoundDef>

  <SoundDef>
    <defName>Standard_Pickup</defName>
    <context>MapOnly</context>
    <eventNames />
    <maxSimultaneous>1</maxSimultaneous>
    <subSounds>
      <li>
        <grains>
          <li Class="AudioGrain_Folder">
            <clipFolderPath>Interact/Haul/Pickup/Standard</clipFolderPath>
          </li>
        </grains>
        <volumeRange>
          <min>17</min>
          <max>25</max>
        </volumeRange>
        <pitchRange>
          <min>0.936413</min>
          <max>1.275543</max>
        </pitchRange>
      </li>
    </subSounds>
  </SoundDef>

  <SoundDef>
    <defName>Standard_Drop</defName>
    <context>MapOnly</context>
    <eventNames />
    <maxSimultaneous>1</maxSimultaneous>
    <subSounds>
      <li>
        <grains>
          <li Class="AudioGrain_Folder">
            <clipFolderPath>Interact/Haul/Drop/Standard</clipFolderPath>
          </li>
        </grains>
        <volumeRange>
          <min>15</min>
          <max>15</max>
        </volumeRange>
        <pitchRange>
          <min>0.9311765</min>
          <max>1.091765</max>
        </pitchRange>
      </li>
    </subSounds>
  </SoundDef>

  <SoundDef>
    <defName>Grain_Drop</defName>  
    <context>MapOnly</context>
    <eventNames />  
    <maxSimultaneous>1</maxSimultaneous>  
    <subSounds>
      <li>
        <grains>
          <li Class="AudioGrain_Clip">
            <clipPath>Interact/Haul/Drop/GrainDrop</clipPath>
          </li>
        </grains>      
        <volumeRange>
          <min>25</min>        
          <max>25</max>
        </volumeRange>
      </li>
    </subSounds>
  </SoundDef>

  <SoundDef>
    <defName>Metal_Drop</defName>  
    <context>MapOnly</context>
    <eventNames />  
    <maxSimultaneous>1</maxSimultaneous>  
    <subSounds>
      <li>
        <grains>
          <li Class="AudioGrain_Clip">
            <clipPath>Interact/Haul/Drop/MetalDrop</clipPath>
          </li>
        </grains>      
        <volumeRange>
          <min>25</min>        
          <max>25</max>
        </volumeRange>
        <pitchRange>
          <min>0.88</min>
          <max>1.12</max>
        </pitchRange>
      </li>
    </subSounds>
  </SoundDef>
  
  <SoundDef>
    <defName>Corpse_Drop</defName>  
    <context>MapOnly</context>
    <eventNames />  
    <maxSimultaneous>1</maxSimultaneous>  
    <subSounds>
      <li>
        <grains>
          <li Class="AudioGrain_Clip">
            <clipPath>Interact/Haul/Drop/CorpseDrop</clipPath>
          </li>
        </grains>      
        <volumeRange>
          <min>25</min>        
          <max>25</max>
        </volumeRange>
      </li>
    </subSounds>
  </SoundDef>

  <SoundDef>
    <defName>Wood_Drop</defName>  
    <context>MapOnly</context>
    <eventNames />  
    <subSounds>
      <li>
        <grains>
          <li Class="AudioGrain_Folder">
            <clipFolderPath>Interact/Haul/Drop/Wood</clipFolderPath>
          </li>
        </grains>      
        <volumeRange>
          <min>14</min>        
          <max>14</max>
        </volumeRange>      
        <sustainLoop>False</sustainLoop>
      </li>
    </subSounds>
  </SoundDef>

  <SoundDef>
    <defName>Silver_Drop</defName>  
    <context>MapOnly</context>
    <eventNames />  
    <maxVoices>2</maxVoices>  
    <subSounds>
      <li>
        <grains>
          <li Class="AudioGrain_Folder">
            <clipFolderPath>Interact/Haul/Drop/Silver</clipFolderPath>
          </li>
        </grains>      
        <volumeRange>
          <min>13</min>        
          <max>13</max>
        </volumeRange>      
        <pitchRange>
          <min>0.9770588</min>        
          <max>1.114706</max>
        </pitchRange>      
        <sustainLoop>False</sustainLoop>
      </li>
    </subSounds>
  </SoundDef>

  <SoundDef>
    <defName>Stone_Drop</defName> 
    <context>MapOnly</context> 
    <eventNames />  
    <maxVoices>2</maxVoices>  
    <subSounds>
      <li>
        <grains>
          <li Class="AudioGrain_Folder">
            <clipFolderPath>Interact/Haul/Drop/Stone</clipFolderPath>
          </li>
        </grains>      
        <volumeRange>
          <min>12</min>        
          <max>12</max>
        </volumeRange>      
        <pitchRange>
          <min>0.9905882</min>        
          <max>1.068824</max>
        </pitchRange>      
        <sustainLoop>False</sustainLoop>
      </li>
    </subSounds>
  </SoundDef>

  <SoundDef>
    <defName>ChunkRock_Drop</defName>  
    <context>MapOnly</context>
    <eventNames />  
    <subSounds>
      <li>
        <grains>
          <li Class="AudioGrain_Folder">
            <clipFolderPath>Interact/Haul/Drop/ChunkRock</clipFolderPath>
          </li>
        </grains>      
        <volumeRange>
          <min>9</min>        
          <max>9</max>
        </volumeRange>      
        <pitchRange>
          <min>0.9770588</min>        
          <max>1.068824</max>
        </pitchRange>      
        <sustainLoop>False</sustainLoop>
      </li>
    </subSounds>
  </SoundDef>

  <SoundDef>
    <defName>ChunkSlag_Drop</defName>  
    <context>MapOnly</context>
    <eventNames />  
    <maxVoices>2</maxVoices>  
    <subSounds>
      <li>
        <grains>
          <li Class="AudioGrain_Folder">
            <clipFolderPath>Interact/Haul/Drop/ChunkSlag</clipFolderPath>
          </li>
        </grains>      
        <volumeRange>
          <min>9</min>        
          <max>9</max>
        </volumeRange>      
        <pitchRange>
          <min>0.9541177</min>        
          <max>1.045882</max>
        </pitchRange>      
        <sustainLoop>False</sustainLoop>
      </li>
    </subSounds>
  </SoundDef>

</DefPackage-SoundDef>