﻿<?xml version="1.0" encoding="utf-8"?><DefPackage-SoundDef>

  <SoundDef>
    <defName>BuildingComplete</defName>  
    <context>MapOnly</context>
    <eventNames />  
    <maxSimultaneous>1</maxSimultaneous>  
    <subSounds>
      <li>
        <grains>
          <li Class="AudioGrain_Clip">
            <clipPath>Interact/BuildingComplete</clipPath>
          </li>
        </grains>      
        <volumeRange>
          <min>17</min>        
          <max>17</max>
        </volumeRange>
      </li>
    </subSounds>
  </SoundDef>

  <SoundDef>
    <defName>BuildingDeconstructed</defName>  
    <context>MapOnly</context>
    <eventNames />  
    <maxSimultaneous>1</maxSimultaneous>  
    <subSounds>
      <li>
        <grains>
          <li Class="AudioGrain_Clip">
            <clipPath>Interact/BuildingComplete</clipPath>
          </li>
        </grains>      
        <volumeRange>
          <min>10</min>        
          <max>10</max>
        </volumeRange>      
        <pitchRange>
          <min>0.7</min>        
          <max>0.9</max>
        </pitchRange>
      </li>
    </subSounds>
  </SoundDef>

  <SoundDef>
    <defName>ThingUninstalled</defName>  
    <context>MapOnly</context>
    <eventNames />  
    <maxSimultaneous>1</maxSimultaneous>  
    <subSounds>
      <li>
        <grains>
          <li Class="AudioGrain_Clip">
            <clipPath>Interact/BuildingComplete</clipPath>
          </li>
        </grains>      
        <volumeRange>
          <min>10</min>        
          <max>10</max>
        </volumeRange>      
        <pitchRange>
          <min>1.1</min>        
          <max>1.3</max>
        </pitchRange>
      </li>
    </subSounds>
  </SoundDef>

  <SoundDef>
    <defName>PickHit</defName>  
    <context>MapOnly</context>
    <eventNames />  
    <maxSimultaneous>1</maxSimultaneous>  
    <subSounds>
      <li>
        <grains>
          <li Class="AudioGrain_Folder">
            <clipFolderPath>Interact/Work/Mine/PickHit</clipFolderPath>
          </li>
        </grains>      
        <volumeRange>
          <min>18.70844</min>        
          <max>20.70332</max>
        </volumeRange>
      </li>
    </subSounds>
  </SoundDef>

  <SoundDef>
    <defName>FlickSwitch</defName>  
    <context>MapOnly</context>
    <eventNames />  
    <maxSimultaneous>1</maxSimultaneous>  
    <subSounds>
      <li>
        <grains>
          <li Class="AudioGrain_Clip">
            <clipPath>Interact/FlickSwitch</clipPath>
          </li>
        </grains>      
        <volumeRange>
          <min>18.70844</min>        
          <max>20.70332</max>
        </volumeRange>
      </li>
    </subSounds>
  </SoundDef>

  <SoundDef>
    <defName>HorseshoeImpact</defName>  
    <context>MapOnly</context>
    <eventNames />  
    <maxSimultaneous>1</maxSimultaneous>  
    <subSounds>
      <li>
        <grains>
          <li Class="AudioGrain_Folder">
            <clipFolderPath>Interact/Joy/HorseshoeImpact</clipFolderPath>
          </li>
        </grains>      
        <volumeRange>
          <min>7</min>        
          <max>11</max>
        </volumeRange>      
        <pitchRange>
          <min>0.9</min>        
          <max>1.1</max>
        </pitchRange>
      </li>
    </subSounds>
  </SoundDef>

  <SoundDef>
    <defName>PlayBilliards</defName>  
    <context>MapOnly</context>
    <eventNames />  
    <maxSimultaneous>1</maxSimultaneous>  
    <subSounds>
      <li>
        <grains>
          <li Class="AudioGrain_Folder">
            <clipFolderPath>Interact/Joy/PlayBilliards</clipFolderPath>
          </li>
        </grains>      
        <volumeRange>
          <min>13.46512</min>        
          <max>15.4651</max>
        </volumeRange>      
        <pitchRange>
          <min>0.9</min>        
          <max>1.1</max>
        </pitchRange>
      </li>
    </subSounds>
  </SoundDef>

  <SoundDef>
    <defName>TechMedicineUsed</defName>
    <context>MapOnly</context>
    <eventNames />
    <maxSimultaneous>1</maxSimultaneous>
    <subSounds>
      <li>
        <grains>
          <li Class="AudioGrain_Clip">
            <clipPath>Interact/Work/Doctor/TechMedicineUsed</clipPath>
          </li>
        </grains>
        <volumeRange>
          <min>25</min>
          <max>25</max>
        </volumeRange>
        <pitchRange>
          <min>0.88</min>
          <max>1.12</max>
        </pitchRange>
      </li>
    </subSounds>
  </SoundDef>

  <SoundDef>
    <defName>RoofStart</defName>
    <sustain>False</sustain>
    <context>MapOnly</context>
    <eventNames />
    <maxSimultaneous>1</maxSimultaneous>
    <priorityMode>PrioritizeNearest</priorityMode>
    <subSounds>
      <li>
        <muteWhenPaused>True</muteWhenPaused>
        <grains>
          <li Class="AudioGrain_Folder">
            <clipFolderPath>Interact/Work/RoofStart</clipFolderPath>
          </li>
        </grains>
        <volumeRange>
          <min>9.5</min>
          <max>9.5</max>
        </volumeRange>
        <pitchRange>
          <min>0.9</min>
          <max>1.1</max>
        </pitchRange>
        <sustainLoop>False</sustainLoop>
      </li>
    </subSounds>
  </SoundDef>

  <SoundDef>
    <defName>RoofFinish</defName>
    <sustain>False</sustain>
    <context>MapOnly</context>
    <eventNames />
    <maxSimultaneous>1</maxSimultaneous>
    <priorityMode>PrioritizeNearest</priorityMode>
    <subSounds>
      <li>
        <muteWhenPaused>True</muteWhenPaused>
        <grains>
          <li Class="AudioGrain_Folder">
            <clipFolderPath>Interact/Work/RoofFinish</clipFolderPath>
          </li>
        </grains>
        <volumeRange>
          <min>10</min>
          <max>10</max>
        </volumeRange>
        <pitchRange>
          <min>1.0</min>
          <max>1.2</max>
        </pitchRange>
        <sustainLoop>False</sustainLoop>
      </li>
    </subSounds>
  </SoundDef>
  
</DefPackage-SoundDef>