﻿<?xml version="1.0" encoding="utf-8"?>
<DefPackage-SoundDef>

	<SoundDef>
		<defName>Pawn_Muffalo_Call</defName>
    <context>MapOnly</context>
		<eventNames />
		<subSounds>
			<li>
				<grains>
					<li Class="AudioGrain_Folder">
						<clipFolderPath>Pawn/Animal/Muffalo/Muffalo_Calls</clipFolderPath>
					</li>
				</grains>
				<volumeRange>
					<min>15.42672</min>
					<max>14.7734</max>
				</volumeRange>
				<pitchRange>
					<min>0.9770588</min>
					<max>1.137647</max>
				</pitchRange>
				<distRange>
					<min>0</min>
					<max>50.40025</max>
				</distRange>
				<sustainLoop>False</sustainLoop>
			</li>
		</subSounds>
	</SoundDef>

	<SoundDef>
		<defName>Pawn_Muffalo_Angry</defName>
    <context>MapOnly</context>
		<eventNames />
		<maxVoices>2</maxVoices>
		<subSounds>
			<li>
				<grains>
					<li Class="AudioGrain_Folder">
						<clipFolderPath>Pawn/Animal/Muffalo/Muffalo_Angry</clipFolderPath>
					</li>
				</grains>
				<volumeRange>
					<min>25</min>
					<max>25</max>
				</volumeRange>
				<pitchRange>
					<min>0.9541176</min>
					<max>1.137647</max>
				</pitchRange>
				<distRange>
					<min>0</min>
					<max>70</max>
				</distRange>
				<sustainLoop>False</sustainLoop>
			</li>
		</subSounds>
	</SoundDef>
	
  <SoundDef>
    <defName>Pawn_Muffalo_Wounded</defName>  
    <context>MapOnly</context>
    <eventNames />  
    <subSounds>
      <li>
        <grains>
          <li Class="AudioGrain_Folder">
            <clipFolderPath>Pawn/Animal/Muffalo/Muffalo_Pain</clipFolderPath>
          </li>
        </grains>      
        <volumeRange>
          <min>15</min>        
          <max>15</max>
        </volumeRange>      
        <pitchRange>
          <min>0.9311765</min>        
          <max>1.091765</max>
        </pitchRange>      
        <distRange>
          <min>0</min>        
          <max>70</max>
        </distRange>      
        <repeatMode>NeverTwice</repeatMode>      
        <sustainLoop>False</sustainLoop>
      </li>
    </subSounds>
  </SoundDef>

  <SoundDef>
    <defName>Pawn_Muffalo_Death</defName>  
    <context>MapOnly</context>
    <eventNames />  
    <subSounds>
      <li>
        <grains>
          <li Class="AudioGrain_Folder">
            <clipFolderPath>Pawn/Animal/Muffalo/Muffalo_Death</clipFolderPath>
          </li>
        </grains>      
        <volumeRange>
          <min>20</min>        
          <max>20</max>
        </volumeRange>      
        <pitchRange>
          <min>0.9311764</min>        
          <max>1.068824</max>
        </pitchRange>      
        <distRange>
          <min>0</min>        
          <max>70</max>
        </distRange>      
        <sustainLoop>False</sustainLoop>
      </li>
    </subSounds>
  </SoundDef>

	<SoundDef>
		<defName>Pawn_Boomrat_Angry</defName>
    <context>MapOnly</context>
		<eventNames />
		<subSounds>
			<li>
				<grains>
					<li Class="AudioGrain_Folder">
						<clipFolderPath>Pawn/Animal/Boomrat/Boomrat_Angry</clipFolderPath>
					</li>
				</grains>
				<volumeRange>
					<min>20</min>
					<max>20</max>
				</volumeRange>
				<pitchRange>
					<min>0.9311765</min>
					<max>1.091765</max>
				</pitchRange>
				<sustainLoop>False</sustainLoop>
			</li>
		</subSounds>
	</SoundDef>

	<SoundDef>
		<defName>Pawn_Boomrat_Call</defName>
    <context>MapOnly</context>
		<eventNames />
		<subSounds>
			<li>
				<grains>
					<li Class="AudioGrain_Folder">
						<clipFolderPath>Pawn/Animal/Boomrat/Boomrat_Call</clipFolderPath>
					</li>
				</grains>
				<volumeRange>
					<min>8</min>
					<max>8</max>
				</volumeRange>
				<pitchRange>
					<min>0.9082353</min>
					<max>1.114706</max>
				</pitchRange>
				<distRange>
					<min>0</min>
					<max>50</max>
				</distRange>
			</li>
		</subSounds>
	</SoundDef>
	
  <SoundDef>
    <defName>Pawn_Boomrat_Wounded</defName>
    <context>MapOnly</context>  
    <eventNames />  
    <subSounds>
      <li>
        <grains>
          <li Class="AudioGrain_Folder">
            <clipFolderPath>Pawn/Animal/Boomrat/Boomrat_Pain</clipFolderPath>
          </li>
        </grains>      
        <volumeRange>
          <min>15</min>        
          <max>15</max>
        </volumeRange>      
        <pitchRange>
          <min>1.206471</min>        
          <max>1</max>
        </pitchRange>      
        <distRange>
          <min>0</min>        
          <max>70</max>
        </distRange>
      </li>
    </subSounds>
  </SoundDef>

  <SoundDef>
    <defName>Pawn_Boomrat_Death</defName>  
    <context>MapOnly</context>
    <eventNames />  
    <subSounds>
      <li>
        <grains>
          <li Class="AudioGrain_Folder">
            <clipFolderPath>Pawn/Animal/Boomrat/Boomrat_Death</clipFolderPath>
          </li>
        </grains>      
        <volumeRange>
          <min>15</min>        
          <max>15</max>
        </volumeRange>      
        <pitchRange>
          <min>1.504706</min>        
          <max>1.596471</max>
        </pitchRange>
      </li>
    </subSounds>
  </SoundDef>

  <SoundDef>
    <defName>Pawn_Rodent_Angry</defName>  
    <context>MapOnly</context>
    <eventNames />  
    <subSounds>
      <li>
        <grains>
          <li Class="AudioGrain_Folder">
            <clipFolderPath>Pawn/Animal/Rodent/Rodent_Angry</clipFolderPath>
          </li>
        </grains>      
        <volumeRange>
          <min>15</min>        
          <max>15</max>
        </volumeRange>      
        <pitchRange>
          <min>0.8852941</min>        
          <max>1.275294</max>
        </pitchRange>      
        <distRange>
          <min>0</min>        
          <max>70</max>
        </distRange>      
        <sustainLoop>False</sustainLoop>
      </li>
    </subSounds>
  </SoundDef>

  <SoundDef>
    <defName>Pawn_Rodent_Call</defName>  
    <context>MapOnly</context>
    <eventNames />  
    <subSounds>
      <li>
        <grains>
          <li Class="AudioGrain_Folder">
            <clipFolderPath>Pawn/Animal/Rodent/Rodent_Call</clipFolderPath>
          </li>
        </grains>      
        <volumeRange>
          <min>10</min>        
          <max>12</max>
        </volumeRange>      
        <pitchRange>
          <min>0.9311765</min>        
          <max>1.128235</max>
        </pitchRange>      
        <distRange>
          <min>0</min>        
          <max>50</max>
        </distRange>      
        <sustainLoop>False</sustainLoop>
      </li>
    </subSounds>
  </SoundDef>


	<SoundDef>
		<defName>Pawn_Rodent_Wounded</defName>
    <context>MapOnly</context>
		<eventNames />
		<subSounds>
			<li>
				<grains>
					<li Class="AudioGrain_Folder">
						<clipFolderPath>Pawn/Animal/Rodent/Rodent_Pain</clipFolderPath>
					</li>
				</grains>
				<volumeRange>
					<min>10</min>
					<max>10</max>
				</volumeRange>
				<pitchRange>
					<min>1.298236</min>
					<max>1.61</max>
				</pitchRange>
				<distRange>
					<min>0</min>
					<max>70</max>
				</distRange>
			</li>
		</subSounds>
	</SoundDef>

	<SoundDef>
		<defName>Pawn_Rodent_Death</defName>
    <context>MapOnly</context>
		<eventNames />
		<subSounds>
			<li>
				<grains>
					<li Class="AudioGrain_Folder">
						<clipFolderPath>Pawn/Animal/Rodent/Rodent_Death</clipFolderPath>
					</li>
				</grains>
				<volumeRange>
					<min>10</min>
					<max>10</max>
				</volumeRange>
				<pitchRange>
					<min>1.39</min>
					<max>1.573529</max>
				</pitchRange>
				<distRange>
					<min>0</min>
					<max>70</max>
				</distRange>
			</li>
		</subSounds>
	</SoundDef>

	<SoundDef>
    <defName>Pawn_Alphabeaver_Call</defName>  
    <context>MapOnly</context>
    <eventNames />  
    <subSounds>
      <li>
        <grains>
          <li Class="AudioGrain_Folder">
            <clipFolderPath>Pawn/Animal/Alphabeaver/Alphabeaver_Call</clipFolderPath>
          </li>
        </grains>      
        <volumeRange>
          <min>12.19512</min>        
          <max>12.19512</max>
        </volumeRange>      
        <pitchRange>
          <min>0.9082353</min>        
          <max>1.114706</max>
        </pitchRange>      
        <distRange>
          <min>0</min>        
          <max>50</max>
        </distRange>
      </li>
    </subSounds>
  </SoundDef>

  <SoundDef>
    <defName>Pawn_Alphabeaver_Angry</defName>  
    <context>MapOnly</context>
    <eventNames />  
    <subSounds>
      <li>
        <grains>
          <li Class="AudioGrain_Folder">
            <clipFolderPath>Pawn/Animal/Alphabeaver/Alphabeaver_Angry</clipFolderPath>
          </li>
        </grains>      
        <volumeRange>
          <min>20</min>        
          <max>20</max>
        </volumeRange>      
        <pitchRange>
          <min>0.9311765</min>        
          <max>1.091765</max>
        </pitchRange>      
        <distRange>
          <min>0</min>        
          <max>70</max>
        </distRange>      
        <sustainLoop>False</sustainLoop>
      </li>
    </subSounds>
  </SoundDef>

  <SoundDef>
    <defName>Pawn_Alphabeaver_Death</defName>  
    <context>MapOnly</context>
    <eventNames />  
    <subSounds>
      <li>
        <grains>
          <li Class="AudioGrain_Folder">
            <clipFolderPath>Pawn/Animal/Alphabeaver/Alphabeaver_Wounded</clipFolderPath>
          </li>
        </grains>      
        <volumeRange>
          <min>26.82927</min>        
          <max>26.82927</max>
        </volumeRange>      
        <pitchRange>
          <min>1.504706</min>        
          <max>1.596471</max>
        </pitchRange>      
        <distRange>
          <min>0</min>        
          <max>70</max>
        </distRange>
      </li>
    </subSounds>
  </SoundDef>

  <SoundDef>
    <defName>Pawn_Alphabeaver_Wounded</defName>  
    <context>MapOnly</context>
    <eventNames />  
    <subSounds>
      <li>
        <grains>
          <li Class="AudioGrain_Folder">
            <clipFolderPath>Pawn/Animal/Alphabeaver/Alphabeaver_Wounded</clipFolderPath>
          </li>
        </grains>      
        <volumeRange>
          <min>15</min>        
          <max>15</max>
        </volumeRange>      
        <pitchRange>
          <min>1.206471</min>        
          <max>1</max>
        </pitchRange>      
        <distRange>
          <min>0</min>        
          <max>70</max>
        </distRange>
      </li>
    </subSounds>
  </SoundDef>

  <SoundDef>
    <defName>Pawn_Deer_Call</defName>  
    <context>MapOnly</context>
    <eventNames />  
    <subSounds>
      <li>
        <grains>
          <li Class="AudioGrain_Folder">
            <clipFolderPath>Pawn/Animal/Deer/Deer_Call</clipFolderPath>
          </li>
        </grains>      
        <volumeRange>
          <min>8</min>        
          <max>8</max>
        </volumeRange>      
        <pitchRange>
          <min>0.9082353</min>        
          <max>1.114706</max>
        </pitchRange>      
        <distRange>
          <min>0</min>        
          <max>50</max>
        </distRange>
      </li>
    </subSounds>
  </SoundDef>

  <SoundDef>
    <defName>Pawn_Deer_Angry</defName>  
    <context>MapOnly</context>
    <eventNames />  
    <subSounds>
      <li>
        <grains>
          <li Class="AudioGrain_Folder">
            <clipFolderPath>Pawn/Animal/Deer/Deer_Pain</clipFolderPath>
          </li>
        </grains>      
        <volumeRange>
          <min>20</min>        
          <max>20</max>
        </volumeRange>      
        <pitchRange>
          <min>0.9311765</min>        
          <max>1.091765</max>
        </pitchRange>      
        <distRange>
          <min>0</min>        
          <max>70</max>
        </distRange>      
        <sustainLoop>False</sustainLoop>
      </li>
    </subSounds>
  </SoundDef>

  <SoundDef>
    <defName>Pawn_Deer_Death</defName>  
    <context>MapOnly</context>
    <eventNames />  
    <subSounds>
      <li>
        <grains>
          <li Class="AudioGrain_Folder">
            <clipFolderPath>Pawn/Animal/Deer/Deer_Death</clipFolderPath>
          </li>
        </grains>      
        <volumeRange>
          <min>28.04878</min>        
          <max>28.04878</max>
        </volumeRange>      
        <pitchRange>
          <min>1.504706</min>        
          <max>1.596471</max>
        </pitchRange>      
        <distRange>
          <min>0</min>        
          <max>70</max>
        </distRange>
      </li>
    </subSounds>
  </SoundDef>

  <SoundDef>
    <defName>Pawn_Deer_Wounded</defName>  
    <context>MapOnly</context>
    <eventNames />  
    <subSounds>
      <li>
        <grains>
          <li Class="AudioGrain_Folder">
            <clipFolderPath>Pawn/Animal/Deer/Deer_Pain</clipFolderPath>
          </li>
        </grains>      
        <volumeRange>
          <min>19.5122</min>        
          <max>19.5122</max>
        </volumeRange>      
        <pitchRange>
          <min>1.206471</min>        
          <max>1</max>
        </pitchRange>      
        <distRange>
          <min>0</min>        
          <max>70</max>
        </distRange>
      </li>
    </subSounds>
  </SoundDef>

  <SoundDef>
    <defName>Pawn_Dromedary_Call</defName>  
    <context>MapOnly</context>
    <eventNames />  
    <subSounds>
      <li>
        <grains>
          <li Class="AudioGrain_Folder">
            <clipFolderPath>Pawn/Animal/Dromedary/Dromedary_Call</clipFolderPath>
          </li>
        </grains>      
        <volumeRange>
          <min>12</min>        
          <max>12</max>
        </volumeRange>      
        <pitchRange>
          <min>0.9082353</min>        
          <max>1.114706</max>
        </pitchRange>      
        <distRange>
          <min>0</min>        
          <max>50</max>
        </distRange>
      </li>
    </subSounds>
  </SoundDef>

  <SoundDef>
    <defName>Pawn_Dromedary_Angry</defName>  
    <context>MapOnly</context>
    <eventNames />  
    <subSounds>
      <li>
        <grains>
          <li Class="AudioGrain_Folder">
            <clipFolderPath>Pawn/Animal/Dromedary/Dromedary_Angry</clipFolderPath>
          </li>
        </grains>      
        <volumeRange>
          <min>20</min>        
          <max>20</max>
        </volumeRange>      
        <pitchRange>
          <min>0.9311765</min>        
          <max>1.091765</max>
        </pitchRange>      
        <sustainLoop>False</sustainLoop>
      </li>
    </subSounds>
  </SoundDef>

  <SoundDef>
    <defName>Pawn_Dromedary_Death</defName>  
    <context>MapOnly</context>
    <eventNames />  
    <subSounds>
      <li>
        <grains>
          <li Class="AudioGrain_Folder">
            <clipFolderPath>Pawn/Animal/Dromedary/Dromedary_Death</clipFolderPath>
          </li>
        </grains>      
        <volumeRange>
          <min>25.60976</min>        
          <max>25.60976</max>
        </volumeRange>      
        <pitchRange>
          <min>1.504706</min>        
          <max>1.596471</max>
        </pitchRange>      
        <distRange>
          <min>0</min>        
          <max>70</max>
        </distRange>
      </li>
    </subSounds>
  </SoundDef>

  <SoundDef>
    <defName>Pawn_Dromedary_Wounded</defName>  
    <context>MapOnly</context>
    <eventNames />  
    <subSounds>
      <li>
        <grains>
          <li Class="AudioGrain_Folder">
            <clipFolderPath>Pawn/Animal/Dromedary/Dromedary_Wounded</clipFolderPath>
          </li>
        </grains>      
        <volumeRange>
          <min>23.17073</min>        
          <max>23.17073</max>
        </volumeRange>      
        <pitchRange>
          <min>1.206471</min>        
          <max>1</max>
        </pitchRange>      
        <distRange>
          <min>0</min>        
          <max>70</max>
        </distRange>
      </li>
    </subSounds>
  </SoundDef>

  <SoundDef>
    <defName>Pawn_Elk_Call</defName>  
    <context>MapOnly</context>
    <eventNames />  
    <subSounds>
      <li>
        <grains>
          <li Class="AudioGrain_Folder">
            <clipFolderPath>Pawn/Animal/Elk/Elk_Call</clipFolderPath>
          </li>
        </grains>      
        <volumeRange>
          <min>12</min>        
          <max>12</max>
        </volumeRange>      
        <pitchRange>
          <min>0.9082353</min>        
          <max>1.114706</max>
        </pitchRange>      
        <distRange>
          <min>0</min>        
          <max>50</max>
        </distRange>
      </li>
    </subSounds>
  </SoundDef>

  <SoundDef>
    <defName>Pawn_Elk_Angry</defName>  
    <context>MapOnly</context>
    <eventNames />  
    <subSounds>
      <li>
        <grains>
          <li Class="AudioGrain_Folder">
            <clipFolderPath>Pawn/Animal/Elk/Elk_Pain</clipFolderPath>
          </li>
        </grains>      
        <volumeRange>
          <min>25</min>        
          <max>25</max>
        </volumeRange>      
        <pitchRange>
          <min>0.9311765</min>        
          <max>1.091765</max>
        </pitchRange>      
        <sustainLoop>False</sustainLoop>
      </li>
    </subSounds>
  </SoundDef>

  <SoundDef>
    <defName>Pawn_Elk_Death</defName>  
    <context>MapOnly</context>
    <eventNames />  
    <subSounds>
      <li>
        <grains>
          <li Class="AudioGrain_Folder">
            <clipFolderPath>Pawn/Animal/Elk/Elk_Death</clipFolderPath>
          </li>
        </grains>      
        <volumeRange>
          <min>25</min>        
          <max>25</max>
        </volumeRange>      
        <pitchRange>
          <min>1.504706</min>        
          <max>1.596471</max>
        </pitchRange>      
        <distRange>
          <min>0</min>        
          <max>70</max>
        </distRange>
      </li>
    </subSounds>
  </SoundDef>

  <SoundDef>
    <defName>Pawn_Elk_Wounded</defName>  
    <context>MapOnly</context>
    <eventNames />  
    <subSounds>
      <li>
        <grains>
          <li Class="AudioGrain_Folder">
            <clipFolderPath>Pawn/Animal/Elk/Elk_Pain</clipFolderPath>
          </li>
        </grains>      
        <volumeRange>
          <min>20</min>        
          <max>20</max>
        </volumeRange>      
        <pitchRange>
          <min>1.206471</min>        
          <max>1</max>
        </pitchRange>      
        <distRange>
          <min>0</min>        
          <max>70</max>
        </distRange>
      </li>
    </subSounds>
  </SoundDef>

  <SoundDef>
    <defName>Pawn_Monkey_Call</defName>  
    <context>MapOnly</context>
    <eventNames />  
    <subSounds>
      <li>
        <grains>
          <li Class="AudioGrain_Folder">
            <clipFolderPath>Pawn/Animal/Monkey/Monkey_Call</clipFolderPath>
          </li>
        </grains>      
        <volumeRange>
          <min>8</min>        
          <max>8</max>
        </volumeRange>      
        <pitchRange>
          <min>0.9082353</min>        
          <max>1.114706</max>
        </pitchRange>      
        <distRange>
          <min>0</min>        
          <max>50</max>
        </distRange>
      </li>
    </subSounds>
  </SoundDef>

  <SoundDef>
    <defName>Pawn_Monkey_Angry</defName>  
    <context>MapOnly</context>
    <eventNames />  
    <subSounds>
      <li>
        <grains>
          <li Class="AudioGrain_Folder">
            <clipFolderPath>Pawn/Animal/Monkey/Monkey_Angry</clipFolderPath>
          </li>
        </grains>      
        <volumeRange>
          <min>25</min>        
          <max>25</max>
        </volumeRange>      
        <pitchRange>
          <min>0.9311765</min>        
          <max>1.091765</max>
        </pitchRange>      
        <distRange>
          <min>0</min>        
          <max>70</max>
        </distRange>      
        <sustainLoop>False</sustainLoop>
      </li>
    </subSounds>
  </SoundDef>

  <SoundDef>
    <defName>Pawn_Monkey_Death</defName>  
    <context>MapOnly</context>
    <eventNames />  
    <subSounds>
      <li>
        <grains>
          <li Class="AudioGrain_Folder">
            <clipFolderPath>Pawn/Animal/Monkey/Monkey_Pain</clipFolderPath>
          </li>
        </grains>      
        <volumeRange>
          <min>25</min>        
          <max>25</max>
        </volumeRange>      
        <distRange>
          <min>0</min>        
          <max>70</max>
        </distRange>
      </li>
    </subSounds>
  </SoundDef>

  <SoundDef>
    <defName>Pawn_Monkey_Wounded</defName>  
    <context>MapOnly</context>
    <eventNames />  
    <subSounds>
      <li>
        <grains>
          <li Class="AudioGrain_Folder">
            <clipFolderPath>Pawn/Animal/Monkey/Monkey_Pain</clipFolderPath>
          </li>
        </grains>      
        <volumeRange>
          <min>21</min>        
          <max>21</max>
        </volumeRange>      
        <pitchRange>
          <min>1.206471</min>        
          <max>1</max>
        </pitchRange>      
        <distRange>
          <min>0</min>        
          <max>70</max>
        </distRange>
      </li>
    </subSounds>
  </SoundDef>

  <SoundDef>
    <defName>Pawn_Tortoise_Call</defName>  
    <context>MapOnly</context>
    <eventNames />  
    <subSounds>
      <li>
        <grains>
          <li Class="AudioGrain_Folder">
            <clipFolderPath>Pawn/Animal/Tortoise/Tortoise_Call</clipFolderPath>
          </li>
        </grains>      
        <volumeRange>
          <min>11</min>        
          <max>11</max>
        </volumeRange>      
        <pitchRange>
          <min>0.9082353</min>        
          <max>1.114706</max>
        </pitchRange>      
        <distRange>
          <min>0</min>        
          <max>50</max>
        </distRange>
      </li>
    </subSounds>
  </SoundDef>

  <SoundDef>
    <defName>Pawn_Tortoise_Angry</defName>  
    <context>MapOnly</context>
    <eventNames />  
    <subSounds>
      <li>
        <grains>
          <li Class="AudioGrain_Folder">
            <clipFolderPath>Pawn/Animal/Tortoise/Tortoise_Angry</clipFolderPath>
          </li>
        </grains>      
        <volumeRange>
          <min>24.39024</min>        
          <max>24.39024</max>
        </volumeRange>      
        <pitchRange>
          <min>0.9311765</min>        
          <max>1.091765</max>
        </pitchRange>      
        <distRange>
          <min>0</min>        
          <max>70</max>
        </distRange>      
        <sustainLoop>False</sustainLoop>
      </li>
    </subSounds>
  </SoundDef>

  <SoundDef>
    <defName>Pawn_Tortoise_Death</defName>  
    <context>MapOnly</context>
    <eventNames />  
    <subSounds>
      <li>
        <grains>
          <li Class="AudioGrain_Folder">
            <clipFolderPath>Pawn/Animal/Tortoise/Tortoise_Wounded</clipFolderPath>
          </li>
        </grains>      
        <volumeRange>
          <min>29.26829</min>        
          <max>29.26829</max>
        </volumeRange>      
        <pitchRange>
          <min>1.504706</min>        
          <max>1.596471</max>
        </pitchRange>      
        <distRange>
          <min>0</min>        
          <max>70</max>
        </distRange>
      </li>
    </subSounds>
  </SoundDef>

  <SoundDef>
    <defName>Pawn_Tortoise_Wounded</defName>  
    <context>MapOnly</context>
    <eventNames />  
    <subSounds>
      <li>
        <grains>
          <li Class="AudioGrain_Folder">
            <clipFolderPath>Pawn/Animal/Tortoise/Tortoise_Wounded</clipFolderPath>
          </li>
        </grains>      
        <volumeRange>
          <min>21</min>        
          <max>21</max>
        </volumeRange>      
        <pitchRange>
          <min>1.206471</min>        
          <max>1</max>
        </pitchRange>      
        <distRange>
          <min>0</min>        
          <max>70</max>
        </distRange>
      </li>
    </subSounds>
  </SoundDef>

  <SoundDef>
    <defName>Pawn_Wildboar_Call</defName>  
    <context>MapOnly</context>
    <eventNames />  
    <subSounds>
      <li>
        <grains>
          <li Class="AudioGrain_Folder">
            <clipFolderPath>Pawn/Animal/Wild_Boar/Wildboar_Call</clipFolderPath>
          </li>
        </grains>      
        <volumeRange>
          <min>12</min>        
          <max>12</max>
        </volumeRange>      
        <pitchRange>
          <min>0.9082353</min>        
          <max>1.114706</max>
        </pitchRange>      
        <distRange>
          <min>0</min>        
          <max>50</max>
        </distRange>
      </li>
    </subSounds>
  </SoundDef>

  <SoundDef>
    <defName>Pawn_Wildboar_Angry</defName>  
    <context>MapOnly</context>
    <eventNames />  
    <subSounds>
      <li>
        <grains>
          <li Class="AudioGrain_Folder">
            <clipFolderPath>Pawn/Animal/Wild_boar/Wildboar_Angry</clipFolderPath>
          </li>
        </grains>      
        <volumeRange>
          <min>32.92683</min>        
          <max>32.92683</max>
        </volumeRange>      
        <pitchRange>
          <min>0.9311765</min>        
          <max>1.091765</max>
        </pitchRange>      
        <distRange>
          <min>0</min>        
          <max>70</max>
        </distRange>      
        <sustainLoop>False</sustainLoop>
      </li>
    </subSounds>
  </SoundDef>

  <SoundDef>
    <defName>Pawn_Wildboar_Death</defName>  
    <context>MapOnly</context>
    <eventNames />  
    <subSounds>
      <li>
        <grains>
          <li Class="AudioGrain_Folder">
            <clipFolderPath>Pawn/Animal/Wild_boar/Wildboar_Death</clipFolderPath>
          </li>
        </grains>      
        <volumeRange>
          <min>25</min>        
          <max>25</max>
        </volumeRange>      
        <pitchRange>
          <min>1.504706</min>        
          <max>1.596471</max>
        </pitchRange>      
        <distRange>
          <min>0</min>        
          <max>70</max>
        </distRange>
      </li>
    </subSounds>
  </SoundDef>

  <SoundDef>
    <defName>Pawn_Wildboar_Wounded</defName>  
    <context>MapOnly</context>
    <eventNames />  
    <subSounds>
      <li>
        <grains>
          <li Class="AudioGrain_Folder">
            <clipFolderPath>Pawn/Animal/Wild_Boar/Wildboar_Wounded</clipFolderPath>
          </li>
        </grains>      
        <volumeRange>
          <min>21</min>        
          <max>21</max>
        </volumeRange>      
        <pitchRange>
          <min>1.206471</min>        
          <max>1</max>
        </pitchRange>      
        <distRange>
          <min>0</min>        
          <max>70</max>
        </distRange>
      </li>
    </subSounds>
  </SoundDef>

  <SoundDef>
    <defName>Pawn_Hare_Call</defName>  
    <context>MapOnly</context>
    <eventNames />  
    <subSounds>
      <li>
        <grains>
          <li Class="AudioGrain_Folder">
            <clipFolderPath>Pawn/Animal/Hare/Hare_Call</clipFolderPath>
          </li>
        </grains>      
        <volumeRange>
          <min>12</min>        
          <max>12</max>
        </volumeRange>      
        <pitchRange>
          <min>0.9082353</min>        
          <max>1.114706</max>
        </pitchRange>      
        <distRange>
          <min>0</min>        
          <max>50</max>
        </distRange>
      </li>
    </subSounds>
  </SoundDef>

  <SoundDef>
    <defName>Pawn_Hare_Angry</defName>  
    <context>MapOnly</context>
    <eventNames />  
    <subSounds>
      <li>
        <grains>
          <li Class="AudioGrain_Folder">
            <clipFolderPath>Pawn/Animal/Hare/Hare_Angry</clipFolderPath>
          </li>
        </grains>      
        <volumeRange>
          <min>25</min>        
          <max>25</max>
        </volumeRange>      
        <pitchRange>
          <min>0.9311765</min>        
          <max>1.091765</max>
        </pitchRange>      
        <distRange>
          <min>0</min>        
          <max>70</max>
        </distRange>      
        <sustainLoop>False</sustainLoop>
      </li>
    </subSounds>
  </SoundDef>

  <SoundDef>
    <defName>Pawn_Hare_Death</defName>  
    <context>MapOnly</context>
    <eventNames />  
    <subSounds>
      <li>
        <grains>
          <li Class="AudioGrain_Folder">
            <clipFolderPath>Pawn/Animal/Hare/Hare_Death</clipFolderPath>
          </li>
        </grains>      
        <volumeRange>
          <min>25</min>        
          <max>25</max>
        </volumeRange>      
        <pitchRange>
          <min>1.504706</min>        
          <max>1.596471</max>
        </pitchRange>      
        <distRange>
          <min>0</min>        
          <max>70</max>
        </distRange>
      </li>
    </subSounds>
  </SoundDef>

  <SoundDef>
    <defName>Pawn_Hare_Wounded</defName>  
    <context>MapOnly</context>
    <eventNames />  
    <subSounds>
      <li>
        <grains>
          <li Class="AudioGrain_Folder">
            <clipFolderPath>Pawn/Animal/Hare/Hare_Wounded</clipFolderPath>
          </li>
        </grains>      
        <volumeRange>
          <min>21</min>        
          <max>21</max>
        </volumeRange>      
        <pitchRange>
          <min>1.206471</min>        
          <max>1</max>
        </pitchRange>      
        <distRange>
          <min>0</min>        
          <max>70</max>
        </distRange>
      </li>
    </subSounds>
  </SoundDef>


  <SoundDef>
    <defName>Pawn_Cobra_Call</defName>  
    <context>MapOnly</context>
    <eventNames />  
    <subSounds>
      <li>
        <grains>
          <li Class="AudioGrain_Folder">
            <clipFolderPath>Pawn/Animal/Cobra/Cobra_Call</clipFolderPath>
          </li>
        </grains>      
        <volumeRange>
          <min>16</min>        
          <max>16</max>
        </volumeRange>      
        <pitchRange>
          <min>0.9082353</min>        
          <max>1.114706</max>
        </pitchRange>      
        <distRange>
          <min>0</min>        
          <max>50</max>
        </distRange>
      </li>
    </subSounds>
  </SoundDef>

  <SoundDef>
    <defName>Pawn_Cobra_Angry</defName>  
    <context>MapOnly</context>
    <eventNames />  
    <subSounds>
      <li>
        <grains>
          <li Class="AudioGrain_Folder">
            <clipFolderPath>Pawn/Animal/Cobra/Cobra_Wounded</clipFolderPath>
          </li>
        </grains>      
        <volumeRange>
          <min>25</min>        
          <max>25</max>
        </volumeRange>      
        <pitchRange>
          <min>0.9311765</min>        
          <max>1.091765</max>
        </pitchRange>      
        <distRange>
          <min>0</min>        
          <max>70</max>
        </distRange>      
        <sustainLoop>False</sustainLoop>
      </li>
    </subSounds>
  </SoundDef>

  <SoundDef>
    <defName>Pawn_Cobra_Death</defName>  
    <context>MapOnly</context>
    <eventNames />  
    <subSounds>
      <li>
        <grains>
          <li Class="AudioGrain_Folder">
            <clipFolderPath>Pawn/Animal/Cobra/Cobra_Wounded</clipFolderPath>
          </li>
        </grains>      
        <volumeRange>
          <min>29.26829</min>        
          <max>29.26829</max>
        </volumeRange>      
        <pitchRange>
          <min>1.504706</min>        
          <max>1.596471</max>
        </pitchRange>      
        <distRange>
          <min>0</min>        
          <max>70</max>
        </distRange>
      </li>
    </subSounds>
  </SoundDef>

  <SoundDef>
    <defName>Pawn_Cobra_Wounded</defName>  
    <context>MapOnly</context>
    <eventNames />  
    <subSounds>
      <li>
        <grains>
          <li Class="AudioGrain_Folder">
            <clipFolderPath>Pawn/Animal/Cobra/Cobra_Wounded</clipFolderPath>
          </li>
        </grains>      
        <volumeRange>
          <min>20</min>        
          <max>20</max>
        </volumeRange>      
        <pitchRange>
          <min>1.206471</min>        
          <max>1</max>
        </pitchRange>      
        <distRange>
          <min>0</min>        
          <max>70</max>
        </distRange>
      </li>
    </subSounds>
  </SoundDef>

  <SoundDef>
    <defName>Pawn_Iguana_Call</defName>  
    <context>MapOnly</context>
    <eventNames />  
    <subSounds>
      <li>
        <grains>
          <li Class="AudioGrain_Folder">
            <clipFolderPath>Pawn/Animal/Iguana/Iguana_Call</clipFolderPath>
          </li>
        </grains>      
        <volumeRange>
          <min>14</min>        
          <max>14</max>
        </volumeRange>      
        <pitchRange>
          <min>0.9082353</min>        
          <max>1.114706</max>
        </pitchRange>      
        <distRange>
          <min>0</min>        
          <max>50</max>
        </distRange>
      </li>
    </subSounds>
  </SoundDef>

  <SoundDef>
    <defName>Pawn_Iguana_Angry</defName>  
    <context>MapOnly</context>
    <eventNames />  
    <subSounds>
      <li>
        <grains>
          <li Class="AudioGrain_Folder">
            <clipFolderPath>Pawn/Animal/Iguana/Iguana_Angry</clipFolderPath>
          </li>
        </grains>      
        <volumeRange>
          <min>25</min>        
          <max>25</max>
        </volumeRange>      
        <pitchRange>
          <min>0.9311765</min>        
          <max>1.091765</max>
        </pitchRange>      
        <distRange>
          <min>0</min>        
          <max>70</max>
        </distRange>      
        <sustainLoop>False</sustainLoop>
      </li>
    </subSounds>
  </SoundDef>

  <SoundDef>
    <defName>Pawn_Iguana_Death</defName>  
    <context>MapOnly</context>
    <eventNames />  
    <subSounds>
      <li>
        <grains>
          <li Class="AudioGrain_Folder">
            <clipFolderPath>Pawn/Animal/Iguana/Iguana_Wounded</clipFolderPath>
          </li>
        </grains>      
        <volumeRange>
          <min>25</min>        
          <max>25</max>
        </volumeRange>      
        <pitchRange>
          <min>1.504706</min>        
          <max>1.596471</max>
        </pitchRange>      
        <distRange>
          <min>0</min>        
          <max>70</max>
        </distRange>
      </li>
    </subSounds>
  </SoundDef>

  <SoundDef>
    <defName>Pawn_Iguana_Wounded</defName>  
    <context>MapOnly</context>
    <eventNames />  
    <subSounds>
      <li>
        <grains>
          <li Class="AudioGrain_Folder">
            <clipFolderPath>Pawn/Animal/Iguana/Iguana_Wounded</clipFolderPath>
          </li>
        </grains>      
        <volumeRange>
          <min>20</min>        
          <max>20</max>
        </volumeRange>      
        <pitchRange>
          <min>1.206471</min>        
          <max>1</max>
        </pitchRange>      
        <distRange>
          <min>0</min>        
          <max>70</max>
        </distRange>
      </li>
    </subSounds>
  </SoundDef>

  <SoundDef>
    <defName>Pawn_Rhinoceros_Call</defName>  
    <context>MapOnly</context>
    <eventNames />  
    <subSounds>
      <li>
        <grains>
          <li Class="AudioGrain_Folder">
            <clipFolderPath>Pawn/Animal/Rhinoceros/Rhinoceros_Call</clipFolderPath>
          </li>
        </grains>      
        <volumeRange>
          <min>12</min>        
          <max>12</max>
        </volumeRange>      
        <pitchRange>
          <min>0.9082353</min>        
          <max>1.114706</max>
        </pitchRange>      
        <distRange>
          <min>0</min>        
          <max>50</max>
        </distRange>
      </li>
    </subSounds>
  </SoundDef>

  <SoundDef>
    <defName>Pawn_Rhinoceros_Angry</defName>  
    <context>MapOnly</context>
    <eventNames />  
    <subSounds>
      <li>
        <grains>
          <li Class="AudioGrain_Folder">
            <clipFolderPath>Pawn/Animal/Rhinoceros/Rhinoceros_Angry</clipFolderPath>
          </li>
        </grains>      
        <volumeRange>
          <min>25</min>        
          <max>25</max>
        </volumeRange>      
        <pitchRange>
          <min>0.9311765</min>        
          <max>1.091765</max>
        </pitchRange>      
        <distRange>
          <min>0</min>        
          <max>70</max>
        </distRange>      
        <sustainLoop>False</sustainLoop>
      </li>
    </subSounds>
  </SoundDef>

  <SoundDef>
    <defName>Pawn_Rhinoceros_Death</defName>  
    <context>MapOnly</context>
    <eventNames />  
    <subSounds>
      <li>
        <grains>
          <li Class="AudioGrain_Folder">
            <clipFolderPath>Pawn/Animal/Rhinoceros/Rhinoceros_Death</clipFolderPath>
          </li>
        </grains>      
        <volumeRange>
          <min>48.78049</min>        
          <max>48.78049</max>
        </volumeRange>      
        <pitchRange>
          <min>1.504706</min>        
          <max>1.596471</max>
        </pitchRange>      
        <distRange>
          <min>0</min>        
          <max>70</max>
        </distRange>
      </li>
    </subSounds>
  </SoundDef>

  <SoundDef>
    <defName>Pawn_Rhinoceros_Wounded</defName>  
    <context>MapOnly</context>
    <eventNames />  
    <subSounds>
      <li>
        <grains>
          <li Class="AudioGrain_Folder">
            <clipFolderPath>Pawn/Animal/Rhinoceros/Rhinoceros_Death</clipFolderPath>
          </li>
        </grains>      
        <volumeRange>
          <min>18.29268</min>        
          <max>18.29268</max>
        </volumeRange>      
        <pitchRange>
          <min>1.206471</min>        
          <max>1</max>
        </pitchRange>      
        <distRange>
          <min>0</min>        
          <max>70</max>
        </distRange>
      </li>
    </subSounds>
  </SoundDef>

  <SoundDef>
    <defName>Pawn_Warg_Call</defName>  
    <context>MapOnly</context>
    <eventNames />  
    <subSounds>
      <li>
        <grains>
          <li Class="AudioGrain_Folder">
            <clipFolderPath>Pawn/Animal/Warg/Warg_Call</clipFolderPath>
          </li>
        </grains>      
        <volumeRange>
          <min>12</min>        
          <max>12</max>
        </volumeRange>      
        <pitchRange>
          <min>0.9082353</min>        
          <max>1.114706</max>
        </pitchRange>      
        <distRange>
          <min>0</min>        
          <max>50</max>
        </distRange>
      </li>
    </subSounds>
  </SoundDef>

  <SoundDef>
    <defName>Pawn_Warg_Angry</defName>  
    <context>MapOnly</context>
    <eventNames />  
    <subSounds>
      <li>
        <grains>
          <li Class="AudioGrain_Folder">
            <clipFolderPath>Pawn/Animal/Warg/Warg_Angry</clipFolderPath>
          </li>
        </grains>      
        <volumeRange>
          <min>25</min>        
          <max>25</max>
        </volumeRange>      
        <pitchRange>
          <min>0.9311765</min>        
          <max>1.091765</max>
        </pitchRange>      
        <distRange>
          <min>0</min>        
          <max>70</max>
        </distRange>      
        <sustainLoop>False</sustainLoop>
      </li>
    </subSounds>
  </SoundDef>

  <SoundDef>
    <defName>Pawn_Warg_Wounded</defName>  
    <context>MapOnly</context>
    <eventNames />  
    <subSounds>
      <li>
        <grains>
          <li Class="AudioGrain_Folder">
            <clipFolderPath>Pawn/Animal/Warg/Warg_Wounded</clipFolderPath>
          </li>
        </grains>      
        <volumeRange>
          <min>15</min>        
          <max>15</max>
        </volumeRange>      
        <pitchRange>
          <min>1.206471</min>        
          <max>1</max>
        </pitchRange>      
        <distRange>
          <min>0</min>        
          <max>70</max>
        </distRange>
      </li>
    </subSounds>
  </SoundDef>

	<SoundDef>
		<defName>Pawn_Warg_Death</defName>
    <context>MapOnly</context>
		<eventNames />
		<subSounds>
			<li>
				<grains>
					<li Class="AudioGrain_Folder">
						<clipFolderPath>Pawn/Animal/Warg/Warg_Death</clipFolderPath>
					</li>
				</grains>
				<volumeRange>
					<min>25</min>
					<max>25</max>
				</volumeRange>
				<pitchRange>
					<min>1.504706</min>
					<max>1.596471</max>
				</pitchRange>
				<distRange>
					<min>0</min>
					<max>70</max>
				</distRange>
			</li>
		</subSounds>
	</SoundDef>

	<SoundDef>
		<defName>Pawn_Elephant_Call</defName>
    <context>MapOnly</context>
		<eventNames />
		<subSounds>
			<li>
				<grains>
					<li Class="AudioGrain_Folder">
						<clipFolderPath>Pawn/Animal/Elephant/Call</clipFolderPath>
					</li>
				</grains>
				<volumeRange>
					<min>15.42672</min>
					<max>14.7734</max>
				</volumeRange>
				<pitchRange>
					<min>0.9770588</min>
					<max>1.137647</max>
				</pitchRange>
				<distRange>
					<min>0</min>
					<max>50.40025</max>
				</distRange>
				<sustainLoop>False</sustainLoop>
			</li>
		</subSounds>
	</SoundDef>

	<SoundDef>
		<defName>Pawn_Elephant_Angry</defName>
    <context>MapOnly</context>
		<eventNames />
		<maxVoices>2</maxVoices>
		<subSounds>
			<li>
				<grains>
					<li Class="AudioGrain_Folder">
						<clipFolderPath>Pawn/Animal/Elephant/Angry</clipFolderPath>
					</li>
				</grains>
				<volumeRange>
					<min>25</min>
					<max>25</max>
				</volumeRange>
				<pitchRange>
					<min>0.9541176</min>
					<max>1.137647</max>
				</pitchRange>
				<distRange>
					<min>0</min>
					<max>70</max>
				</distRange>
				<sustainLoop>False</sustainLoop>
			</li>
		</subSounds>
	</SoundDef>
	
  <SoundDef>
    <defName>Pawn_Elephant_Injured</defName>  
    <context>MapOnly</context>
    <eventNames />  
    <subSounds>
      <li>
        <grains>
          <li Class="AudioGrain_Folder">
            <clipFolderPath>Pawn/Animal/Elephant/Injured</clipFolderPath>
          </li>
        </grains>      
        <volumeRange>
          <min>15</min>        
          <max>15</max>
        </volumeRange>      
        <pitchRange>
          <min>0.9311765</min>        
          <max>1.091765</max>
        </pitchRange>      
        <distRange>
          <min>0</min>        
          <max>70</max>
        </distRange>      
        <repeatMode>NeverTwice</repeatMode>      
        <sustainLoop>False</sustainLoop>
      </li>
    </subSounds>
  </SoundDef>

  <SoundDef>
    <defName>Pawn_Elephant_Dead</defName>  
    <context>MapOnly</context>
    <eventNames />  
    <subSounds>
      <li>
        <grains>
          <li Class="AudioGrain_Folder">
            <clipFolderPath>Pawn/Animal/Elephant/Dead</clipFolderPath>
          </li>
        </grains>      
        <volumeRange>
          <min>20</min>        
          <max>20</max>
        </volumeRange>      
        <pitchRange>
          <min>0.9311764</min>        
          <max>1.068824</max>
        </pitchRange>      
        <distRange>
          <min>0</min>        
          <max>70</max>
        </distRange>      
        <sustainLoop>False</sustainLoop>
      </li>
    </subSounds>
  </SoundDef>

  <SoundDef>
    <defName>Pawn_Thrumbo_Call</defName>
    <context>MapOnly</context>
    <eventNames />
    <subSounds>
      <li>
        <grains>
          <li Class="AudioGrain_Folder">
            <clipFolderPath>Pawn/Animal/Thrumbo/Thrumbo_Call</clipFolderPath>
          </li>
        </grains>
        <volumeRange>
          <min>18</min>
          <max>18</max>
        </volumeRange>
        <pitchRange>
          <min>0.9770588</min>
          <max>1.137647</max>
        </pitchRange>
        <distRange>
          <min>0</min>
          <max>50.40025</max>
        </distRange>
        <sustainLoop>False</sustainLoop>
      </li>
    </subSounds>
  </SoundDef>

  <SoundDef>
    <defName>Pawn_Thrumbo_Angry</defName>
    <context>MapOnly</context>
    <eventNames />
    <maxVoices>2</maxVoices>
    <subSounds>
      <li>
        <grains>
          <li Class="AudioGrain_Folder">
            <clipFolderPath>Pawn/Animal/Thrumbo/Thrumbo_Angry</clipFolderPath>
          </li>
        </grains>
        <volumeRange>
          <min>25</min>
          <max>25</max>
        </volumeRange>
        <pitchRange>
          <min>0.9541176</min>
          <max>1.137647</max>
        </pitchRange>
        <distRange>
          <min>0</min>
          <max>70</max>
        </distRange>
        <sustainLoop>False</sustainLoop>
      </li>
    </subSounds>
  </SoundDef>

  <SoundDef>
    <defName>Pawn_Thrumbo_Pain</defName>
    <context>MapOnly</context>
    <eventNames />
    <subSounds>
      <li>
        <grains>
          <li Class="AudioGrain_Folder">
            <clipFolderPath>Pawn/Animal/Thrumbo/Thrumbo_Pain</clipFolderPath>
          </li>
        </grains>
        <volumeRange>
          <min>17</min>
          <max>17</max>
        </volumeRange>
        <pitchRange>
          <min>0.9311765</min>
          <max>1.091765</max>
        </pitchRange>
        <distRange>
          <min>0</min>
          <max>70</max>
        </distRange>
        <repeatMode>NeverTwice</repeatMode>
        <sustainLoop>False</sustainLoop>
      </li>
    </subSounds>
  </SoundDef>

  <SoundDef>
    <defName>Pawn_Thrumbo_Death</defName>
    <context>MapOnly</context>
    <eventNames />
    <subSounds>
      <li>
        <grains>
          <li Class="AudioGrain_Folder">
            <clipFolderPath>Pawn/Animal/Thrumbo/Thrumbo_Death</clipFolderPath>
          </li>
        </grains>
        <volumeRange>
          <min>30</min>
          <max>30</max>
        </volumeRange>
        <pitchRange>
          <min>0.9311764</min>
          <max>1.068824</max>
        </pitchRange>
        <distRange>
          <min>0</min>
          <max>70</max>
        </distRange>
        <sustainLoop>False</sustainLoop>
      </li>
    </subSounds>
  </SoundDef>


  <SoundDef>
    <defName>Pawn_Bear_Call</defName>
    <context>MapOnly</context>
    <eventNames />
    <subSounds>
      <li>
        <grains>
          <li Class="AudioGrain_Folder">
            <clipFolderPath>Pawn/Animal/Bear/Call</clipFolderPath>
          </li>
        </grains>
        <volumeRange>
          <min>18</min>
          <max>18</max>
        </volumeRange>
        <pitchRange>
          <min>0.9770588</min>
          <max>1.137647</max>
        </pitchRange>
        <distRange>
          <min>0</min>
          <max>50.40025</max>
        </distRange>
        <sustainLoop>False</sustainLoop>
      </li>
    </subSounds>
  </SoundDef>

  <SoundDef>
    <defName>Pawn_Bear_Angry</defName>
    <context>MapOnly</context>
    <eventNames />
    <maxVoices>2</maxVoices>
    <subSounds>
      <li>
        <grains>
          <li Class="AudioGrain_Folder">
            <clipFolderPath>Pawn/Animal/Bear/Angry</clipFolderPath>
          </li>
        </grains>
        <volumeRange>
          <min>25</min>
          <max>25</max>
        </volumeRange>
        <pitchRange>
          <min>0.9541176</min>
          <max>1.137647</max>
        </pitchRange>
        <distRange>
          <min>0</min>
          <max>70</max>
        </distRange>
        <sustainLoop>False</sustainLoop>
      </li>
    </subSounds>
  </SoundDef>

  <SoundDef>
    <defName>Pawn_Bear_Injured</defName>
    <context>MapOnly</context>
    <eventNames />
    <subSounds>
      <li>
        <grains>
          <li Class="AudioGrain_Folder">
            <clipFolderPath>Pawn/Animal/Bear/Injured</clipFolderPath>
          </li>
        </grains>
        <volumeRange>
          <min>17</min>
          <max>17</max>
        </volumeRange>
        <pitchRange>
          <min>0.9311765</min>
          <max>1.091765</max>
        </pitchRange>
        <distRange>
          <min>0</min>
          <max>70</max>
        </distRange>
        <repeatMode>NeverTwice</repeatMode>
        <sustainLoop>False</sustainLoop>
      </li>
    </subSounds>
  </SoundDef>

  <SoundDef>
    <defName>Pawn_Bear_Death</defName>
    <context>MapOnly</context>
    <eventNames />
    <subSounds>
      <li>
        <grains>
          <li Class="AudioGrain_Folder">
            <clipFolderPath>Pawn/Animal/Bear/Dead</clipFolderPath>
          </li>
        </grains>
        <volumeRange>
          <min>30</min>
          <max>30</max>
        </volumeRange>
        <pitchRange>
          <min>0.9311764</min>
          <max>1.068824</max>
        </pitchRange>
        <distRange>
          <min>0</min>
          <max>70</max>
        </distRange>
        <sustainLoop>False</sustainLoop>
      </li>
    </subSounds>
  </SoundDef>


  <SoundDef>
    <defName>Pawn_Cougar_Angry</defName>
    <context>MapOnly</context>
    <eventNames />
    <maxVoices>2</maxVoices>
    <subSounds>
      <li>
        <grains>
          <li Class="AudioGrain_Folder">
            <clipFolderPath>Pawn/Animal/Cat/Cat_Angry</clipFolderPath>
          </li>
        </grains>
        <volumeRange>
          <min>25</min>
          <max>25</max>
        </volumeRange>
        <pitchRange>
          <min>0.7</min>
          <max>0.75</max>
        </pitchRange>
        <distRange>
          <min>0</min>
          <max>70</max>
        </distRange>
        <sustainLoop>False</sustainLoop>
      </li>
    </subSounds>
  </SoundDef>

  <SoundDef>
    <defName>Pawn_Cougar_Injured</defName>
    <context>MapOnly</context>
    <eventNames />
    <subSounds>
      <li>
        <grains>
          <li Class="AudioGrain_Folder">
            <clipFolderPath>Pawn/Animal/Cat/Cat_Injured</clipFolderPath>
          </li>
        </grains>
        <volumeRange>
          <min>17</min>
          <max>17</max>
        </volumeRange>
        <pitchRange>
          <min>0.7</min>
          <max>0.75</max>
        </pitchRange>
        <distRange>
          <min>0</min>
          <max>70</max>
        </distRange>
        <repeatMode>NeverTwice</repeatMode>
        <sustainLoop>False</sustainLoop>
      </li>
    </subSounds>
  </SoundDef>

  <SoundDef>
    <defName>Pawn_Cougar_Death</defName>
    <context>MapOnly</context>
    <eventNames />
    <subSounds>
      <li>
        <grains>
          <li Class="AudioGrain_Folder">
            <clipFolderPath>Pawn/Animal/Cat/Cat_Injured</clipFolderPath>
          </li>
        </grains>
        <volumeRange>
          <min>30</min>
          <max>30</max>
        </volumeRange>
        <pitchRange>
          <min>0.7</min>
          <max>0.75</max>
        </pitchRange>
        <distRange>
          <min>0</min>
          <max>70</max>
        </distRange>
        <sustainLoop>False</sustainLoop>
      </li>
    </subSounds>
  </SoundDef>

</DefPackage-SoundDef>