﻿<?xml version="1.0" encoding="utf-8" ?>
<Defs>

	<SoundDef>
		<defName>Pawn_Megascarab_Call</defName>
    <context>MapOnly</context>
		<eventNames />
		<subSounds>
			<li>
				<grains>
					<li Class="AudioGrain_Folder">
						<clipFolderPath>Pawn/Animal/Megascarab/Megascarab_Call</clipFolderPath>
					</li>
				</grains>
				<volumeRange>
					<min>14</min>
					<max>14</max>
				</volumeRange>
				<pitchRange>
					<min>0.9082353</min>
					<max>1.114706</max>
				</pitchRange>
				<distRange>
					<min>0</min>
					<max>50</max>
				</distRange>
			</li>
		</subSounds>
	</SoundDef>

	<SoundDef>
		<defName>Pawn_Megascarab_Angry</defName>
    <context>MapOnly</context>
		<eventNames />
		<subSounds>
			<li>
				<grains>
					<li Class="AudioGrain_Folder">
						<clipFolderPath>Pawn/Animal/Megascarab/Megascarab_Angry</clipFolderPath>
					</li>
				</grains>
				<volumeRange>
					<min>25</min>
					<max>25</max>
				</volumeRange>
				<pitchRange>
					<min>0.9311765</min>
					<max>1.091765</max>
				</pitchRange>
				<distRange>
					<min>0</min>
					<max>70</max>
				</distRange>
				<sustainLoop>False</sustainLoop>
			</li>
		</subSounds>
	</SoundDef>

	<SoundDef>
		<defName>Pawn_Megascarab_Death</defName>
    <context>MapOnly</context>
		<eventNames />
		<subSounds>
			<li>
				<grains>
					<li Class="AudioGrain_Folder">
						<clipFolderPath>Pawn/Animal/Megascarab/Megascarab_Angry</clipFolderPath>
					</li>
				</grains>
				<volumeRange>
					<min>25</min>
					<max>25</max>
				</volumeRange>
				<pitchRange>
					<min>1.4</min>
					<max>1.6</max>
				</pitchRange>
				<distRange>
					<min>0</min>
					<max>70</max>
				</distRange>
			</li>
		</subSounds>
	</SoundDef>

	<SoundDef>
		<defName>Pawn_Megascarab_Wounded</defName>
    <context>MapOnly</context>
		<eventNames />
		<subSounds>
			<li>
				<grains>
					<li Class="AudioGrain_Folder">
						<clipFolderPath>Pawn/Animal/Megascarab/Megascarab_Wounded</clipFolderPath>
					</li>
				</grains>
				<volumeRange>
					<min>21</min>
					<max>21</max>
				</volumeRange>
				<pitchRange>
					<min>1.206471</min>
					<max>1</max>
				</pitchRange>
				<distRange>
					<min>0</min>
					<max>70</max>
				</distRange>
			</li>
		</subSounds>
	</SoundDef>



    <SoundDef>
      <defName>Pawn_BigInsect_Call</defName>
      <context>MapOnly</context>
      <eventNames />
      <subSounds>
        <li>
          <grains>
            <li Class="AudioGrain_Folder">
              <clipFolderPath>Pawn/Animal/BigInsect/BigInsect_Call</clipFolderPath>
            </li>
          </grains>
          <volumeRange>
            <min>22</min>
            <max>22</max>
          </volumeRange>
          <pitchRange>
            <min>0.90</min>
            <max>1.1</max>
          </pitchRange>
          <distRange>
            <min>0</min>
            <max>50</max>
          </distRange>
        </li>
      </subSounds>
    </SoundDef>

    <SoundDef>
      <defName>Pawn_BigInsect_Angry</defName>
      <context>MapOnly</context>
      <eventNames />
      <subSounds>
        <li>
          <grains>
            <li Class="AudioGrain_Folder">
              <clipFolderPath>Pawn/Animal/BigInsect/BigInsect_Angry</clipFolderPath>
            </li>
          </grains>
          <volumeRange>
            <min>25</min>
            <max>25</max>
          </volumeRange>
          <pitchRange>
            <min>0.95</min>
            <max>1.05</max>
          </pitchRange>
          <distRange>
            <min>0</min>
            <max>70</max>
          </distRange>
          <sustainLoop>False</sustainLoop>
        </li>
      </subSounds>
    </SoundDef>

    <SoundDef>
      <defName>Pawn_BigInsect_Death</defName>
      <context>MapOnly</context>
      <eventNames />
      <subSounds>
        <li>
          <grains>
            <li Class="AudioGrain_Folder">
              <clipFolderPath>Pawn/Animal/BigInsect/BigInsect_Angry</clipFolderPath>
            </li>
          </grains>
          <volumeRange>
            <min>25</min>
            <max>25</max>
          </volumeRange>
          <pitchRange>
            <min>0.95</min>
            <max>1.05</max>
          </pitchRange>
          <distRange>
            <min>0</min>
            <max>70</max>
          </distRange>
        </li>
      </subSounds>
    </SoundDef>

    <SoundDef>
      <defName>Pawn_BigInsect_Pain</defName>
      <context>MapOnly</context>
      <eventNames />
      <subSounds>
        <li>
          <grains>
            <li Class="AudioGrain_Folder">
              <clipFolderPath>Pawn/Animal/BigInsect/BigInsect_Injured</clipFolderPath>
            </li>
          </grains>
          <volumeRange>
            <min>21</min>
            <max>21</max>
          </volumeRange>
          <pitchRange>
            <min>0.95</min>
            <max>1.05</max>
          </pitchRange>
          <distRange>
            <min>0</min>
            <max>70</max>
          </distRange>
        </li>
      </subSounds>
    </SoundDef>



  <SoundDef>
    <defName>Pawn_Spelopede_Call</defName>
    <context>MapOnly</context>
    <eventNames />
    <subSounds>
      <li>
        <grains>
          <li Class="AudioGrain_Folder">
            <clipFolderPath>Pawn/Animal/BigInsect/BigInsect_Call</clipFolderPath>
          </li>
        </grains>
        <volumeRange>
          <min>22</min>
          <max>22</max>
        </volumeRange>
        <pitchRange>
          <min>1.2</min>
          <max>1.3</max>
        </pitchRange>
        <distRange>
          <min>0</min>
          <max>50</max>
        </distRange>
      </li>
    </subSounds>
  </SoundDef>

  <SoundDef>
    <defName>Pawn_Spelopede_Angry</defName>
    <context>MapOnly</context>
    <eventNames />
    <subSounds>
      <li>
        <grains>
          <li Class="AudioGrain_Folder">
            <clipFolderPath>Pawn/Animal/BigInsect/BigInsect_Angry</clipFolderPath>
          </li>
        </grains>
        <volumeRange>
          <min>25</min>
          <max>25</max>
        </volumeRange>
        <pitchRange>
          <min>1.2</min>
          <max>1.3</max>
        </pitchRange>
        <distRange>
          <min>0</min>
          <max>70</max>
        </distRange>
        <sustainLoop>False</sustainLoop>
      </li>
    </subSounds>
  </SoundDef>

  <SoundDef>
    <defName>Pawn_Spelopede_Death</defName>
    <context>MapOnly</context>
    <eventNames />
    <subSounds>
      <li>
        <grains>
          <li Class="AudioGrain_Folder">
            <clipFolderPath>Pawn/Animal/BigInsect/BigInsect_Angry</clipFolderPath>
          </li>
        </grains>
        <volumeRange>
          <min>25</min>
          <max>25</max>
        </volumeRange>
        <pitchRange>
          <min>1.2</min>
          <max>1.3</max>
        </pitchRange>
        <distRange>
          <min>0</min>
          <max>70</max>
        </distRange>
      </li>
    </subSounds>
  </SoundDef>

  <SoundDef>
    <defName>Pawn_Spelopede_Pain</defName>
    <context>MapOnly</context>
    <eventNames />
    <subSounds>
      <li>
        <grains>
          <li Class="AudioGrain_Folder">
            <clipFolderPath>Pawn/Animal/BigInsect/BigInsect_Injured</clipFolderPath>
          </li>
        </grains>
        <volumeRange>
          <min>21</min>
          <max>21</max>
        </volumeRange>
        <pitchRange>
          <min>1.2</min>
          <max>1.3</max>
        </pitchRange>
        <distRange>
          <min>0</min>
          <max>70</max>
        </distRange>
      </li>
    </subSounds>
  </SoundDef>



</Defs>