﻿<?xml version="1.0" encoding="utf-8"?><DefPackage-SoundDef>

  <SoundDef>
    <defName>Pawn_Mech_Centipede_Wounded</defName>  
    <context>MapOnly</context>
    <eventNames />  
    <maxVoices>1</maxVoices>  
    <subSounds>
      <li>
        <grains>
          <li Class="AudioGrain_Folder">
            <clipFolderPath>Pawn/Mechanoid/Mechanoid_Centipede_Pain</clipFolderPath>
          </li>
        </grains>      
        <volumeRange>
          <min>20</min>        
          <max>20</max>
        </volumeRange>      
        <pitchRange>
          <min>0.9541177</min>        
          <max>1.068824</max>
        </pitchRange>      
        <repeatMode>NeverTwice</repeatMode>      
        <sustainLoop>False</sustainLoop>
      </li>
    </subSounds>
  </SoundDef>

  <SoundDef>
    <defName>Pawn_Mech_Centipede_Death</defName>  
    <context>MapOnly</context>
    <eventNames />  
    <subSounds>
      <li>
        <grains>
          <li Class="AudioGrain_Folder">
            <clipFolderPath>Pawn/Mechanoid/Mechanoid_Centipede_Death</clipFolderPath>
          </li>
        </grains>      
        <volumeRange>
          <min>20</min>        
          <max>20</max>
        </volumeRange>      
        <pitchRange>
          <min>0.9311765</min>        
          <max>1.045882</max>
        </pitchRange>      
        <sustainLoop>False</sustainLoop>
      </li>
    </subSounds>
  </SoundDef>

  <SoundDef>
    <defName>Pawn_Mech_Centipede_Call</defName>  
    <context>MapOnly</context>
    <eventNames />  
    <subSounds>
      <li>
        <grains>
          <li Class="AudioGrain_Folder">
            <clipFolderPath>Pawn/Mechanoid/Mechanoid_Centipede_Calls</clipFolderPath>
          </li>
        </grains>      
        <volumeRange>
          <min>20</min>        
          <max>20</max>
        </volumeRange>      
        <pitchRange>
          <min>0.9311765</min>        
          <max>1.045882</max>
        </pitchRange>      
        <sustainLoop>False</sustainLoop>
      </li>
    </subSounds>
  </SoundDef>

  <SoundDef>
    <defName>Pawn_Mech_Scyther_Wounded</defName>  
    <context>MapOnly</context>
    <eventNames />  
    <maxVoices>1</maxVoices>  
    <subSounds>
      <li>
        <grains>
          <li Class="AudioGrain_Folder">
            <clipFolderPath>Pawn/Mechanoid/Scyther/Pain</clipFolderPath>
          </li>
        </grains>      
        <volumeRange>
          <min>20</min>        
          <max>20</max>
        </volumeRange>      
        <pitchRange>
          <min>0.9541177</min>        
          <max>1.068824</max>
        </pitchRange>      
        <repeatMode>NeverTwice</repeatMode>      
        <sustainLoop>False</sustainLoop>
      </li>
    </subSounds>
  </SoundDef>

  <SoundDef>
    <defName>Pawn_Mech_Scyther_Death</defName>  
    <context>MapOnly</context>
    <eventNames />  
    <subSounds>
      <li>
        <grains>
          <li Class="AudioGrain_Folder">
            <clipFolderPath>Pawn/Mechanoid/Scyther/Death</clipFolderPath>
          </li>
        </grains>      
        <volumeRange>
          <min>20</min>        
          <max>20</max>
        </volumeRange>      
        <pitchRange>
          <min>0.9311765</min>        
          <max>1.045882</max>
        </pitchRange>      
        <sustainLoop>False</sustainLoop>
      </li>
    </subSounds>
  </SoundDef>

  <SoundDef>
    <defName>Pawn_Mech_Scyther_Call</defName>  
    <context>MapOnly</context>
    <eventNames />  
    <subSounds>
      <li>
        <grains>
          <li Class="AudioGrain_Folder">
            <clipFolderPath>Pawn/Mechanoid/Scyther/Calls</clipFolderPath>
          </li>
        </grains>      
        <volumeRange>
          <min>20</min>        
          <max>20</max>
        </volumeRange>      
        <pitchRange>
          <min>0.9311765</min>        
          <max>1.045882</max>
        </pitchRange>      
        <sustainLoop>False</sustainLoop>
      </li>
    </subSounds>
  </SoundDef>

</DefPackage-SoundDef>