﻿<?xml version="1.0" encoding="utf-8"?><DefPackage-SoundDef>

  <SoundDef>
    <defName>DesignatePlaceBuilding</defName>  
    <eventNames />  
    <maxSimultaneous>1</maxSimultaneous>  
    <subSounds>
      <li>
        <onCamera>True</onCamera>      
        <grains>
          <li Class="AudioGrain_Folder">
            <clipFolderPath>UI/Designate/PlaceBuilding</clipFolderPath>
          </li>
        </grains>      
        <volumeRange>
          <min>7.058827</min>        
          <max>7.058827</max>
        </volumeRange>      
        <pitchRange>
          <min>0.9311765</min>        
          <max>1</max>
        </pitchRange>
      </li>
    </subSounds>
  </SoundDef>

  <SoundDef>
    <defName>DesignateCancel</defName>  
    <eventNames />  
    <maxSimultaneous>1</maxSimultaneous>  
    <subSounds>
      <li>
        <onCamera>True</onCamera>      
        <grains>
          <li Class="AudioGrain_Clip">
            <clipPath>UI/Designate/Cancel5</clipPath>
          </li>
        </grains>      
        <volumeRange>
          <min>15.29412</min>        
          <max>15.29412</max>
        </volumeRange>
      </li>
    </subSounds>
  </SoundDef>

  <SoundDef>
    <defName>DesignateDeconstruct</defName>  
    <eventNames />  
    <maxSimultaneous>1</maxSimultaneous>  
    <subSounds>
      <li>
        <onCamera>True</onCamera>      
        <grains>
          <li Class="AudioGrain_Folder">
            <clipFolderPath>UI/Designate/Deconstruct</clipFolderPath>
          </li>
        </grains>      
        <volumeRange>
          <min>7.672635</min>        
          <max>7.672635</max>
        </volumeRange>      
        <pitchRange>
          <min>0.8940217</min>        
          <max>1.105979</max>
        </pitchRange>
      </li>
    </subSounds>
  </SoundDef>

  <SoundDef>
    <defName>DesignateMine</defName>  
    <eventNames />  
    <maxSimultaneous>1</maxSimultaneous>  
    <subSounds>
      <li>
        <onCamera>True</onCamera>      
        <grains>
          <li Class="AudioGrain_Clip">
            <clipPath>UI/Designate/Mine</clipPath>
          </li>
        </grains>      
        <volumeRange>
          <min>40</min>        
          <max>40</max>
        </volumeRange>
      </li>
    </subSounds>
  </SoundDef>

  <SoundDef>
    <defName>DesignateFailed</defName>  
    <eventNames />  
    <maxSimultaneous>1</maxSimultaneous>  
    <subSounds>
      <li>
        <onCamera>True</onCamera>      
        <grains>
          <li Class="AudioGrain_Clip">
            <clipPath>UI/Designate/DesignateFailed</clipPath>
          </li>
        </grains>      
        <volumeRange>
          <min>19.11764</min>        
          <max>19.11764</max>
        </volumeRange>      
        <sustainLoop>False</sustainLoop>
      </li>
    </subSounds>
  </SoundDef>

  <SoundDef>
    <defName>DesignateAreaStart</defName>  
    <eventNames />  
    <maxSimultaneous>1</maxSimultaneous>  
    <subSounds>
      <li>
        <onCamera>True</onCamera>      
        <grains>
          <li Class="AudioGrain_Clip">
            <clipPath>UI/Designate/CreateZone_Start2</clipPath>
          </li>
        </grains>      
        <volumeRange>
          <min>3.325176</min>        
          <max>3.325176</max>
        </volumeRange>      
        <sustainLoop>False</sustainLoop>
      </li>
    </subSounds>
  </SoundDef>

  <SoundDef>
    <defName>DesignateZoneAdd</defName>  
    <eventNames>
      <li>DesignateAreaAdd</li>
    </eventNames>  
    <maxSimultaneous>1</maxSimultaneous>  
    <subSounds>
      <li>
        <onCamera>True</onCamera>      
        <grains>
          <li Class="AudioGrain_Clip">
            <clipPath>UI/Designate/CreateZone_End2</clipPath>
          </li>
        </grains>      
        <volumeRange>
          <min>2</min>        
          <max>2</max>
        </volumeRange>      
        <sustainLoop>False</sustainLoop>
      </li>
    </subSounds>
  </SoundDef>

  <SoundDef>
    <defName>DesignateZoneDelete</defName>  
    <eventNames>
      <li>DesignateAreaDelete</li>
    </eventNames>  
    <maxSimultaneous>1</maxSimultaneous>  
    <subSounds>
      <li>
        <onCamera>True</onCamera>      
        <grains>
          <li Class="AudioGrain_Clip">
            <clipPath>UI/Designate/DeleteZone</clipPath>
          </li>
        </grains>      
        <volumeRange>
          <min>5</min>        
          <max>5</max>
        </volumeRange>      
        <sustainLoop>False</sustainLoop>
      </li>
    </subSounds>
  </SoundDef>

  <SoundDef>
    <defName>DesignateHaul</defName>  
    <eventNames />  
    <maxSimultaneous>1</maxSimultaneous>  
    <subSounds>
      <li>
        <onCamera>True</onCamera>      
        <grains>
          <li Class="AudioGrain_Clip">
            <clipPath>UI/Designate/Haul</clipPath>
          </li>
        </grains>      
        <volumeRange>
          <min>5</min>        
          <max>5</max>
        </volumeRange>      
        <sustainLoop>False</sustainLoop>
      </li>
    </subSounds>
  </SoundDef>

  <SoundDef>
    <defName>DesignateMine</defName>  
    <eventNames />  
    <maxSimultaneous>1</maxSimultaneous>  
    <subSounds>
      <li>
        <onCamera>True</onCamera>      
        <grains>
          <li Class="AudioGrain_Clip">
            <clipPath>UI/Designate/MineStop</clipPath>
          </li>
        </grains>      
        <volumeRange>
          <min>18.52941</min>        
          <max>18.52941</max>
        </volumeRange>      
        <sustainLoop>False</sustainLoop>
      </li>
    </subSounds>
  </SoundDef>

  <SoundDef>
    <defName>DesignateHunt</defName>  
    <eventNames />  
    <maxSimultaneous>1</maxSimultaneous>  
    <subSounds>
      <li>
        <onCamera>True</onCamera>      
        <grains>
          <li Class="AudioGrain_Clip">
            <clipPath>UI/Designate/Hunt2</clipPath>
          </li>
        </grains>      
        <volumeRange>
          <min>5</min>        
          <max>5</max>
        </volumeRange>      
        <sustainLoop>False</sustainLoop>
      </li>
    </subSounds>
  </SoundDef>

  <SoundDef>
    <defName>DesignateCutPlants</defName>  
    <eventNames />  
    <maxSimultaneous>1</maxSimultaneous>  
    <subSounds>
      <li>
        <onCamera>True</onCamera>      
        <grains>
          <li Class="AudioGrain_Clip">
            <clipPath>UI/Designate/CutPlants</clipPath>
          </li>
        </grains>      
        <volumeRange>
          <min>5</min>        
          <max>5</max>
        </volumeRange>      
        <sustainLoop>False</sustainLoop>
      </li>
    </subSounds>
  </SoundDef>

  <SoundDef>
    <defName>DesignateHarvest</defName>  
    <eventNames />  
    <maxSimultaneous>1</maxSimultaneous>  
    <subSounds>
      <li>
        <onCamera>True</onCamera>      
        <grains>
          <li Class="AudioGrain_Clip">
            <clipPath>UI/Designate/Harvest</clipPath>
          </li>
        </grains>      
        <volumeRange>
          <min>5</min>        
          <max>5</max>
        </volumeRange>      
        <sustainLoop>False</sustainLoop>
      </li>
    </subSounds>
  </SoundDef>

  <SoundDef>
    <defName>DesignateSmoothFloor</defName>  
    <eventNames />  
    <maxSimultaneous>1</maxSimultaneous>  
    <subSounds>
      <li>
        <onCamera>True</onCamera>      
        <grains>
          <li Class="AudioGrain_Clip">
            <clipPath>UI/Designate/SmoothFloor</clipPath>
          </li>
        </grains>      
        <volumeRange>
          <min>19.11764</min>        
          <max>19.11764</max>
        </volumeRange>      
        <sustainLoop>False</sustainLoop>
      </li>
    </subSounds>
  </SoundDef>

  <SoundDef>
    <defName>DesignatePlanAdd</defName>  
    <eventNames />  
    <maxSimultaneous>1</maxSimultaneous>  
    <subSounds>
      <li>
        <onCamera>True</onCamera>      
        <grains>
          <li Class="AudioGrain_Clip">
            <clipPath>UI/Designate/PlanAdd</clipPath>
          </li>
        </grains>      
        <volumeRange>
          <min>5</min>        
          <max>5</max>
        </volumeRange>      
        <pitchRange>
          <min>0.8940217</min>        
          <max>1.105979</max>
        </pitchRange>
      </li>
    </subSounds>
  </SoundDef>

  <SoundDef>
    <defName>DesignatePlanRemove</defName>  
    <eventNames />  
    <maxSimultaneous>1</maxSimultaneous>  
    <subSounds>
      <li>
        <onCamera>True</onCamera>      
        <grains>
          <li Class="AudioGrain_Clip">
            <clipPath>UI/Designate/PlanRemove1</clipPath>
          </li>
        </grains>      
        <volumeRange>
          <min>5</min>        
          <max>5</max>
        </volumeRange>      
        <sustainLoop>False</sustainLoop>
      </li>
    </subSounds>
  </SoundDef>

  <SoundDef>
    <defName>DesignateClaim</defName>  
    <eventNames />  
    <maxSimultaneous>1</maxSimultaneous>  
    <subSounds>
      <li>
        <onCamera>True</onCamera>      
        <grains>
          <li Class="AudioGrain_Clip">
            <clipPath>UI/Designate/Claim</clipPath>
          </li>
        </grains>      
        <volumeRange>
          <min>10.88235</min>        
          <max>10.88235</max>
        </volumeRange>      
        <sustainLoop>False</sustainLoop>
      </li>
    </subSounds>
  </SoundDef>

</DefPackage-SoundDef>