﻿<?xml version="1.0" encoding="utf-8"?><DefPackage-SoundDef>

  <SoundDef>
    <defName>DesignateDragStandard</defName>  
    <sustain>True</sustain>
    <eventNames>
      <li>DesignateDragRegionDelete</li>
    </eventNames>
    <maxSimultaneous>1</maxSimultaneous>  
    <priorityMode>PrioritizeNearest</priorityMode>  
    <sustainStartSound>Click</sustainStartSound>  
    <subSounds>
    </subSounds>
  </SoundDef>


  <SoundDef>
    <defName>DesignateDragStandardChanged</defName>
    <eventNames>
      <li>DesignateDragRegionDeleteChanged</li>
    </eventNames>
    <maxSimultaneous>1</maxSimultaneous>
    <priorityMode>PrioritizeNearest</priorityMode>
    <subSounds>
      <li>
        <onCamera>True</onCamera>
        <grains>
          <li Class="AudioGrain_Clip">
            <clipPath>UI/Designate/DragStandard2</clipPath>
          </li>
        </grains>
        <volumeRange>
          <min>10.384</min>
          <max>10.384</max>
        </volumeRange>
      </li>
    </subSounds>
  </SoundDef>





  <SoundDef>
    <defName>DesignateDragBuildingStart</defName>  
    <eventNames />  
    <maxSimultaneous>1</maxSimultaneous>  
    <subSounds>
      <li>
        <onCamera>True</onCamera>      
        <grains>
          <li Class="AudioGrain_Clip">
            <clipPath>UI/Designate/DragBuildingStart</clipPath>
          </li>
        </grains>      
        <volumeRange>
          <min>25</min>        
          <max>25</max>
        </volumeRange>      
        <sustainLoopDurationRange>
          <min>999</min>        
          <max>999</max>
        </sustainLoopDurationRange>
      </li>
    </subSounds>
  </SoundDef>

  <SoundDef>
    <defName>DesignateDragBuilding</defName>  
    <sustain>True</sustain>  
    <eventNames />  
    <maxSimultaneous>1</maxSimultaneous>  
    <priorityMode>PrioritizeNearest</priorityMode>  
    <sustainStartSound>DesignateDragBuildingStart</sustainStartSound>  
    <subSounds>
      <li>
        <onCamera>True</onCamera>      
        <grains>
          <li Class="AudioGrain_Clip">
            <clipPath>UI/Designate/DragBuilding</clipPath>
          </li>
        </grains>      
        <volumeRange>
          <min>14.17647</min>        
          <max>8.294118</max>
        </volumeRange>      
        <pitchRange>
          <min>0.7973334</min>        
          <max>0.7973334</max>
        </pitchRange>      
        <paramMappings>
          <li>
            <inParam Class="SoundParamSource_External">
              <inParamName>TimeSinceDrag</inParamName>            
              <defaultValue>1</defaultValue>
            </inParam>          
            <outParam Class="SoundParamTarget_Volume" />          
            <paramUpdateMode>Constant</paramUpdateMode>          
            <curve>
              <points>
                <li>
                  <loc>
                    <x>0.001351357</x>                  
                    <y>0.9981133</y>
                  </loc>
                </li>              
                <li>
                  <loc>
                    <x>0.08995674</x>                  
                    <y>0.881117</y>
                  </loc>
                </li>              
                <li>
                  <loc>
                    <x>0.2202703</x>                  
                    <y>-0.005660377</y>
                  </loc>
                </li>
              </points>
            </curve>
          </li>
        </paramMappings>      
        <sustainLoopDurationRange>
          <min>1</min>        
          <max>1</max>
        </sustainLoopDurationRange>      
        <sustainIntervalRange>
          <min>-0.5</min>        
          <max>-0.5</max>
        </sustainIntervalRange>      
        <sustainAttack>0.5</sustainAttack>      
        <sustainRelease>0.5</sustainRelease>
      </li>
    </subSounds>
  </SoundDef>

  <SoundDef>
    <defName>DesignateDragRegionAdd</defName>  
    <sustain>True</sustain>  
    <eventNames />  
    <maxSimultaneous>1</maxSimultaneous>  
    <priorityMode>PrioritizeNearest</priorityMode>  
    <sustainStartSound>DesignateAreaStart</sustainStartSound>  
    <subSounds>
      <li>
        <onCamera>True</onCamera>      
        <grains>
          <li Class="AudioGrain_Clip">
            <clipPath>UI/Designate/CreateZone_Drag2</clipPath>
          </li>
        </grains>      
        <volumeRange>
          <min>3.617487</min>        
          <max>3.617487</max>
        </volumeRange>      
        <sustainLoop>False</sustainLoop>      
        <sustainLoopDurationRange>
          <min>0</min>        
          <max>0</max>
        </sustainLoopDurationRange>
      </li>
    </subSounds>
  </SoundDef>

</DefPackage-SoundDef>