﻿<?xml version="1.0" encoding="utf-8"?><DefPackage-SoundDef>

  <SoundDef>
    <defName>RadioComms_Ambience</defName>  
    <sustain>True</sustain>  
    <eventNames />  
    <maxVoices>2</maxVoices>  
    <maxSimultaneous>1</maxSimultaneous>  
    <priorityMode>PrioritizeNearest</priorityMode>  
    <subSounds>
      <li>
        <onCamera>True</onCamera>      
        <grains>
          <li Class="AudioGrain_Clip">
            <clipPath>UI/CommsWindow_DroneLoop_1a</clipPath>
          </li>
        </grains>      
        <volumeRange>
          <min>10</min>        
          <max>10</max>
        </volumeRange>      
        <sustainLoop>False</sustainLoop>      
        <sustainLoopDurationRange>
          <min>0</min>        
          <max>0</max>
        </sustainLoopDurationRange>      
        <sustainAttack>5</sustainAttack>      
        <sustainRelease>5</sustainRelease>
      </li>
    </subSounds>
  </SoundDef>

</DefPackage-SoundDef>