﻿<?xml version="1.0" encoding="utf-8"?><DefPackage-SoundDef>

  <SoundDef>
    <defName>GunTail_Light</defName>  
    <context>MapOnly</context> 
    <eventNames />  
    <maxVoices>2</maxVoices>  
    <maxSimultaneous>1</maxSimultaneous>  
    <subSounds>
      <li>
        <onCamera>True</onCamera>      
        <grains>
          <li Class="AudioGrain_Folder">
            <clipFolderPath>Weapon/Tails/Light</clipFolderPath>
          </li>
        </grains>      
        <volumeRange>
          <min>18.23529</min>        
          <max>20.58824</max>
        </volumeRange>      
        <pitchRange>
          <min>0.9082352</min>        
          <max>1.091765</max>
        </pitchRange>
      </li>
    </subSounds>
  </SoundDef>

  <SoundDef>
    <defName>GunTail_Medium</defName>  
    <context>MapOnly</context> 
    <eventNames />  
    <maxVoices>2</maxVoices>  
    <maxSimultaneous>1</maxSimultaneous>  
    <subSounds>
      <li>
        <onCamera>True</onCamera>      
        <grains>
          <li Class="AudioGrain_Folder">
            <clipFolderPath>Weapon/Tails/Medium</clipFolderPath>
          </li>
        </grains>      
        <volumeRange>
          <min>24.11765</min>        
          <max>30</max>
        </volumeRange>      
        <pitchRange>
          <min>0.8852941</min>        
          <max>1.114706</max>
        </pitchRange>
      </li>
    </subSounds>
  </SoundDef>

  <SoundDef>
    <defName>GunTail_Heavy</defName>  
    <context>MapOnly</context> 
    <eventNames />  
    <maxVoices>2</maxVoices>  
    <maxSimultaneous>1</maxSimultaneous>  
    <subSounds>
      <li>
        <onCamera>True</onCamera>      
        <grains>
          <li Class="AudioGrain_Folder">
            <clipFolderPath>Weapon/Tails/Heavy</clipFolderPath>
          </li>
        </grains>      
        <volumeRange>
          <min>38.23529</min>        
          <max>37.05882</max>
        </volumeRange>      
        <pitchRange>
          <min>0.9082352</min>        
          <max>1.091765</max>
        </pitchRange>
      </li>
    </subSounds>
  </SoundDef>

</DefPackage-SoundDef>