﻿<?xml version="1.0" encoding="utf-8"?><DefPackage-SoundDef>

  <SoundDef>
    <defName>TurretAcquireTarget</defName>  
    <context>MapOnly</context> 
    <eventNames />  
    <maxSimultaneous>1</maxSimultaneous>  
    <subSounds>
      <li>
        <grains>
          <li Class="AudioGrain_Clip">
            <clipPath>Weapon/GunTurret/Status/Target_Acquired</clipPath>
          </li>
        </grains>      
        <volumeRange>
          <min>15</min>        
          <max>15</max>
        </volumeRange>
      </li>
    </subSounds>
  </SoundDef>

</DefPackage-SoundDef>