﻿<?xml version="1.0" encoding="utf-8"?><DefPackage-SoundDef>

  <SoundDef>
    <defName>MetalHitImportant</defName>  
    <context>MapOnly</context> 
    <eventNames />  
    <maxSimultaneous>1</maxSimultaneous>  
    <subSounds>
      <li>
        <grains>
          <li Class="AudioGrain_Clip">
            <clipPath>Misc/Hiss/MetalHit</clipPath>
          </li>
        </grains>      
        <volumeRange>
          <min>37</min>        
          <max>37</max>
        </volumeRange>      
        <pitchRange>
          <min>0.8940217</min>        
          <max>1.190761</max>
        </pitchRange>
      </li>
    </subSounds>
  </SoundDef>

  <SoundDef>
    <defName>BulletImpactGround</defName>  
    <context>MapOnly</context> 
    <eventNames />  
    <maxSimultaneous>1</maxSimultaneous>  
    <subSounds>
      <li>
        <grains>
          <li Class="AudioGrain_Folder">
            <clipFolderPath>Impact/Bullet_Ground</clipFolderPath>
          </li>
        </grains>      
        <volumeRange>
          <min>6.956522</min>        
          <max>22.17392</max>
        </volumeRange>      
        <pitchRange>
          <min>0.936413</min>        
          <max>1.423913</max>
        </pitchRange>
      </li>
    </subSounds>
  </SoundDef>

  <SoundDef>
    <defName>BulletImpactWood</defName>  
    <context>MapOnly</context> 
    <eventNames />  
    <maxSimultaneous>1</maxSimultaneous>  
    <subSounds>
      <li>
        <grains>
          <li Class="AudioGrain_Folder">
            <clipFolderPath>Impact/Bullet_Wood</clipFolderPath>
          </li>
        </grains>      
        <volumeRange>
          <min>6.956522</min>        
          <max>22.17392</max>
        </volumeRange>      
        <pitchRange>
          <min>0.936413</min>        
          <max>1.423913</max>
        </pitchRange>
      </li>
    </subSounds>
  </SoundDef>

  <SoundDef>
    <defName>BulletImpactMetal</defName>  
    <context>MapOnly</context> 
    <eventNames />  
    <maxSimultaneous>1</maxSimultaneous>  
    <subSounds>
      <li>
        <grains>
          <li Class="AudioGrain_Folder">
            <clipFolderPath>Impact/Bullet_Metal</clipFolderPath>
          </li>
        </grains>      
        <volumeRange>
          <min>6.956522</min>        
          <max>22.82609</max>
        </volumeRange>      
        <pitchRange>
          <min>0.9152174</min>        
          <max>1.084783</max>
        </pitchRange>      
        <repeatMode>Any</repeatMode>
      </li>
    </subSounds>
  </SoundDef>

  <SoundDef>
    <defName>BulletImpactFlesh</defName>  
    <context>MapOnly</context> 
    <eventNames />  
    <maxSimultaneous>1</maxSimultaneous>  
    <subSounds>
      <li>
        <grains>
          <li Class="AudioGrain_Folder">
            <clipFolderPath>Impact/Bullet_Flesh</clipFolderPath>
          </li>
        </grains>      
        <volumeRange>
          <min>7</min>        
          <max>23</max>
        </volumeRange>      
        <pitchRange>
          <min>0.9152174</min>        
          <max>1.169566</max>
        </pitchRange>
      </li>
    </subSounds>
  </SoundDef>

  <SoundDef>
    <defName>PunchThroughRoofMetal</defName>
    <context>MapOnly</context> 
    <eventNames />
    <maxSimultaneous>1</maxSimultaneous>
    <subSounds>
      <li>
        <grains>
          <li Class="AudioGrain_Folder">
            <clipFolderPath>Impact/Bullet_Metal</clipFolderPath>
          </li>
        </grains>
        <volumeRange>
          <min>25</min>
          <max>50</max>
        </volumeRange>
        <pitchRange>
          <min>0.6</min>
          <max>0.8</max>
        </pitchRange>
        <repeatMode>Any</repeatMode>
      </li>
    </subSounds>
  </SoundDef>
  
  <SoundDef>
    <defName>EnergyShieldAbsorbDamage</defName>  
    <context>MapOnly</context> 
    <eventNames />  
    <maxSimultaneous>4</maxSimultaneous>  
    <subSounds>
      <li>
        <grains>
          <li Class="AudioGrain_Folder">
            <clipFolderPath>Misc/EnergyShield/Absorb</clipFolderPath>
          </li>
        </grains>      
        <volumeRange>
          <min>40.06392</min>        
          <max>40.06392</max>
        </volumeRange>      
        <pitchRange>
          <min>0.9770588</min>        
          <max>1.022941</max>
        </pitchRange>      
        <distRange>
          <min>0</min>        
          <max>70</max>
        </distRange>
      </li>
    </subSounds>
  </SoundDef>

  <SoundDef>
    <defName>EnergyShieldBroken</defName>  
    <context>MapOnly</context> 
    <eventNames />  
    <maxSimultaneous>1</maxSimultaneous>  
    <subSounds>
      <li>
        <grains>
          <li Class="AudioGrain_Folder">
            <clipFolderPath>Misc/EnergyShield/Broken</clipFolderPath>
          </li>
        </grains>      
        <volumeRange>
          <min>40.58823</min>        
          <max>40.58823</max>
        </volumeRange>      
        <distRange>
          <min>0</min>        
          <max>70</max>
        </distRange>
      </li>
    </subSounds>
  </SoundDef>

  <SoundDef>
    <defName>EnergyShieldReset</defName>  
    <context>MapOnly</context> 
    <eventNames />  
    <maxSimultaneous>1</maxSimultaneous>  
    <subSounds>
      <li>
        <grains>
          <li Class="AudioGrain_Clip">
            <clipPath>Misc/EnergyShield/Reset/Shield_Reset</clipPath>
          </li>
        </grains>      
        <volumeRange>
          <min>24.11765</min>        
          <max>24.11765</max>
        </volumeRange>      
        <distRange>
          <min>0</min>        
          <max>70</max>
        </distRange>
      </li>
    </subSounds>
  </SoundDef>

</DefPackage-SoundDef>