﻿<?xml version="1.0" encoding="utf-8" ?>
<Defs>

  <RuleDef>
    <defName>Interior_Storage</defName>
    <symbol>interior_storage</symbol>
    <resolvers>
      <li Class="SymbolResolver_Interior_Storage" />
    </resolvers>
  </RuleDef>
  
  <RuleDef>
    <defName>Interior_Barracks</defName>
    <symbol>interior_barracks</symbol>
    <resolvers>
      <li Class="SymbolResolver_Interior_Barracks" />
    </resolvers>
  </RuleDef>
  
  <RuleDef>
    <defName>Interior_AncientTemple</defName>
    <symbol>interior_ancientTemple</symbol>
    <resolvers>
      <li Class="SymbolResolver_Interior_AncientTemple">
        <minRectSize>(4, 3)</minRectSize>
      </li>
    </resolvers>
  </RuleDef>

  <RuleDef>
    <defName>Interior_Brewery</defName>
    <symbol>interior_brewery</symbol>
    <resolvers>
      <li Class="SymbolResolver_Interior_Brewery">
        <minRectSize>(2, 2)</minRectSize>
      </li>
    </resolvers>
  </RuleDef>

  <RuleDef>
    <defName>Interior_BatteryRoom</defName>
    <symbol>interior_batteryRoom</symbol>
    <resolvers>
      <li Class="SymbolResolver_Interior_BatteryRoom">
        <minRectSize>(2, 2)</minRectSize>
      </li>
    </resolvers>
  </RuleDef>

  <RuleDef>
    <defName>Interior_DiningRoom</defName>
    <symbol>interior_diningRoom</symbol>
    <resolvers>
      <li Class="SymbolResolver_Interior_DiningRoom">
        <minRectSize>(3, 3)</minRectSize>
      </li>
    </resolvers>
  </RuleDef>

  <RuleDef>
    <defName>Interior_PrisonCell</defName>
    <symbol>interior_prisonCell</symbol>
    <resolvers>
      <li Class="SymbolResolver_Interior_PrisonCell" />
    </resolvers>
  </RuleDef>

</Defs>
