﻿<?xml version="1.0" encoding="utf-8" ?>
<Defs>
  
  <ItemCollectionGeneratorDef>
    <defName>RandomGeneralGoods</defName>
    <label>general goods</label>
    <workerClass>ItemCollectionGenerator_RandomGeneralGoods</workerClass>
  </ItemCollectionGeneratorDef>

  <ItemCollectionGeneratorDef>
    <defName>Apparel</defName>
    <label>apparel</label>
    <workerClass>ItemCollectionGenerator_Apparel</workerClass>
  </ItemCollectionGeneratorDef>

  <ItemCollectionGeneratorDef>
    <defName>Weapons</defName>
    <label>weapons</label>
    <workerClass>ItemCollectionGenerator_Weapons</workerClass>
  </ItemCollectionGeneratorDef>

  <ItemCollectionGeneratorDef>
    <defName>Artifacts</defName>
    <label>artifacts</label>
    <workerClass>ItemCollectionGenerator_Artifacts</workerClass>
  </ItemCollectionGeneratorDef>

  <ItemCollectionGeneratorDef>
    <defName>RawResources</defName>
    <label>raw resources</label>
    <workerClass>ItemCollectionGenerator_RawResources</workerClass>
  </ItemCollectionGeneratorDef>

  <ItemCollectionGeneratorDef>
    <defName>Standard</defName>
    <label>items</label>
    <workerClass>ItemCollectionGenerator_Standard</workerClass>
  </ItemCollectionGeneratorDef>

  <ItemCollectionGeneratorDef>
    <defName>Food</defName>
    <label>food</label>
    <workerClass>ItemCollectionGenerator_Food</workerClass>
  </ItemCollectionGeneratorDef>

</Defs>
