﻿<?xml version="1.0" encoding="utf-8" ?>
<Defs>

  <TaleDef>
    <defName>CaravanFormed</defName>
    <label>caravan formed</label>
    <taleClass>Tale_SinglePawn</taleClass>
    <type>Volatile</type>
    <baseInterest>10</baseInterest>
    <rulePack>
      <rulesStrings>
        <li>tale_noun->[PAWN_nameDef] departing for adventure</li>
        <li>tale_noun->[PAWN_nameDef] forming a caravan</li>
        <li>image->[PAWN_nameFull] striding forward purposefully [circumstance_group]</li>
        <li>image->[PAWN_nameFull] looking towards the horizon [circumstance_group]</li>
        <li>image->[PAWN_nameFull] packing supplies for a journey [circumstance_group]</li>
        <li>image->[PAWN_nameFull] planning a journey [circumstance_group]</li>
        <li>circumstance_phrase->and equipped for a fight</li>
        <li>circumstance_phrase->and equipped for survival</li>
        <li>circumstance_phrase->and equipped for exploration</li>
        <li>circumstance_phrase->with an eager look in [PAWN_possessive] eyes</li>
        <li>circumstance_phrase->with a [Adjective] look in [PAWN_possessive] eyes</li>
        <li>desc_sentence->[Quantity_adjphrase] [ally]s watch the preparations.</li>
        <li>desc_sentence->[Quantity_adjphrase] [ally]s help with the preparations.</li>
        <li>desc_sentence->[Quantity_adjphrase] [Enemy]s shrink away from the scene.</li>
        <li>desc_sentence->A [TerrainFeature] is visible in the distance.</li>
        <li>desc_sentence->[Quantity_adjphrase] [Person]s watch from a distance.</li>
        <li>desc_sentence->[Quantity_adjphrase] [Animal]s wander peacefully.</li>
      </rulesStrings>
    </rulePack>
  </TaleDef>

  <TaleDef>
    <defName>CaravanFled</defName>
    <label>caravan fled</label>
    <taleClass>Tale_SinglePawn</taleClass>
    <type>Volatile</type>
    <baseInterest>20</baseInterest>
    <rulePack>
      <rulesStrings>
        <li>tale_noun->[PAWN_nameDef]'s caravan fleeing danger</li>
        <li>tale_noun->[PAWN_nameDef]'s caravan escaping danger</li>
        <li>tale_noun->[PAWN_nameDef]'s caravan narrowly escaping danger</li>
        <li>tale_noun->[PAWN_nameDef]'s caravan being chased away by enemies</li>
        <li>image->[PAWN_nameFull] running frantically [circumstance_group]</li>
        <li>image->[PAWN_nameFull] sprinting [circumstance_group]</li>
        <li>image->[PAWN_nameFull] tucked behind a [TerrainFeature], hiding [circumstance_group]</li>
        <li>image->[PAWN_nameFull] putting up a fighting retreat [circumstance_group]</li>
        <li>image->[PAWN_nameFull] casually strolling away [circumstance_group]</li>
        <li>circumstance_phrase->as [Quantity_adjphrase] [Enemy]s chase</li>
        <li>circumstance_phrase->while [Quantity_adjphrase] [Enemy]s search</li>
        <li>circumstance_phrase->from [Quantity_adjphrase] [Enemy]s</li>
        <li>circumstance_phrase->from [Quantity_adjphrase] enemy [Animal]s</li>
        <li>circumstance_phrase->from a [huge] [Enemy]</li>
        <li>desc_sentence->[PAWN_nameDef]'s pursuers are brandishing [Weapon]s.</li>
        <li>desc_sentence->[PAWN_nameDef]'s pursuers are wreathed in [Color] smoke.</li>
        <li>desc_sentence->[PAWN_nameDef]'s pursuers wear [AdjectiveAngsty] expressions.</li>
        <li>desc_sentence->[PAWN_nameDef]'s pursuers are brandishing [Weapon]s.</li>
        <li>desc_sentence->[PAWN_nameDef] is sweating.</li>
        <li>desc_sentence->[PAWN_nameDef] is gasping for breath.</li>
      </rulesStrings>
    </rulePack>
  </TaleDef>

  <TaleDef>
    <defName>CaravanAmbushDefeated</defName>
    <label>caravan ambush defeated</label>
    <taleClass>Tale_SinglePawn</taleClass>
    <type>Volatile</type>
    <baseInterest>20</baseInterest>
    <rulePack>
      <rulesStrings>
        <li>tale_noun->a successful defense of [PAWN_nameDef]'s caravan</li>
        <li>tale_noun->[PAWN_nameDef]'s caravan fighting off an ambush</li>
        <li>image->[PAWN_nameFull] organizing resistance while [circumstance_group]</li>
        <li>image->[PAWN_nameFull] wielding a [Weapon] defensively while [circumstance_group]</li>
        <li>image->[PAWN_nameFull] retaliating with [PAWN_possessive] [Weapon] while [circumstance_group]</li>
        <li>image->[PAWN_nameFull] standing as tall as a building while [circumstance_group]</li>
        <li>image->[PAWN_nameFull] wearing a [AdjectiveBadass] expression while [circumstance_group]</li>
        <li>image->[PAWN_nameFull] wearing a [AdjectiveAngsty] expression while [circumstance_group]</li>
        <li>circumstance_phrase->bracing against the advancing horde</li>
        <li>circumstance_phrase->circling the wagons</li>
        <li>circumstance_phrase->roaring in victory</li>
        <li>circumstance_phrase->brandishing [Weapon]s</li>
        <li>circumstance_phrase->covered in [Gore]</li>
        <li>desc_sentence->[Quantity_adjphrase] [Enemy]s advance, brandishing [Weapon]s.</li>
        <li>desc_sentence->A huge [Enemy] advances, brandishing a [Weapon].</li>
        <li>desc_sentence->[Quantity_adjphrase] [Enemy]s advance with a [AdjectiveBadass] look in their eyes.</li>
        <li>desc_sentence->[Quantity_adjphrase] [Enemy]s advance with a [AdjectiveAngsty] look in their eyes.</li>
        <li>desc_sentence->[Quantity_adjphrase] [Animal]s advance with glowing [Color] eyes.</li>
        <li>desc_sentence->[Quantity_adjphrase] [Animal]s advance, covered in [Gore].</li>
        <li>desc_sentence->The ground is coated in [Gore].</li>
        <li>desc_sentence->[Quantity_adjphrase] [Person]s flee the area.</li>
        <li>desc_sentence->[Quantity_adjphrase] [Animal]s flee the area.</li>
      </rulesStrings>
    </rulePack>
  </TaleDef>

  <TaleDef>
    <defName>CaravanRemoteMining</defName>
    <label>caravan remote mining</label>
    <taleClass>Tale_SinglePawnAndDef</taleClass>
    <type>Volatile</type>
    <defSymbol>MATERIAL</defSymbol>
    <baseInterest>1</baseInterest>
    <rulePack>
      <rulesStrings>
        <li>tale_noun->[PAWN_nameDef]'s caravan mining a rich vein of [MATERIAL_label] in a foreign land</li>
        <li>image->[PAWN_nameFull] working a [MATERIAL_label] wall with mining tools, [circumstance_group]</li>
        <li>image->[PAWN_nameFull] holding up a chunk of [MATERIAL_label], [circumstance_group]</li>
        <li>image->[PAWN_nameFull] resting against a wall of [MATERIAL_label], [circumstance_group]</li>
        <li>image->[PAWN_nameFull] coordinating an excavation team against a rich vein of [MATERIAL_label], [circumstance_group]</li>
        <li>image->[PAWN_nameFull] carefully inspecting a rich vein of [MATERIAL_label], [circumstance_group]</li>
        <li>circumstance_phrase->sweating heavily</li>
        <li>circumstance_phrase->wearing a [AdjectiveFriendly] expression</li>
        <li>circumstance_phrase->smiling proudly</li>
        <li>circumstance_phrase->a satisfied expression on [PAWN_possessive] face</li>
        <li>circumstance_phrase->looking around warily for danger</li>
        <li>desc_sentence->[Quantity_adjphrase] [ally]s assist.</li>
        <li>desc_sentence->[Quantity_adjphrase] [Animal]s wander the area.</li>
        <li>desc_sentence->There is a makeshift shelter in the background.</li>
        <li>desc_sentence->[Quantity_adjphrase] further veins are visible in the distance.</li>
        <li>desc_sentence->A [TerrainFeature] is visible in the distance.</li>
        <li>desc_sentence->[PAWN_nameDef] is sweaty and dirty from work.</li>
      </rulesStrings>
    </rulePack>
  </TaleDef>

  <TaleDef>
    <defName>CaravanAssaultSuccessful</defName>
    <label>caravan assault successful</label>
    <taleClass>Tale_SinglePawn</taleClass>
    <type>Volatile</type>
    <baseInterest>50</baseInterest>
    <rulePack>
      <rulesStrings>
        <li>tale_noun->[PAWN_nameDef]'s caravan defeating an enemy stronghold</li>
        <li>image->[PAWN_nameFull] running towards a [Enemy], [circumstance_group]</li>
        <li>image->[PAWN_nameFull] wielding a [Weapon], [circumstance_group]</li>
        <li>image->[PAWN_nameFull] swinging a [Weapon], [circumstance_group]</li>
        <li>image->[PAWN_nameFull] standing as tall as a building, [circumstance_group]</li>
        <li>circumstance_phrase->wearing a [AdjectiveBadass] look in [PAWN_possessive] eyes</li>
        <li>circumstance_phrase->wearing a [AdjectiveAngsty] look in [PAWN_possessive] eyes</li>
        <li>circumstance_phrase->roaring in victory</li>
        <li>circumstance_phrase->covered in [Gore]</li>
        <li>desc_sentence->[Quantity_adjphrase] [Enemy]s cower from the assault.</li>
        <li>desc_sentence->[Quantity_adjphrase] [Enemy]s flee the area.</li>
        <li>desc_sentence->[Quantity_adjphrase] [Enemy]s are visibly wounded.</li>
        <li>desc_sentence->A [Community] burns in the distance.</li>
        <li>desc_sentence->A [Community] smokes in the distance.</li>
        <li>desc_sentence->The ground is coated in [Gore].</li>
        <li>desc_sentence->[Quantity_adjphrase] [Person]s flee the area.</li>
        <li>desc_sentence->[Quantity_adjphrase] [Animal]s flee the area.</li>
      </rulesStrings>
    </rulePack>
  </TaleDef>
  
</Defs>
