﻿<?xml version="1.0" encoding="utf-8" ?>
<Defs>

  <TaleDef>
    <defName>CaravanAmbushedByHumanlike</defName>
    <label>caravan ambushed</label>
    <taleClass>Tale_SinglePawn</taleClass>
    <type>Volatile</type>
    <baseInterest>10</baseInterest>
    <rulePack>
      <rulesStrings>
        <li>tale_noun->[pawn_nameShortDef]'s caravan ambushed</li>
        <li>image->[pawn_nameFull] cowering [circumstance_group]</li>
        <li>image->[pawn_nameFull] moving to protect an ally [circumstance_group]</li>
        <li>image->[pawn_nameFull] moving to attack [circumstance_group]</li>
        <li>image->[pawn_nameFull] attacking [circumstance_group]</li>
        <li>image->[pawn_nameFull] shouting loudly [circumstance_group]</li>
        <li>image->[pawn_nameFull] running [circumstance_group]</li>
        <li>image->[pawn_nameFull] grapping with an opponent [circumstance_group]</li>
        <li>image->[pawn_nameFull] defending themself [circumstance_group]</li>
        <li>circumstance_phrase->with a [badassadjective] expression</li>
        <li>circumstance_phrase->with a [badassadjective] expression</li>
        <li>circumstance_phrase->while wielding [pawn_possessive] weapon</li>
        <li>circumstance_phrase->while sweating with exertion</li>
        <li>desc_sentence->[quantity_adjphrase] distant figures approaches from behind a [terrainfeature].</li>
        <li>desc_sentence->[quantity_adjphrase] [enemy]s can be seen in the distance.</li>
        <li>desc_sentence->[pawn_nameShortDef] is practically surrounded by [enemy]s.</li>
        <li>desc_sentence->[pawn_nameShortDef] is confronted by a [enemy].</li>
        <li>desc_sentence->[quantity_adjphrase] [animal]s flee the scene of conflict in fear.</li>
        <li>desc_sentence->In the distance, a [outlander] observes.</li>
      </rulesStrings>
    </rulePack>
  </TaleDef>

  <TaleDef>
    <defName>CaravanAmbushedByManhunter</defName>
    <label>caravan ambushed by manhunter</label>
    <taleClass>Tale_SinglePawn</taleClass>
    <type>Volatile</type>
    <baseInterest>10</baseInterest>
    <rulePack>
      <rulesStrings>
        <li>tale_noun->[pawn_nameShortDef]'s caravan ambushed</li>
        <li>image->[pawn_nameFull] cowering [circumstance_group]</li>
        <li>image->[pawn_nameFull] moving to protect an ally [circumstance_group]</li>
        <li>image->[pawn_nameFull] moving to attack [circumstance_group]</li>
        <li>image->[pawn_nameFull] attacking [circumstance_group]</li>
        <li>image->[pawn_nameFull] shouting loudly [circumstance_group]</li>
        <li>image->[pawn_nameFull] running [circumstance_group]</li>
        <li>circumstance_phrase->with a [badassadjective] expression</li>
        <li>circumstance_phrase->with a [badassadjective] expression</li>
        <li>circumstance_phrase->while wielding [pawn_possessive] weapon</li>
        <li>circumstance_phrase->while sweating with exertion</li>
        <li>circumstance_phrase->while covered with [gore]</li>
        <li>desc_sentence->[quantity_adjphrase] distant animals approach from behind a [terrainfeature].</li>
        <li>desc_sentence->[gore] covers the ground.</li>
        <li>desc_sentence->The ground has been trampled into a mess of [gore].</li>
        <li>desc_sentence->[quantity_adjphrase] [animal]s flee the scene of conflict in fear.</li>
        <li>desc_sentence->In the distance, a [outlander] observes.</li>
      </rulesStrings>
    </rulePack>
  </TaleDef>

  <TaleDef>
    <defName>CaravanMeeting</defName>
    <label>caravan meeting</label>
    <taleClass>Tale_SinglePawn</taleClass>
    <type>Volatile</type>
    <baseInterest>10</baseInterest>
    <rulePack>
      <rulesStrings>
        <li>tale_noun->[pawn_nameShortDef]'s caravan met by others</li>
        <li>image->[pawn_nameFull] greeting a [outlander] [circumstance_group]</li>
        <li>image->[pawn_nameFull] inspecting a [outlander] [circumstance_group]</li>
        <li>image->[pawn_nameFull] calling out to a [outlander] [circumstance_group]</li>
        <li>image->[pawn_nameFull] walking towards a [outlander] [circumstance_group]</li>
        <li>image->[pawn_nameFull] talking quietly [circumstance_group]</li>
        <li>image->[pawn_nameFull] shouting loudly [circumstance_group]</li>
        <li>image->[pawn_nameFull] playing [game] with a [outlander] [circumstance_group]</li>
        <li>circumstance_phrase->with a [friendlyadjective] expression</li>
        <li>circumstance_phrase->with a [friendlyadjective] expression</li>
        <li>circumstance_phrase->while [friendlyverb]</li>
        <li>circumstance_phrase->as others look on</li>
        <li>desc_sentence->[quantity_adjphrase] [outlander]s are [event].</li>
        <li>desc_sentence->[quantity_adjphrase] [outlander]s are [event].</li>
        <li>desc_sentence->[quantity_adjphrase] [animal]s surround the group.</li>
        <li>desc_sentence->The sun sets over a [terrainfeature].</li>
        <li>desc_sentence->The sun rises over a [terrainfeature].</li>
        <li>desc_sentence->In the distance, a [outlander] observes.</li>
        <li>event->throwing a party</li>
        <li>event->eating a communal meal</li>
        <li>event->discussing recent events</li>
        <li>event->rekindling old friendships</li>
        <li>event->talking hesitantly</li>
      </rulesStrings>
    </rulePack>
  </TaleDef>

  <TaleDef>
    <defName>CaravanDemand</defName>
    <label>caravan demand</label>
    <taleClass>Tale_SinglePawn</taleClass>
    <type>Volatile</type>
    <baseInterest>10</baseInterest>
    <rulePack>
      <rulesStrings>
        <li>tale_noun->[pawn_nameShortDef]'s caravan receiving a demand</li>
        <li>tale_noun->[pawn_nameShortDef]'s caravan being threatened</li>
        <li>image->[pawn_nameFull] cowering [circumstance_group]</li>
        <li>image->[pawn_nameFull] shouting loudly [circumstance_group]</li>
        <li>image->[pawn_nameFull] thinking [circumstance_group]</li>
        <li>image->[pawn_nameFull] glaring [circumstance_group]</li>
        <li>image->[pawn_nameFull], threatened by a [outlander], [circumstance_group]</li>
        <li>image->[pawn_nameFull] brandishing a [weapon] [circumstance_group]</li>
        <li>circumstance_phrase->with a [badassadjective] expression</li>
        <li>circumstance_phrase->with a [angstyadjective] expression</li>
        <li>circumstance_phrase->as others look on</li>
        <li>circumstance_phrase->while being threatened by [enemy]s</li>
        <li>desc_sentence->[pawn_nameShortDef] is practically surrounded by [enemy]s.</li>
        <li>desc_sentence->[quantity_adjphrase] [enemy]s are nearby, [action].</li>
        <li>desc_sentence->The sun sets over a [terrainfeature].</li>
        <li>desc_sentence->The sun rises over a [terrainfeature].</li>
        <li>desc_sentence->In the distance, a [outlander] observes.</li>
        <li>action->sharpening their weapons</li>
        <li>action->watching for danger</li>
        <li>action->guarding hostages</li>
        <li>action->waiting for a decision</li>
        <li>action->taunting [pawn_nameShortDef]</li>
      </rulesStrings>
    </rulePack>
  </TaleDef>


  <TaleDef>
    <defName>MeteoriteImpact</defName>
    <label>meteorite impact</label>
    <taleClass>Tale_SinglePawn</taleClass>
    <type>Volatile</type>
    <baseInterest>50</baseInterest>
    <rulePack>
      <rulesStrings>
        <li>tale_noun->a meteorite falling near [pawn_nameShortDef]'s [community]</li>
        <li>tale_noun->a meteorite impacting near [pawn_nameShortDef]'s [community]</li>
        <li>image->a [large] rock trailing [color] flames [airborne_circumstance]</li>
        <li>image->a brightly-glowing spot [airborne_circumstance]</li>
        <li>image->a [large] [color] fireball [airborne_circumstance]</li>
        <li>airborne_circumstance->blazing across the sky</li>
        <li>airborne_circumstance->falling to the ground in a cloud of ash</li>
        <li>airborne_circumstance->shedding rocks and debris as it flies</li>
        <li>image->a [large] monolith, [ground_circumstance]</li>
        <li>image->a [large] [color] scorched stone, [ground_circumstance]</li>
        <li>image->a [color] pillar of rock, [ground_circumstance]</li>
        <li>ground_circumstance->surrounded by smoke and ash</li>
        <li>ground_circumstance->smoking from heat</li>
        <li>ground_circumstance->surrounded by molten debris</li>
        <li>ground_circumstance->partially embedded in the ground</li>
        <li>ground_circumstance->lying in a cracked crater</li>
        <li>desc_sentence->[pawn_nameShortDef] looks on in surprise.</li>
        <li>desc_sentence->[pawn_nameShortDef] looks on with excitement.</li>
        <li>desc_sentence->[pawn_nameShortDef] looks on in shock.</li>
        <li>desc_sentence->[quantity_adjphrase] figures approach from a nearby [terrainfeature].</li>
        <li>desc_sentence->[quantity_adjphrase] figures prepare tools and equipment.</li>
        <li>desc_sentence->[quantity_adjphrase] [animal]s mill around uncertainly.</li>
        <li>desc_sentence->The surroundings are muted and dull.</li>
      </rulesStrings>
    </rulePack>
  </TaleDef>

  <TaleDef>
    <defName>ToxicFallout</defName>
    <label>toxic fallout</label>
    <taleClass>Tale_SinglePawn</taleClass>
    <type>Volatile</type>
    <baseInterest>50</baseInterest>
    <rulePack>
      <rulesStrings>
        <li>tale_noun->fallout settling over [pawn_nameShortDef]'s [community]</li>
        <li>tale_noun->the atmosphere near [pawn_nameShortDef]'s [community] becoming toxic</li>
        <li>image->an ominous sky, [circumstance_group]</li>
        <li>image->the air becoming thick and [circumstance_group]</li>
        <li>image->the ground glowing gently and [circumstance_group]</li>
        <li>image->fields of dead plants [circumstance_group]</li>
        <li>image->[quantity_adjphrase] graves [circumstance_group]</li>
        <li>circumstance_phrase->with no life in sight</li>
        <li>circumstance_phrase->covered by a faint sheen of luminous dust</li>
        <li>circumstance_phrase->arranged in a pattern that suggests bones</li>
        <li>circumstance_phrase->waiting for the poison to stop</li>
        <li>desc_sentence->[pawn_nameShortDef] lies on the ground, [pawn_possessive] body twisted at an unusual angle.</li>
        <li>desc_sentence->[pawn_nameShortDef] hides near a [terrainfeature], gazing out with a [angstyadjective] look.</li>
        <li>desc_sentence->[pawn_nameShortDef] looks on in shock.</li>
        <li>desc_sentence->[pawn_nameShortDef] rests quietly with a layer of sweat upon [pawn_possessive] face.</li>
        <li>desc_sentence->[quantity_adjphrase] dead [animal]s litter the ground.</li>
        <li>desc_sentence->[quantity_adjphrase] dying [animal]s litter the ground.</li>
        <li>desc_sentence->[quantity_adjphrase] [animal]s mill around uncertainly.</li>
      </rulesStrings>
    </rulePack>
  </TaleDef>

  <TaleDef>
    <defName>VolcanicWinter</defName>
    <label>volcanic winter</label>
    <taleClass>Tale_SinglePawn</taleClass>
    <type>Volatile</type>
    <baseInterest>50</baseInterest>
    <rulePack>
      <rulesStrings>
        <li>tale_noun->volcanic winter beginning at [pawn_nameShortDef]'s [community]</li>
        <li>image->a dark and cold sky, [circumstance_group]</li>
        <li>image->the air filling with ash, [circumstance_group]</li>
        <li>image->a frost-covered barren [terrainfeature] [circumstance_group]</li>
        <li>image->[quantity_adjphrase] fields of ash-covered plants [circumstance_group]</li>
        <li>circumstance_phrase->with no life in sight</li>
        <li>circumstance_phrase->barely illuminated by thin shafts of light</li>
        <li>circumstance_phrase->starkly illuminated with chilly blue light</li>
        <li>desc_sentence->[pawn_nameShortDef] huddles near a fire.</li>
        <li>desc_sentence->To stay warm, [pawn_nameShortDef] wears [quantity_adjphrase] [apparel]s.</li>
        <li>desc_sentence->[pawn_nameShortDef] sits nearby, visibly exhausted by the ordeal.</li>
        <li>desc_sentence->[pawn_nameShortDef] hides near a [terrainfeature], gazing out with a [angstyadjective] look.</li>
        <li>desc_sentence->[quantity_adjphrase] starving [animal]s surround the scene.</li>
        <li>desc_sentence->[quantity_adjphrase] shivering [animal]s surround the scene.</li>
        <li>desc_sentence->[quantity_adjphrase] dying [animal]s litter the ground.</li>
        <li>desc_sentence->[quantity_adjphrase] [animal]s mill around uncertainly.</li>
      </rulesStrings>
    </rulePack>
  </TaleDef>

  <TaleDef>
    <defName>Aurora</defName>
    <label>aurora</label>
    <taleClass>Tale_SinglePawn</taleClass>
    <type>Volatile</type>
    <baseInterest>20</baseInterest>
    <rulePack>
      <rulesStrings>
        <li>tale_noun->an aurora visible over [pawn_nameShortDef]'s [community]</li>
        <li>tale_noun->the polar lights visible over [pawn_nameShortDef]'s [community]</li>
        <li>tale_noun->[pawn_nameShortDef]'s [community] illuminated by the light of an aurora</li>
        <li>image->the sky illuminated in [color]s and [color]s [circumstance_phrase]</li>
        <li>image->a fabulous pattern of [color] rays [circumstance_phrase]</li>
        <li>image->a network of [color] lights [circumstance_phrase]</li>
        <li>image->[color] swooping arcs with [color] highlights [circumstance_phrase]</li>
        <li>image->dancing [color] lights [circumstance_group]</li>
        <li>circumstance_phrase->over a [terrainfeature]</li>
        <li>circumstance_phrase->illuminating a [terrainfeature]</li>
        <li>circumstance_phrase->floating over a [community]</li>
        <li>circumstance_phrase->bracketed between a [terrainfeature] and a [terrainfeature]</li>
        <li>desc_sentence->Below, [pawn_nameShortDef] plays [game] with a [friendlyadjective] look.</li>
        <li>desc_sentence->[pawn_nameShortDef] watches with awe on [pawn_possessive] face.</li>
        <li>desc_sentence->[quantity_adjphrase] [outlander]s watch from below.</li>
        <li>desc_sentence->[pawn_nameShortDef] sits near a [terrainfeature], gazing at the sky.</li>
        <li>desc_sentence->[quantity_adjphrase] [animal]s wander peacefully.</li>
        <li>desc_sentence->There is no [enemy] in sight.</li>
      </rulesStrings>
    </rulePack>
  </TaleDef>

  <TaleDef>
    <defName>Flashstorm</defName>
    <label>flashstorm</label>
    <taleClass>Tale_SinglePawn</taleClass>
    <type>Volatile</type>
    <baseInterest>20</baseInterest>
    <rulePack>
      <rulesStrings>
        <li>tale_noun->a firestorm that threatened [pawn_nameShortDef]'s [community]</li>
        <li>tale_noun->[pawn_nameShortDef]'s [community] menaced by hostile weather</li>
        <li>image->[quantity_adjphrase] lightning strikes [circumstance_phrase]</li>
        <li>image->[behavior] wall of flames [circumstance_phrase]</li>
        <li>image->[behavior] wall of [color] flames [circumstance_phrase]</li>
        <li>image->[behavior] cloud of ash and smoke [circumstance_phrase]</li>
        <li>image->[behavior] wave of flames [circumstance_phrase]</li>
        <li>behavior->a</li>
        <li>behavior->an advancing</li>
        <li>behavior->an approaching</li>
        <li>circumstance_phrase->advancing towards a [community]</li>
        <li>circumstance_phrase->underneath an intimidating cloud</li>
        <li>circumstance_phrase->nearly enveloping a [terrainfeature]</li>
        <li>circumstance_phrase->nearly enveloping [quantity_adjphrase] [terrainfeature]s</li>
        <li>desc_sentence->[pawn_nameShortDef] watches with visible fright.</li>
        <li>desc_sentence->[pawn_nameShortDef] watches with awe on [pawn_possessive] face.</li>
        <li>desc_sentence->[pawn_nameShortDef] is coordinating defensive measures.</li>
        <li>desc_sentence->[quantity_adjphrase] [outlander]s rush to prepare.</li>
        <li>desc_sentence->[quantity_adjphrase] [animal]s flee the area.</li>
        <li>desc_sentence->All animal life has left the area.</li>
      </rulesStrings>
    </rulePack>
  </TaleDef>

  <TaleDef>
    <defName>Tornado</defName>
    <label>tornado</label>
    <taleClass>Tale_SinglePawn</taleClass>
    <type>Volatile</type>
    <baseInterest>50</baseInterest>
    <rulePack>
      <rulesStrings>
        <li>tale_noun->a tornado that touched down near [pawn_nameShortDef]'s [community]</li>
        <li>tale_noun->[pawn_nameShortDef]'s [community] menaced by hostile weather</li>
        <li>image->[behavior] cone of twisting air [circumstance_phrase]</li>
        <li>image->[behavior] tornado [circumstance_phrase]</li>
        <li>image->[behavior] hurricane [circumstance_phrase]</li>
        <li>image->[behavior] [color] cloud formation [circumstance_phrase]</li>
        <li>behavior->an advancing</li>
        <li>behavior->an approaching</li>
        <li>behavior->a quickly-moving</li>
        <li>behavior->a swirling</li>
        <li>circumstance_phrase->carrying debris with it</li>
        <li>circumstance_phrase->passing over a [terrainfeature]</li>
        <li>circumstance_phrase->obscuring a [terrainfeature]</li>
        <li>circumstance_phrase->enveloping a [terrainfeature]</li>
        <li>desc_sentence->[pawn_nameShortDef] watches with visible fright.</li>
        <li>desc_sentence->[pawn_nameShortDef] watches with awe on [pawn_possessive] face.</li>
        <li>desc_sentence->[pawn_nameShortDef] is coordinating defensive measures.</li>
        <li>desc_sentence->[quantity_adjphrase] [outlander]s rush to prepare.</li>
        <li>desc_sentence->[quantity_adjphrase] [animal]s flee the area.</li>
        <li>desc_sentence->All animal life has left the area.</li>
      </rulesStrings>
    </rulePack>
  </TaleDef>

  <TaleDef>
    <defName>Raid</defName>
    <label>raid</label>
    <taleClass>Tale_SinglePawn</taleClass>
    <type>Volatile</type>
    <baseInterest>5</baseInterest>
    <rulePack>
      <rulesStrings>
        <li>tale_noun->an assault on [pawn_nameShortDef]'s [community]</li>
        <li>tale_noun->[pawn_nameShortDef]'s [community] attacked by [enemy]s</li>
        <li>image->[quantity_adjphrase] [enemy]s [circumstance_phrase]</li>
        <li>image->an army [circumstance_phrase]</li>
        <li>image->an overwhelming force [circumstance_phrase]</li>
        <li>image->an invading force [circumstance_phrase]</li>
        <li>image->stylized [color] banners [circumstance_phrase]</li>
        <li>image->an enormous [enemy] [circumstance_phrase]</li>
        <li>circumstance_phrase->advancing over a [terrainfeature]</li>
        <li>circumstance_phrase->completely encircling a [community]</li>
        <li>circumstance_phrase->attacking [quantity_adjphrase] [outlander]s</li>
        <li>circumstance_phrase->roaring in victory</li>
        <li>circumstance_phrase->brandishing [weapon]s</li>
        <li>circumstance_phrase->covered in [gore]</li>
        <li>desc_sentence->[pawn_nameShortDef] organizes a resistance while [defender_circumstance].</li>
        <li>desc_sentence->[pawn_nameShortDef] wields a [weapon] defensively while [defender_circumstance].</li>
        <li>desc_sentence->[pawn_nameShortDef] lies on the ground, wounded.</li>
        <li>desc_sentence->[pawn_nameShortDef] retaliates with [pawn_possessive] [weapon] while [defender_circumstance].</li>
        <li>desc_sentence->[pawn_nameShortDef] stands as tall as a building, [defender_circumstance].</li>
        <li>desc_sentence->[pawn_nameShortDef] wears a [badassadjective] expression.</li>
        <li>desc_sentence->[pawn_nameShortDef] wears a [angstyadjective] expression.</li>
        <li>desc_sentence->The ground is coated in [gore].</li>
        <li>desc_sentence->[quantity_adjphrase] [outlander]s flee the area.</li>
        <li>desc_sentence->[quantity_adjphrase] [animal]s flee the area.</li>
        <li>defender_circumstance->shouting triumphantly</li>
        <li>defender_circumstance->glowing [color]</li>
        <li>defender_circumstance->raising a fist in defiance</li>
        <li>defender_circumstance->flexing [pawn_possessive] muscles</li>
      </rulesStrings>
    </rulePack>
  </TaleDef>

  <TaleDef>
    <defName>Infestation</defName>
    <label>infestation</label>
    <taleClass>Tale_SinglePawn</taleClass>
    <type>Volatile</type>
    <baseInterest>5</baseInterest>
    <rulePack>
      <rulesStrings>
        <li>tale_noun->[pawn_nameShortDef]'s [community] infested by insects</li>
        <li>image->a swarm of beetles [circumstance_phrase]</li>
        <li>image->[quantity_adjphrase] megaspiders [circumstance_phrase]</li>
        <li>image->an overwhelming tide of [color] insects [circumstance_phrase]</li>
        <li>image->a dense fog of black specks [circumstance_phrase]</li>
        <li>circumstance_phrase->advancing over a [terrainfeature]</li>
        <li>circumstance_phrase->completely encircling a [community]</li>
        <li>circumstance_phrase->attacking [quantity_adjphrase] [outlander]s</li>
        <li>circumstance_phrase->bursting out of the ground</li>
        <li>circumstance_phrase->slaughtering [quantity_adjphrase] [animal]s</li>
        <li>desc_sentence->[pawn_nameShortDef] organizes a resistance.</li>
        <li>desc_sentence->[pawn_nameShortDef] wields a [weapon] defensively.</li>
        <li>desc_sentence->[pawn_nameShortDef] lies on the ground, wounded.</li>
        <li>desc_sentence->[pawn_nameShortDef] retaliates with [pawn_possessive] [weapon].</li>
        <li>desc_sentence->[pawn_nameShortDef] wears a [badassadjective] expression.</li>
        <li>desc_sentence->[pawn_nameShortDef] wears a [angstyadjective] expression.</li>
        <li>desc_sentence->The ground is coated in [gore].</li>
        <li>desc_sentence->[quantity_adjphrase] [outlander]s flee the area.</li>
        <li>desc_sentence->[quantity_adjphrase] [animal]s flee the area.</li>
        <li>desc_sentence->All animal life has left the area.</li>
      </rulesStrings>
    </rulePack>
  </TaleDef>

  <TaleDef>
    <defName>ManhunterPack</defName>
    <label>manhunter pack</label>
    <taleClass>Tale_SinglePawn</taleClass>
    <type>Volatile</type>
    <baseInterest>5</baseInterest>
    <rulePack>
      <rulesStrings>
        <li>tale_noun->[pawn_nameShortDef]'s [community] attacked by animals</li>
        <li>image->a herd of [animal]s [circumstance_phrase]</li>
        <li>image->[quantity_adjphrase] [animal]s [circumstance_phrase]</li>
        <li>image->a [huge] [animal] [circumstance_phrase]</li>
        <li>image->[quantity_adjphrase] shadowy figures [circumstance_phrase]</li>
        <li>image->[quantity_adjphrase] shadowy quadrupeds [circumstance_phrase]</li>
        <li>circumstance_phrase->advancing over a [terrainfeature]</li>
        <li>circumstance_phrase->completely encircling a [community]</li>
        <li>circumstance_phrase->attacking [quantity_adjphrase] [outlander]s</li>
        <li>circumstance_phrase->slaughtering [quantity_adjphrase] [animal]s</li>
        <li>circumstance_phrase->possessed by [hate_emotion]</li>
        <li>circumstance_phrase->covered in [gore]</li>
        <li>hate_emotion->hatred</li>
        <li>hate_emotion->anger</li>
        <li>hate_emotion->fury</li>
        <li>desc_sentence->[pawn_nameShortDef] organizes a resistance.</li>
        <li>desc_sentence->[pawn_nameShortDef] wields a [weapon] defensively.</li>
        <li>desc_sentence->[pawn_nameShortDef] lies on the ground, wounded.</li>
        <li>desc_sentence->[pawn_nameShortDef] retaliates with [pawn_possessive] [weapon].</li>
        <li>desc_sentence->[pawn_nameShortDef] wears a [badassadjective] expression.</li>
        <li>desc_sentence->[pawn_nameShortDef] wears a [angstyadjective] expression.</li>
        <li>desc_sentence->The ground is coated in [gore].</li>
        <li>desc_sentence->[quantity_adjphrase] [outlander]s flee the area.</li>
        <li>desc_sentence->[quantity_adjphrase] [animal]s flee the area.</li>
      </rulesStrings>
    </rulePack>
  </TaleDef>

  <TaleDef>
    <defName>ShipPartCrash</defName>
    <label>ship part crash</label>
    <taleClass>Tale_SinglePawn</taleClass>
    <type>Volatile</type>
    <baseInterest>5</baseInterest>
    <rulePack>
      <rulesStrings>
        <li>tale_noun->a [mechanoid] colony crashlanding near [pawn_nameShortDef]'s [community]</li>
        <li>tale_noun->a [mechanoid] base landing near [pawn_nameShortDef]'s [community]</li>
        <li>tale_noun->a damaged [mechanoid] ship part landing near [pawn_nameShortDef]'s [community]</li>
        <li>image->a swarm of [mechanoid]s [circumstance_phrase]</li>
        <li>image->an army of [mechanoid]s [circumstance_phrase]</li>
        <li>image->[quantity_adjphrase] [mechanoid]s [circumstance_phrase]</li>
        <li>image->a [huge] [mechanoid] [circumstance_phrase]</li>
        <li>image->[quantity_adjphrase] [mechanoid] silhouettes [circumstance_phrase]</li>
        <li>image->[quantity_adjphrase] [mechanoid]s with glowing [color] sensors [circumstance_phrase]</li>
        <li>circumstance_phrase->advancing over a [terrainfeature]</li>
        <li>circumstance_phrase->completely encircling a [community]</li>
        <li>circumstance_phrase->attacking [quantity_adjphrase] [outlander]s</li>
        <li>circumstance_phrase->slaughtering [quantity_adjphrase] [animal]s</li>
        <li>circumstance_phrase->covered in [gore]</li>
        <li>circumstance_phrase->dented and sparking</li>
        <li>desc_sentence->[pawn_nameShortDef] organizes a resistance while [defender_circumstance].</li>
        <li>desc_sentence->[pawn_nameShortDef] wields a [weapon] defensively while [defender_circumstance].</li>
        <li>desc_sentence->[pawn_nameShortDef] lies on the ground, wounded.</li>
        <li>desc_sentence->[pawn_nameShortDef] retaliates with [pawn_possessive] [weapon] while [defender_circumstance].</li>
        <li>desc_sentence->[pawn_nameShortDef] stands as tall as a building, [defender_circumstance].</li>
        <li>desc_sentence->[pawn_nameShortDef] wears a [badassadjective] expression.</li>
        <li>desc_sentence->[pawn_nameShortDef] wears a [angstyadjective] expression.</li>
        <li>desc_sentence->The ground is coated in [gore].</li>
        <li>desc_sentence->The ground is coated in scrap metal.</li>
        <li>desc_sentence->[quantity_adjphrase] [outlander]s flee the area.</li>
        <li>desc_sentence->[quantity_adjphrase] [animal]s flee the area.</li>
        <li>defender_circumstance->shouting triumphantly</li>
        <li>defender_circumstance->glowing [color]</li>
        <li>defender_circumstance->raising a fist in defiance</li>
        <li>defender_circumstance->flexing [pawn_possessive] muscles</li>
      </rulesStrings>
    </rulePack>
  </TaleDef>

  <TaleDef>
    <defName>Eclipse</defName>
    <label>eclipse</label>
    <taleClass>Tale_SinglePawn</taleClass>
    <type>Volatile</type>
    <baseInterest>5</baseInterest>
    <rulePack>
      <rulesStrings>
        <li>tale_noun->an eclipse over [pawn_nameShortDef]'s [community]</li>
        <li>image->an unnaturally dark sky, [circumstance_phrase]</li>
        <li>image->a crepuscular sky, [circumstance_phrase]</li>
        <li>image->a moon, ringed by a faint circle of sunlight, [circumstance_phrase]</li>
        <li>image->[quantity_adjphrase] [animal]s milling around uncertainly in darkness, [circumstance_phrase]</li>
        <li>circumstance_phrase->the air still and quiet</li>
        <li>circumstance_phrase->twilight blanketing a nearby [terrainfeature]</li>
        <li>circumstance_phrase->twilight blanketing [quantity_adjphrase] nearby [terrainfeature]s</li>
        <li>circumstance_phrase->with stars visible</li>
        <li>desc_sentence->Below, [pawn_nameShortDef] plays [game] with a [friendlyadjective] look.</li>
        <li>desc_sentence->[pawn_nameShortDef] watches with awe on [pawn_possessive] face.</li>
        <li>desc_sentence->[quantity_adjphrase] [outlander]s watch from below.</li>
        <li>desc_sentence->[pawn_nameShortDef] sits near a [terrainfeature], gazing at the sky.</li>
        <li>desc_sentence->A [community] of spectators watches the sky peacefully.</li>
        <li>desc_sentence->There is no [enemy] in sight.</li>
      </rulesStrings>
    </rulePack>
  </TaleDef>

  <TaleDef>
    <defName>JourneyOffer</defName>
    <label>journey offer</label>
    <taleClass>Tale_SinglePawn</taleClass>
    <type>Volatile</type>
    <baseInterest>20</baseInterest>
    <rulePack>
      <rulesStrings>
        <li>tale_noun->[pawn_nameShortDef] receiving a message from an old friend</li>
        <li>tale_noun->an opportunity arriving for [pawn_nameShortDef]'s [community]</li>
        <li>image->[pawn_nameShortDef] opening a letter delivered by [delivery_method] while [circumstance_group]</li>
        <li>image->[pawn_nameShortDef] using a datacrystal delivered by [delivery_method] while [circumstance_group]</li>
        <li>image->[pawn_nameShortDef] unrolling a scroll delivered by [delivery_method] while [circumstance_group]</li>
        <li>image->[pawn_nameShortDef] receiving a transmission from [transmission_source] while [circumstance_group]</li>
        <li>image->[pawn_nameShortDef] receiving a message from [transmission_source] while [circumstance_group]</li>
        <li>image->[pawn_nameShortDef] tuning in to a message from [transmission_source] while [circumstance_group]</li>
        <li>delivery_method->a [animal]</li>
        <li>delivery_method->a [outlander]</li>
        <li>delivery_method->[quantity_adjphrase] [animal]s</li>
        <li>transmission_source->a rarely-used frequency</li>
        <li>transmission_source->an ancient transmitter</li>
        <li>transmission_source->a low-power signal</li>
        <li>transmission_source->a long-range signal</li>
        <li>transmission_source->a mysterious signal</li>
        <li>circumstance_phrase->standing alone near a [terrainfeature]</li>
        <li>circumstance_phrase->exploring a [terrainfeature]</li>
        <li>circumstance_phrase->tending crops</li>
        <li>circumstance_phrase->a [animal] wanders past</li>
        <li>circumstance_phrase->playing [game]</li>
        <li>desc_sentence->[quantity_adjphrase] [animal]s wander nearby, unaware.</li>
        <li>desc_sentence->As [pawn_pronoun] reads, [pawn_pronoun] starts [friendlyverb].</li>
        <li>desc_sentence->A spectral [outlander] watches from the clouds.</li>
        <li>desc_sentence->[pawn_nameShortDef] sits near a [terrainfeature].</li>
        <li>desc_sentence->A [community] is visible in the far distance.</li>
        <li>desc_sentence->A spaceship is visible in the far distance.</li>
      </rulesStrings>
    </rulePack>
  </TaleDef>
  
</Defs>
