﻿<?xml version="1.0" encoding="utf-8" ?>
<Defs>

  <TaleDef>
    <defName>CaravanAmbushedByHumanlike</defName>
    <label>caravan ambushed</label>
    <taleClass>Tale_SinglePawn</taleClass>
    <type>Volatile</type>
    <baseInterest>10</baseInterest>
    <rulePack>
      <rulesStrings>
        <li>tale_noun->[PAWN_nameDef]'s caravan being ambushed</li>
        <li>image->[PAWN_nameFull] cowering [circumstance_group]</li>
        <li>image->[PAWN_nameFull] moving to protect an ally [circumstance_group]</li>
        <li>image->[PAWN_nameFull] moving to attack [circumstance_group]</li>
        <li>image->[PAWN_nameFull] attacking [circumstance_group]</li>
        <li>image->[PAWN_nameFull] shouting loudly [circumstance_group]</li>
        <li>image->[PAWN_nameFull] running [circumstance_group]</li>
        <li>image->[PAWN_nameFull] grapping with an opponent [circumstance_group]</li>
        <li>image->[PAWN_nameFull] defending [PAWN_objective]self [circumstance_group]</li>
        <li>circumstance_phrase->with a [AdjectiveBadass] expression</li>
        <li>circumstance_phrase->with a [AdjectiveBadass] expression</li>
        <li>circumstance_phrase->while wielding [PAWN_possessive] weapon</li>
        <li>circumstance_phrase->while sweating with exertion</li>
        <li>desc_sentence->[Quantity_adjphrase] distant figures approaches from behind a [TerrainFeature].</li>
        <li>desc_sentence->[Quantity_adjphrase] [Enemy]s can be seen in the distance.</li>
        <li>desc_sentence->[PAWN_nameDef] is practically surrounded by [Enemy]s.</li>
        <li>desc_sentence->[PAWN_nameDef] is confronted by a [Enemy].</li>
        <li>desc_sentence->[Quantity_adjphrase] [Animal]s flee the scene of conflict in fear.</li>
        <li>desc_sentence->In the distance, a [Person] observes.</li>
      </rulesStrings>
    </rulePack>
  </TaleDef>

  <TaleDef>
    <defName>CaravanAmbushedByManhunter</defName>
    <label>caravan ambushed by manhunter</label>
    <taleClass>Tale_SinglePawn</taleClass>
    <type>Volatile</type>
    <baseInterest>10</baseInterest>
    <rulePack>
      <rulesStrings>
        <li>tale_noun->[PAWN_nameDef]'s caravan being ambushed</li>
        <li>image->[PAWN_nameFull] cowering [circumstance_group]</li>
        <li>image->[PAWN_nameFull] moving to protect an ally [circumstance_group]</li>
        <li>image->[PAWN_nameFull] moving to attack [circumstance_group]</li>
        <li>image->[PAWN_nameFull] attacking [circumstance_group]</li>
        <li>image->[PAWN_nameFull] shouting loudly [circumstance_group]</li>
        <li>image->[PAWN_nameFull] running [circumstance_group]</li>
        <li>circumstance_phrase->with a [AdjectiveBadass] expression</li>
        <li>circumstance_phrase->with a [AdjectiveBadass] expression</li>
        <li>circumstance_phrase->while wielding [PAWN_possessive] weapon</li>
        <li>circumstance_phrase->while sweating with exertion</li>
        <li>circumstance_phrase->while covered with [Gore]</li>
        <li>desc_sentence->[Quantity_adjphrase] distant animals approach from behind a [TerrainFeature].</li>
        <li>desc_sentence->[Gore] covers the ground.</li>
        <li>desc_sentence->The ground has been trampled into a mess of [Gore].</li>
        <li>desc_sentence->[Quantity_adjphrase] [Animal]s flee the scene of conflict in fear.</li>
        <li>desc_sentence->In the distance, a [Person] observes.</li>
      </rulesStrings>
    </rulePack>
  </TaleDef>

  <TaleDef>
    <defName>CaravanMeeting</defName>
    <label>caravan meeting</label>
    <taleClass>Tale_SinglePawn</taleClass>
    <type>Volatile</type>
    <baseInterest>10</baseInterest>
    <rulePack>
      <rulesStrings>
        <li>tale_noun->[PAWN_nameDef]'s caravan being met by others</li>
        <li>image->[PAWN_nameFull] greeting a [Person] [circumstance_group]</li>
        <li>image->[PAWN_nameFull] inspecting a [Person] [circumstance_group]</li>
        <li>image->[PAWN_nameFull] calling out to a [Person] [circumstance_group]</li>
        <li>image->[PAWN_nameFull] walking towards a [Person] [circumstance_group]</li>
        <li>image->[PAWN_nameFull] talking quietly [circumstance_group]</li>
        <li>image->[PAWN_nameFull] shouting loudly [circumstance_group]</li>
        <li>image->[PAWN_nameFull] playing [Game] with a [Person] [circumstance_group]</li>
        <li>circumstance_phrase->with a [AdjectiveFriendly] expression</li>
        <li>circumstance_phrase->with a [AdjectiveFriendly] expression</li>
        <li>circumstance_phrase->while [VerbFriendly]</li>
        <li>circumstance_phrase->as others look on</li>
        <li>desc_sentence->[Quantity_adjphrase] [Person]s are [event].</li>
        <li>desc_sentence->[Quantity_adjphrase] [Person]s are [event].</li>
        <li>desc_sentence->[Quantity_adjphrase] [Animal]s surround the group.</li>
        <li>desc_sentence->The sun sets over a [TerrainFeature].</li>
        <li>desc_sentence->The sun rises over a [TerrainFeature].</li>
        <li>desc_sentence->In the distance, a [Person] observes.</li>
        <li>event->throwing a party</li>
        <li>event->eating a communal meal</li>
        <li>event->discussing recent events</li>
        <li>event->rekindling old friendships</li>
        <li>event->talking hesitantly</li>
      </rulesStrings>
    </rulePack>
  </TaleDef>

  <TaleDef>
    <defName>CaravanDemand</defName>
    <label>caravan demand</label>
    <taleClass>Tale_SinglePawn</taleClass>
    <type>Volatile</type>
    <baseInterest>10</baseInterest>
    <rulePack>
      <rulesStrings>
        <li>tale_noun->[PAWN_nameDef]'s caravan receiving a demand</li>
        <li>tale_noun->[PAWN_nameDef]'s caravan being threatened</li>
        <li>image->[PAWN_nameFull] cowering [circumstance_group]</li>
        <li>image->[PAWN_nameFull] shouting loudly [circumstance_group]</li>
        <li>image->[PAWN_nameFull] thinking [circumstance_group]</li>
        <li>image->[PAWN_nameFull] glaring [circumstance_group]</li>
        <li>image->[PAWN_nameFull], threatened by a [Person], [circumstance_group]</li>
        <li>image->[PAWN_nameFull] brandishing a [Weapon] [circumstance_group]</li>
        <li>circumstance_phrase->with a [AdjectiveBadass] expression</li>
        <li>circumstance_phrase->with a [AdjectiveAngsty] expression</li>
        <li>circumstance_phrase->as others look on</li>
        <li>circumstance_phrase->while being threatened by [Enemy]s</li>
        <li>desc_sentence->[PAWN_nameDef] is practically surrounded by [Enemy]s.</li>
        <li>desc_sentence->[Quantity_adjphrase] [Enemy]s are nearby, [action].</li>
        <li>desc_sentence->The sun sets over a [TerrainFeature].</li>
        <li>desc_sentence->The sun rises over a [TerrainFeature].</li>
        <li>desc_sentence->In the distance, a [Person] observes.</li>
        <li>action->sharpening their weapons</li>
        <li>action->watching for danger</li>
        <li>action->guarding hostages</li>
        <li>action->waiting for a decision</li>
        <li>action->taunting [PAWN_nameDef]</li>
      </rulesStrings>
    </rulePack>
  </TaleDef>


  <TaleDef>
    <defName>MeteoriteImpact</defName>
    <label>meteorite impact</label>
    <taleClass>Tale_SinglePawn</taleClass>
    <type>Volatile</type>
    <baseInterest>50</baseInterest>
    <rulePack>
      <rulesStrings>
        <li>tale_noun->a meteorite falling near [PAWN_nameDef]'s [Community]</li>
        <li>tale_noun->a meteorite impacting near [PAWN_nameDef]'s [Community]</li>
        <li>image->a [Large] rock trailing [Color] flames [airborne_circumstance]</li>
        <li>image->a brightly-glowing spot [airborne_circumstance]</li>
        <li>image->a [Large] [Color] fireball [airborne_circumstance]</li>
        <li>airborne_circumstance->blazing across the sky</li>
        <li>airborne_circumstance->falling to the ground in a cloud of ash</li>
        <li>airborne_circumstance->shedding rocks and debris as it flies</li>
        <li>image->a [Large] monolith, [ground_circumstance]</li>
        <li>image->a [Large] [Color] scorched stone, [ground_circumstance]</li>
        <li>image->a [Color] pillar of rock, [ground_circumstance]</li>
        <li>ground_circumstance->surrounded by smoke and ash</li>
        <li>ground_circumstance->smoking from heat</li>
        <li>ground_circumstance->surrounded by molten debris</li>
        <li>ground_circumstance->partially embedded in the ground</li>
        <li>ground_circumstance->lying in a cracked crater</li>
        <li>desc_sentence->[PAWN_nameDef] looks on in surprise.</li>
        <li>desc_sentence->[PAWN_nameDef] looks on with excitement.</li>
        <li>desc_sentence->[PAWN_nameDef] looks on in shock.</li>
        <li>desc_sentence->[Quantity_adjphrase] figures approach from a nearby [TerrainFeature].</li>
        <li>desc_sentence->[Quantity_adjphrase] figures prepare tools and equipment.</li>
        <li>desc_sentence->[Quantity_adjphrase] [Animal]s mill around uncertainly.</li>
        <li>desc_sentence->The surroundings are muted and dull.</li>
      </rulesStrings>
    </rulePack>
  </TaleDef>

  <TaleDef>
    <defName>ToxicFallout</defName>
    <label>toxic fallout</label>
    <taleClass>Tale_SinglePawn</taleClass>
    <type>Volatile</type>
    <baseInterest>50</baseInterest>
    <rulePack>
      <rulesStrings>
        <li>tale_noun->fallout settling over [PAWN_nameDef]'s [Community]</li>
        <li>tale_noun->the atmosphere near [PAWN_nameDef]'s [Community] becoming toxic</li>
        <li>image->an ominous sky, [circumstance_group]</li>
        <li>image->the air becoming thick and [circumstance_group]</li>
        <li>image->the ground glowing gently and [circumstance_group]</li>
        <li>image->fields of dead plants [circumstance_group]</li>
        <li>image->[Quantity_adjphrase] graves [circumstance_group]</li>
        <li>circumstance_phrase->with no life in sight</li>
        <li>circumstance_phrase->covered by a faint sheen of luminous dust</li>
        <li>circumstance_phrase->arranged in a pattern that suggests bones</li>
        <li>circumstance_phrase->waiting for the poison to stop</li>
        <li>desc_sentence->[PAWN_nameDef] lies on the ground, [PAWN_possessive] body twisted at an unusual angle.</li>
        <li>desc_sentence->[PAWN_nameDef] hides near a [TerrainFeature], gazing out with a [AdjectiveAngsty] look.</li>
        <li>desc_sentence->[PAWN_nameDef] looks on in shock.</li>
        <li>desc_sentence->[PAWN_nameDef] rests quietly with a layer of sweat upon [PAWN_possessive] face.</li>
        <li>desc_sentence->[Quantity_adjphrase] dead [Animal]s lay on the ground.</li>
        <li>desc_sentence->[Quantity_adjphrase] dying [Animal]s lay on the ground.</li>
        <li>desc_sentence->[Quantity_adjphrase] [Animal]s mill around uncertainly.</li>
      </rulesStrings>
    </rulePack>
  </TaleDef>

  <TaleDef>
    <defName>VolcanicWinter</defName>
    <label>volcanic winter</label>
    <taleClass>Tale_SinglePawn</taleClass>
    <type>Volatile</type>
    <baseInterest>50</baseInterest>
    <rulePack>
      <rulesStrings>
        <li>tale_noun->volcanic winter beginning at [PAWN_nameDef]'s [Community]</li>
        <li>image->a dark and cold sky, [circumstance_group]</li>
        <li>image->the air filling with ash, [circumstance_group]</li>
        <li>image->a frost-covered barren [TerrainFeature] [circumstance_group]</li>
        <li>image->[Quantity_adjphrase] fields of ash-covered plants [circumstance_group]</li>
        <li>circumstance_phrase->with no life in sight</li>
        <li>circumstance_phrase->barely illuminated by thin shafts of light</li>
        <li>circumstance_phrase->starkly illuminated with chilly blue light</li>
        <li>desc_sentence->[PAWN_nameDef] huddles near a fire.</li>
        <li>desc_sentence->To stay warm, [PAWN_nameDef] wears [Quantity_adjphrase] [Apparel]s.</li>
        <li>desc_sentence->[PAWN_nameDef] sits nearby, visibly exhausted by the ordeal.</li>
        <li>desc_sentence->[PAWN_nameDef] hides near a [TerrainFeature], gazing out with a [AdjectiveAngsty] look.</li>
        <li>desc_sentence->[Quantity_adjphrase] starving [Animal]s surround the scene.</li>
        <li>desc_sentence->[Quantity_adjphrase] shivering [Animal]s surround the scene.</li>
        <li>desc_sentence->[Quantity_adjphrase] dying [Animal]s lay on the ground.</li>
        <li>desc_sentence->[Quantity_adjphrase] [Animal]s mill around uncertainly.</li>
      </rulesStrings>
    </rulePack>
  </TaleDef>

  <TaleDef>
    <defName>Aurora</defName>
    <label>aurora</label>
    <taleClass>Tale_SinglePawn</taleClass>
    <type>Volatile</type>
    <baseInterest>20</baseInterest>
    <rulePack>
      <rulesStrings>
        <li>tale_noun->the time an aurora appeared over [PAWN_nameDef]'s [Community]</li>
        <li>tale_noun->the time polar lights shone over [PAWN_nameDef]'s [Community]</li>
        <li>tale_noun->[PAWN_nameDef]'s [Community] illuminated by the light of an aurora</li>
        <li>image->the sky illuminated in [Color]s and [Color]s [circumstance_phrase]</li>
        <li>image->a fabulous pattern of [Color] rays [circumstance_phrase]</li>
        <li>image->a network of [Color] lights [circumstance_phrase]</li>
        <li>image->[Color] swooping arcs with [Color] highlights [circumstance_phrase]</li>
        <li>image->dancing [Color] lights [circumstance_group]</li>
        <li>circumstance_phrase->over a [TerrainFeature]</li>
        <li>circumstance_phrase->illuminating a [TerrainFeature]</li>
        <li>circumstance_phrase->floating over a [Community]</li>
        <li>circumstance_phrase->bracketed between a [TerrainFeature] and a [TerrainFeature]</li>
        <li>desc_sentence->Below, [PAWN_nameDef] plays [Game] with a [AdjectiveFriendly] look.</li>
        <li>desc_sentence->[PAWN_nameDef] watches with awe on [PAWN_possessive] face.</li>
        <li>desc_sentence->[Quantity_adjphrase] [Person]s watch from below.</li>
        <li>desc_sentence->[PAWN_nameDef] sits near a [TerrainFeature], gazing at the sky.</li>
        <li>desc_sentence->[Quantity_adjphrase] [Animal]s wander peacefully.</li>
        <li>desc_sentence->There is no [Enemy] in sight.</li>
      </rulesStrings>
    </rulePack>
  </TaleDef>

  <TaleDef>
    <defName>Flashstorm</defName>
    <label>flashstorm</label>
    <taleClass>Tale_SinglePawn</taleClass>
    <type>Volatile</type>
    <baseInterest>20</baseInterest>
    <rulePack>
      <rulesStrings>
        <li>tale_noun->a flashstorm that threatened [PAWN_nameDef]'s [Community]</li>
        <li>tale_noun->[PAWN_nameDef]'s [Community] being menaced by a deadly flashstorm</li>
        <li>image->[Quantity_adjphrase] lightning strikes [circumstance_phrase]</li>
        <li>image->[behavior] wall of flames [circumstance_phrase]</li>
        <li>image->[behavior] wall of [Color] flames [circumstance_phrase]</li>
        <li>image->[behavior] cloud of ash and smoke [circumstance_phrase]</li>
        <li>image->[behavior] wave of flames [circumstance_phrase]</li>
        <li>behavior->a</li>
        <li>behavior->an advancing</li>
        <li>behavior->an approaching</li>
        <li>circumstance_phrase->advancing towards a [Community]</li>
        <li>circumstance_phrase->underneath an intimidating cloud</li>
        <li>circumstance_phrase->nearly enveloping a [TerrainFeature]</li>
        <li>circumstance_phrase->nearly enveloping [Quantity_adjphrase] [TerrainFeature]s</li>
        <li>desc_sentence->[PAWN_nameDef] watches with visible fright.</li>
        <li>desc_sentence->[PAWN_nameDef] watches with awe on [PAWN_possessive] face.</li>
        <li>desc_sentence->[PAWN_nameDef] is coordinating defensive measures.</li>
        <li>desc_sentence->[Quantity_adjphrase] [Person]s rush to prepare.</li>
        <li>desc_sentence->[Quantity_adjphrase] [Animal]s flee the area.</li>
        <li>desc_sentence->All animal life has left the area.</li>
      </rulesStrings>
    </rulePack>
  </TaleDef>

  <TaleDef>
    <defName>Raid</defName>
    <label>raid</label>
    <taleClass>Tale_SinglePawn</taleClass>
    <type>Volatile</type>
    <baseInterest>5</baseInterest>
    <rulePack>
      <rulesStrings>
        <li>tale_noun->an raid on [PAWN_nameDef]'s [Community]</li>
        <li>tale_noun->an assault on [PAWN_nameDef]'s [Community]</li>
        <li>tale_noun->[PAWN_nameDef]'s [Community] being attacked by [Enemy]s</li>
        <li>image->[Quantity_adjphrase] [Enemy]s [circumstance_phrase]</li>
        <li>image->an army [circumstance_phrase]</li>
        <li>image->an overwhelming force [circumstance_phrase]</li>
        <li>image->an invading force [circumstance_phrase]</li>
        <li>image->stylized [Color] banners [circumstance_phrase]</li>
        <li>image->an enormous [Enemy] [circumstance_phrase]</li>
        <li>circumstance_phrase->advancing over a [TerrainFeature]</li>
        <li>circumstance_phrase->completely encircling a [Community]</li>
        <li>circumstance_phrase->attacking [Quantity_adjphrase] [Person]s</li>
        <li>circumstance_phrase->roaring in victory</li>
        <li>circumstance_phrase->brandishing [Weapon]s</li>
        <li>circumstance_phrase->covered in [Gore]</li>
        <li>desc_sentence->[PAWN_nameDef] organizes a resistance while [defender_circumstance].</li>
        <li>desc_sentence->[PAWN_nameDef] wields a [Weapon] defensively while [defender_circumstance].</li>
        <li>desc_sentence->[PAWN_nameDef] lies on the ground, wounded.</li>
        <li>desc_sentence->[PAWN_nameDef] retaliates with [PAWN_possessive] [Weapon] while [defender_circumstance].</li>
        <li>desc_sentence->[PAWN_nameDef] stands as tall as a building, [defender_circumstance].</li>
        <li>desc_sentence->[PAWN_nameDef] wears a [AdjectiveBadass] expression.</li>
        <li>desc_sentence->[PAWN_nameDef] wears a [AdjectiveAngsty] expression.</li>
        <li>desc_sentence->The ground is coated in [Gore].</li>
        <li>desc_sentence->[Quantity_adjphrase] [Person]s flee the area.</li>
        <li>desc_sentence->[Quantity_adjphrase] [Animal]s flee the area.</li>
        <li>defender_circumstance->shouting triumphantly</li>
        <li>defender_circumstance->glowing [Color]</li>
        <li>defender_circumstance->raising a fist in defiance</li>
        <li>defender_circumstance->flexing [PAWN_possessive] muscles</li>
      </rulesStrings>
    </rulePack>
  </TaleDef>

  <TaleDef>
    <defName>Infestation</defName>
    <label>infestation</label>
    <taleClass>Tale_SinglePawn</taleClass>
    <type>Volatile</type>
    <baseInterest>5</baseInterest>
    <rulePack>
      <rulesStrings>
        <li>tale_noun->[PAWN_nameDef]'s [Community] being infested by giant insects</li>
        <li>image->a swarm of beetles [circumstance_phrase]</li>
        <li>image->[Quantity_adjphrase] megaspiders [circumstance_phrase]</li>
        <li>image->an overwhelming tide of [Color] insects [circumstance_phrase]</li>
        <li>image->a dense fog of black specks [circumstance_phrase]</li>
        <li>circumstance_phrase->advancing over a [TerrainFeature]</li>
        <li>circumstance_phrase->completely encircling a [Community]</li>
        <li>circumstance_phrase->attacking [Quantity_adjphrase] [Person]s</li>
        <li>circumstance_phrase->bursting out of the ground</li>
        <li>circumstance_phrase->slaughtering [Quantity_adjphrase] [Animal]s</li>
        <li>desc_sentence->[PAWN_nameDef] organizes a resistance.</li>
        <li>desc_sentence->[PAWN_nameDef] wields a [Weapon] defensively.</li>
        <li>desc_sentence->[PAWN_nameDef] lies on the ground, wounded.</li>
        <li>desc_sentence->[PAWN_nameDef] retaliates with [PAWN_possessive] [Weapon].</li>
        <li>desc_sentence->[PAWN_nameDef] wears a [AdjectiveBadass] expression.</li>
        <li>desc_sentence->[PAWN_nameDef] wears a [AdjectiveAngsty] expression.</li>
        <li>desc_sentence->The ground is coated in [Gore].</li>
        <li>desc_sentence->[Quantity_adjphrase] [Person]s flee the area.</li>
        <li>desc_sentence->[Quantity_adjphrase] [Animal]s flee the area.</li>
        <li>desc_sentence->All animal life has left the area.</li>
      </rulesStrings>
    </rulePack>
  </TaleDef>

  <TaleDef>
    <defName>ManhunterPack</defName>
    <label>manhunter pack</label>
    <taleClass>Tale_SinglePawn</taleClass>
    <type>Volatile</type>
    <baseInterest>5</baseInterest>
    <rulePack>
      <rulesStrings>
        <li>tale_noun->manhunting beasts menacing [PAWN_nameDef]'s [Community]</li>
        <li>tale_noun->[PAWN_nameDef]'s [Community] being attacked by mad animals</li>
        <li>image->a herd of [Animal]s [circumstance_phrase]</li>
        <li>image->[Quantity_adjphrase] [Animal]s [circumstance_phrase]</li>
        <li>image->a [huge] [Animal] [circumstance_phrase]</li>
        <li>image->[Quantity_adjphrase] shadowy figures [circumstance_phrase]</li>
        <li>image->[Quantity_adjphrase] shadowy quadrupeds [circumstance_phrase]</li>
        <li>circumstance_phrase->advancing over a [TerrainFeature]</li>
        <li>circumstance_phrase->completely encircling a [Community]</li>
        <li>circumstance_phrase->attacking [Quantity_adjphrase] [Person]s</li>
        <li>circumstance_phrase->slaughtering [Quantity_adjphrase] [Animal]s</li>
        <li>circumstance_phrase->possessed by [hate_emotion]</li>
        <li>circumstance_phrase->covered in [Gore]</li>
        <li>hate_emotion->hatred</li>
        <li>hate_emotion->anger</li>
        <li>hate_emotion->fury</li>
        <li>desc_sentence->[PAWN_nameDef] organizes a resistance.</li>
        <li>desc_sentence->[PAWN_nameDef] wields a [Weapon] defensively.</li>
        <li>desc_sentence->[PAWN_nameDef] lies on the ground, wounded.</li>
        <li>desc_sentence->[PAWN_nameDef] retaliates with [PAWN_possessive] [Weapon].</li>
        <li>desc_sentence->[PAWN_nameDef] wears a [AdjectiveBadass] expression.</li>
        <li>desc_sentence->[PAWN_nameDef] wears a [AdjectiveAngsty] expression.</li>
        <li>desc_sentence->The ground is coated in [Gore].</li>
        <li>desc_sentence->[Quantity_adjphrase] [Person]s flee the area.</li>
        <li>desc_sentence->[Quantity_adjphrase] [Animal]s flee the area.</li>
      </rulesStrings>
    </rulePack>
  </TaleDef>

  <TaleDef>
    <defName>ShipPartCrash</defName>
    <label>ship part crash</label>
    <taleClass>Tale_SinglePawn</taleClass>
    <type>Volatile</type>
    <baseInterest>5</baseInterest>
    <rulePack>
      <rulesStrings>
        <li>tale_noun->an ancient ship part crashing near [PAWN_nameDef]'s [Community]</li>
        <li>tale_noun->an ancient ship part landing near [PAWN_nameDef]'s [Community]</li>
        <li>tale_noun->a damaged ship part landing near [PAWN_nameDef]'s [Community]</li>
        <li>image->a swarm of [Mechanoid]s [circumstance_phrase]</li>
        <li>image->an army of [Mechanoid]s [circumstance_phrase]</li>
        <li>image->[Quantity_adjphrase] [Mechanoid]s [circumstance_phrase]</li>
        <li>image->a [huge] [Mechanoid] [circumstance_phrase]</li>
        <li>image->[Quantity_adjphrase] [Mechanoid] silhouettes [circumstance_phrase]</li>
        <li>image->[Quantity_adjphrase] [Mechanoid]s with glowing [Color] sensors [circumstance_phrase]</li>
        <li>circumstance_phrase->advancing over a [TerrainFeature]</li>
        <li>circumstance_phrase->completely encircling a [Community]</li>
        <li>circumstance_phrase->attacking [Quantity_adjphrase] [Person]s</li>
        <li>circumstance_phrase->slaughtering [Quantity_adjphrase] [Animal]s</li>
        <li>circumstance_phrase->covered in [Gore]</li>
        <li>circumstance_phrase->dented and sparking</li>
        <li>desc_sentence->[PAWN_nameDef] organizes a resistance while [defender_circumstance].</li>
        <li>desc_sentence->[PAWN_nameDef] wields a [Weapon] defensively while [defender_circumstance].</li>
        <li>desc_sentence->[PAWN_nameDef] lies on the ground, wounded.</li>
        <li>desc_sentence->[PAWN_nameDef] retaliates with [PAWN_possessive] [Weapon] while [defender_circumstance].</li>
        <li>desc_sentence->[PAWN_nameDef] stands as tall as a building, [defender_circumstance].</li>
        <li>desc_sentence->[PAWN_nameDef] wears a [AdjectiveBadass] expression.</li>
        <li>desc_sentence->[PAWN_nameDef] wears a [AdjectiveAngsty] expression.</li>
        <li>desc_sentence->The ground is coated in [Gore].</li>
        <li>desc_sentence->The ground is coated in scrap metal.</li>
        <li>desc_sentence->[Quantity_adjphrase] [Person]s flee the area.</li>
        <li>desc_sentence->[Quantity_adjphrase] [Animal]s flee the area.</li>
        <li>defender_circumstance->shouting triumphantly</li>
        <li>defender_circumstance->glowing [Color]</li>
        <li>defender_circumstance->raising a fist in defiance</li>
        <li>defender_circumstance->flexing [PAWN_possessive] muscles</li>
      </rulesStrings>
    </rulePack>
  </TaleDef>

  <TaleDef>
    <defName>Eclipse</defName>
    <label>eclipse</label>
    <taleClass>Tale_SinglePawn</taleClass>
    <type>Volatile</type>
    <baseInterest>5</baseInterest>
    <rulePack>
      <rulesStrings>
        <li>tale_noun->an eclipse over [PAWN_nameDef]'s [Community]</li>
        <li>image->an unnaturally dark sky, [circumstance_phrase]</li>
        <li>image->a crepuscular sky, [circumstance_phrase]</li>
        <li>image->a moon, ringed by a faint circle of sunlight, [circumstance_phrase]</li>
        <li>image->[Quantity_adjphrase] [Animal]s milling around uncertainly in darkness, [circumstance_phrase]</li>
        <li>circumstance_phrase->the air still and quiet</li>
        <li>circumstance_phrase->twilight blanketing a nearby [TerrainFeature]</li>
        <li>circumstance_phrase->twilight blanketing [Quantity_adjphrase] nearby [TerrainFeature]s</li>
        <li>circumstance_phrase->with stars visible</li>
        <li>desc_sentence->Below, [PAWN_nameDef] plays [Game] with a [AdjectiveFriendly] look.</li>
        <li>desc_sentence->[PAWN_nameDef] watches with awe on [PAWN_possessive] face.</li>
        <li>desc_sentence->[Quantity_adjphrase] [Person]s watch from below.</li>
        <li>desc_sentence->[PAWN_nameDef] sits near a [TerrainFeature], gazing at the sky.</li>
        <li>desc_sentence->A [Community] of spectators watches the sky peacefully.</li>
        <li>desc_sentence->There is no [Enemy] in sight.</li>
      </rulesStrings>
    </rulePack>
  </TaleDef>

  <TaleDef>
    <defName>JourneyOffer</defName>
    <label>journey offer</label>
    <taleClass>Tale_SinglePawn</taleClass>
    <type>Volatile</type>
    <baseInterest>20</baseInterest>
    <rulePack>
      <rulesStrings>
        <li>tale_noun->[PAWN_nameDef] receiving a message from an old friend</li>
        <li>tale_noun->an opportunity arriving for [PAWN_nameDef]'s [Community]</li>
        <li>image->[PAWN_nameDef] opening a letter delivered by [delivery_method] while [circumstance_group]</li>
        <li>image->[PAWN_nameDef] using a datacrystal delivered by [delivery_method] while [circumstance_group]</li>
        <li>image->[PAWN_nameDef] unrolling a scroll delivered by [delivery_method] while [circumstance_group]</li>
        <li>image->[PAWN_nameDef] receiving a transmission from [transmission_source] while [circumstance_group]</li>
        <li>image->[PAWN_nameDef] receiving a message from [transmission_source] while [circumstance_group]</li>
        <li>image->[PAWN_nameDef] tuning in to a message from [transmission_source] while [circumstance_group]</li>
        <li>delivery_method->a [Animal]</li>
        <li>delivery_method->a [Person]</li>
        <li>delivery_method->[Quantity_adjphrase] [Animal]s</li>
        <li>transmission_source->a rarely-used frequency</li>
        <li>transmission_source->an ancient transmitter</li>
        <li>transmission_source->a low-power signal</li>
        <li>transmission_source->a long-range signal</li>
        <li>transmission_source->a mysterious signal</li>
        <li>circumstance_phrase->standing alone near a [TerrainFeature]</li>
        <li>circumstance_phrase->exploring a [TerrainFeature]</li>
        <li>circumstance_phrase->tending crops</li>
        <li>circumstance_phrase->a [Animal] wanders past</li>
        <li>circumstance_phrase->playing [Game]</li>
        <li>desc_sentence->[Quantity_adjphrase] [Animal]s wander nearby, unaware.</li>
        <li>desc_sentence->As [PAWN_pronoun] reads, [PAWN_pronoun] starts [VerbFriendly].</li>
        <li>desc_sentence->A spectral [Person] watches from the clouds.</li>
        <li>desc_sentence->[PAWN_nameDef] sits near a [TerrainFeature].</li>
        <li>desc_sentence->A [Community] is visible in the far distance.</li>
        <li>desc_sentence->A spaceship is visible in the far distance.</li>
      </rulesStrings>
    </rulePack>
  </TaleDef>
  
 <!-- these are currently not generated, but may exist in old savegames -->
 <!-- Not sure if the above note refers to just Tornado or also TornadoFromItem -->
  <TaleDef>
    <defName>Tornado</defName>
    <label>tornado</label>
    <taleClass>Tale_SinglePawn</taleClass>
    <type>Volatile</type>
    <baseInterest>50</baseInterest>
    <rulePack>
      <rulesStrings>
        <li>tale_noun->a tornado that touched down near [PAWN_nameDef]'s [Community]</li>
        <li>tale_noun->[PAWN_nameDef]'s [Community] being menaced by tornado</li>
        <li>image->[behavior] cone of twisting air [circumstance_phrase]</li>
        <li>image->[behavior] tornado [circumstance_phrase]</li>
        <li>image->[behavior] hurricane [circumstance_phrase]</li>
        <li>image->[behavior] [Color] cloud formation [circumstance_phrase]</li>
        <li>behavior->an advancing</li>
        <li>behavior->an approaching</li>
        <li>behavior->a quickly-moving</li>
        <li>behavior->a swirling</li>
        <li>circumstance_phrase->carrying debris with it</li>
        <li>circumstance_phrase->passing over a [TerrainFeature]</li>
        <li>circumstance_phrase->obscuring a [TerrainFeature]</li>
        <li>circumstance_phrase->enveloping a [TerrainFeature]</li>
        <li>desc_sentence->[PAWN_nameDef] watches with visible fright.</li>
        <li>desc_sentence->[PAWN_nameDef] watches with awe on [PAWN_possessive] face.</li>
        <li>desc_sentence->[PAWN_nameDef] is coordinating defensive measures.</li>
        <li>desc_sentence->[Quantity_adjphrase] [Person]s rush to prepare.</li>
        <li>desc_sentence->[Quantity_adjphrase] [Animal]s flee the area.</li>
        <li>desc_sentence->All animal life has left the area.</li>
      </rulesStrings>
    </rulePack>
  </TaleDef>

  <TaleDef>
    <defName>TornadoFromItem</defName>
    <label>tornado</label>
    <taleClass>Tale_DoublePawn</taleClass>
    <type>Volatile</type>
    <baseInterest>50</baseInterest>
    <firstPawnSymbol>ATTACKER</firstPawnSymbol>
    <secondPawnSymbol>COLONIST</secondPawnSymbol>
    <rulePack>
      <rulesStrings>
        <li>tale_noun->a tornado that touched down near [COLONIST_nameDef]'s [Community]</li>
        <li>tale_noun->[COLONIST_nameDef]'s [Community] menaced by a tornado</li>
        <li>image->[behavior] cone of twisting air [circumstance_phrase]</li>
        <li>image->[behavior] tornado [circumstance_phrase]</li>
        <li>image->[behavior] hurricane [circumstance_phrase]</li>
        <li>image->[behavior] [Color] cloud formation [circumstance_phrase]</li>
        <li>behavior->an advancing</li>
        <li>behavior->an approaching</li>
        <li>behavior->a quickly-moving</li>
        <li>behavior->a swirling</li>
        <li>circumstance_phrase->carrying debris with it</li>
        <li>circumstance_phrase->passing over a [TerrainFeature]</li>
        <li>circumstance_phrase->obscuring a [TerrainFeature]</li>
        <li>circumstance_phrase->enveloping a [TerrainFeature]</li>
        <li>desc_sentence->[COLONIST_nameDef] watches with visible fright.</li>
        <li>desc_sentence(p=0.5)->[COLONIST_nameDef] watches with awe on [COLONIST_possessive] face.</li>
        <li>desc_sentence(p=0.5)->[ATTACKER_nameDef] watches with awe on [ATTACKER_possessive] face.</li>
        <li>desc_sentence->[COLONIST_nameDef] is coordinating defensive measures.</li>
        <li>desc_sentence->[ATTACKER_nameDef] cackles with glee.</li>
        <li>desc_sentence->[Quantity_adjphrase] [Person]s rush to prepare.</li>
        <li>desc_sentence->[Quantity_adjphrase] [Animal]s flee the area.</li>
        <li>desc_sentence->All animal life has left the area.</li>
      </rulesStrings>
    </rulePack>
  </TaleDef>

</Defs>
