﻿<?xml version="1.0" encoding="utf-8" ?>
<Defs>

  <TaleDef>
    <defName>Wounded</defName>
    <label>wounded</label>
    <taleClass>Tale_DoublePawnAndDef</taleClass>
    <type>Volatile</type>
    <firstPawnSymbol>victim</firstPawnSymbol>
    <secondPawnSymbol>killer</secondPawnSymbol>
    <defSymbol>weapon</defSymbol>
    <baseInterest>0.25</baseInterest>
    <rulePack>
      <rulesStrings>
        <!-- Killer and/or weapon may not be listed, make sure there's valid options -->
        <li>tale_noun->[killer_nameShortDef] [wound_name_present] [victim_nameShortDef]</li>
        <li>tale_noun->[killer_nameShortDef] [wound_name_present] [victim_nameShortDef] with a [weapon_label]</li>
        <li>tale_noun->the [wound_name_present] of [victim_nameShortDef] by [killer_nameShortDef]</li>
        <li>tale_noun->the [wound_name_present] of [victim_nameShortDef] with a [weapon_label]</li>
        <li>tale_noun->the [wound_name_present] of [victim_nameShortDef]</li>
        <li>image->[victim_nameFull] being [wound_name_past] by [killer_nameFull] [weapon_optional]</li>
        <li>image->[killer_nameFull] [wound_name_present] [victim_nameFull] [weapon_optional]</li>
        <li>image->[killer_nameFull] brutally [wound_name_present] [victim_nameFull] [weapon_optional]</li>
        <li>image->[victim_nameFull] being [wound_name_past] [weapon_optional]</li>
        <li>wound_name_past->wounded</li>
        <li>wound_name_past->harmed</li>
        <li>wound_name_past->hurt</li>
        <li>wound_name_past->assaulted</li>
        <li>wound_name_past->attacked</li>
        <li>wound_name_present->wounding</li>
        <li>wound_name_present->harming</li>
        <li>wound_name_present->hurting</li>
        <li>wound_name_present->assaulting</li>
        <li>wound_name_present->attacking</li>
        <li>weapon_optional->with a [weapon_label] [circumstance_group]</li>
        <li>weapon_optional->[circumstance_group]</li>
        <li>circumstance_phrase->seemingly without remorse</li>
        <li>circumstance_phrase->with cold efficiency</li>
        <li>circumstance_phrase->with passionate rage</li>
        <li>circumstance_phrase->with quick, efficient movements</li>
        <li>circumstance_phrase->without emotion or expression</li>
        <li>circumstance_phrase->out of bleak necessity</li>
        <li>circumstance_phrase->in a cowardly, halfhearted way</li>
        <li>desc_sentence->[quantity_adjphrase] [animal]s look on.</li>
        <li>desc_sentence->A [outlander] watches silently [side_position].</li>
        <li>desc_sentence->Blood is pooling around [victim_nameShortDef]'s body.</li>
        <li>desc_sentence->[victim_nameShortDef] is covered in [gore].</li>
        <li>desc_sentence->[victim_nameShortDef] looks [angstyadjective].</li>
        <li>desc_sentence->[victim_nameShortDef] is wincing in pain.</li>
        <li>desc_sentence->[victim_nameShortDef] is wincing in agony.</li>
        <li>desc_sentence->[killer_nameShortDef] is baring [killer_possessive] teeth.</li>
        <li>desc_sentence->[killer_nameShortDef] seems satisfied.</li>
        <li>desc_sentence->[killer_nameShortDef] looks distressed at what [killer_pronoun] is doing.</li>
        <li>desc_sentence->[killer_nameShortDef] looks pleased with the situation.</li>
        <li>desc_sentence->[killer_nameShortDef] looks triumphant.</li>
      </rulesStrings>
    </rulePack>
  </TaleDef>

  <TaleDef>
    <defName>Downed</defName>
    <label>downed</label>
    <taleClass>Tale_DoublePawnAndDef</taleClass>
    <type>Volatile</type>
    <firstPawnSymbol>victim</firstPawnSymbol>
    <secondPawnSymbol>killer</secondPawnSymbol>
    <defSymbol>weapon</defSymbol>
    <baseInterest>4</baseInterest>
    <rulePack>
      <rulesStrings>
        <!-- Killer and/or weapon may not be listed, make sure there's valid options -->
        <li>tale_noun->[killer_nameShortDef] [wound_name_present] [victim_nameShortDef]</li>
        <li>tale_noun->[killer_nameShortDef] [wound_name_present] [victim_nameShortDef] with a [weapon_label]</li>
        <li>tale_noun->the [wound_name_present] of [victim_nameShortDef] by [killer_nameShortDef]</li>
        <li>tale_noun->the [wound_name_present] of [victim_nameShortDef] with a [weapon_label]</li>
        <li>tale_noun->the [wound_name_present] of [victim_nameShortDef]</li>
        <li>image->[victim_nameFull] being [wound_name_past] by [killer_nameFull] [weapon_optional]</li>
        <li>image->[killer_nameFull] [wound_name_present] [victim_nameFull] [weapon_optional]</li>
        <li>image->[killer_nameFull] brutally [wound_name_present] [victim_nameFull] [weapon_optional]</li>
        <li>image->[victim_nameFull] being [wound_name_past] [weapon_optional]</li>
        <li>wound_name_past->incapacitated</li>
        <li>wound_name_past->crippled</li>
        <li>wound_name_past->knocked unconscious</li>
        <li>wound_name_past->disabled</li>
        <li>wound_name_present->incapacitating</li>
        <li>wound_name_present->harming</li>
        <li>wound_name_present->knocking unconscious</li>
        <li>wound_name_present->disabling</li>
        <li>weapon_optional->with a [weapon_label] [circumstance_group]</li>
        <li>weapon_optional->[circumstance_group]</li>
        <li>circumstance_phrase->seemingly without remorse</li>
        <li>circumstance_phrase->with cold efficiency</li>
        <li>circumstance_phrase->with passionate rage</li>
        <li>circumstance_phrase->with quick, efficient movements</li>
        <li>circumstance_phrase->without emotion or expression</li>
        <li>circumstance_phrase->out of bleak necessity</li>
        <li>circumstance_phrase->in a cowardly, halfhearted way</li>
        <li>desc_sentence->[quantity_adjphrase] [animal]s look on.</li>
        <li>desc_sentence->A [outlander] watches silently [side_position].</li>
        <li>desc_sentence->[victim_nameShortDef] looks [angstyadjective].</li>
        <li>desc_sentence->[victim_nameShortDef]'s eyes are closed.</li>
        <li>desc_sentence->[killer_nameShortDef] is baring [killer_possessive] teeth.</li>
        <li>desc_sentence->[killer_nameShortDef] seems satisfied.</li>
        <li>desc_sentence->[killer_nameShortDef] looks distressed at what [killer_pronoun] is doing.</li>
        <li>desc_sentence->[killer_nameShortDef] looks pleased with the situation.</li>
        <li>desc_sentence->[killer_nameShortDef] looks triumphant.</li>
      </rulesStrings>
    </rulePack>
  </TaleDef>

  <TaleDef>
    <defName>KilledLongRange</defName>
    <label>killed at distance</label>
    <taleClass>Tale_DoublePawnAndDef</taleClass>
    <type>Volatile</type>
    <firstPawnSymbol>killer</firstPawnSymbol>
    <secondPawnSymbol>victim</secondPawnSymbol>
    <defSymbol>weapon</defSymbol>
    <baseInterest>4</baseInterest>
    <rulePack>
      <rulesStrings>
        <!-- weapon may not be listed, make sure there's valid options -->
        <li>tale_noun->[killer_nameShortDef] [wound_name_present] [victim_nameShortDef] at extreme distance</li>
        <li>tale_noun->[killer_nameShortDef] [wound_name_present] [victim_nameShortDef] at extreme distance with a [weapon_label]</li>
        <li>tale_noun->long distance [wound_name_present] of [victim_nameShortDef] by [killer_nameShortDef]</li>
        <li>tale_noun->long distance [wound_name_present] of [victim_nameShortDef] by [killer_nameShortDef] with a [weapon_label]</li>
        <li>image->[killer_nameFull] aiming at [victim_nameFull] [weapon_optional]</li>
        <li>image->[killer_nameFull] [wound_name_present] [victim_nameFull] [weapon_optional]</li>
        <li>image->[killer_nameFull] coldly [wound_name_present] [victim_nameFull] [weapon_optional]</li>
        <li>wound_name_past->murdered</li>
        <li>wound_name_past->slain</li>
        <li>wound_name_past->slaughtered</li>
        <li>wound_name_past->eliminated</li>
        <li>wound_name_present->murdering</li>
        <li>wound_name_present->slaying</li>
        <li>wound_name_present->slaughtering</li>
        <li>wound_name_present->eliminating</li>
        <li>weapon_optional->with a [weapon_label] [circumstance_group]</li>
        <li>weapon_optional->[circumstance_group]</li>
        <li>circumstance_phrase->seemingly without remorse</li>
        <li>circumstance_phrase->with cold efficiency</li>
        <li>circumstance_phrase->from a long distance</li>
        <li>circumstance_phrase->from a great height</li>
        <li>circumstance_phrase->without emotion or expression</li>
        <li>circumstance_phrase->in a cowardly, halfhearted way</li>
        <li>desc_sentence->[quantity_adjphrase] [animal]s look on.</li>
        <li>desc_sentence->A [outlander] watches silently [side_position].</li>
        <li>desc_sentence->[victim_nameShortDef] looks [angstyadjective].</li>
        <li>desc_sentence->[victim_nameShortDef]'s eyes are closed.</li>
        <li>desc_sentence->[victim_nameShortDef] is covered in [gore].</li>
        <li>desc_sentence->[killer_nameShortDef] is baring [killer_possessive] teeth.</li>
        <li>desc_sentence->[killer_nameShortDef] seems satisfied.</li>
        <li>desc_sentence->[killer_nameShortDef] looks distressed at what [killer_pronoun] is doing.</li>
        <li>desc_sentence->[killer_nameShortDef] looks pleased with the situation.</li>
        <li>desc_sentence->[killer_nameShortDef] looks triumphant.</li>
      </rulesStrings>
    </rulePack>
  </TaleDef>

  <TaleDef>
    <defName>KilledMelee</defName>
    <label>killed in melee</label>
    <taleClass>Tale_DoublePawnAndDef</taleClass>
    <type>Volatile</type>
    <firstPawnSymbol>killer</firstPawnSymbol>
    <secondPawnSymbol>victim</secondPawnSymbol>
    <defSymbol>weapon</defSymbol>
    <baseInterest>4</baseInterest>
    <rulePack>
      <rulesStrings>
        <!-- weapon may not be listed, make sure there's valid options -->
        <li>tale_noun->[killer_nameShortDef] [wound_name_present] [victim_nameShortDef] in close combat</li>
        <li>tale_noun->[killer_nameShortDef] [wound_name_present] [victim_nameShortDef] in melee with a [weapon_label]</li>
        <li>tale_noun->melee [wound_name_present] of [victim_nameShortDef] by [killer_nameShortDef]</li>
        <li>tale_noun->close combat [wound_name_present] of [victim_nameShortDef] by [killer_nameShortDef] with a [weapon_label]</li>
        <li>image->[victim_nameFull] being [wound_name_past] by [killer_nameFull] [weapon_optional]</li>
        <li>image->[killer_nameFull] [wound_name_present] [victim_nameFull] [weapon_optional]</li>
        <li>image->[killer_nameFull] brutally [wound_name_present] [victim_nameFull] [weapon_optional]</li>
        <li>image->[victim_nameFull] being [wound_name_past] [weapon_optional]</li>
        <li>wound_name_past->murdered</li>
        <li>wound_name_past->slain</li>
        <li>wound_name_past->slaughtered</li>
        <li>wound_name_past->mutilated</li>
        <li>wound_name_present->murdering</li>
        <li>wound_name_present->slaying</li>
        <li>wound_name_present->slaughtering</li>
        <li>wound_name_present->mutilating</li>
        <li>weapon_optional->with a [weapon_label] [circumstance_group]</li>
        <li>weapon_optional->[circumstance_group]</li>
        <li>circumstance_phrase->seemingly without remorse</li>
        <li>circumstance_phrase->with cold efficiency</li>
        <li>circumstance_phrase->with quick, efficient movements</li>
        <li>circumstance_phrase->without emotion or expression</li>
        <li>circumstance_phrase->in a cowardly, halfhearted way</li>
        <li>desc_sentence->[quantity_adjphrase] [animal]s look on.</li>
        <li>desc_sentence->A [outlander] watches silently [side_position].</li>
        <li>desc_sentence->[victim_nameShortDef] looks [angstyadjective].</li>
        <li>desc_sentence->[victim_nameShortDef]'s eyes are closed.</li>
        <li>desc_sentence->[victim_nameShortDef] is covered in [gore].</li>
        <li>desc_sentence->[victim_nameShortDef] and [killer_nameShortDef] are both covered in [gore].</li>
        <li>desc_sentence->[killer_nameShortDef] is covered in [gore].</li>
        <li>desc_sentence->[killer_nameShortDef] is baring [killer_possessive] teeth.</li>
        <li>desc_sentence->[killer_nameShortDef] seems satisfied.</li>
        <li>desc_sentence->[killer_nameShortDef] looks distressed at what [killer_pronoun] is doing.</li>
        <li>desc_sentence->[killer_nameShortDef] looks pleased with the situation.</li>
        <li>desc_sentence->[killer_nameShortDef] looks triumphant.</li>
        <li>desc_sentence->[killer_nameShortDef] wears a feral expression.</li>
      </rulesStrings>
    </rulePack>
  </TaleDef>

  <TaleDef>
    <defName>KilledMajorThreat</defName>
    <label>killed major threat</label>
    <taleClass>Tale_DoublePawnAndDef</taleClass>
    <type>Volatile</type>
    <firstPawnSymbol>killer</firstPawnSymbol>
    <secondPawnSymbol>victim</secondPawnSymbol>
    <defSymbol>weapon</defSymbol>
    <baseInterest>10</baseInterest>
    <rulePack>
      <rulesStrings>
        <!-- weapon may not be listed, make sure there's valid options -->
        <li>tale_noun->[killer_nameShortDef] [wound_name_present] [victim_nameShortDef]</li>
        <li>tale_noun->[killer_nameShortDef] [wound_name_present] [victim_nameShortDef] with a [weapon_label]</li>
        <li>tale_noun->[wound_name_present] of [victim_nameShortDef] by [killer_nameShortDef]</li>
        <li>tale_noun->[wound_name_present] of [victim_nameShortDef] by [killer_nameShortDef] with a [weapon_label]</li>
        <li>image->[victim_nameFull] being [wound_name_past] by [killer_nameFull] [weapon_optional]</li>
        <li>image->[killer_nameFull] [wound_name_present] [victim_nameFull] [weapon_optional]</li>
        <li>image->[killer_nameFull] brutally [wound_name_present] [victim_nameFull] [weapon_optional]</li>
        <li>image->[victim_nameFull] being [wound_name_past] [weapon_optional]</li>
        <li>wound_name_past->slain</li>
        <li>wound_name_past->defeated</li>
        <li>wound_name_past->overcome</li>
        <li>wound_name_present->slaying</li>
        <li>wound_name_present->defeating</li>
        <li>wound_name_present->overcoming</li>
        <li>weapon_optional->with a [weapon_label] [circumstance_group]</li>
        <li>weapon_optional->[circumstance_group]</li>
        <li>circumstance_phrase->with cold efficiency</li>
        <li>circumstance_phrase->with quick, efficient movements</li>
        <li>circumstance_phrase->without emotion or expression</li>
        <li>circumstance_phrase->with great heroism</li>
        <li>circumstance_phrase->with incredible strength</li>
        <li>desc_sentence->[quantity_adjphrase] [animal]s look on.</li>
        <li>desc_sentence->A [outlander] watches silently [side_position].</li>
        <li>desc_sentence->[victim_nameShortDef] looks [angstyadjective].</li>
        <li>desc_sentence->[victim_nameShortDef]'s eyes are closed.</li>
        <li>desc_sentence->[victim_nameShortDef] is covered in [gore].</li>
        <li>desc_sentence->[victim_nameShortDef] and [killer_nameShortDef] are both covered in [gore].</li>
        <li>desc_sentence->[victim_nameShortDef]'s corpse towers over [killer_nameShortDef].</li>
        <li>desc_sentence->[victim_nameShortDef]'s massive corpse covers a [terrainfeature].</li>
        <li>desc_sentence->[victim_nameShortDef]'s eyes glow [color].</li>
        <li>desc_sentence->[killer_nameShortDef] is covered in [gore].</li>
        <li>desc_sentence->[killer_nameShortDef] is baring [killer_possessive] teeth.</li>
        <li>desc_sentence->[killer_nameShortDef] seems satisfied.</li>
        <li>desc_sentence->[killer_nameShortDef] looks triumphant.</li>
        <li>desc_sentence->[killer_nameShortDef] looks [badassadjective].</li>
        <li>desc_sentence->[killer_nameShortDef] is glowing with a heroic aura.</li>
      </rulesStrings>
    </rulePack>
  </TaleDef>

  <TaleDef>
    <defName>KilledCapacity</defName>
    <label>killed</label>
    <taleClass>Tale_DoublePawnAndDef</taleClass>
    <type>Volatile</type>
    <firstPawnSymbol>killer</firstPawnSymbol>
    <secondPawnSymbol>victim</secondPawnSymbol>
    <defSymbol>capacity</defSymbol>
    <defType>PawnCapacityDef</defType>
    <baseInterest>4</baseInterest>
    <rulePack>
      <rulesStrings>
        <li>tale_noun->[killer_nameShortDef] [wound_name_present] [victim_nameShortDef]</li>
        <li>tale_noun->[killer_nameShortDef] [wound_name_present] [victim_nameShortDef] with a [weapon_label]</li>
        <li>image->[killer_nameFull] [cap_removal] [victim_nameFull]'s capacity for [capacity_label] [weapon_optional]</li>
        <li>image->[killer_nameFull] [wound_name_present] [victim_nameFull] by [cap_removal] their [capacity_label] [weapon_optional]</li>
        <li>cap_removal->destroying</li>
        <li>cap_removal->eliminating</li>
        <li>cap_removal->ending</li>
        <li>wound_name_past->slayed</li>
        <li>wound_name_past->executed</li>
        <li>wound_name_past->assassinated</li>
        <li>wound_name_past->eliminated</li>
        <li>wound_name_present->slaying</li>
        <li>wound_name_present->executing</li>
        <li>wound_name_present->assassinating</li>
        <li>wound_name_present->eliminating</li>
        <li>weapon_optional->with a [weapon_label] [circumstance_group]</li>
        <li>weapon_optional->[circumstance_group]</li>
        <li>circumstance_phrase->seemingly without remorse</li>
        <li>circumstance_phrase->with cold efficiency</li>
        <li>circumstance_phrase->with quick, efficient movements</li>
        <li>circumstance_phrase->without emotion or expression</li>
        <li>desc_sentence->[quantity_adjphrase] [animal]s look on.</li>
        <li>desc_sentence->A [outlander] watches silently [side_position].</li>
        <li>desc_sentence->[victim_nameShortDef] looks [angstyadjective].</li>
        <li>desc_sentence->[victim_nameShortDef]'s eyes are closed.</li>
        <li>desc_sentence->[killer_nameShortDef] seems satisfied.</li>
        <li>desc_sentence->[killer_nameShortDef] looks distressed at what [killer_pronoun] is doing.</li>
        <li>desc_sentence->[killer_nameShortDef] looks pleased with the situation.</li>
        <li>desc_sentence->[killer_nameShortDef] looks triumphant.</li>
      </rulesStrings>
    </rulePack>
  </TaleDef>

  <TaleDef>
    <defName>KilledMortar</defName>
    <label>killed with mortar</label>
    <taleClass>Tale_DoublePawnAndDef</taleClass>
    <type>Volatile</type>
    <firstPawnSymbol>killer</firstPawnSymbol>
    <secondPawnSymbol>victim</secondPawnSymbol>
    <defSymbol>weapon</defSymbol>
    <baseInterest>4</baseInterest>
    <rulePack>
      <rulesStrings>
        <li>tale_noun->[killer_nameShortDef] [wound_name_present] [victim_nameShortDef] with a mortar</li>
        <li>tale_noun->artillery kill of [victim_nameShortDef] by [killer_nameShortDef]</li>
        <li>image->[killer_nameFull] carefully adjusting a firing tube [circumstance_group]</li>
        <li>image->[killer_nameFull] looking into the distance [circumstance_group]</li>
        <li>image->[killer_nameFull] doing calculations on paper [circumstance_group]</li>
        <li>image->[killer_nameFull] testing wind direction [circumstance_group]</li>
        <li>circumstance_phrase->while [victim_nameFull] is consumed in a massive explosion</li>
        <li>circumstance_phrase->as a shell arcs down towards [victim_nameFull]</li>
        <li>circumstance_phrase->while [victim_nameFull] walks around obliviously</li>
        <li>circumstance_phrase->as [victim_nameFull] sprints</li>
        <li>desc_sentence->[quantity_adjphrase] [animal]s look on.</li>
        <li>desc_sentence->A [outlander] watches silently [side_position].</li>
        <li>desc_sentence->[victim_nameShortDef] looks [angstyadjective].</li>
        <li>desc_sentence->[victim_nameShortDef] is covered in [gore].</li>
        <li>desc_sentence->[victim_nameShortDef] is surrounded by explosions.</li>
        <li>desc_sentence->[victim_nameShortDef] is surrounded by craters.</li>
        <li>desc_sentence->[killer_nameShortDef] seems satisfied.</li>
        <li>desc_sentence->[killer_nameShortDef] looks distressed at what [killer_pronoun] is doing.</li>
        <li>desc_sentence->[killer_nameShortDef] looks pleased with the situation.</li>
        <li>desc_sentence->[killer_nameShortDef] looks triumphant.</li>
      </rulesStrings>
    </rulePack>
  </TaleDef>

  <TaleDef>
    <defName>Exhausted</defName>
    <label>exhausted</label>
    <taleClass>Tale_SinglePawn</taleClass>
    <type>Volatile</type>
    <baseInterest>4</baseInterest>
    <rulePack>
      <rulesStrings>
        <li>tale_noun->[pawn_nameShortDef] collapsing from exhaustion</li>
        <li>image->[pawn_nameFull] collapsing on the ground [circumstance_group]</li>
        <li>image->[pawn_nameFull] lying on the ground [circumstance_group]</li>
        <li>image->[pawn_nameFull] lying in bed [circumstance_group]</li>
        <li>image->[pawn_nameFull] collapsed in a chair [circumstance_group]</li>
        <li>image->[pawn_nameFull] peacefully sleeping [circumstance_group]</li>
        <li>circumstance_phrase->with eyes closed</li>
        <li>circumstance_phrase->with a visible look of exhaustion</li>
        <li>circumstance_phrase->while covered in sweat</li>
        <li>circumstance_phrase->and unable to move a muscle</li>
        <li>desc_sentence->[pawn_nameShortDef]'s last project sits nearby, complete.</li>
        <li>desc_sentence->A marvelous construction surrounds [pawn_nameShortDef].</li>
        <li>desc_sentence->[quantity_adjphrase] [outlander]s look grateful for [pawn_nameShortDef]'s heroic effort.</li>
        <li>desc_sentence->[quantity_adjphrase] [outlander]s lie nearby in a similar state.</li>
        <li>desc_sentence->The scene takes place inside a newly-built [community].</li>
      </rulesStrings>
    </rulePack>
  </TaleDef>

  <TaleDef>
    <defName>IllnessRevealed</defName>
    <label>illness revealed</label>
    <taleClass>Tale_SinglePawnAndDef</taleClass>
    <type>Volatile</type>
    <defSymbol>illness</defSymbol>
    <defType>HediffDef</defType>
    <baseInterest>4</baseInterest>
    <rulePack>
      <rulesStrings>
        <li>tale_noun->[pawn_nameShortDef] stricken with [illness_label]</li>
        <li>image->[pawn_nameFull] staggering through a field [circumstance_group]</li>
        <li>image->[pawn_nameFull] lying on the ground [circumstance_group]</li>
        <li>image->[pawn_nameFull] lying in bed [circumstance_group]</li>
        <li>image->[pawn_nameFull] lying in a hospital bed [circumstance_group]</li>
        <li>image->[pawn_nameFull] collapsed in a chair [circumstance_group]</li>
        <li>image->[pawn_nameFull] crouching next to a fire [circumstance_group]</li>
        <li>circumstance_phrase->and sweating uncontrollably</li>
        <li>circumstance_phrase->and shivering uncontrollably</li>
        <li>circumstance_phrase->while both sweating and shivering</li>
        <li>circumstance_phrase->with cracked dry lips</li>
        <li>circumstance_phrase->while vomiting</li>
        <li>circumstance_phrase->with a visible rash</li>
        <li>circumstance_phrase->while being tended to by a doctor</li>
        <li>desc_sentence->[quantity_adjphrase] fly-ridden [animal] corpses surround the area.</li>
        <li>desc_sentence->[quantity_adjphrase] twisted [color] [terrainfeature]s surround the scene.</li>
        <li>desc_sentence->[quantity_adjphrase] [outlander]s are stricken with the same afflication.</li>
        <li>desc_sentence->The scene takes place inside a [tree] forest.</li>
        <li>desc_sentence->[quantity_adjphrase] dying [animal]s litter the ground.</li>
      </rulesStrings>
    </rulePack>
  </TaleDef>

  <TaleDef>
    <defName>HeatstrokeRevealed</defName>
    <label>heatstroke revealed</label>
    <taleClass>Tale_SinglePawnAndDef</taleClass>
    <type>Volatile</type>
    <baseInterest>4</baseInterest>
    <rulePack>
      <rulesStrings>
        <li>tale_noun->[pawn_nameShortDef] getting heatstroke</li>
        <li>tale_noun->[pawn_nameShortDef] overheating</li>
        <li>image->[pawn_nameFull] trudging through sand [circumstance_group]</li>
        <li>image->[pawn_nameFull] huddled in the shade of a [terrainfeature] [circumstance_group]</li>
        <li>image->[pawn_nameFull] searching for water [circumstance_group]</li>
        <li>image->[pawn_nameFull] searching for shade [circumstance_group]</li>
        <li>image->[pawn_nameFull] crawling across sun-baked dirt [circumstance_group]</li>
        <li>circumstance_phrase->with red dry skin</li>
        <li>circumstance_phrase->and covered in sweat</li>
        <li>circumstance_phrase->with cracked dry lips</li>
        <li>circumstance_phrase->while vomiting</li>
        <li>desc_sentence->[quantity_adjphrase] dessicated [animal] corpses surround the area.</li>
        <li>desc_sentence->[pawn_nameShortDef]'s clothes are tattered and torn.</li>
        <li>desc_sentence->A blazing sun looms in the background.</li>
        <li>desc_sentence->The scene takes place inside a blazing desert.</li>
        <li>desc_sentence->The scene appears to take place inside, next to a heater.</li>
        <li>desc_sentence->[quantity_adjphrase] unmoving [animal]s surround the scene.</li>
        <li>desc_sentence->[quantity_adjphrase] dying [animal]s litter the ground.</li>
      </rulesStrings>
    </rulePack>
  </TaleDef>

  <TaleDef>
    <defName>HypothermiaRevealed</defName>
    <label>hypothermia revealed</label>
    <taleClass>Tale_SinglePawnAndDef</taleClass>
    <type>Volatile</type>
    <baseInterest>4</baseInterest>
    <rulePack>
      <rulesStrings>
        <li>tale_noun->[pawn_nameShortDef] getting hypothermia</li>
        <li>tale_noun->[pawn_nameShortDef] freezing to death</li>
        <li>image->[pawn_nameFull] trudging through snow [circumstance_group]</li>
        <li>image->[pawn_nameFull] huddled beside a [terrainfeature] [circumstance_group]</li>
        <li>image->[pawn_nameFull] searching for a warm [apparel] [circumstance_group]</li>
        <li>image->[pawn_nameFull] crouching next to a fire [circumstance_group]</li>
        <li>image->[pawn_nameFull] trying to light a fire [circumstance_group]</li>
        <li>circumstance_phrase->while their face slowly turns blue</li>
        <li>circumstance_phrase->and shivering uncontrollably</li>
        <li>circumstance_phrase->while covered in frost</li>
        <li>circumstance_phrase->while exhaling clouds of fog</li>
        <li>desc_sentence->[quantity_adjphrase] frozen [animal] corpses surround the area.</li>
        <li>desc_sentence->[pawn_nameShortDef]'s clothes are tattered and worn.</li>
        <li>desc_sentence->A cold blue moon looms in the background.</li>
        <li>desc_sentence->The scene takes place inside a snow-covered [tree] forest.</li>
        <li>desc_sentence->The scene appears to take place inside a freezer.</li>
        <li>desc_sentence->[quantity_adjphrase] shivering [animal]s surround the scene.</li>
        <li>desc_sentence->[quantity_adjphrase] dying [animal]s litter the ground.</li>
      </rulesStrings>
    </rulePack>
  </TaleDef>

  <TaleDef>
    <defName>ToxicityRevealed</defName>
    <label>toxicity revealed</label>
    <taleClass>Tale_SinglePawnAndDef</taleClass>
    <type>Volatile</type>
    <baseInterest>4</baseInterest>
    <rulePack>
      <rulesStrings>
        <li>tale_noun->[pawn_nameShortDef]'s body becoming toxic</li>
        <li>tale_noun->[pawn_nameShortDef] receiving toxins from an outside source</li>
        <li>image->[pawn_nameFull] staggering through a field [circumstance_group]</li>
        <li>image->[pawn_nameFull] lying on the ground [circumstance_group]</li>
        <li>image->[pawn_nameFull] lying in bed [circumstance_group]</li>
        <li>image->[pawn_nameFull] crouching next to a fire [circumstance_group]</li>
        <li>image->[pawn_nameFull] trying to light a fire [circumstance_group]</li>
        <li>image->[pawn_nameFull] mindlessly removing [pawn_possessive] clothes [circumstance_group]</li>
        <li>circumstance_phrase->and sweating uncontrollably</li>
        <li>circumstance_phrase->and shivering uncontrollably</li>
        <li>circumstance_phrase->while both sweating and shivering</li>
        <li>circumstance_phrase->with cracked dry lips</li>
        <li>circumstance_phrase->while vomiting</li>
        <li>circumstance_phrase->with a visible rash</li>
        <li>desc_sentence->[quantity_adjphrase] twisted [animal] corpses surround the area.</li>
        <li>desc_sentence->[pawn_nameShortDef]'s clothes are falling apart.</li>
        <li>desc_sentence->The sky is a murky [color].</li>
        <li>desc_sentence->[quantity_adjphrase] twisted [color] [terrainfeature]s surround the scene.</li>
        <li>desc_sentence->The scene takes place inside a twisted [tree] forest.</li>
        <li>desc_sentence->[quantity_adjphrase] dying [animal]s litter the ground.</li>
      </rulesStrings>
    </rulePack>
  </TaleDef>

  <TaleDef>
    <defName>GaveBirth</defName>
    <label>gave birth</label>
    <taleClass>Tale_DoublePawn</taleClass>
    <type>Volatile</type>
    <firstPawnSymbol>mother</firstPawnSymbol>
    <secondPawnSymbol>child</secondPawnSymbol>
    <baseInterest>4</baseInterest>
    <rulePack>
      <rulesStrings>
        <li>tale_noun->[mother_nameShortDef] giving birth to [child_nameShortDef]</li>
        <li>image->[mother_nameFull] giving birth to [circumstance_group]</li>
        <li>image->[mother_nameFull] holding [mother_possessive] [baby], [circumstance_group]</li>
        <li>image->[mother_nameFull] lying in bed next to [mother_possessive] [baby], [circumstance_group]</li>
        <li>image->[mother_nameFull] collapsed in a chair with [mother_possessive] [baby] [circumstance_group]</li>
        <li>baby->infant</li>
        <li>baby->newborn</li>
        <li>baby->baby</li>
        <li>circumstance_phrase->[child_nameFull], who is bloody and crying</li>
        <li>circumstance_phrase->[child_nameFull], who is glowing softly [color]</li>
        <li>circumstance_phrase->[child_nameFull], who is already trying to pull [child_objective]self around</li>
        <li>circumstance_phrase->[child_nameFull], who is looking around with an expression of serenity</li>
        <li>desc_sentence->[quantity_adjphrase] [animal]s sleep peacefully nearby.</li>
        <li>desc_sentence->[quantity_adjphrase] [outlander]s gaze upon the scene.</li>
        <li>desc_sentence->A [outlander]s watches from a distance.</li>
        <li>desc_sentence->The scene takes place inside a newly-built [community].</li>
      </rulesStrings>
    </rulePack>
  </TaleDef>

</Defs>
