﻿<?xml version="1.0" encoding="utf-8" ?>
<Defs>

  <TaleDef>
    <defName>CaravanFormed</defName>
    <label>caravan formed</label>
    <taleClass>Tale_SinglePawn</taleClass>
    <type>Volatile</type>
    <baseInterest>10</baseInterest>
    <rulePack>
      <rulesStrings>
        <li>tale_noun->[pawn_nameShortDef] departing for adventure</li>
        <li>tale_noun->[pawn_nameShortDef] forming a caravan</li>
        <li>image->[pawn_nameFull] striding forward purposefully [circumstance_group]</li>
        <li>image->[pawn_nameFull] looking towards the horizon [circumstance_group]</li>
        <li>image->[pawn_nameFull] packing supplies for a journey [circumstance_group]</li>
        <li>image->[pawn_nameFull] planning a journey [circumstance_group]</li>
        <li>circumstance_phrase->and equipped for a fight</li>
        <li>circumstance_phrase->and equipped for survival</li>
        <li>circumstance_phrase->and equipped for exploration</li>
        <li>circumstance_phrase->with an eager look in [pawn_possessive] eyes</li>
        <li>circumstance_phrase->with a [adjective] look in [pawn_possessive] eyes</li>
        <li>desc_sentence->[quantity_adjphrase] [ally]s watch the preparations.</li>
        <li>desc_sentence->[quantity_adjphrase] [ally]s help with the preparations.</li>
        <li>desc_sentence->[quantity_adjphrase] [enemy]s shrink away from the scene.</li>
        <li>desc_sentence->A [terrainfeature] is visible in the distance.</li>
        <li>desc_sentence->[quantity_adjphrase] [outlander]s watch from a distance.</li>
        <li>desc_sentence->[quantity_adjphrase] [animal]s wander peacefully.</li>
      </rulesStrings>
    </rulePack>
  </TaleDef>

  <TaleDef>
    <defName>CaravanFled</defName>
    <label>caravan fled</label>
    <taleClass>Tale_SinglePawn</taleClass>
    <type>Volatile</type>
    <baseInterest>20</baseInterest>
    <rulePack>
      <rulesStrings>
        <li>tale_noun->[pawn_nameShortDef] fleeing for [pawn_possessive] life</li>
        <li>tale_noun->[pawn_nameShortDef] escaping danger</li>
        <li>tale_noun->[pawn_nameShortDef] narrowly escaping danger</li>
        <li>tale_noun->[pawn_nameShortDef] chased away by enemies</li>
        <li>image->[pawn_nameFull] running frantically [circumstance_group]</li>
        <li>image->[pawn_nameFull] sprinting [circumstance_group]</li>
        <li>image->[pawn_nameFull] tucked behind a [terrainfeature], hiding [circumstance_group]</li>
        <li>image->[pawn_nameFull] putting up a fighting retreat [circumstance_group]</li>
        <li>image->[pawn_nameFull] casually strolling away [circumstance_group]</li>
        <li>circumstance_phrase->as [quantity_adjphrase] [enemy]s chase</li>
        <li>circumstance_phrase->while [quantity_adjphrase] [enemy]s search</li>
        <li>circumstance_phrase->from [quantity_adjphrase] [enemy]s</li>
        <li>circumstance_phrase->from [quantity_adjphrase] enemy [animal]s</li>
        <li>circumstance_phrase->from a [huge] [enemy]</li>
        <li>desc_sentence->[pawn_nameShortDef]'s pursuers are brandishing [weapon]s.</li>
        <li>desc_sentence->[pawn_nameShortDef]'s pursuers are wreathed in [color] smoke.</li>
        <li>desc_sentence->[pawn_nameShortDef]'s pursuers wear [angstyadjective] expressions.</li>
        <li>desc_sentence->[pawn_nameShortDef]'s pursuers are brandishing [weapon]s.</li>
        <li>desc_sentence->[pawn_nameShortDef] is sweating.</li>
        <li>desc_sentence->[pawn_nameShortDef] is gasping for breath.</li>
      </rulesStrings>
    </rulePack>
  </TaleDef>

  <TaleDef>
    <defName>CaravanAmbushDefeated</defName>
    <label>caravan ambush defeated</label>
    <taleClass>Tale_SinglePawn</taleClass>
    <type>Volatile</type>
    <baseInterest>20</baseInterest>
    <rulePack>
      <rulesStrings>
        <li>tale_noun->a successful defense of [pawn_nameShortDef]'s caravan</li>
        <li>tale_noun->[pawn_nameShortDef] fighting off an ambush</li>
        <li>image->[pawn_nameFull] organizing resistance while [circumstance_group]</li>
        <li>image->[pawn_nameFull] wielding a [weapon] defensively while [circumstance_group]</li>
        <li>image->[pawn_nameFull] retaliating with [pawn_possessive] [weapon] while [circumstance_group]</li>
        <li>image->[pawn_nameFull] standing as tall as a building while [circumstance_group]</li>
        <li>image->[pawn_nameFull] wearing a [badassadjective] expression while [circumstance_group]</li>
        <li>image->[pawn_nameFull] wearing a [angstyadjective] expression while [circumstance_group]</li>
        <li>circumstance_phrase->bracing against the advancing horde</li>
        <li>circumstance_phrase->circling the wagons</li>
        <li>circumstance_phrase->roaring in victory</li>
        <li>circumstance_phrase->brandishing [weapon]s</li>
        <li>circumstance_phrase->covered in [gore]</li>
        <li>desc_sentence->[quantity_adjphrase] [enemy]s advance, brandishing [weapon]s.</li>
        <li>desc_sentence->A huge [enemy] advances, brandishing a [weapon].</li>
        <li>desc_sentence->[quantity_adjphrase] [enemy]s advance with a [badassadjective] look in their eyes.</li>
        <li>desc_sentence->[quantity_adjphrase] [enemy]s advance with a [angstyadjective] look in their eyes.</li>
        <li>desc_sentence->[quantity_adjphrase] [animal]s advance with glowing [color] eyes.</li>
        <li>desc_sentence->[quantity_adjphrase] [animal]s advance, covered in [gore].</li>
        <li>desc_sentence->The ground is coated in [gore].</li>
        <li>desc_sentence->[quantity_adjphrase] [outlander]s flee the area.</li>
        <li>desc_sentence->[quantity_adjphrase] [animal]s flee the area.</li>
      </rulesStrings>
    </rulePack>
  </TaleDef>

  <TaleDef>
    <defName>CaravanRemoteMining</defName>
    <label>caravan remote mining</label>
    <taleClass>Tale_SinglePawnAndDef</taleClass>
    <type>Volatile</type>
    <defSymbol>material</defSymbol>
    <baseInterest>1</baseInterest>
    <rulePack>
      <rulesStrings>
        <li>tale_noun->[pawn_nameShortDef] mining a rich vein of [material_label] in a foreign land</li>
        <li>image->[pawn_nameFull] working a [material_label] wall with mining tools, [circumstance_group]</li>
        <li>image->[pawn_nameFull] holding up a chunk of [material_label], [circumstance_group]</li>
        <li>image->[pawn_nameFull] resting against a wall of [material_label], [circumstance_group]</li>
        <li>image->[pawn_nameFull] coordinating an excavation team against a rich vein of [material_label], [circumstance_group]</li>
        <li>image->[pawn_nameFull] carefully inspecting a rich vein of [material_label], [circumstance_group]</li>
        <li>circumstance_phrase->sweating heavily</li>
        <li>circumstance_phrase->wearing a [friendlyadjective] expression</li>
        <li>circumstance_phrase->smiling proudly</li>
        <li>circumstance_phrase->a satisfied expression on [pawn_possessive] face</li>
        <li>circumstance_phrase->looking around warily for danger</li>
        <li>desc_sentence->[quantity_adjphrase] [ally]s assist.</li>
        <li>desc_sentence->[quantity_adjphrase] [animal]s wander the area.</li>
        <li>desc_sentence->There is a makeshift shelter in the background.</li>
        <li>desc_sentence->[quantity_adjphrase] further veins are visible in the distance.</li>
        <li>desc_sentence->A [terrainfeature] is visible in the distance.</li>
        <li>desc_sentence->[pawn_nameShortDef] is sweaty and dirty from work.</li>
      </rulesStrings>
    </rulePack>
  </TaleDef>

  <TaleDef>
    <defName>CaravanAssaultSuccessful</defName>
    <label>caravan assault successful</label>
    <taleClass>Tale_SinglePawn</taleClass>
    <type>Volatile</type>
    <baseInterest>50</baseInterest>
    <rulePack>
      <rulesStrings>
        <li>tale_noun->[pawn_nameShortDef]'s caravan defeating an enemy stronghold</li>
        <li>image->[pawn_nameFull] running towards a [enemy], [circumstance_group]</li>
        <li>image->[pawn_nameFull] wielding a [weapon], [circumstance_group]</li>
        <li>image->[pawn_nameFull] swinging a [weapon], [circumstance_group]</li>
        <li>image->[pawn_nameFull] standing as tall as a building, [circumstance_group]</li>
        <li>circumstance_phrase->wearing a [badassadjective] look in [pawn_possessive] eyes</li>
        <li>circumstance_phrase->wearing a [angstyadjective] look in [pawn_possessive] eyes</li>
        <li>circumstance_phrase->roaring in victory</li>
        <li>circumstance_phrase->covered in [gore]</li>
        <li>desc_sentence->[quantity_adjphrase] [enemy]s cower from the assault.</li>
        <li>desc_sentence->[quantity_adjphrase] [enemy]s flee the area.</li>
        <li>desc_sentence->[quantity_adjphrase] [enemy]s are visibly wounded.</li>
        <li>desc_sentence->A [community] burns in the distance.</li>
        <li>desc_sentence->A [community] smokes in the distance.</li>
        <li>desc_sentence->The ground is coated in [gore].</li>
        <li>desc_sentence->[quantity_adjphrase] [outlander]s flee the area.</li>
        <li>desc_sentence->[quantity_adjphrase] [animal]s flee the area.</li>
      </rulesStrings>
    </rulePack>
  </TaleDef>
  
</Defs>
