﻿<?xml version="1.0" encoding="utf-8" ?>
<Defs>
  
  <TaleDef>
    <defName>LaunchedShip</defName>
    <label>launched ship</label>
    <taleClass>Tale_SinglePawn</taleClass>
    <type>Volatile</type>
    <baseInterest>50</baseInterest>
    <rulePack>
      <rulesStrings>
        <li>tale_noun->[PAWN_nameDef] escaping the planet</li>
        <li>tale_noun->[PAWN_nameDef] taking off in a spaceship</li>
        <li>image->[PAWN_nameFull] being launched towards the stars [circumstance_group]</li>
        <li>image->[PAWN_nameFull] racing towards the heavens [circumstance_group]</li>
        <li>image->[PAWN_nameFull] accelerating to escape velocity [circumstance_group]</li>
        <li>image->[PAWN_nameFull] piloting a rocket [circumstance_group]</li>
        <li>circumstance_phrase->in front of a [TerrainFeature]</li>
        <li>circumstance_phrase->with incredible force</li>
        <li>circumstance_phrase->in a plume of dust and rocks</li>
        <li>circumstance_phrase->with rockets firing dramatically</li>
        <li>circumstance_phrase->in a precision takeoff</li>
        <li>desc_sentence->[PAWN_pronoun] is concentrating intently on the controls.</li>
        <li>desc_sentence->[PAWN_pronoun] has [PAWN_possessive] eyes closed and looks confident.</li>
        <li>desc_sentence->[PAWN_pronoun] is sleeping, [PAWN_possessive] eyes closed peacefully.</li>
        <li>desc_sentence->[PAWN_pronoun] is smiling with grim joy.</li>
        <li>desc_sentence->[PAWN_pronoun] seems to be fully in control of the situation.</li>
        <li>desc_sentence->There is a flame trail licking off the back of the ship.</li>
        <li>desc_sentence->A nearby [Animal] is looking up, startled.</li>
        <li>desc_sentence->A [Animal] is fleeing the launch in fear.</li>
        <li>desc_sentence->There is a [TerrainFeature] in the background.</li>
        <li>desc_sentence->A [Person] watches silently from afar.</li>
      </rulesStrings>
    </rulePack>
  </TaleDef>

  <TaleDef>
    <defName>SocialFight</defName>
    <label>social fight</label>
    <taleClass>Tale_DoublePawn</taleClass>
    <type>Volatile</type>
    <firstPawnSymbol>INITIATOR</firstPawnSymbol>
    <secondPawnSymbol>RESPONDER</secondPawnSymbol>
    <baseInterest>10</baseInterest>
    <rulePack>
      <rulesStrings>
        <li>tale_noun->[INITIATOR_nameDef] [fight_name_present] [RESPONDER_nameDef]</li>
        <li>image->[INITIATOR_nameFull] insulting [RESPONDER_nameFull] [circumstance_group]</li>
        <li>image->[INITIATOR_nameFull] taunting [RESPONDER_nameFull] [circumstance_group]</li>
        <li>image->[INITIATOR_nameFull] threatening [RESPONDER_nameFull] [circumstance_group]</li>
        <li>image->[INITIATOR_nameFull] intimidating [RESPONDER_nameFull] [circumstance_group]</li>
        <li>image->[INITIATOR_nameFull] attacking [RESPONDER_nameFull] [circumstance_group]</li>
        <li>image->[INITIATOR_nameFull] assaulting [RESPONDER_nameFull] [circumstance_group]</li>
        <li>image->[INITIATOR_nameFull] punching [RESPONDER_nameFull] [circumstance_group]</li>
        <li>image->[INITIATOR_nameFull] kicking [RESPONDER_nameFull] [circumstance_group]</li>
        <li>image->[INITIATOR_nameFull] cowering from [RESPONDER_nameFull] [circumstance_group]</li>
        <li>fight_name_present->assaulting</li>
        <li>fight_name_present->attacking</li>
        <li>fight_name_present->fighting</li>
        <li>circumstance_phrase->while [RESPONDER_nameDef] insults [INITIATOR_objective]</li>
        <li>circumstance_phrase->while [RESPONDER_nameDef] taunts [INITIATOR_objective]</li>
        <li>circumstance_phrase->while [RESPONDER_nameDef] threatens [INITIATOR_objective]</li>
        <li>circumstance_phrase->while [RESPONDER_nameDef] intimidates [INITIATOR_objective]</li>
        <li>circumstance_phrase->while [RESPONDER_nameDef] attacks [INITIATOR_objective]</li>
        <li>circumstance_phrase->while [RESPONDER_nameDef] assaults [INITIATOR_objective]</li>
        <li>circumstance_phrase->while [RESPONDER_nameDef] punches [INITIATOR_objective]</li>
        <li>circumstance_phrase->while [RESPONDER_nameDef] kicks [INITIATOR_objective]</li>
        <li>circumstance_phrase->while [RESPONDER_nameDef] cowers from [INITIATOR_objective]</li>
        <li>desc_sentence->[target] appears without remorse.</li>
        <li>desc_sentence->[target] is consumed with passionate rage.</li>
        <li>desc_sentence->[target] has no emotion or expression.</li>
        <li>desc_sentence->[target]'s body is covered in [Gore].</li>
        <li>desc_sentence->[target] is screaming furiously.</li>
        <li>desc_sentence->[target] is visibly wounded.</li>
        <li>desc_sentence->[target]'s eyes are glowing [Color].</li>
        <li>target->[INITIATOR_nameDef]</li>
        <li>target->[RESPONDER_nameDef]</li>
      </rulesStrings>
    </rulePack>
  </TaleDef>

  <TaleDef>
    <defName>CollapseDodged</defName>
    <label>collapse dodged</label>
    <taleClass>Tale_SinglePawn</taleClass>
    <type>Volatile</type>
    <baseInterest>10</baseInterest>
    <rulePack>
      <rulesStrings>
        <li>tale_noun->[PAWN_nameDef] dodging a cavein</li>
        <li>tale_noun->[PAWN_nameDef] nearly crushed by falling objects</li>
        <li>image->[PAWN_nameFull] leaping away from a collapse of debris [circumstance_group]</li>
        <li>image->[PAWN_nameFull] narrowly avoiding a cavein [circumstance_group]</li>
        <li>image->[PAWN_nameFull] avoiding a falling ceiling [circumstance_group]</li>
        <li>image->[PAWN_nameFull] avoiding certain death by a falling rock [circumstance_group]</li>
        <li>circumstance_phrase->that vanishes behind a curtain of debris and dust</li>
        <li>circumstance_phrase->that pulverizes everything beneath it</li>
        <li>circumstance_phrase->which impacts with incredible force</li>
        <li>desc_sentence->[PAWN_pronoun] is sweating with exertion.</li>
        <li>desc_sentence->[PAWN_pronoun] appears to be terrified.</li>
        <li>desc_sentence->[PAWN_pronoun] is scratched and bleeding.</li>
        <li>desc_sentence->[PAWN_pronoun] has lost [PAWN_possessive] balance.</li>
      </rulesStrings>
    </rulePack>
  </TaleDef>

</Defs>
