﻿<?xml version="1.0" encoding="utf-8" ?>
<Defs>


  <TaleDef>
    <defName>Captured</defName>
    <label>person captured</label>
    <taleClass>Tale_DoublePawn</taleClass>
    <type>Volatile</type>
    <firstPawnSymbol>capturer</firstPawnSymbol>
    <secondPawnSymbol>prisoner</secondPawnSymbol>
    <baseInterest>3.5</baseInterest>
    <rulePack>
      <rulesStrings>
        <li>tale_noun->the capturing of [prisoner_nameShortDef]</li>
        <li>image->[capturer_nameFull] capturing [prisoner_nameFull] [circumstance_group]</li>
        <li>image->[capturer_nameFull] tying [prisoner_nameFull]'s hands [circumstance_group]</li>
        <li>image->[capturer_nameFull] smacking [prisoner_nameFull] while capturing [prisoner_objective] [circumstance_group]</li>
        <li>circumstance_phrase->as [prisoner_pronoun] writhes on the ground</li>
        <li>circumstance_phrase->as [prisoner_pronoun] twists in pain</li>
        <li>circumstance_phrase->with professional efficiency</li>
        <li>circumstance_phrase->roughly and amateurishly</li>
        <li>circumstance_phrase->with obviously excessive force</li>
        <li>circumstance_phrase->with obvious pleasure</li>
        <li>circumstance_phrase->while smiling with dominance</li>
        <li>desc_sentence->[capturer_nameShortDef] is looking into [prisoner_nameShortDef]'s eyes with a sense of dominance.</li>
        <li>desc_sentence->[prisoner_nameShortDef] is injured and seems to be in pain.</li>
        <li>desc_sentence->[prisoner_nameShortDef] looks resigned to [prisoner_possessive] fate.</li>
        <li>desc_sentence->[prisoner_nameShortDef] is snarling with the fury of defeat.</li>
        <li>desc_sentence->[capturer_nameShortDef] is slapping [prisoner_nameShortDef] to subdue [prisoner_objective].</li>
        <li>desc_sentence->[capturer_nameShortDef] is twisting [prisoner_nameShortDef]'s ear.</li>
        <li>desc_sentence->[capturer_nameShortDef] is holding [prisoner_nameShortDef] in a joint lock.</li>
        <li>desc_sentence->[capturer_nameShortDef] is spitting into [prisoner_nameShortDef]'s face.</li>
        <li>desc_sentence->[capturer_nameShortDef] is laughing as tears well up in [prisoner_nameShortDef]'s eyes.</li>
        <li>desc_sentence->[capturer_nameShortDef] is kicking [prisoner_nameShortDef] for no obvious reason.</li>
      </rulesStrings>
    </rulePack>
  </TaleDef>

  <TaleDef>
    <defName>Recruited</defName>
    <label>person recruited</label>
    <taleClass>Tale_DoublePawn</taleClass>
    <type>Volatile</type>
    <firstPawnSymbol>recruiter</firstPawnSymbol>
    <secondPawnSymbol>joiner</secondPawnSymbol>
    <baseInterest>4</baseInterest>
    <rulePack>
      <rulesStrings>
        <li>tale_noun->the recruitment of [joiner_nameShortDef]</li>
        <li>image->[recruiter_nameFull] recruiting [joiner_nameFull] [circumstance_group]</li>
        <li>image->[recruiter_nameFull] welcoming [joiner_nameFull] as [joiner_pronoun] becomes a colonist [circumstance_group]</li>
        <li>image->[recruiter_nameFull] speaking convincingly to [joiner_nameFull] [circumstance_group]</li>
        <li>circumstance_phrase->with obvious goodwill</li>
        <li>circumstance_phrase->with a hearty handshake</li>
        <li>circumstance_phrase->with smiles all around</li>
        <li>circumstance_phrase->in front of the whole colony</li>
        <li>circumstance_phrase->in a prison cell</li>
        <li>desc_sentence->[joiner_nameShortDef] is nodding in understanding.</li>
        <li>desc_sentence->[joiner_nameShortDef] is smiling and making eye contact.</li>
        <li>desc_sentence->[joiner_nameShortDef] looks relieved.</li>
        <li>desc_sentence->[joiner_nameShortDef] looks hopeful.</li>
      </rulesStrings>
    </rulePack>
  </TaleDef>

  <TaleDef>
    <defName>Hunted</defName>
    <label>animal hunted</label>
    <taleClass>Tale_DoublePawn</taleClass>
    <type>Volatile</type>
    <firstPawnSymbol>hunter</firstPawnSymbol>
    <secondPawnSymbol>prey</secondPawnSymbol>
    <baseInterest>0.2</baseInterest>
    <ignoreChance>0.5</ignoreChance>
    <rulePack>
      <rulesStrings>
        <li>tale_noun->[hunter_nameShortDef]'s successful hunt</li>
        <li>image->[prey_nameFull] being hunted by [hunter_nameFull] [circumstance_group]</li>
        <li>image->[hunter_nameFull] stalking [prey_nameFull] from afar [circumstance_group]</li>
        <li>image->[hunter_nameFull] hunting [prey_nameFull] [circumstance_group]</li>
        <li>circumstance_phrase->as [prey_nameShortDef] relaxes</li>
        <li>circumstance_phrase->as [prey_nameShortDef] travels</li>
        <li>circumstance_phrase->as [prey_nameShortDef] eats</li>
        <li>desc_sentence->[prey_nameShortDef] seems totally oblivious.</li>
        <li>desc_sentence->[hunter_nameShortDef] is gripping [hunter_possessive] weapon tightly.</li>
        <li>desc_sentence->[prey_nameShortDef] is looking around as though [prey_pronoun] senses that something is wrong.</li>
      </rulesStrings>
    </rulePack>
  </TaleDef>

  <TaleDef>
    <defName>DidSurgery</defName>
    <label>surgery performed</label>
    <taleClass>Tale_DoublePawn</taleClass>
    <type>Volatile</type>
    <firstPawnSymbol>surgeon</firstPawnSymbol>
    <secondPawnSymbol>patient</secondPawnSymbol>
    <baseInterest>2.5</baseInterest>
    <rulePack>
      <rulesStrings>
        <li>tale_noun->[patient_nameShortDef]'s surgery</li>
        <li>image->[surgeon_nameFull] putting [patient_nameFull] to sleep with anesthetic [circumstance_group]</li>
        <li>image->[surgeon_nameFull] elbow-deep in [patient_nameFull] during surgery [circumstance_group]</li>
        <li>image->[surgeon_nameFull] slicing into [patient_nameFull] during surgery [circumstance_group]</li>
        <li>circumstance_phrase->as [patient_pronoun] trembles with fear</li>
        <li>circumstance_phrase->as blood pools at [surgeon_nameShortDef]'s feet</li>
        <li>circumstance_phrase->while surrounded by scary-looking surgical tools</li>
        <li>circumstance_phrase->with improvised but effective tools</li>
        <li>desc_sentence->[surgeon_nameShortDef] is sweating profusely.</li>
        <li>desc_sentence->[surgeon_nameShortDef] looks incredibly focused on the task.</li>
        <li>desc_sentence->[surgeon_nameShortDef] has blood smeared on [surgeon_possessive] face.</li>
        <li>desc_sentence->[patient_nameShortDef] is shaking and writhing.</li>
      </rulesStrings>
    </rulePack>
  </TaleDef>
  
  <TaleDef>
    <defName>ExecutedPrisoner</defName>
    <label>prisoner executed</label>
    <taleClass>Tale_DoublePawn</taleClass>
    <type>Expirable</type>
    <firstPawnSymbol>warden</firstPawnSymbol>
    <secondPawnSymbol>prisoner</secondPawnSymbol>
    <baseInterest>4</baseInterest>
    <maxPerPawn>1</maxPerPawn>
    <expireDays>20</expireDays>
    <rulePack>
      <rulesStrings>
        <li>tale_noun->the execution of [prisoner_nameShortDef]</li>
        <li>image->[warden_nameFull] executing [prisoner_nameFull] [circumstance_group]</li>
        <li>image->[warden_nameFull] putting [prisoner_nameFull] to death [circumstance_group]</li>
        <li>image->[warden_nameFull] preparing to execute [prisoner_nameFull] [circumstance_group]</li>
        <li>image->[warden_nameFull] entering a prison cell, going to execute [prisoner_nameFull] [circumstance_group]</li>
        <li>circumstance_phrase->as [prisoner_pronoun] writhes on the ground</li>
        <li>circumstance_phrase->as [prisoner_pronoun] twists in pain</li>
        <li>circumstance_phrase->as [prisoner_pronoun] cries out in terror</li>
        <li>circumstance_phrase->with professional efficiency</li>
        <li>circumstance_phrase->roughly and amateurishly</li>
        <li>circumstance_phrase->with obviously excessive force</li>
        <li>circumstance_phrase->with obvious pleasure</li>
        <li>circumstance_phrase->while smiling with dominance</li>
        <li>circumstance_phrase->with tears in [warden_possessive] eyes</li>
        <li>circumstance_phrase->with a look of utter indifference</li>
        <li>circumstance_phrase->while inflicting unnecessary pain</li>
        <li>circumstance_phrase->while thinking of something else</li>
        <li>circumstance_phrase->for the greater good</li>
        <li>desc_sentence->[warden_nameShortDef] is sweating profusely.</li>
        <li>desc_sentence->[warden_nameShortDef] is drooling a little bit.</li>
        <li>desc_sentence->[warden_nameShortDef] has blood smeared on [warden_possessive] face.</li>
        <li>desc_sentence->[prisoner_nameShortDef] is shaking and writhing.</li>
        <li>desc_sentence->[prisoner_nameShortDef] seems to have given up entirely.</li>
        <li>desc_sentence->[prisoner_nameShortDef] has closed [prisoner_possessive] eyes, seeming to pray to a higher power.</li>
        <li>desc_sentence->[prisoner_nameShortDef] looks defiant.</li>
      </rulesStrings>
    </rulePack>
  </TaleDef>

  <TaleDef>
    <defName>KidnappedColonist</defName>
    <label>colonist kidnapped</label>
    <taleClass>Tale_DoublePawn</taleClass>
    <type>Volatile</type>
    <firstPawnSymbol>kidnapper</firstPawnSymbol>
    <secondPawnSymbol>victim</secondPawnSymbol>
    <baseInterest>4</baseInterest>
    <rulePack>
      <rulesStrings>
        <li>tale_noun->the kidnapping of [victim_nameShortDef]</li>
        <li>image->[kidnapper_nameFull] carrying [victim_nameFull] away to [kidnapper_factionName] [circumstance_group]</li>
        <li>image->[kidnapper_nameFull] of [kidnapper_factionName] kidnapping [victim_nameFull] [circumstance_group]</li>
        <li>image->[kidnapper_nameFull] kidnapping [victim_nameFull] [circumstance_group]</li>
        <li>circumstance_phrase->as [victim_pronoun] twists in pain</li>
        <li>circumstance_phrase->with professional efficiency</li>
        <li>circumstance_phrase->roughly and amateurishly</li>
        <li>circumstance_phrase->with obviously excessive force</li>
        <li>circumstance_phrase->with obvious pleasure</li>
        <li>circumstance_phrase->while smiling with dominance</li>
        <li>circumstance_phrase->while covered in blood and filth</li>
        <li>desc_sentence->[victim_nameShortDef] seems to have given up entirely.</li>
        <li>desc_sentence->[victim_nameShortDef] has closed [victim_possessive] eyes, seeming to pray to a higher power.</li>
        <li>desc_sentence->[victim_nameShortDef] looks defiant.</li>
        <li>desc_sentence->[victim_nameShortDef] is screaming with rage and terror.</li>
        <li>desc_sentence->[victim_nameShortDef] looks broken and exhausted.</li>
        <li>desc_sentence->[victim_nameShortDef] appears to be badly wounded.</li>
      </rulesStrings>
    </rulePack>
  </TaleDef>
  
  <TaleDef>
    <defName>TamedAnimal</defName>
    <label>animal tamed</label>
    <taleClass>Tale_DoublePawn</taleClass>
    <type>Volatile</type>
    <firstPawnSymbol>human</firstPawnSymbol>
    <secondPawnSymbol>animal</secondPawnSymbol>
    <baseInterest>3</baseInterest>
    <rulePack>
      <rulesStrings>
        <li>tale_noun->[human_nameShortDef]'s taming of [animal_nameShortDef]</li>
        <li>image->[human_nameFull] taming [animal_nameFull] [circumstance_group]</li>
        <li>image->[human_nameFull] offering a morsel of food to [animal_nameFull] [circumstance_group]</li>
        <li>image->[human_nameFull] whispering to a skittish [animal_nameFull] [circumstance_group]</li>
        <li>image->[human_nameFull] calming a wild [animal_nameFull] [circumstance_group]</li>
        <li>circumstance_phrase->with great care and caution</li>
        <li>circumstance_phrase->with a smile</li>
        <li>circumstance_phrase->while exhausted but happy</li>
        <li>desc_sentence->[animal_nameShortDef] is snarling aggressively.</li>
        <li>desc_sentence->[animal_nameShortDef] looks sleepy and drunk with love.</li>
        <li>desc_sentence->[animal_nameShortDef] appears to be in some sort of hypnotic state.</li>
        <li>desc_sentence->[animal_nameShortDef] looks scared but interested.</li>
        <li>desc_sentence->[animal_nameShortDef] appears fascinated.</li>
        <li>desc_sentence->[human_nameShortDef] is projecting a powerful sense of love towards [animal_nameShortDef].</li>
      </rulesStrings>
    </rulePack>
  </TaleDef>


  <TaleDef>
    <defName>KilledBy</defName>
    <label>death</label>
    <taleClass>Tale_DoublePawnKilledBy</taleClass>
    <type>Volatile</type>
    <firstPawnSymbol>victim</firstPawnSymbol>
    <secondPawnSymbol>killer</secondPawnSymbol>
    <baseInterest>4</baseInterest>
    <rulePack>
      <rulesStrings>
        <!-- note that killer may not be filled in, so this has to be resolvable without any killer_ symbols -->
        <li>tale_noun->[killer_nameShortDef] killing [victim_nameShortDef]</li>
        <li>tale_noun->[victim_nameShortDef]'s killing by [killer_nameShortDef]</li>
        <li>tale_noun->the killing of [victim_nameShortDef] by [killer_nameShortDef]</li>
        <li>tale_noun->the killing of [victim_nameShortDef]</li>
        <li>image->[victim_nameFull] being killed by [killer_nameFull] [circumstance_group]</li>
        <li>image->[killer_nameFull] killing [victim_nameFull] [circumstance_group]</li>
        <li>image->[killer_nameFull] ending [victim_nameFull]'s life [circumstance_group]</li>
        <li>image->[killer_nameFull] brutally murdering [victim_nameFull] [circumstance_group]</li>
        <li>image->[victim_nameFull] being killed [circumstance_group]</li>
        <li>circumstance_phrase->seemingly without remorse</li>
        <li>circumstance_phrase->with cold efficiency</li>
        <li>circumstance_phrase->with passionate rage</li>
        <li>circumstance_phrase->with quick, efficient movements</li>
        <li>circumstance_phrase->without emotion or expression</li>
        <li>circumstance_phrase->out of bleak necessity</li>
        <li>circumstance_phrase->in a cowardly, halfhearted way</li>
        <li>desc_sentence->The sun is setting behind them in a symbolic echo of the event.</li>
        <li>desc_sentence->[quantity_adjphrase] [animal]s look on.</li>
        <li>desc_sentence->A [outlander] watches silently [side_position].</li>
        <li>desc_sentence->Blood is pooling around [victim_nameShortDef]'s body.</li>
        <li>desc_sentence->[victim_nameShortDef]'s eyes are rendered in a realistically lifeless fashion.</li>
        <li>desc_sentence->[killer_nameShortDef] is baring [killer_possessive] teeth.</li>
        <li>desc_sentence->[killer_nameShortDef] seems satisfied.</li>
        <li>desc_sentence->[killer_nameShortDef] looks distressed at what [killer_pronoun] is doing.</li>
        <li>desc_sentence->[killer_nameShortDef] looks pleased with the situation.</li>
        <li>desc_sentence->[killer_nameShortDef] looks triumphant.</li>
      </rulesStrings>
    </rulePack>
  </TaleDef>

  <TaleDef>
    <defName>SoldPrisoner</defName>
    <label>prisoner sold</label>
    <taleClass>Tale_DoublePawnAndTrader</taleClass>
    <type>Expirable</type>
    <firstPawnSymbol>seller</firstPawnSymbol>
    <secondPawnSymbol>prisoner</secondPawnSymbol>
    <baseInterest>3</baseInterest>
    <maxPerPawn>1</maxPerPawn>
    <expireDays>30</expireDays>
    <rulePack>
      <rulesStrings>
        <li>tale_noun->the selling of [prisoner_nameShortDef] to a trader</li>
        <li>image->[trader_nameFull] buying [prisoner_nameFull] from [seller_nameFull] [circumstance_group]</li>
        <li>image->[seller_nameFull] selling [prisoner_nameFull] to [trader_nameFull] [circumstance_group]</li>
        <li>circumstance_phrase->as the other colonists look on in disapproval</li>
        <li>circumstance_phrase->while [seller_nameShortDef] counts [trader_possessive] money</li>
        <li>circumstance_phrase->while [prisoner_nameShortDef] moans plaintively</li>
        <li>circumstance_phrase->to [prisoner_nameShortDef]'s chagrin</li>
        <li>desc_sentence->[trader_nameShortDef] is smiling devilishly.</li>
        <li>desc_sentence->[seller_nameShortDef] is laughing maniacally.</li>
        <li>desc_sentence->[seller_nameShortDef] reluctantly hands [prisoner_nameShortDef] over to the trader.</li>
        <li>desc_sentence->[prisoner_nameShortDef] stares defiantly at [prisoner_possessive] new master.</li>
        <li>desc_sentence->[trader_nameShortDef] drags [prisoner_nameShortDef] away by [prisoner_possessive] chains.</li>
        <li>desc_sentence->[prisoner_nameShortDef] stares at [seller_nameShortDef], plotting [prisoner_possessive] revenge.</li>
        <li>desc_sentence->[prisoner_nameShortDef] is crying.</li>
        <li>desc_sentence->[prisoner_nameShortDef] is spitting in [seller_nameShortDef]'s face.</li>
        <li>desc_sentence->[Prisoner_nameShortDef] is melting into the ground.</li>
        <li>desc_sentence->[Seller_nameShortDef] is thrusting the chains of [prisoner_nameShortDef] into [trader_nameShortDef]'s hands.</li>
        <li>desc_sentence->An air of hopelessness pervades the situation.</li>
      </rulesStrings>
    </rulePack>
  </TaleDef>


  <TaleDef>
    <defName>TrainedAnimal</defName>
    <label>animal trained</label>
    <taleClass>Tale_DoublePawnAndDef</taleClass>
    <type>Volatile</type>
    <firstPawnSymbol>human</firstPawnSymbol>
    <secondPawnSymbol>animal</secondPawnSymbol>
    <defSymbol>trainable</defSymbol>
    <defType>TrainableDef</defType>
    <baseInterest>0.5</baseInterest>
    <rulePack>
      <rulesStrings>
        <li>tale_noun->the training of [animal_nameShortDef]</li>
        <li>image->[human_nameFull] [train_syn] [animal_nameFull] in [trainable_label] [circumstance_group]</li>
        <li>image->[human_nameFull] teaching [trainable_label] to [animal_nameFull] [circumstance_group]</li>
        <li>image->[human_nameFull] practicing [trainable_label] with [animal_nameFull] [circumstance_group]</li>
        <li>train_syn->training</li>
        <li>train_syn->drilling</li>
        <li>train_syn->coaching</li>
        <li>train_syn->indoctrinating</li>
        <li>train_syn->educating</li>
        <li>circumstance_phrase->as others look on</li>
        <li>circumstance_phrase->as wild [animal]s look on in disgust</li>
        <li>circumstance_phrase->as [animal_nameShortDef] thinks of the simpler days when [animal_pronoun] was a feral beast</li>
        <li>circumstance_phrase->as [human_nameShortDef] thinks of what's for lunch</li>
        <li>circumstance_phrase->as the other colonists do actual work</li>
        <li>desc_sentence->[human_nameShortDef] is showing pleasure.</li>
        <li>desc_sentence->[human_nameShortDef] is smiling.</li>
        <li>desc_sentence->[human_nameShortDef] looks bored.</li>
        <li>desc_sentence->[human_nameShortDef] is threateningly brandishing [human_possessive] fist.</li>
        <li>desc_sentence->[human_nameShortDef] is wrinkling [human_possessive] brow in concentration.</li>
        <li>desc_sentence->[animal_nameShortDef] looks puzzled.</li>
        <li>desc_sentence->[animal_nameShortDef] has a weapon in [animal_possessive] mouth.</li>
        <li>desc_sentence->[animal_nameShortDef] is emitting effortful grunts.</li>
        <li>desc_sentence->[human_nameShortDef] is shaking [human_possessive] head is frustration.</li>
        <li>desc_sentence->[animal_nameShortDef] is trembling in fear.</li>
        <li>desc_sentence->[animal_nameShortDef] appears to be morphing into a [vegetable].</li>
        <li>desc_sentence->[animal_nameShortDef] is represented as a pile of power tools.</li>
        <li>desc_sentence->[animal_nameShortDef] is half [color] and half [color].</li>
        <li>desc_sentence->[animal_nameShortDef] is covered in scales.</li>
        <li>desc_sentence->[human_nameShortDef] is depicted with [quantity] arms.</li>
        <li>desc_sentence->[human_nameShortDef] is morphing into [animal_ShortDefinite].</li>
      </rulesStrings>
    </rulePack>
  </TaleDef>

  <TaleDef>
    <defName>KilledColonist</defName>
    <label>colonist killed</label>
    <taleClass>Tale_DoublePawn</taleClass>
    <type>Expirable</type>
    <firstPawnSymbol>killer</firstPawnSymbol>
    <secondPawnSymbol>colonist</secondPawnSymbol>
    <usableForArt>false</usableForArt>
    <maxPerPawn>1</maxPerPawn>
    <expireDays>50</expireDays>
  </TaleDef>

  <TaleDef>
    <defName>KilledColonyAnimal</defName>
    <label>colony animal killed</label>
    <taleClass>Tale_DoublePawn</taleClass>
    <type>Expirable</type>
    <firstPawnSymbol>killer</firstPawnSymbol>
    <secondPawnSymbol>animal</secondPawnSymbol>
    <usableForArt>false</usableForArt>
    <maxPerPawn>1</maxPerPawn>
    <expireDays>25</expireDays>
  </TaleDef>

  <TaleDef>
    <defName>KilledMajorColonyEnemy</defName>
    <label>major enemy killed</label>
    <taleClass>Tale_DoublePawn</taleClass>
    <type>Expirable</type>
    <firstPawnSymbol>killer</firstPawnSymbol>
    <secondPawnSymbol>enemy</secondPawnSymbol>
    <usableForArt>false</usableForArt>
    <maxPerPawn>1</maxPerPawn>
    <expireDays>10</expireDays>
  </TaleDef>
  
  <TaleDef>
    <defName>TradedWith</defName>
    <label>traded with someone</label>
    <taleClass>Tale_DoublePawn</taleClass>
    <type>Volatile</type>
    <firstPawnSymbol>buyer</firstPawnSymbol>
    <secondPawnSymbol>seller</secondPawnSymbol>
    <baseInterest>1</baseInterest>
    <rulePack>
      <rulesStrings>
        <li>tale_noun->a trade between [seller_nameFull] and [buyer_nameFull]</li>
        <li>image->[buyer_nameFull] buying goods from [seller_nameFull] [circumstance_group]</li>
        <li>image->[seller_nameFull] selling goods to [buyer_nameFull] [circumstance_group]</li>
        <li>circumstance_phrase->with greedy intent</li>
        <li>circumstance_phrase->while [seller_nameShortDef] smirks at [buyer_shortNameDef]</li>
        <li>desc_sentence->[buyer_nameShortDef] is examining [seller_nameShortDef]'s wares.</li>
        <li>desc_sentence->[seller_nameShortDef] considers an item.</li>
        <li>desc_sentence->[seller_nameShortDef] starts haggling.</li>
        <li>desc_sentence->[buyer_nameShortDef] argues with [seller_nameShortDef].</li>
        <li>desc_sentence->[seller_nameShortDef] and [buyer_nameShortDef] agree on a price.</li>
        <li>desc_sentence->[buyer_nameShortDef] pays for the item.</li>
        <li>desc_sentence->[seller_nameShortDef] is counting [seller_possessive] money.</li>
        <li>desc_sentence->[buyer_nameShortDef] is taking [buyer_possessive] goods.</li>
      </rulesStrings>
    </rulePack>
  </TaleDef>  

</Defs>
