﻿<?xml version="1.0" encoding="utf-8" ?>
<Defs>
  
  <TaleDef>
    <defName>BondedWithAnimal</defName>
    <label>bond developed</label>
    <taleClass>Tale_DoublePawn</taleClass>
    <type>Volatile</type>
    <firstPawnSymbol>human</firstPawnSymbol>
    <secondPawnSymbol>animal</secondPawnSymbol>
    <baseInterest>6</baseInterest>
    <rulePack>
      <rulesStrings>
        <li>tale_noun->[human_nameShortDef]'s bonding with [animal_nameShortDef]</li>
        <li>image->[human_nameFull] bonding with [animal_nameFull] [circumstance_group]</li>
        <li>image->[human_nameFull] forming a deep bond with [animal_nameFull] [circumstance_group]</li>
        <li>image->[human_nameFull] realizing [human_possessive] truly loves [animal_nameFull] [circumstance_group]</li>
        <li>circumstance_phrase->while other animals look on</li>
        <li>circumstance_phrase->while looking into [animal_nameShortDef]'s eyes</li>
        <li>circumstance_phrase->with a sense of satisfaction</li>
        <li>desc_sentence->[animal_nameShortDef] is snuggling up against [human_nameShortDef].</li>
        <li>desc_sentence->[animal_nameShortDef] looks sleepy and drunk with love.</li>
        <li>desc_sentence->[animal_nameShortDef] stands tall and looks noble.</li>
        <li>desc_sentence->[animal_nameShortDef] is responding positively.</li>
      </rulesStrings>
    </rulePack>
  </TaleDef>

  <TaleDef>
    <defName>BecameLover</defName>
    <label>became lover</label>
    <taleClass>Tale_DoublePawn</taleClass>
    <type>Volatile</type>
    <baseInterest>10</baseInterest>
    <rulePack>
      <rulesStrings>
        <li>tale_noun->[firstPawn_nameShortDef] and [secondPawn_nameShortDef] becoming lovers</li>
        <li>image->[firstPawn_nameFull] whispering sweet nothings into [secondPawn_nameFull]'s ear [circumstance_group]</li>
        <li>image->[firstPawn_nameFull] leading [secondPawn_nameFull] by the hand into bed [circumstance_group]</li>
        <li>image->[firstPawn_nameFull] gambolling in bed with [secondPawn_nameFull] [circumstance_group]</li>
        <li>image->[firstPawn_nameFull] deeply kissing [secondPawn_nameFull] [circumstance_group]</li>
        <li>circumstance_phrase->in an unrealistically large bed</li>
        <li>circumstance_phrase->between the sheets</li>
        <li>circumstance_phrase->with few clothes in sight</li>
        <li>circumstance_phrase->while both are drenched in sweat</li>
        <li>desc_sentence->[firstPawn_nameShortDef] is snuggling up against [secondPawn_nameShortDef].</li>
        <li>desc_sentence->[firstPawn_nameShortDef] is locking eyes with [secondPawn_nameShortDef].</li>
        <li>desc_sentence->[firstPawn_nameShortDef] is blowing air at [secondPawn_nameShortDef].</li>
        <li>desc_sentence->[firstPawn_nameShortDef] is stylistically bonded with [secondPawn_nameShortDef].</li>
        <li>desc_sentence->[firstPawn_nameShortDef] is a near-mirror image of [secondPawn_nameShortDef].</li>
        <li>desc_sentence->[firstPawn_nameShortDef] is touching [secondPawn_nameShortDef] aggressively.</li>
      </rulesStrings>
    </rulePack>
  </TaleDef>

  <TaleDef>
    <defName>Breakup</defName>
    <label>breakup</label>
    <taleClass>Tale_DoublePawn</taleClass>
    <type>Volatile</type>
    <baseInterest>10</baseInterest>
    <rulePack>
      <rulesStrings>
        <li>tale_noun->the breakup of [firstPawn_nameShortDef] and [secondPawn_nameShortDef]</li>
        <li>image->[firstPawn_nameFull] sitting [secondPawn_nameFull] down for an unpleasant talk [circumstance_group]</li>
        <li>image->[firstPawn_nameFull] standing at a distance from [secondPawn_nameFull] [circumstance_group]</li>
        <li>image->[firstPawn_nameFull] pushing [secondPawn_nameFull] out of bed [circumstance_group]</li>
        <li>image->[firstPawn_nameFull] rejecting a hug from [secondPawn_nameFull] [circumstance_group]</li>
        <li>circumstance_phrase->in a moment of great sadness</li>
        <li>circumstance_phrase->as others look away awkwardly</li>
        <li>circumstance_phrase->as others look on</li>
        <li>desc_sentence->[secondPawn_nameShortDef] is sobbing uncontrollably.</li>
        <li>desc_sentence->[secondPawn_nameShortDef] is sneering and crying at the same time.</li>
        <li>desc_sentence->[secondPawn_nameShortDef] is stony-faced with shock.</li>
        <li>desc_sentence->[firstPawn_nameShortDef] is stylistically separated from [secondPawn_nameShortDef].</li>
        <li>desc_sentence->[secondPawn_nameShortDef] has collapsed on the floor in a quivering heap.</li>
        <li>desc_sentence->[secondPawn_nameShortDef] is gesticulating angrily at [firstPawn_nameShortDef].</li>
      </rulesStrings>
    </rulePack>
  </TaleDef>

  <TaleDef>
    <defName>Marriage</defName>
    <label>marriage</label>
    <taleClass>Tale_DoublePawn</taleClass>
    <type>PermanentHistorical</type>
    <baseInterest>16</baseInterest>
    <historyGraphColor>(1,1,1)</historyGraphColor>
    <rulePack>
      <rulesStrings>
        <li>tale_noun->the marriage of [firstPawn_nameShortDef] and [secondPawn_nameShortDef]</li>
        <li>image->[firstPawn_nameFull] marrying [secondPawn_nameFull] [circumstance_group]</li>
        <li>image->[firstPawn_nameFull] saying [firstPawn_possessive] marriage vows to [secondPawn_nameFull] [circumstance_group]</li>
        <li>image->[firstPawn_nameFull] walking down the aisle with [secondPawn_nameFull] [circumstance_group]</li>
        <li>image->[firstPawn_nameFull] holding hands [secondPawn_nameFull] during a marriage ceremony [circumstance_group]</li>
        <li>circumstance_phrase->in a dignified ceremony</li>
        <li>circumstance_phrase->while both laugh gaily</li>
        <li>circumstance_phrase->while others look on solemnly</li>
        <li>desc_sentence->[firstPawn_nameShortDef] is snuggling up against [secondPawn_nameShortDef].</li>
        <li>desc_sentence->[firstPawn_nameShortDef] is locking eyes with [secondPawn_nameShortDef].</li>
        <li>desc_sentence->[firstPawn_nameShortDef] is blowing air at [secondPawn_nameShortDef].</li>
        <li>desc_sentence->[firstPawn_nameShortDef] is stylistically bonded with [secondPawn_nameShortDef].</li>
        <li>desc_sentence->[firstPawn_nameShortDef] is a near-mirror image of [secondPawn_nameShortDef].</li>
        <li>desc_sentence->[firstPawn_nameShortDef] is touching [secondPawn_nameShortDef] aggressively.</li>
      </rulesStrings>
    </rulePack>
  </TaleDef>

</Defs>
