﻿<?xml version="1.0" encoding="utf-8" ?>
<Defs>

  <TaleDef>
    <defName>MinedValuable</defName>
    <label>mined valuable</label>
    <taleClass>Tale_SinglePawnAndDef</taleClass>
    <type>Volatile</type>
    <defSymbol>material</defSymbol>
    <baseInterest>1</baseInterest>
    <rulePack>
      <rulesStrings>
        <li>tale_noun->[pawn_nameShortDef] mining a rich vein of [material_label]</li>
        <li>image->[pawn_nameFull] working a [material_label] wall with mining tools, [circumstance_group]</li>
        <li>image->[pawn_nameFull] holding up a chunk of [material_label], [circumstance_group]</li>
        <li>image->[pawn_nameFull] resting against a wall of [material_label], [circumstance_group]</li>
        <li>image->[pawn_nameFull] coordinating an excavation team against a rich vein of [material_label], [circumstance_group]</li>
        <li>image->[pawn_nameFull] carefully inspecting a rich vein of [material_label], [circumstance_group]</li>
        <li>circumstance_phrase->sweating heavily</li>
        <li>circumstance_phrase->wearing a [friendlyadjective] expression</li>
        <li>circumstance_phrase->wearing a [friendlyadjective] expression</li>
        <li>circumstance_phrase->smiling proudly</li>
        <li>circumstance_phrase->a satisfied expression on [pawn_possessive] face</li>
        <li>desc_sentence->[quantity_adjphrase] [ally]s assist.</li>
        <li>desc_sentence->[quantity_adjphrase] [animal]s wander the area.</li>
        <li>desc_sentence->There is a [community] in the background.</li>
        <li>desc_sentence->[quantity_adjphrase] further veins are visible in the distance.</li>
        <li>desc_sentence->A [terrainfeature] is visible in the distance.</li>
        <li>desc_sentence->[pawn_nameShortDef] is sweaty and dirty from work.</li>
      </rulesStrings>
    </rulePack>
  </TaleDef>

  <TaleDef>
    <defName>CompletedLongConstructionProject</defName>
    <label>completed long construction project</label>
    <taleClass>Tale_SinglePawnAndDef</taleClass>
    <type>Volatile</type>
    <defSymbol>object</defSymbol>
    <baseInterest>5</baseInterest>
    <rulePack>
      <rulesStrings>
        <li>tale_noun->[pawn_nameShortDef] finishing construction on a [object_label]</li>
        <li>image->[pawn_nameFull] assembling a complicated appartus inside a [object_label] [circumstance_group]</li>
        <li>image->[pawn_nameFull] polishing the surface of a [object_label] [circumstance_group]</li>
        <li>image->[pawn_nameFull] adding surface detail to a [object_label] [circumstance_group]</li>
        <li>image->[pawn_nameFull] inscribing their name on a [object_label] [circumstance_group]</li>
        <li>circumstance_phrase->with a gleam in [pawn_possessive] eye</li>
        <li>circumstance_phrase->while wiping the sweat from [pawn_possessive] forehead</li>
        <li>circumstance_phrase->while covered in grime</li>
        <li>circumstance_phrase->while smiling proudly</li>
        <li>circumstance_phrase->with a satisfied expression on [pawn_possessive] face</li>
        <li>desc_sentence->The [object_label] appears to tower above [pawn_nameShortDef].</li>
        <li>desc_sentence->The [object_label] glows a soft [color].</li>
        <li>desc_sentence->The [object_label] is intricately detailed.</li>
        <li>desc_sentence->[quantity_adjphrase] [outlander]s marvel at the [object_label].</li>
        <li>desc_sentence->[quantity_adjphrase] [outlander]s gaze in awe.</li>
      </rulesStrings>
    </rulePack>
  </TaleDef>

  <TaleDef>
    <defName>CompletedLongCraftingProject</defName>
    <label>completed long crafting project</label>
    <taleClass>Tale_SinglePawnAndDef</taleClass>
    <type>Volatile</type>
    <defSymbol>object</defSymbol>
    <baseInterest>5</baseInterest>
    <rulePack>
      <rulesStrings>
        <li>tale_noun->[pawn_nameShortDef] finishing construction on a [object_label]</li>
        <li>image->[pawn_nameFull] assembling a complicated appartus inside a [object_label] [circumstance_group]</li>
        <li>image->[pawn_nameFull] polishing the surface of a [object_label] [circumstance_group]</li>
        <li>image->[pawn_nameFull] adding surface detail to a [object_label] [circumstance_group]</li>
        <li>image->[pawn_nameFull] inscribing their name on a [object_label] [circumstance_group]</li>
        <li>circumstance_phrase->with a gleam in [pawn_possessive] eye</li>
        <li>circumstance_phrase->while wiping the sweat from [pawn_possessive] forehead</li>
        <li>circumstance_phrase->while covered in grime</li>
        <li>circumstance_phrase->while smiling proudly</li>
        <li>circumstance_phrase->with a satisfied expression on [pawn_possessive] face</li>
        <li>desc_sentence->The [object_label] glows a soft [color].</li>
        <li>desc_sentence->The [object_label] is intricately detailed.</li>
        <li>desc_sentence->[pawn_nameShortDef] lifts the [object_label] seemingly without effort.</li>
        <li>desc_sentence->[quantity_adjphrase] [outlander]s marvel at the device.</li>
        <li>desc_sentence->[quantity_adjphrase] [outlander]s gaze in awe.</li>
      </rulesStrings>
    </rulePack>
  </TaleDef>

  <TaleDef>
    <defName>AttendedParty</defName>
    <label>attended party</label>
    <taleClass>Tale_DoublePawn</taleClass>
    <type>Volatile</type>
    <firstPawnSymbol>attender</firstPawnSymbol>
    <secondPawnSymbol>organizer</secondPawnSymbol>
    <baseInterest>1</baseInterest>
    <rulePack>
      <rulesStrings>
        <li>tale_noun->[attender_nameShortDef] attending [organizer_nameShortDef]'s party</li>
        <li>tale_noun->[attender_nameShortDef] relaxing with [organizer_nameShortDef] at a party</li>
        <li>image->[attender_nameFull] having a conversation with [organizer_nameFull] [circumstance_group]</li>
        <li>image->[attender_nameFull] getting a drink from [organizer_nameFull] [circumstance_group]</li>
        <li>image->[attender_nameFull] chatting with [organizer_nameFull] [circumstance_group]</li>
        <li>image->[organizer_nameFull] welcoming [attender_nameFull] [circumstance_group]</li>
        <li>image->[organizer_nameFull] introducing [attender_nameFull] to a friend [circumstance_group]</li>
        <li>circumstance_phrase->with a broad grin</li>
        <li>circumstance_phrase->with a laugh</li>
        <li>circumstance_phrase->with a [friendlyverb] smile</li>
        <li>circumstance_phrase->while laughing uproariously</li>
        <li>circumstance_phrase->while [friendlyadjective]</li>
        <li>desc_sentence->[quantity_adjphrase] [outlander]s are involved in the conversation.</li>
        <li>desc_sentence->The area is decorated with [color] and [color].</li>
        <li>desc_sentence->[quantity_adjphrase] [animal]s play nearby.</li>
      </rulesStrings>
    </rulePack>
  </TaleDef>

  <TaleDef>
    <defName>Meditated</defName>
    <label>meditated</label>
    <taleClass>Tale_SinglePawn</taleClass>
    <type>Volatile</type>
    <baseInterest>1</baseInterest>
    <rulePack>
      <rulesStrings>
        <li>tale_noun->[pawn_nameShortDef] meditating</li>
        <li>image->[pawn_nameFull] sitting under a [tree] tree, [circumstance_group]</li>
        <li>image->[pawn_nameFull] sitting quietly, [circumstance_group]</li>
        <li>image->[pawn_nameFull] gazing into the distance and [circumstance_group]</li>
        <li>image->[pawn_nameFull] closing [pawn_possessive] eyes and [circumstance_group]</li>
        <li>circumstance_phrase->radiating serenity</li>
        <li>circumstance_phrase->with a tranquil smile</li>
        <li>circumstance_phrase->with a [friendlyverb] smile</li>
        <li>circumstance_phrase->glowing softly</li>
        <li>circumstance_phrase->surrounded by a [color] aura</li>
        <li>desc_sentence->[quantity_adjphrase] [outlander]s gaze upon [pawn_pronoun].</li>
        <li>desc_sentence->[pawn_pronoun] is surrounded by [quantity_adjphrase] [animal]s.</li>
        <li>desc_sentence->[quantity_adjphrase] [animal]s rest peacefully.</li>
        <li>desc_sentence->[quantity_adjphrase] [enemy]s are awestruck by the scene.</li>
      </rulesStrings>
    </rulePack>
  </TaleDef>

  <TaleDef>
    <defName>Prayed</defName>
    <label>prayed</label>
    <taleClass>Tale_SinglePawn</taleClass>
    <type>Volatile</type>
    <baseInterest>1</baseInterest>
    <rulePack>
      <rulesStrings>
        <li>tale_noun->[pawn_nameShortDef] praying</li>
        <li>tale_noun->[pawn_nameShortDef] praying to a higher power</li>
        <li>image->[pawn_nameFull] gazing into the distance and [circumstance_group]</li>
        <li>image->[pawn_nameFull] closing [pawn_possessive] eyes and [circumstance_group]</li>
        <li>image->[pawn_nameFull] clasping [pawn_possessive] hands and [circumstance_group]</li>
        <li>image->[pawn_nameFull] looking into the sky and [circumstance_group]</li>
        <li>circumstance_phrase->radiating serenity</li>
        <li>circumstance_phrase->whispering softly</li>
        <li>circumstance_phrase->wearing a hopeful expression</li>
        <li>circumstance_phrase->glowing softly</li>
        <li>circumstance_phrase->surrounded by a [color] aura</li>
        <li>desc_sentence->[quantity_adjphrase] [outlander]s gaze upon [pawn_pronoun].</li>
        <li>desc_sentence->[pawn_pronoun] is surrounded by [quantity_adjphrase] [animal]s.</li>
        <li>desc_sentence->[quantity_adjphrase] [animal]s rest peacefully.</li>
        <li>desc_sentence->[quantity_adjphrase] [enemy]s are awestruck by the scene.</li>
      </rulesStrings>
    </rulePack>
  </TaleDef>

  <TaleDef>
    <defName>BuiltSnowman</defName>
    <label>built snowman</label>
    <taleClass>Tale_SinglePawn</taleClass>
    <type>Volatile</type>
    <baseInterest>1</baseInterest>
    <rulePack>
      <rulesStrings>
        <li>tale_noun->[pawn_nameShortDef] building a snowman</li>
        <li>tale_noun->[pawn_nameShortDef] playing in the snow</li>
        <li>image->[pawn_nameFull] forming a snowball [circumstance_group]</li>
        <li>image->[pawn_nameFull] rolling a giant ball of snow on the ground [circumstance_group]</li>
        <li>image->[pawn_nameFull] arranging [vegetable]s into a rough human face [circumstance_group]</li>
        <li>image->[pawn_nameFull] lying down in the snow [circumstance_group]</li>
        <li>circumstance_phrase->while enveloped in [quantity_adjphrase] parkas</li>
        <li>circumstance_phrase->while obscured in a light snowstorm</li>
        <li>circumstance_phrase->while [pawn_possessive] friends build a fort</li>
        <li>circumstance_phrase->while [pawn_possessive] friends build a snowman family</li>
        <li>desc_sentence->A [color] aurora shines in the background.</li>
        <li>desc_sentence->In the distance, a [community] is covered with snow.</li>
        <li>desc_sentence->A field of [vegetable]s is barely visible through the snow.</li>
        <li>desc_sentence->A snow-covered [terrainfeature] can be seen far away.</li>
      </rulesStrings>
    </rulePack>
  </TaleDef>

  <TaleDef>
    <defName>VisitedGrave</defName>
    <label>visited grave</label>
    <taleClass>Tale_DoublePawn</taleClass>
    <type>Volatile</type>
    <firstPawnSymbol>pawn</firstPawnSymbol>
    <secondPawnSymbol>corpse</secondPawnSymbol>
    <baseInterest>1</baseInterest>
    <rulePack>
      <rulesStrings>
        <li>tale_noun->[pawn_nameShortDef] visiting the grave of [corpse_nameShortDef]</li>
        <li>tale_noun->[pawn_nameShortDef] visiting [corpse_nameShortDef]'s grave</li>
        <li>image->[pawn_nameFull] standing next to [corpse_nameFull]'s grave [circumstance_group]</li>
        <li>image->[pawn_nameFull] sitting next to [corpse_nameFull]'s grave [circumstance_group]</li>
        <li>image->[pawn_nameFull] leaning against [corpse_nameFull]'s grave [circumstance_group]</li>
        <li>image->[pawn_nameFull] reading the text on [corpse_nameFull]'s grave [circumstance_group]</li>
        <li>image->[pawn_nameFull] looking at the art on [corpse_nameFull]'s grave [circumstance_group]</li>
        <li>circumstance_phrase->with a [angstyadjective] expression</li>
        <li>circumstance_phrase->and consumed in thought</li>
        <li>circumstance_phrase->while gazing at a faraway [terrainfeature]</li>
        <li>circumstance_phrase->and talking quietly to the memorial</li>
        <li>desc_sentence->A [color] aurora shines in the background.</li>
        <li>desc_sentence->In the distance, a [community] is covered with snow.</li>
        <li>desc_sentence->A spectral image of [corpse_nameShortDef] looks over the scene with a [friendlyadjective] expression.</li>
        <li>desc_sentence->A spectral image of [corpse_nameShortDef] stands next to [pawn_nameShortDef], wearing a [friendlyadjective] expression.</li>
        <li>desc_sentence->A spectral image of [corpse_nameShortDef] looks over the scene with a [angstyadjective] expression.</li>
        <li>desc_sentence->A spectral image of [corpse_nameShortDef] stands next to [pawn_nameShortDef], wearing a [angstyadjective] expression.</li>
        <li>desc_sentence->[quantity_adjphrase] [animal]s rest near the scene.</li>
      </rulesStrings>
    </rulePack>
  </TaleDef>

  <TaleDef>
    <defName>PlayedGame</defName>
    <label>played game</label>
    <taleClass>Tale_SinglePawnAndDef</taleClass>
    <type>Volatile</type>
    <defSymbol>object</defSymbol>
    <baseInterest>0.5</baseInterest>
    <rulePack>
      <rulesStrings>
        <li>tale_noun->[pawn_nameShortDef] relaxing at a [object_label]</li>
        <li>tale_noun->[pawn_nameShortDef] playing games at a [object_label]</li>
        <li>image->[pawn_nameFull] waiting in a chair, [circumstance_group]</li>
        <li>image->[pawn_nameFull] poised over the [object_label], [circumstance_group]</li>
        <li>image->[pawn_nameFull] sitting next to the [object_label], [circumstance_group]</li>
        <li>image->[pawn_nameFull] winning at a [object_label], [circumstance_group]</li>
        <li>image->[pawn_nameFull] losing at a [object_label], [circumstance_group]</li>
        <li>circumstance_phrase->tense with energy</li>
        <li>circumstance_phrase->[pawn_possessive] body loose and relaxed</li>
        <li>circumstance_phrase->planning [pawn_possessive] next action</li>
        <li>circumstance_phrase->gently massaging [pawn_possessive] wrists</li>
        <li>circumstance_phrase->[angstyverb] with a [angstyadjective] expression</li>
        <li>circumstance_phrase->wearing a [angstyadjective] look</li>
        <li>circumstance_phrase->[angstyverb]</li>
        <li>desc_sentence->A [color] aurora shines in the background.</li>
        <li>desc_sentence->In the distance, a [community] is visible.</li>
        <li>desc_sentence->In the distance, a [terrainfeature] is visible.</li>
        <li>desc_sentence->[quantity_adjphrase] [outlander]s are playing as well.</li>
        <li>desc_sentence->[quantity_adjphrase] [animal]s play nearby.</li>
        <li>desc_sentence->[pawn_nameShortDef] is glowing with a [color] aura.</li>
        <li>desc_sentence->[pawn_nameShortDef]'s features are exaggerated.</li>
        <li>desc_sentence->[pawn_nameShortDef] towers above the scene.</li>
        <li>desc_sentence->[quantity_adjphrase] [outlander]s are slumped in defeat.</li>
      </rulesStrings>
    </rulePack>
  </TaleDef>

  <TaleDef>
    <defName>BuriedCorpse</defName>
    <label>buried corpse</label>
    <taleClass>Tale_DoublePawn</taleClass>
    <type>Volatile</type>
    <baseInterest>2</baseInterest>
    <rulePack>
      <rulesStrings>
        <li>tale_noun->[pawn_nameShortDef] burying [corpse_nameShortDef]</li>
        <li>tale_noun->[pawn_nameShortDef] putting [corpse_nameShortDef] to rest</li>
        <li>image->[pawn_nameFull] standing next to [corpse_nameFull]'s grave [circumstance_group]</li>
        <li>image->[pawn_nameFull] sitting next to [corpse_nameFull]'s grave [circumstance_group]</li>
        <li>image->[pawn_nameFull] leaning against [corpse_nameFull]'s grave [circumstance_group]</li>
        <li>image->[pawn_nameFull] scribing text on [corpse_nameFull]'s grave [circumstance_group]</li>
        <li>image->[pawn_nameFull] drawing art on [corpse_nameFull]'s grave [circumstance_group]</li>
        <li>image->[pawn_nameFull] placing [corpse_nameFull]'s body within a grave [circumstance_group]</li>
        <li>circumstance_phrase->with a [angstyadjective] expression</li>
        <li>circumstance_phrase->and consumed in thought</li>
        <li>circumstance_phrase->while gazing at a faraway [terrainfeature]</li>
        <li>circumstance_phrase->and talking quietly to the memorial</li>
        <li>desc_sentence->A [color] aurora shines in the background.</li>
        <li>desc_sentence->In the distance, a [community] is covered with snow.</li>
        <li>desc_sentence->A spectral image of [corpse_nameShortDef] looks over the scene with a [friendlyadjective] expression.</li>
        <li>desc_sentence->A spectral image of [corpse_nameShortDef] stands next to [pawn_nameShortDef], wearing a [friendlyadjective] expression.</li>
        <li>desc_sentence->A spectral image of [corpse_nameShortDef] looks over the scene with a [angstyadjective] expression.</li>
        <li>desc_sentence->A spectral image of [corpse_nameShortDef] stands next to [pawn_nameShortDef], wearing a [angstyadjective] expression.</li>
        <li>desc_sentence->[quantity_adjphrase] [animal]s rest near the scene.</li>
      </rulesStrings>
    </rulePack>
  </TaleDef>

  <TaleDef>
    <defName>EnteredCryptosleep</defName>
    <label>entered cryptosleep</label>
    <taleClass>Tale_SinglePawn</taleClass>
    <type>Volatile</type>
    <baseInterest>5</baseInterest>
    <rulePack>
      <rulesStrings>
        <li>tale_noun->[pawn_nameShortDef] entering cryptosleep</li>
        <li>image->[pawn_nameFull] lying down inside a cryptosleep casket [circumstance_group]</li>
        <li>image->[pawn_nameFull] opening an empty cryptosleep casket [circumstance_group]</li>
        <li>image->[pawn_nameFull] sealing themselves inside a cryptosleep casket [circumstance_group]</li>
        <li>image->[pawn_nameFull] looking through the wall of a cryptosleep casket at a world they're about to leave [circumstance_group]</li>
        <li>circumstance_phrase->with a [angstyadjective] expression</li>
        <li>circumstance_phrase->while consumed in thought</li>
        <li>circumstance_phrase->while gazing at a faraway [terrainfeature]</li>
        <li>circumstance_phrase->and talking quietly to themselves</li>
        <li>desc_sentence->[quantity_adjphrase] [animal]s rest near the scene.</li>
        <li>desc_sentence->[quantity_adjphrase] [enemy]s approach the area.</li>
        <li>desc_sentence->[pawn_nameShortDef] radiates determination.</li>
        <li>desc_sentence->[pawn_nameShortDef] is visibly wounded.</li>
        <li>desc_sentence->A [color] aurora shines in the background.</li>
        <li>desc_sentence->[quantity_adjphrase] filled cryptosleep caskets surround the scene.</li>
      </rulesStrings>
    </rulePack>
  </TaleDef>

  <TaleDef>
    <defName>PutIntoCryptosleep</defName>
    <label>put into cryptosleep</label>
    <taleClass>Tale_DoublePawn</taleClass>
    <type>Volatile</type>
    <firstPawnSymbol>pawn</firstPawnSymbol>
    <secondPawnSymbol>sleeper</secondPawnSymbol>
    <baseInterest>5</baseInterest>
    <rulePack>
      <rulesStrings>
        <li>tale_noun->[pawn_nameShortDef] putting [sleeper_nameShortDef] into cryptosleep</li>
        <li>image->[pawn_nameFull] placing [sleeper_nameShortDef] inside a cryptosleep casket [circumstance_group]</li>
        <li>image->[pawn_nameFull] opening an empty cryptosleep casket while supporting [sleeper_nameShortDef] [circumstance_group]</li>
        <li>image->[pawn_nameFull] sealing [sleeper_nameShortDef] inside a cryptosleep casket [circumstance_group]</li>
        <li>image->[pawn_nameFull] walking away as [sleeper_nameShortDef] looks through the wall of a cryptosleep casket [circumstance_group]</li>
        <li>circumstance_phrase->with a [angstyadjective] expression</li>
        <li>circumstance_phrase->with a [friendlyadjective] expression</li>
        <li>circumstance_phrase->with a [badassadjective] expression</li>
        <li>circumstance_phrase->while consumed in thought</li>
        <li>circumstance_phrase->while gazing at a faraway [terrainfeature]</li>
        <li>circumstance_phrase->with visible tension between the two</li>
        <li>desc_sentence->[quantity_adjphrase] [animal]s rest near the scene.</li>
        <li>desc_sentence->[quantity_adjphrase] [enemy]s approach the area.</li>
        <li>desc_sentence->[pawn_nameShortDef] radiates determination.</li>
        <li>desc_sentence->The sky is grey and overcast.</li>
        <li>desc_sentence->[sleeper_nameShortDef] is visibly wounded.</li>
        <li>desc_sentence->[sleeper_nameShortDef] looks exhausted.</li>
        <li>desc_sentence->A [color] aurora shines in the background.</li>
        <li>desc_sentence->[quantity_adjphrase] filled cryptosleep caskets surround the scene.</li>
      </rulesStrings>
    </rulePack>
  </TaleDef>

  <TaleDef>
    <defName>Stripped</defName>
    <label>stripped</label>
    <taleClass>Tale_DoublePawn</taleClass>
    <type>Volatile</type>
    <firstPawnSymbol>stripper</firstPawnSymbol>
    <secondPawnSymbol>stripped</secondPawnSymbol>
    <baseInterest>2</baseInterest>
    <rulePack>
      <rulesStrings>
        <li>tale_noun->[stripper_nameShortDef] stripping [stripped_nameShortDef]</li>
        <li>image->[stripper_nameFull] disrobing [stripped_nameFull] in public [circumstance_group]</li>
        <li>image->[stripper_nameFull] removing the clothes of [stripped_nameFull] [circumstance_group]</li>
        <li>image->[stripper_nameFull] holding an armful of [apparel]s while standing next to [stripped_nameFull], who is completely naked [circumstance_group]</li>
        <li>image->[stripper_nameFull] waiting patiently as [stripped_nameFull] removes [stripped_possessive] clothes [circumstance_group]</li>
        <li>circumstance_phrase->with a sense of purpose</li>
        <li>circumstance_phrase->with no hint of shame</li>
        <li>circumstance_phrase->while others look on</li>
        <li>circumstance_phrase->for no apparent reason</li>
        <li>circumstance_phrase->while confused animals look on</li>
        <li>desc_sentence->[stripped_nameShortDef] is visibly aroused.</li>
        <li>desc_sentence->[stripped_nameShortDef] is covered in unexplained moisture.</li>
        <li>desc_sentence->[stripped_nameShortDef] is breathing heavily for no obvious reason.</li>
        <li>desc_sentence->[stripped_nameShortDef] is fondling a shrub.</li>
        <li>desc_sentence->[stripped_nameShortDef] wears only a [angstyadjective] expression.</li>
      </rulesStrings>
    </rulePack>
  </TaleDef>

  <TaleDef>
    <defName>GainedMasterSkillWithPassion</defName>
    <label>gained master skill with passion</label>
    <taleClass>Tale_SinglePawnAndDef</taleClass>
    <type>Volatile</type>
    <defSymbol>skill</defSymbol>
    <defType>SkillDef</defType>
    <baseInterest>5</baseInterest>
    <rulePack>
      <rulesStrings>
        <li>tale_noun->[pawn_nameShortDef] becoming a master at [skill_label]</li>
        <li>image->[pawn_nameFull] practicing [skill_label] [circumstance_group]</li>
        <li>image->[pawn_nameFull] reading a tome on [skill_label] [circumstance_group]</li>
        <li>image->[pawn_nameFull] receiving training for [skill_label] [circumstance_group]</li>
        <li>image->[pawn_nameFull] working feverishly [circumstance_group]</li>
        <li>image->[pawn_nameFull] finishing a project [circumstance_group]</li>
        <li>circumstance_phrase->with a [friendlyadjective] expression</li>
        <li>circumstance_phrase->with a joyous expression</li>
        <li>circumstance_phrase->while [friendlyverb]</li>
        <li>circumstance_phrase->with an exuberant shout</li>
        
        <li>circumstance_phrase->while covered in sweat</li>
        <li>circumstance_phrase->with visible exhaustion</li>
        
        <li>desc_sentence->The scene is surrounded by [quantity_adjphrase] failed experiments.</li>
        <li>desc_sentence->The scene is surrounded by [quantity_adjphrase] books.</li>
        <li>desc_sentence->[pawn_possessive] skill is visible in the work.</li>
        <li>desc_sentence->[quantity_adjphrase] [outlander]s watch with amazement.</li>
        <li>desc_sentence->[quantity_adjphrase] [animal]s watch with amazement.</li>
        <li>desc_sentence->[quantity_adjphrase] ethereal spirits of ancient masters watch from above.</li>
      </rulesStrings>
    </rulePack>
  </TaleDef>

  <TaleDef>
    <defName>GainedMasterSkillWithoutPassion</defName>
    <label>gained master skill</label>
    <taleClass>Tale_SinglePawnAndDef</taleClass>
    <type>Volatile</type>
    <defSymbol>skill</defSymbol>
    <defType>SkillDef</defType>
    <baseInterest>10</baseInterest>
    <rulePack>
      <rulesStrings>
        <li>tale_noun->[pawn_nameShortDef] becoming a master at [skill_label]</li>
        <li>image->[pawn_nameFull] practicing [skill_label] [circumstance_group]</li>
        <li>image->[pawn_nameFull] reading a tome on [skill_label] [circumstance_group]</li>
        <li>image->[pawn_nameFull] receiving training for [skill_label] [circumstance_group]</li>
        <li>image->[pawn_nameFull] working feverishly [circumstance_group]</li>
        <li>image->[pawn_nameFull] finishing a project [circumstance_group]</li>

        <li>circumstance_phrase->while covered in sweat</li>
        <li>circumstance_phrase->with visible exhaustion</li>

        <li>circumstance_phrase->with a [angstyadjective] expression</li>
        <li>circumstance_phrase->with a bored expression</li>
        <li>desc_sentence->The scene is surrounded by [quantity_adjphrase] failed experiments.</li>
        <li>desc_sentence->The scene is surrounded by [quantity_adjphrase] books.</li>
        <li>desc_sentence->[pawn_possessive] skill is visible in the work.</li>
        <li>desc_sentence->[quantity_adjphrase] [outlander]s watch with amazement.</li>
        <li>desc_sentence->[quantity_adjphrase] [animal]s watch with amazement.</li>
        <li>desc_sentence->[quantity_adjphrase] ethereal spirits of ancient masters watch from above.</li>
      </rulesStrings>
    </rulePack>
  </TaleDef>

  <TaleDef>
    <defName>IncreasedMenagerie</defName>
    <label>increased menagerie</label>
    <taleClass>Tale_DoublePawn</taleClass>
    <type>Volatile</type>
    <firstPawnSymbol>human</firstPawnSymbol>
    <secondPawnSymbol>animal</secondPawnSymbol>
    <baseInterest>2</baseInterest>
    <rulePack>
      <rulesStrings>
        <li>tale_noun->[human_nameShortDef] recruiting yet another animal to their growing [animalgroup]</li>
        <li>tale_noun->[human_nameShortDef] recruiting yet another animal to their growing [animalgroup]</li>
        <li>tale_noun->[human_nameShortDef] recruiting yet another animal to their growing [animalgroup]</li>
        <li>tale_noun->[human_nameShortDef] followed around by a [animalgroup]</li>
        <li>tale_noun->[human_nameShortDef]'s taming of [animal_nameShortDef]</li>
        <li>image->[human_nameFull] taming [animal_nameFull] [circumstance_group]</li>
        <li>image->[human_nameFull] offering a morsel of food to [animal_nameFull] [circumstance_group]</li>
        <li>image->[human_nameFull] whispering to a skittish [animal_nameFull] [circumstance_group]</li>
        <li>image->[human_nameFull] calming a wild [animal_nameFull] [circumstance_group]</li>
        <li>circumstance_phrase->with great care and caution</li>
        <li>circumstance_phrase->with a smile</li>
        <li>circumstance_phrase->while exhausted but happy</li>
        <li>circumstance_phrase->with a [animalgroup] in the background</li>
        <li>desc_sentence->[human_nameShortDef] is surrounded by uncountable [animal]s.</li>
        <li>desc_sentence->[animal_nameShortDef] is moving to join a [animalgroup] of its kin.</li>
        <li>desc_sentence->The scene is packed with [animal]s and [animal]s.</li>
        <li>desc_sentence->A line of uncountable [animal]s waits to be tamed by [human_nameShortDef].</li>
      </rulesStrings>
    </rulePack>
  </TaleDef>
  
</Defs>
