﻿<?xml version="1.0" encoding="utf-8" ?>
<Defs>

  <TaleDef>
    <defName>Wounded</defName>
    <label>wounded</label>
    <taleClass>Tale_DoublePawnAndDef</taleClass>
    <type>Volatile</type>
    <firstPawnSymbol>VICTIM</firstPawnSymbol>
    <secondPawnSymbol>KILLER</secondPawnSymbol>
    <defSymbol>WEAPON</defSymbol>
    <baseInterest>0.25</baseInterest>
    <rulePack>
      <rulesStrings>
        <!-- Killer and/or weapon may not be listed, make sure there's valid options -->
        <li>tale_noun->[KILLER_nameDef] [wound_name_present] [VICTIM_nameDef]</li>
        <li>tale_noun->[KILLER_nameDef] [wound_name_present] [VICTIM_nameDef] with a [WEAPON_label]</li>
        <li>tale_noun->the [wound_name_present] of [VICTIM_nameDef] by [KILLER_nameDef]</li>
        <li>tale_noun->the [wound_name_present] of [VICTIM_nameDef] with a [WEAPON_label]</li>
        <li>tale_noun->the [wound_name_present] of [VICTIM_nameDef]</li>
        <li>image->[VICTIM_nameFull] being [wound_name_past] by [KILLER_nameFull] [with_weapon_optional]</li>
        <li>image->[KILLER_nameFull] [wound_name_present] [VICTIM_nameFull] [with_weapon_optional]</li>
        <li>image->[KILLER_nameFull] brutally [wound_name_present] [VICTIM_nameFull] [with_weapon_optional]</li>
        <li>image->[VICTIM_nameFull] being [wound_name_past] [with_weapon_optional]</li>
        <li>wound_name_past->wounded</li>
        <li>wound_name_past->harmed</li>
        <li>wound_name_past->hurt</li>
        <li>wound_name_past->assaulted</li>
        <li>wound_name_past->attacked</li>
        <li>wound_name_present->wounding</li>
        <li>wound_name_present->harming</li>
        <li>wound_name_present->hurting</li>
        <li>wound_name_present->assaulting</li>
        <li>wound_name_present->attacking</li>
        <li>with_weapon_optional->with a [WEAPON_label] [circumstance_group]</li>
        <li>with_weapon_optional->[circumstance_group]</li>
        <li>circumstance_phrase->seemingly without remorse</li>
        <li>circumstance_phrase->with cold efficiency</li>
        <li>circumstance_phrase->with passionate rage</li>
        <li>circumstance_phrase->with quick, efficient movements</li>
        <li>circumstance_phrase->without emotion or expression</li>
        <li>circumstance_phrase->out of bleak necessity</li>
        <li>circumstance_phrase->in a cowardly, halfhearted way</li>
        <li>desc_sentence->[Quantity_adjphrase] [Animal]s look on.</li>
        <li>desc_sentence->A [Person] watches silently [side_position].</li>
        <li>desc_sentence->Blood is pooling around [VICTIM_nameDef]'s body.</li>
        <li>desc_sentence->[VICTIM_nameDef] is covered in [Gore].</li>
        <li>desc_sentence->[VICTIM_nameDef] looks [AdjectiveAngsty].</li>
        <li>desc_sentence->[VICTIM_nameDef] is wincing in pain.</li>
        <li>desc_sentence->[VICTIM_nameDef] is wincing in agony.</li>
        <li>desc_sentence->[KILLER_nameDef] is baring [KILLER_possessive] teeth.</li>
        <li>desc_sentence->[KILLER_nameDef] seems satisfied.</li>
        <li>desc_sentence->[KILLER_nameDef] looks distressed at what [KILLER_pronoun] is doing.</li>
        <li>desc_sentence->[KILLER_nameDef] looks pleased with the situation.</li>
        <li>desc_sentence->[KILLER_nameDef] looks triumphant.</li>
      </rulesStrings>
    </rulePack>
  </TaleDef>

  <TaleDef>
    <defName>Downed</defName>
    <label>downed</label>
    <taleClass>Tale_DoublePawnAndDef</taleClass>
    <type>Volatile</type>
    <firstPawnSymbol>VICTIM</firstPawnSymbol>
    <secondPawnSymbol>KILLER</secondPawnSymbol>
    <defSymbol>WEAPON</defSymbol>
    <baseInterest>4</baseInterest>
    <rulePack>
      <rulesStrings>
        <!-- Killer and/or weapon may not be listed, make sure there's valid options -->
        <li>tale_noun->[KILLER_nameDef] [wound_name_present] [VICTIM_nameDef]</li>
        <li>tale_noun->[KILLER_nameDef] [wound_name_present] [VICTIM_nameDef] with a [WEAPON_label]</li>
        <li>tale_noun->the [wound_name_present] of [VICTIM_nameDef] by [KILLER_nameDef]</li>
        <li>tale_noun->the [wound_name_present] of [VICTIM_nameDef] with a [WEAPON_label]</li>
        <li>tale_noun->the [wound_name_present] of [VICTIM_nameDef]</li>
        <li>image->[VICTIM_nameFull] being [wound_name_past] by [KILLER_nameFull] [with_weapon_optional]</li>
        <li>image->[KILLER_nameFull] [wound_name_present] [VICTIM_nameFull] [with_weapon_optional]</li>
        <li>image->[KILLER_nameFull] brutally [wound_name_present] [VICTIM_nameFull] [with_weapon_optional]</li>
        <li>image->[VICTIM_nameFull] being [wound_name_past] [with_weapon_optional]</li>
        <li>wound_name_past->incapacitated</li>
        <li>wound_name_past->crippled</li>
        <li>wound_name_past->knocked unconscious</li>
        <li>wound_name_past->disabled</li>
        <li>wound_name_present->incapacitating</li>
        <li>wound_name_present->harming</li>
        <li>wound_name_present->knocking unconscious</li>
        <li>wound_name_present->disabling</li>
        <li>with_weapon_optional->with a [WEAPON_label] [circumstance_group]</li>
        <li>with_weapon_optional->[circumstance_group]</li>
        <li>circumstance_phrase->seemingly without remorse</li>
        <li>circumstance_phrase->with cold efficiency</li>
        <li>circumstance_phrase->with passionate rage</li>
        <li>circumstance_phrase->with quick, efficient movements</li>
        <li>circumstance_phrase->without emotion or expression</li>
        <li>circumstance_phrase->out of bleak necessity</li>
        <li>circumstance_phrase->in a cowardly, halfhearted way</li>
        <li>desc_sentence->[Quantity_adjphrase] [Animal]s look on.</li>
        <li>desc_sentence->A [Person] watches silently [side_position].</li>
        <li>desc_sentence->[VICTIM_nameDef] looks [AdjectiveAngsty].</li>
        <li>desc_sentence->[VICTIM_nameDef]'s eyes are closed.</li>
        <li>desc_sentence->[KILLER_nameDef] is baring [KILLER_possessive] teeth.</li>
        <li>desc_sentence->[KILLER_nameDef] seems satisfied.</li>
        <li>desc_sentence->[KILLER_nameDef] looks distressed at what [KILLER_pronoun] is doing.</li>
        <li>desc_sentence->[KILLER_nameDef] looks pleased with the situation.</li>
        <li>desc_sentence->[KILLER_nameDef] looks triumphant.</li>
      </rulesStrings>
    </rulePack>
  </TaleDef>

  <TaleDef>
    <defName>KilledLongRange</defName>
    <label>killed at distance</label>
    <taleClass>Tale_DoublePawnAndDef</taleClass>
    <type>Volatile</type>
    <firstPawnSymbol>KILLER</firstPawnSymbol>
    <secondPawnSymbol>VICTIM</secondPawnSymbol>
    <defSymbol>WEAPON</defSymbol>
    <baseInterest>4</baseInterest>
    <rulePack>
      <rulesStrings>
        <!-- weapon may not be listed, make sure there's valid options -->
        <li>tale_noun->[KILLER_nameDef] [wound_name_present] [VICTIM_nameDef] at extreme distance</li>
        <li>tale_noun->[KILLER_nameDef] [wound_name_present] [VICTIM_nameDef] at extreme distance with a [WEAPON_label]</li>
        <li>tale_noun->the long distance [wound_name_present] of [VICTIM_nameDef] by [KILLER_nameDef]</li>
        <li>tale_noun->the long distance [wound_name_present] of [VICTIM_nameDef] by [KILLER_nameDef] with a [WEAPON_label]</li>
        <li>image->[KILLER_nameFull] aiming at [VICTIM_nameFull] [with_weapon_optional]</li>
        <li>image->[KILLER_nameFull] [wound_name_present] [VICTIM_nameFull] [with_weapon_optional]</li>
        <li>image->[KILLER_nameFull] coldly [wound_name_present] [VICTIM_nameFull] [with_weapon_optional]</li>
        <li>wound_name_past->murdered</li>
        <li>wound_name_past->slain</li>
        <li>wound_name_past->slaughtered</li>
        <li>wound_name_past->eliminated</li>
        <li>wound_name_present->murdering</li>
        <li>wound_name_present->slaying</li>
        <li>wound_name_present->slaughtering</li>
        <li>wound_name_present->eliminating</li>
        <li>with_weapon_optional->with a [WEAPON_label] [circumstance_group]</li>
        <li>with_weapon_optional->[circumstance_group]</li>
        <li>circumstance_phrase->seemingly without remorse</li>
        <li>circumstance_phrase->with cold efficiency</li>
        <li>circumstance_phrase->from a long distance</li>
        <li>circumstance_phrase->from a great height</li>
        <li>circumstance_phrase->without emotion or expression</li>
        <li>circumstance_phrase->in a cowardly, halfhearted way</li>
        <li>desc_sentence->[Quantity_adjphrase] [Animal]s look on.</li>
        <li>desc_sentence->A [Person] watches silently [side_position].</li>
        <li>desc_sentence->[VICTIM_nameDef] looks [AdjectiveAngsty].</li>
        <li>desc_sentence->[VICTIM_nameDef]'s eyes are closed.</li>
        <li>desc_sentence->[VICTIM_nameDef] is covered in [Gore].</li>
        <li>desc_sentence->[KILLER_nameDef] is baring [KILLER_possessive] teeth.</li>
        <li>desc_sentence->[KILLER_nameDef] seems satisfied.</li>
        <li>desc_sentence->[KILLER_nameDef] looks distressed at what [KILLER_pronoun] is doing.</li>
        <li>desc_sentence->[KILLER_nameDef] looks pleased with the situation.</li>
        <li>desc_sentence->[KILLER_nameDef] looks triumphant.</li>
      </rulesStrings>
    </rulePack>
  </TaleDef>

  <TaleDef>
    <defName>KilledMelee</defName>
    <label>killed in melee</label>
    <taleClass>Tale_DoublePawnAndDef</taleClass>
    <type>Volatile</type>
    <firstPawnSymbol>KILLER</firstPawnSymbol>
    <secondPawnSymbol>VICTIM</secondPawnSymbol>
    <defSymbol>WEAPON</defSymbol>
    <baseInterest>4</baseInterest>
    <rulePack>
      <rulesStrings>
        <!-- weapon may not be listed, make sure there's valid options -->
        <li>tale_noun->[KILLER_nameDef] [wound_name_present] [VICTIM_nameDef] in close combat</li>
        <li>tale_noun->[KILLER_nameDef] [wound_name_present] [VICTIM_nameDef] in melee with a [WEAPON_label]</li>
        <li>tale_noun->the melee [wound_name_present] of [VICTIM_nameDef] by [KILLER_nameDef]</li>
        <li>tale_noun->the close combat [wound_name_present] of [VICTIM_nameDef] by [KILLER_nameDef] with a [WEAPON_label]</li>
        <li>image->[VICTIM_nameFull] being [wound_name_past] by [KILLER_nameFull] [with_weapon_optional]</li>
        <li>image->[KILLER_nameFull] [wound_name_present] [VICTIM_nameFull] [with_weapon_optional]</li>
        <li>image->[KILLER_nameFull] brutally [wound_name_present] [VICTIM_nameFull] [with_weapon_optional]</li>
        <li>image->[VICTIM_nameFull] being [wound_name_past] [with_weapon_optional]</li>
        <li>wound_name_past->murdered</li>
        <li>wound_name_past->slain</li>
        <li>wound_name_past->slaughtered</li>
        <li>wound_name_past->mutilated</li>
        <li>wound_name_present->murdering</li>
        <li>wound_name_present->slaying</li>
        <li>wound_name_present->slaughtering</li>
        <li>wound_name_present->mutilating</li>
        <li>with_weapon_optional->with a [WEAPON_label] [circumstance_group]</li>
        <li>with_weapon_optional->[circumstance_group]</li>
        <li>circumstance_phrase->seemingly without remorse</li>
        <li>circumstance_phrase->with cold efficiency</li>
        <li>circumstance_phrase->with quick, efficient movements</li>
        <li>circumstance_phrase->without emotion or expression</li>
        <li>circumstance_phrase->in a cowardly, halfhearted way</li>
        <li>desc_sentence->[Quantity_adjphrase] [Animal]s look on.</li>
        <li>desc_sentence->A [Person] watches silently [side_position].</li>
        <li>desc_sentence->[VICTIM_nameDef] looks [AdjectiveAngsty].</li>
        <li>desc_sentence->[VICTIM_nameDef]'s eyes are closed.</li>
        <li>desc_sentence->[VICTIM_nameDef] is covered in [Gore].</li>
        <li>desc_sentence->[VICTIM_nameDef] and [KILLER_nameDef] are both covered in [Gore].</li>
        <li>desc_sentence->[KILLER_nameDef] is covered in [Gore].</li>
        <li>desc_sentence->[KILLER_nameDef] is baring [KILLER_possessive] teeth.</li>
        <li>desc_sentence->[KILLER_nameDef] seems satisfied.</li>
        <li>desc_sentence->[KILLER_nameDef] looks distressed at what [KILLER_pronoun] is doing.</li>
        <li>desc_sentence->[KILLER_nameDef] looks pleased with the situation.</li>
        <li>desc_sentence->[KILLER_nameDef] looks triumphant.</li>
        <li>desc_sentence->[KILLER_nameDef] wears a feral expression.</li>
      </rulesStrings>
    </rulePack>
  </TaleDef>

  <TaleDef>
    <defName>KilledMajorThreat</defName>
    <label>killed major threat</label>
    <taleClass>Tale_DoublePawnAndDef</taleClass>
    <type>Volatile</type>
    <firstPawnSymbol>KILLER</firstPawnSymbol>
    <secondPawnSymbol>VICTIM</secondPawnSymbol>
    <defSymbol>WEAPON</defSymbol>
    <baseInterest>10</baseInterest>
    <rulePack>
      <rulesStrings>
        <!-- weapon may not be listed, make sure there's valid options -->
        <li>tale_noun->[KILLER_nameDef] [wound_name_present] [VICTIM_nameDef]</li>
        <li>tale_noun->[KILLER_nameDef] [wound_name_present] [VICTIM_nameDef] with a [WEAPON_label]</li>
        <li>tale_noun->the [wound_name_present] of [VICTIM_nameDef] by [KILLER_nameDef]</li>
        <li>tale_noun->the [wound_name_present] of [VICTIM_nameDef] by [KILLER_nameDef] with a [WEAPON_label]</li>
        <li>image->[VICTIM_nameFull] being [wound_name_past] by [KILLER_nameFull] [with_weapon_optional]</li>
        <li>image->[KILLER_nameFull] [wound_name_present] [VICTIM_nameFull] [with_weapon_optional]</li>
        <li>image->[KILLER_nameFull] brutally [wound_name_present] [VICTIM_nameFull] [with_weapon_optional]</li>
        <li>image->[VICTIM_nameFull] being [wound_name_past] [with_weapon_optional]</li>
        <li>wound_name_past->slain</li>
        <li>wound_name_past->defeated</li>
        <li>wound_name_past->overcome</li>
        <li>wound_name_present->slaying</li>
        <li>wound_name_present->defeating</li>
        <li>wound_name_present->overcoming</li>
        <li>with_weapon_optional->with a [WEAPON_label] [circumstance_group]</li>
        <li>with_weapon_optional->[circumstance_group]</li>
        <li>circumstance_phrase->with cold efficiency</li>
        <li>circumstance_phrase->with quick, efficient movements</li>
        <li>circumstance_phrase->without emotion or expression</li>
        <li>circumstance_phrase->with great heroism</li>
        <li>circumstance_phrase->with incredible strength</li>
        <li>desc_sentence->[Quantity_adjphrase] [Animal]s look on.</li>
        <li>desc_sentence->A [Person] watches silently [side_position].</li>
        <li>desc_sentence->[VICTIM_nameDef] looks [AdjectiveAngsty].</li>
        <li>desc_sentence->[VICTIM_nameDef]'s eyes are closed.</li>
        <li>desc_sentence->[VICTIM_nameDef] is covered in [Gore].</li>
        <li>desc_sentence->[VICTIM_nameDef] and [KILLER_nameDef] are both covered in [Gore].</li>
        <li>desc_sentence->[VICTIM_nameDef]'s corpse towers over [KILLER_nameDef].</li>
        <li>desc_sentence->[VICTIM_nameDef]'s massive corpse covers a [TerrainFeature].</li>
        <li>desc_sentence->[VICTIM_nameDef]'s eyes glow [Color].</li>
        <li>desc_sentence->[KILLER_nameDef] is covered in [Gore].</li>
        <li>desc_sentence->[KILLER_nameDef] is baring [KILLER_possessive] teeth.</li>
        <li>desc_sentence->[KILLER_nameDef] seems satisfied.</li>
        <li>desc_sentence->[KILLER_nameDef] looks triumphant.</li>
        <li>desc_sentence->[KILLER_nameDef] looks [AdjectiveBadass].</li>
        <li>desc_sentence->[KILLER_nameDef] is glowing with a heroic aura.</li>
      </rulesStrings>
    </rulePack>
  </TaleDef>

  <TaleDef>
    <defName>KilledCapacity</defName>
    <label>killed</label>
    <taleClass>Tale_DoublePawnAndDef</taleClass>
    <type>Volatile</type>
    <firstPawnSymbol>KILLER</firstPawnSymbol>
    <secondPawnSymbol>VICTIM</secondPawnSymbol>
    <defSymbol>CAPACITY</defSymbol>
    <defType>PawnCapacityDef</defType>
    <baseInterest>4</baseInterest>
    <rulePack>
      <rulesStrings>
        <li>tale_noun->[KILLER_nameDef] [wound_name_present] [VICTIM_nameDef]</li>
        <li>tale_noun->[KILLER_nameDef] [wound_name_present] [VICTIM_nameDef] with a [WEAPON_label]</li>
        <li>image->[KILLER_nameFull] [cap_removal] [VICTIM_nameFull]'s capacity for [CAPACITY_label] [with_weapon_optional]</li>
        <li>image->[KILLER_nameFull] [wound_name_present] [VICTIM_nameFull] by [cap_removal] their [CAPACITY_label] [with_weapon_optional]</li>
        <li>cap_removal->destroying</li>
        <li>cap_removal->eliminating</li>
        <li>cap_removal->ending</li>
        <li>wound_name_past->slayed</li>
        <li>wound_name_past->executed</li>
        <li>wound_name_past->assassinated</li>
        <li>wound_name_past->eliminated</li>
        <li>wound_name_present->slaying</li>
        <li>wound_name_present->executing</li>
        <li>wound_name_present->assassinating</li>
        <li>wound_name_present->eliminating</li>
        <li>with_weapon_optional->with a [WEAPON_label] [circumstance_group]</li>
        <li>with_weapon_optional->[circumstance_group]</li>
        <li>circumstance_phrase->seemingly without remorse</li>
        <li>circumstance_phrase->with cold efficiency</li>
        <li>circumstance_phrase->with quick, efficient movements</li>
        <li>circumstance_phrase->without emotion or expression</li>
        <li>desc_sentence->[Quantity_adjphrase] [Animal]s look on.</li>
        <li>desc_sentence->A [Person] watches silently [side_position].</li>
        <li>desc_sentence->[VICTIM_nameDef] looks [AdjectiveAngsty].</li>
        <li>desc_sentence->[VICTIM_nameDef]'s eyes are closed.</li>
        <li>desc_sentence->[KILLER_nameDef] seems satisfied.</li>
        <li>desc_sentence->[KILLER_nameDef] looks distressed at what [KILLER_pronoun] is doing.</li>
        <li>desc_sentence->[KILLER_nameDef] looks pleased with the situation.</li>
        <li>desc_sentence->[KILLER_nameDef] looks triumphant.</li>
      </rulesStrings>
    </rulePack>
  </TaleDef>

  <TaleDef>
    <defName>KilledMortar</defName>
    <label>killed with mortar</label>
    <taleClass>Tale_DoublePawnAndDef</taleClass>
    <type>Volatile</type>
    <firstPawnSymbol>KILLER</firstPawnSymbol>
    <secondPawnSymbol>VICTIM</secondPawnSymbol>
    <defSymbol>WEAPON</defSymbol>
    <baseInterest>4</baseInterest>
    <rulePack>
      <rulesStrings>
        <li>tale_noun->[KILLER_nameDef] [wound_name_present] [VICTIM_nameDef] with a mortar</li>
        <li>tale_noun->[VICTIM_nameDef] being killed by [KILLER_nameDef]'s artillery</li>
        <li>image->[KILLER_nameFull] carefully adjusting a firing tube [circumstance_group]</li>
        <li>image->[KILLER_nameFull] looking into the distance [circumstance_group]</li>
        <li>image->[KILLER_nameFull] doing calculations on paper [circumstance_group]</li>
        <li>image->[KILLER_nameFull] testing wind direction [circumstance_group]</li>
        <li>circumstance_phrase->while [VICTIM_nameFull] is consumed in a massive explosion</li>
        <li>circumstance_phrase->as a shell arcs down towards [VICTIM_nameFull]</li>
        <li>circumstance_phrase->while [VICTIM_nameFull] walks around obliviously</li>
        <li>circumstance_phrase->as [VICTIM_nameFull] sprints</li>
        <li>desc_sentence->[Quantity_adjphrase] [Animal]s look on.</li>
        <li>desc_sentence->A [Person] watches silently [side_position].</li>
        <li>desc_sentence->[VICTIM_nameDef] looks [AdjectiveAngsty].</li>
        <li>desc_sentence->[VICTIM_nameDef] is covered in [Gore].</li>
        <li>desc_sentence->[VICTIM_nameDef] is surrounded by explosions.</li>
        <li>desc_sentence->[VICTIM_nameDef] is surrounded by craters.</li>
        <li>desc_sentence->[KILLER_nameDef] seems satisfied.</li>
        <li>desc_sentence->[KILLER_nameDef] looks distressed at what [KILLER_pronoun] is doing.</li>
        <li>desc_sentence->[KILLER_nameDef] looks pleased with the situation.</li>
        <li>desc_sentence->[KILLER_nameDef] looks triumphant.</li>
      </rulesStrings>
    </rulePack>
  </TaleDef>

  <TaleDef>
    <defName>Exhausted</defName>
    <label>exhausted</label>
    <taleClass>Tale_SinglePawn</taleClass>
    <type>Volatile</type>
    <baseInterest>4</baseInterest>
    <rulePack>
      <rulesStrings>
        <li>tale_noun->[PAWN_nameDef] collapsing from exhaustion</li>
        <li>image->[PAWN_nameFull] collapsing on the ground [circumstance_group]</li>
        <li>image->[PAWN_nameFull] lying on the ground [circumstance_group]</li>
        <li>image->[PAWN_nameFull] lying in bed [circumstance_group]</li>
        <li>image->[PAWN_nameFull] collapsed in a chair [circumstance_group]</li>
        <li>image->[PAWN_nameFull] peacefully sleeping [circumstance_group]</li>
        <li>circumstance_phrase->with eyes closed</li>
        <li>circumstance_phrase->with a visible look of exhaustion</li>
        <li>circumstance_phrase->while covered in sweat</li>
        <li>circumstance_phrase->and unable to move a muscle</li>
        <li>desc_sentence->[PAWN_nameDef]'s last project sits nearby, complete.</li>
        <li>desc_sentence->A marvelous construction surrounds [PAWN_nameDef].</li>
        <li>desc_sentence->[Quantity_adjphrase] [Person]s look grateful for [PAWN_nameDef]'s heroic effort.</li>
        <li>desc_sentence->[Quantity_adjphrase] [Person]s lie nearby in a similar state.</li>
        <li>desc_sentence->The scene takes place inside a newly-built [Community].</li>
      </rulesStrings>
    </rulePack>
  </TaleDef>

  <TaleDef>
    <defName>IllnessRevealed</defName>
    <label>illness revealed</label>
    <taleClass>Tale_SinglePawnAndDef</taleClass>
    <type>Volatile</type>
    <defSymbol>ILLNESS</defSymbol>
    <defType>HediffDef</defType>
    <baseInterest>4</baseInterest>
    <rulePack>
      <rulesStrings>
        <li>tale_noun->[PAWN_nameDef] being stricken with [ILLNESS_label]</li>
        <li>image->[PAWN_nameFull] staggering through a field [circumstance_group]</li>
        <li>image->[PAWN_nameFull] lying on the ground [circumstance_group]</li>
        <li>image->[PAWN_nameFull] lying in bed [circumstance_group]</li>
        <li>image->[PAWN_nameFull] lying in a hospital bed [circumstance_group]</li>
        <li>image->[PAWN_nameFull] collapsed in a chair [circumstance_group]</li>
        <li>image->[PAWN_nameFull] crouching next to a fire [circumstance_group]</li>
        <li>circumstance_phrase->and sweating uncontrollably</li>
        <li>circumstance_phrase->and shivering uncontrollably</li>
        <li>circumstance_phrase->while both sweating and shivering</li>
        <li>circumstance_phrase->with cracked dry lips</li>
        <li>circumstance_phrase->while vomiting</li>
        <li>circumstance_phrase->with a visible rash</li>
        <li>circumstance_phrase->while being tended to by a doctor</li>
        <li>desc_sentence->[Quantity_adjphrase] fly-ridden [Animal] corpses surround the area.</li>
        <li>desc_sentence->[Quantity_adjphrase] twisted [Color] [TerrainFeature]s surround the scene.</li>
        <li>desc_sentence->[Quantity_adjphrase] [Person]s are stricken with the same afflication.</li>
        <li>desc_sentence->The scene takes place inside a [TreeType] forest.</li>
        <li>desc_sentence->[Quantity_adjphrase] dying [Animal]s lay on the ground.</li>
      </rulesStrings>
    </rulePack>
  </TaleDef>

  <TaleDef>
    <defName>HeatstrokeRevealed</defName>
    <label>heatstroke revealed</label>
    <taleClass>Tale_SinglePawnAndDef</taleClass>
    <defSymbol>ILLNESS</defSymbol>
    <type>Volatile</type>
    <baseInterest>4</baseInterest>
    <rulePack>
      <rulesStrings>
        <li>tale_noun->[PAWN_nameDef] getting heatstroke</li>
        <li>tale_noun->[PAWN_nameDef] overheating</li>
        <li>image->[PAWN_nameFull] trudging through sand [circumstance_group]</li>
        <li>image->[PAWN_nameFull] huddled in the shade of a [TerrainFeature] [circumstance_group]</li>
        <li>image->[PAWN_nameFull] searching for water [circumstance_group]</li>
        <li>image->[PAWN_nameFull] searching for shade [circumstance_group]</li>
        <li>image->[PAWN_nameFull] crawling across sun-baked dirt [circumstance_group]</li>
        <li>circumstance_phrase->with red dry skin</li>
        <li>circumstance_phrase->and covered in sweat</li>
        <li>circumstance_phrase->with cracked dry lips</li>
        <li>circumstance_phrase->while vomiting</li>
        <li>desc_sentence->[Quantity_adjphrase] dessicated [Animal] corpses surround the area.</li>
        <li>desc_sentence->[PAWN_nameDef]'s clothes are tattered and torn.</li>
        <li>desc_sentence->A blazing sun looms in the background.</li>
        <li>desc_sentence->The scene takes place inside a blazing desert.</li>
        <li>desc_sentence->The scene appears to take place inside, next to a heater.</li>
        <li>desc_sentence->[Quantity_adjphrase] unmoving [Animal]s surround the scene.</li>
        <li>desc_sentence->[Quantity_adjphrase] dying [Animal]s lay on the ground.</li>
      </rulesStrings>
    </rulePack>
  </TaleDef>

  <TaleDef>
    <defName>HypothermiaRevealed</defName>
    <label>hypothermia revealed</label>
    <taleClass>Tale_SinglePawnAndDef</taleClass>
    <defSymbol>ILLNESS</defSymbol>
    <type>Volatile</type>
    <baseInterest>4</baseInterest>
    <rulePack>
      <rulesStrings>
        <li>tale_noun->[PAWN_nameDef] getting hypothermia</li>
        <li>tale_noun->[PAWN_nameDef] freezing to death</li>
        <li>image->[PAWN_nameFull] trudging through snow [circumstance_group]</li>
        <li>image->[PAWN_nameFull] huddled beside a [TerrainFeature] [circumstance_group]</li>
        <li>image->[PAWN_nameFull] searching for a warm [Apparel] [circumstance_group]</li>
        <li>image->[PAWN_nameFull] crouching next to a fire [circumstance_group]</li>
        <li>image->[PAWN_nameFull] trying to light a fire [circumstance_group]</li>
        <li>circumstance_phrase->while their face slowly turns blue</li>
        <li>circumstance_phrase->and shivering uncontrollably</li>
        <li>circumstance_phrase->while covered in frost</li>
        <li>circumstance_phrase->while exhaling clouds of fog</li>
        <li>desc_sentence->[Quantity_adjphrase] frozen [Animal] corpses surround the area.</li>
        <li>desc_sentence->[PAWN_nameDef]'s clothes are tattered and worn.</li>
        <li>desc_sentence->A cold blue moon looms in the background.</li>
        <li>desc_sentence->The scene takes place inside a snow-covered [TreeType] forest.</li>
        <li>desc_sentence->The scene appears to take place inside a freezer.</li>
        <li>desc_sentence->[Quantity_adjphrase] shivering [Animal]s surround the scene.</li>
        <li>desc_sentence->[Quantity_adjphrase] dying [Animal]s lay on the ground.</li>
      </rulesStrings>
    </rulePack>
  </TaleDef>

  <TaleDef>
    <defName>ToxicityRevealed</defName>
    <label>toxicity revealed</label>
    <taleClass>Tale_SinglePawnAndDef</taleClass>
    <defSymbol>ILLNESS</defSymbol>
    <type>Volatile</type>
    <baseInterest>4</baseInterest>
    <rulePack>
      <rulesStrings>
        <li>tale_noun->[PAWN_nameDef]'s body becoming toxic</li>
        <li>tale_noun->[PAWN_nameDef] being poisoned by toxins</li>
        <li>image->[PAWN_nameFull] staggering through a field [circumstance_group]</li>
        <li>image->[PAWN_nameFull] lying on the ground [circumstance_group]</li>
        <li>image->[PAWN_nameFull] lying in bed [circumstance_group]</li>
        <li>image->[PAWN_nameFull] crouching next to a fire [circumstance_group]</li>
        <li>image->[PAWN_nameFull] trying to light a fire [circumstance_group]</li>
        <li>image->[PAWN_nameFull] mindlessly removing [PAWN_possessive] clothes [circumstance_group]</li>
        <li>circumstance_phrase->and sweating uncontrollably</li>
        <li>circumstance_phrase->and shivering uncontrollably</li>
        <li>circumstance_phrase->while both sweating and shivering</li>
        <li>circumstance_phrase->with cracked dry lips</li>
        <li>circumstance_phrase->while vomiting</li>
        <li>circumstance_phrase->with a visible rash</li>
        <li>desc_sentence->[Quantity_adjphrase] twisted [Animal] corpses surround the area.</li>
        <li>desc_sentence->[PAWN_nameDef]'s clothes are falling apart.</li>
        <li>desc_sentence->The sky is a murky [Color].</li>
        <li>desc_sentence->[Quantity_adjphrase] twisted [Color] [TerrainFeature]s surround the scene.</li>
        <li>desc_sentence->The scene takes place inside a twisted [TreeType] forest.</li>
        <li>desc_sentence->[Quantity_adjphrase] dying [Animal]s lay on the ground.</li>
      </rulesStrings>
    </rulePack>
  </TaleDef>

  <TaleDef>
    <defName>GaveBirth</defName>
    <label>gave birth</label>
    <taleClass>Tale_DoublePawn</taleClass>
    <type>Volatile</type>
    <firstPawnSymbol>MOTHER</firstPawnSymbol>
    <secondPawnSymbol>CHILD</secondPawnSymbol>
    <baseInterest>4</baseInterest>
    <rulePack>
      <rulesStrings>
        <li>tale_noun->[MOTHER_nameDef] giving birth to [CHILD_nameDef]</li>
        <li>image->[MOTHER_nameFull] giving birth to [circumstance_group]</li>
        <li>image->[MOTHER_nameFull] holding [MOTHER_possessive] [baby], [circumstance_group]</li>
        <li>image->[MOTHER_nameFull] lying in bed next to [MOTHER_possessive] [baby], [circumstance_group]</li>
        <li>image->[MOTHER_nameFull] collapsed in a chair with [MOTHER_possessive] [baby] [circumstance_group]</li>
        <li>baby->infant</li>
        <li>baby->newborn</li>
        <li>baby->baby</li>
        <li>circumstance_phrase->[CHILD_nameFull], who is bloody and crying</li>
        <li>circumstance_phrase->[CHILD_nameFull], who is glowing softly [Color]</li>
        <li>circumstance_phrase->[CHILD_nameFull], who is already trying to pull [CHILD_objective]self around</li>
        <li>circumstance_phrase->[CHILD_nameFull], who is looking around with an expression of serenity</li>
        <li>desc_sentence->[Quantity_adjphrase] [Animal]s sleep peacefully nearby.</li>
        <li>desc_sentence->[Quantity_adjphrase] [Person]s gaze upon the scene.</li>
        <li>desc_sentence->A [Person]s watches from a distance.</li>
        <li>desc_sentence->The scene takes place inside a newly-built [Community].</li>
      </rulesStrings>
    </rulePack>
  </TaleDef>

</Defs>
