﻿<?xml version="1.0" encoding="utf-8"?><Defs>

  <SoundDef>
    <defName>Building_Complete</defName>  
    <context>MapOnly</context>
    <maxSimultaneous>1</maxSimultaneous>  
    <subSounds>
      <li>
        <grains>
          <li Class="AudioGrain_Clip">
            <clipPath>Interact/BuildingComplete</clipPath>
          </li>
        </grains>      
        <volumeRange>17~17</volumeRange>
      </li>
    </subSounds>
  </SoundDef>

  <SoundDef>
    <defName>Building_Deconstructed</defName>  
    <context>MapOnly</context>      
    <maxSimultaneous>1</maxSimultaneous>  
    <subSounds>
      <li>
        <grains>
          <li Class="AudioGrain_Clip">
            <clipPath>Interact/BuildingComplete</clipPath>
          </li>
        </grains>      
        <volumeRange>10~10</volumeRange>      
        <pitchRange>0.7~0.9</pitchRange>
      </li>
    </subSounds>
  </SoundDef>

  <SoundDef>
    <defName>ThingUninstalled</defName>  
    <context>MapOnly</context>      
    <maxSimultaneous>1</maxSimultaneous>  
    <subSounds>
      <li>
        <grains>
          <li Class="AudioGrain_Clip">
            <clipPath>Interact/BuildingComplete</clipPath>
          </li>
        </grains>      
        <volumeRange>10~10</volumeRange>      
        <pitchRange>1.1~1.3</pitchRange>
      </li>
    </subSounds>
  </SoundDef>

  <SoundDef>
    <defName>PickHit</defName>  
    <context>MapOnly</context>      
    <maxSimultaneous>1</maxSimultaneous>  
    <subSounds>
      <li>
        <grains>
          <li Class="AudioGrain_Folder">
            <clipFolderPath>Interact/Work/Mine/PickHit</clipFolderPath>
          </li>
        </grains>      
        <volumeRange>18.70844~20.70332</volumeRange>
      </li>
    </subSounds>
  </SoundDef>

  <SoundDef>
    <defName>FlickSwitch</defName>  
    <context>MapOnly</context>      
    <maxSimultaneous>1</maxSimultaneous>  
    <subSounds>
      <li>
        <grains>
          <li Class="AudioGrain_Clip">
            <clipPath>Interact/FlickSwitch</clipPath>
          </li>
        </grains>      
        <volumeRange>18.70844~20.70332</volumeRange>
      </li>
    </subSounds>
  </SoundDef>

  <SoundDef>
    <defName>HorseshoeImpact</defName>  
    <context>MapOnly</context>      
    <maxSimultaneous>1</maxSimultaneous>  
    <subSounds>
      <li>
        <grains>
          <li Class="AudioGrain_Folder">
            <clipFolderPath>Interact/Joy/HorseshoeImpact</clipFolderPath>
          </li>
        </grains>      
        <volumeRange>7~11</volumeRange>      
        <pitchRange>0.9~1.1</pitchRange>
      </li>
    </subSounds>
  </SoundDef>

  <SoundDef>
    <defName>StoneImpact</defName>  
    <context>MapOnly</context>      
    <maxSimultaneous>1</maxSimultaneous>  
    <subSounds>
      <li>
        <grains>
          <li Class="AudioGrain_Folder">
            <clipFolderPath>Interact/Joy/StoneImpact</clipFolderPath>
          </li>
        </grains>      
        <volumeRange>5~7</volumeRange>      
        <pitchRange>0.97~1.03</pitchRange>
      </li>
    </subSounds>
  </SoundDef>

  <SoundDef>
    <defName>PlayBilliards</defName>  
    <context>MapOnly</context>      
    <maxSimultaneous>1</maxSimultaneous>  
    <subSounds>
      <li>
        <grains>
          <li Class="AudioGrain_Folder">
            <clipFolderPath>Interact/Joy/PlayBilliards</clipFolderPath>
          </li>
        </grains>      
        <volumeRange>13.46512~15.4651</volumeRange>      
        <pitchRange>0.9~1.1</pitchRange>
      </li>
    </subSounds>
  </SoundDef>

  <SoundDef>
    <defName>PokerChips</defName>  
    <context>MapOnly</context>      
    <maxSimultaneous>1</maxSimultaneous>  
    <subSounds>
      <li>
        <grains>
          <li Class="AudioGrain_Folder">
            <clipFolderPath>Interact/Joy/PokerChips</clipFolderPath>
          </li>
        </grains>      
        <volumeRange>7~7</volumeRange>      
        <pitchRange>0.97~1.03</pitchRange>
      </li>
    </subSounds>
  </SoundDef>

  <SoundDef>
    <defName>TechMedicineUsed</defName>
    <context>MapOnly</context>    
    <maxSimultaneous>1</maxSimultaneous>
    <subSounds>
      <li>
        <grains>
          <li Class="AudioGrain_Clip">
            <clipPath>Interact/Work/Doctor/TechMedicineUsed</clipPath>
          </li>
        </grains>
        <volumeRange>25~25</volumeRange>
        <pitchRange>0.88~1.12</pitchRange>
      </li>
    </subSounds>
  </SoundDef>

  <SoundDef>
    <defName>Roof_Start</defName>
    <sustain>False</sustain>
    <context>MapOnly</context>    
    <maxSimultaneous>1</maxSimultaneous>
    <priorityMode>PrioritizeNearest</priorityMode>
    <subSounds>
      <li>
        <muteWhenPaused>True</muteWhenPaused>
        <grains>
          <li Class="AudioGrain_Folder">
            <clipFolderPath>Interact/Work/RoofStart</clipFolderPath>
          </li>
        </grains>
        <volumeRange>9.5~9.5</volumeRange>
        <pitchRange>0.9~1.1</pitchRange>
        <sustainLoop>False</sustainLoop>
      </li>
    </subSounds>
  </SoundDef>

  <SoundDef>
    <defName>Roof_Finish</defName>
    <sustain>False</sustain>
    <context>MapOnly</context>    
    <maxSimultaneous>1</maxSimultaneous>
    <priorityMode>PrioritizeNearest</priorityMode>
    <subSounds>
      <li>
        <muteWhenPaused>True</muteWhenPaused>
        <grains>
          <li Class="AudioGrain_Folder">
            <clipFolderPath>Interact/Work/RoofFinish</clipFolderPath>
          </li>
        </grains>
        <volumeRange>10~10</volumeRange>
        <pitchRange>1.0~1.2</pitchRange>
        <sustainLoop>False</sustainLoop>
      </li>
    </subSounds>
  </SoundDef>
  
</Defs>
