﻿<?xml version="1.0" encoding="utf-8" ?>
<Defs>

  <!--================= player pawn filters =================-->

  <ScenPartDef>
    <defName>GameStartDialog</defName>
    <label>game start dialog</label>
    <category>Misc</category>
    <scenPartClass>ScenPart_GameStartDialog</scenPartClass>
    <maxUses>1</maxUses>
  </ScenPartDef>

  <!--================= player pawn filters =================-->

  <ScenPartDef>
    <defName>PawnFilter_Age</defName>
    <label>allowed age range</label>
    <scenPartClass>ScenPart_PawnFilter_Age</scenPartClass>
    <category>PlayerPawnFilter</category>
    <selectionWeight>1.0</selectionWeight>
    <summaryPriority>475</summaryPriority>
    <maxUses>1</maxUses>
  </ScenPartDef>
  
  <!--================== player pawn modifier ================-->

  <ScenPartDef>
    <defName>OnPawnDeathExplode</defName>
    <label>characters explode on death</label>
    <scenPartClass>ScenPart_OnPawnDeathExplode</scenPartClass>
    <category>PlayerPawnModifier</category>
    <selectionWeight>0.7</selectionWeight>
    <summaryPriority>461</summaryPriority>
    <maxUses>1</maxUses>
  </ScenPartDef>

  <ScenPartDef>
    <defName>ForcedTrait</defName>
    <label>forced trait</label>
    <scenPartClass>ScenPart_ForcedTrait</scenPartClass>
    <category>PlayerPawnModifier</category>
    <selectionWeight>1.0</selectionWeight>
    <summaryPriority>460</summaryPriority>
  </ScenPartDef>

  <ScenPartDef>
    <defName>ForcedHediff</defName>
    <label>forced health condition</label>
    <scenPartClass>ScenPart_ForcedHediff</scenPartClass>
    <category>PlayerPawnModifier</category>
    <selectionWeight>1.0</selectionWeight>
    <summaryPriority>459</summaryPriority>
  </ScenPartDef>

  <ScenPartDef>
    <defName>SetNeedLevel</defName>
    <label>set need level</label>
    <scenPartClass>ScenPart_SetNeedLevel</scenPartClass>
    <category>PlayerPawnModifier</category>
    <selectionWeight>1.0</selectionWeight>
    <summaryPriority>458</summaryPriority>
  </ScenPartDef>

  <ScenPartDef>
    <defName>StartingResearch</defName>
    <label>start with research</label>
    <scenPartClass>ScenPart_StartingResearch</scenPartClass>
    <category>StartingImportant</category>
    <selectionWeight>0.2</selectionWeight>
    <summaryPriority>400</summaryPriority>
  </ScenPartDef>
  
  <ScenPartDef>
    <defName>GameCondition_Planetkiller</defName>
    <label>planetkiller weapon incoming</label>
    <scenPartClass>ScenPart_GameCondition</scenPartClass>
    <category>GameCondition</category>
    <selectionWeight>0.8</selectionWeight>
    <summaryPriority>400</summaryPriority>
    <maxUses>1</maxUses>
    <gameCondition>Planetkiller</gameCondition>
    <durationRandomRange>
      <min>90</min>
      <max>500</max>
    </durationRandomRange>
  </ScenPartDef>

  <!--=================== rules changes =================-->

  <ScenPartDef Name="DisallowDesignatorBase" Abstract="True">
    <scenPartClass>ScenPart_Rule_DisallowDesignator</scenPartClass>
    <category>Rule</category>
    <selectionWeight>0.25</selectionWeight>
    <summaryPriority>380</summaryPriority>
    <maxUses>1</maxUses>
  </ScenPartDef>

  <ScenPartDef ParentName="DisallowDesignatorBase">
    <defName>Rule_DisallowDesignator_ZoneAdd_Growing</defName>
    <label>cannot sow</label>
    <description>Cannot sow plants on the ground.</description>
    <designatorType>Designator_ZoneAdd_Growing</designatorType>
  </ScenPartDef>

  <ScenPartDef ParentName="DisallowDesignatorBase">
    <defName>Rule_DisallowDesignator_Mine</defName>
    <label>cannot mine</label>
    <description>Cannot mine.</description>
    <designatorType>Designator_Mine</designatorType>
  </ScenPartDef>

  <ScenPartDef ParentName="DisallowDesignatorBase">
    <defName>Rule_DisallowDesignator_Hunt</defName>
    <label>cannot hunt</label>
    <description>Cannot hunt.</description>
    <designatorType>Designator_Hunt</designatorType>
  </ScenPartDef>

  <ScenPartDef ParentName="DisallowDesignatorBase">
    <defName>Rule_DisallowDesignator_Tame</defName>
    <label>cannot tame</label>
    <description>Cannot tame animals.</description>
    <designatorType>Designator_Tame</designatorType>
  </ScenPartDef>
  
  <ScenPartDef>
    <defName>StatFactor</defName>
    <label>stat multiplier</label>
    <scenPartClass>ScenPart_StatFactor</scenPartClass>
    <category>Rule</category>
    <selectionWeight>1.0</selectionWeight>
    <summaryPriority>379</summaryPriority>
  </ScenPartDef>

  <!--===============================================-->
  <!--==================== grouped ==================-->
  <!--===============================================-->

  <ScenPartDef>
    <defName>DisableIncident</defName>
    <label>disable incident</label>
    <scenPartClass>ScenPart_DisableIncident</scenPartClass>
    <category>Rule</category>
    <selectionWeight>1.0</selectionWeight>
    <summaryPriority>360</summaryPriority>
  </ScenPartDef>

  <ScenPartDef>
    <defName>CreateIncident</defName>
    <label>create incident</label>
    <scenPartClass>ScenPart_CreateIncident</scenPartClass>
    <category>Rule</category>
    <selectionWeight>1.0</selectionWeight>
    <summaryPriority>361</summaryPriority>
  </ScenPartDef>

  <ScenPartDef>
    <defName>Rule_DisallowBuilding</defName>
    <label>disallow building</label>
    <scenPartClass>ScenPart_DisallowBuilding</scenPartClass>
    <category>Rule</category>
    <selectionWeight>1.0</selectionWeight>
    <summaryPriority>359</summaryPriority>
  </ScenPartDef>
  
  <ScenPartDef>
    <defName>PermanentGameCondition</defName>
    <label>permanent game condition</label>
    <scenPartClass>ScenPart_PermaGameCondition</scenPartClass>
    <category>GameCondition</category>
    <selectionWeight>1.0</selectionWeight>
    <summaryPriority>350</summaryPriority>
  </ScenPartDef>
  
  <ScenPartDef>
    <defName>StartingAnimal</defName>
    <label>start with animal(s)</label>
    <scenPartClass>ScenPart_StartingAnimal</scenPartClass>
    <category>StartingImportant</category>
    <selectionWeight>1.0</selectionWeight>
    <summaryPriority>305</summaryPriority>
  </ScenPartDef>

  <ScenPartDef>
    <defName>StartingThing_Defined</defName>
    <label>start with</label>
    <scenPartClass>ScenPart_StartingThing_Defined</scenPartClass>
    <category>StartingItem</category>
    <selectionWeight>1.0</selectionWeight>
    <summaryPriority>300</summaryPriority>
  </ScenPartDef>
  
  <ScenPartDef>
    <defName>ScatterThingsNearPlayerStart</defName>
    <label>start near</label>
    <scenPartClass>ScenPart_ScatterThingsNearPlayerStart</scenPartClass>
    <category>StartingItem</category>
    <selectionWeight>1.0</selectionWeight>
    <summaryPriority>295</summaryPriority>
  </ScenPartDef>

  <ScenPartDef>
    <defName>ScatterThingsAnywhere</defName>
    <label>scattered randomly</label>
    <scenPartClass>ScenPart_ScatterThingsAnywhere</scenPartClass>
    <category>WorldThing</category>
    <selectionWeight>1.0</selectionWeight>
    <summaryPriority>100</summaryPriority>
  </ScenPartDef>

</Defs>
