﻿<?xml version="1.0" encoding="utf-8" ?>
<Defs>

  <ScenPartDef>
    <defName>PlayerFaction</defName>
    <label>Player faction</label>
    <category>Fixed</category>
    <scenPartClass>ScenPart_PlayerFaction</scenPartClass>
    <summaryPriority>1000</summaryPriority>
  </ScenPartDef>
  
  <ScenPartDef>
    <defName>ConfigPage_ConfigureStartingPawns</defName>
    <label>starting people</label>
    <category>Fixed</category>
    <scenPartClass>ScenPart_ConfigPage_ConfigureStartingPawns</scenPartClass>
    <pageClass>Page_ConfigureStartingPawns</pageClass>
    <summaryPriority>500</summaryPriority>
  </ScenPartDef>

  <ScenPartDef>
    <defName>PlayerPawnsArriveMethod</defName>
    <label>arrival method</label>
    <category>Fixed</category>
    <scenPartClass>ScenPart_PlayerPawnsArriveMethod</scenPartClass>
    <summaryPriority>470</summaryPriority>
  </ScenPartDef>

</Defs>