﻿<?xml version="1.0" encoding="utf-8" ?>
<Defs>

  
  <RulePackDef>
    <defName>ArtDescriptionRoot_HasTale</defName>
    <rulePack>
      <rulesStrings>
        <li>art_description_root->[physical_description_root] [context_sentence]</li>
        <li>circumstance_group->[circumstance_phrase]</li>
        <li>desc_sentence_group->[desc_sentence] [style_group]</li>
        <li>context_sentence->This [depiction] refers to [tale_noun] on [date].</li>
        <li>context_sentence->This [depiction] relates to [tale_noun] on [date].</li>
        <li>context_sentence->This [depiction] tells the story of [tale_noun] on [date].</li>
      </rulesStrings>
    </rulePack>
  </RulePackDef>

  <RulePackDef>
    <defName>ArtDescriptionRoot_Taleless</defName>
    <rulePack>
      <rulesStrings>
        <li>art_description_root->[physical_description_root]</li>
        <li>desc_sentence_group->[style_group]</li>
      </rulesStrings>
    </rulePack>
  </RulePackDef>

  <RulePackDef>
    <defName>ArtDescriptionUtility_Global</defName>
    <rulePack>
      <rulesStrings>
        <li>style_group->[artextra_clause]. [style_clause].</li>
        <li>style_group->[style_clause]. [artextra_clause].</li>
        <li>style_group->[artextra_clause], and [style_clause].</li>
        <li>style_group->[artextra_clause], while [style_clause].</li>
        <li>artextra_clause->the image is bordered by [quantity_adjphrase] [animal]s</li>
        <li>artextra_clause->there is a [community] [side_position]</li>
        <li>artextra_clause->there is a [terrainfeature] [side_position]</li>
        <li>artextra_clause->there is a [animal] [side_position]</li>
        <li>artextra_clause->the subjects are in front of a [terrainfeature]</li>
        <li>artextra_clause->the scene takes place in the middle of a [community]</li>
        <li>artextra_clause->the scene seems to take place on the outskirts of a [community]</li>
        <li>artextra_clause->the smiling head of a [outlander] watches over all</li>
        <li>artextra_clause->the scene takes place inside a [community] built near a [terrainfeature]</li>
        <li>artextra_clause->the lower part of the image is dominated by a [terrainfeature]</li>
        <li>artextra_clause->the whole image is depicted by the careful arrangement of hundreds of tiny [animal]s</li>
        <li>artextra_clause->a [outlander] [idle_verb_progressive] [side_position]</li>
        <li>artextra_clause->a [animal] [idle_verb_progressive] [side_position]</li>
        <li>artextra_clause->a dead [animal] [idle_verb_progressive] [side_position]</li>
        <li>artextra_clause->a personified depiction of [concept] [idle_verb_progressive] [side_position]</li>
        <li>artextra_clause->a [animal] [side_position] seems to symbolize [concept]</li>
        <li>artextra_clause->[quantity_adjphrase] [outlander]s [idle_verb_progressive] [side_position]</li>
        <li>artextra_clause->if you squint your eyes, the [composition] composition of the image reveals the outline of a [animal]</li>
        <li>style_clause->the image seems to express [concept]</li>
        <li>style_clause->the work is infused with the idea of [concept] and is done in a [artstyle_adj] style</li>
        <li>style_clause->the work suggests the concept of [concept]</li>
        <li>style_clause->the work is executed in a [artstyle_adj] style</li>
        <li>style_clause->the [artstyle_adj] style of the central scene clashes with the [artstyle_adj] depiction of the background</li>
        <li>style_clause->the work has a [artstyle_adj] feeling and a [composition] structure</li>
        <li>style_clause->the overall composition is [composition]</li>
        <li>style_clause->the style is [artstyle_adj] with [artstyle_adj] elements</li>
        <li>style_clause->the image is totally devoid of both [concept] and [concept]</li>
        <li>style_clause->the image somehow expresses both [concept] and [concept]</li>
        <li>style_clause->the [composition] structure of the image almost conflicts with its [artstyle_adj] style</li>
        <li>style_clause->the work is shaded in hues of [color] and [color]</li>
        <li>style_clause->almost every shape in the image seems to be [composition]</li>
        <li>depicts->depicts</li>
        <li>depicts->shows</li>
        <li>depicts->portrays</li>
        <li>depicts->resembles</li>
        <li>depicts->illustrates</li>
        <li>depicts->represents</li>
        <li>depicts->is shaped like</li>
        <li>depiction->depiction</li>
        <li>depiction->image</li>
        <li>depiction->portrayal</li>
        <li>depiction->representation</li>
        <li>depiction->illustration</li>
        <li>depiction->artwork</li>
        <li>composition->triangular</li>
        <li>composition->rectangular</li>
        <li>composition->square</li>
        <li>composition->unbalanced</li>
        <li>composition->well-balanced</li>
        <li>composition->very dynamic</li>
        <li>composition->very static</li>
        <li>artstyle_adj->unoriginal</li>
        <li>artstyle_adj->simple</li>
        <li>artstyle_adj->complex and realistic</li>
        <li>artstyle_adj->surrealistic</li>
        <li>artstyle_adj->classical</li>
        <li>artstyle_adj->modern</li>
        <li>artstyle_adj->symbolic</li>
        <li>artstyle_adj->amateurish yet attractive</li>
        <li>artstyle_adj->detail-oriented</li>
        <li>artstyle_adj->blocky</li>
        <li>artstyle_adj->cubist</li>
        <li>artstyle_adj->impressionistic</li>
        <li>artstyle_adj->expressionistic</li>
        <li>artstyle_adj->photographic</li>
        <li>artstyle_adj->baroque</li>
        <li>artstyle_adj->dadaist</li>
        <li>artstyle_adj->glitch-art</li>
        <li>artstyle_adj->pixelated</li>
        <li>artstyle_adj->fauvist</li>
        <li>artstyle_adj->folksy</li>
        <li>artstyle_adj->figurative</li>
        <li>artstyle_adj->sinuous</li>
        <li>artstyle_adj->geometric</li>
        <li>artstyle_adj->abstract</li>
        <li>artstyle_adj->hyper-realistic</li>
        <li>artstyle_adj->pop art</li>
        <li>artstyle_adj->minimalistic</li>
        <li>artstyle_adj->neoclassical</li>
        <li>artstyle_adj->cel-shaded</li>
        <li>artstyle_adj->post-impressionistic</li>
        <li>artstyle_adj->purist</li>
        <li>artstyle_adj->rococo</li>
        <li>artstyle_adj->romanesque</li>
        <li>artstyle_adj->romantic</li>
        <li>artstyle_adj->graffiti-like</li>
        <li>artstyle_adj->erotic</li>
        <li>artstyle_adj->sensual</li>
        <li>artstyle_adj->heartfelt</li>
        <li>idle_verb_progressive->sits</li>
        <li>idle_verb_progressive->stands</li>
        <li>idle_verb_progressive->waits</li>
        <li>idle_verb_progressive->smiles</li>
        <li>idle_verb_progressive->lies</li>
        <li>idle_verb_progressive->poses</li>
        <li>idle_verb_progressive->appears</li>
        <li>idle_verb_progressive->is shown</li>
        <li>idle_verb_progressive->fades in</li>
        <li>idle_verb_progressive->floats</li>
        <li>side_position->off to one side</li>
        <li>side_position->near the edge of the image</li>
        <li>side_position->in the background</li>
        <li>side_position->in the distance</li>
        <li>side_position->in the lower part of the image</li>
        <li>side_position->in the upper part of the image</li>
        <li>side_position->beneath the main subject</li>
        <li>side_position->behind the focal point</li>
        <li>side_position->at the left part of the image</li>
        <li>side_position->to the right of the main scene</li>
      </rulesStrings>
    </rulePack>
  </RulePackDef>


</Defs>
