﻿<?xml version="1.0" encoding="utf-8" ?>
<Defs>

  <RulePackDef Name="NamerAnimalBase" Abstract="True">
    <rulePack>
      <rulesRaw>
        <li Class="Rule_File">
          <keyword>animalname_unisex</keyword>
          <path>Names/Animal_Unisex</path>
        </li>
        <li Class="Rule_File">
          <keyword>animalname_male</keyword>
          <path>Names/Animal_Male</path>
        </li>
        <li Class="Rule_File">
          <keyword>animalname_female</keyword>
          <path>Names/Animal_Female</path>
        </li>
        <li Class="Rule_PersonName">
          <selectionWeight>25</selectionWeight>
          <gender>Male</gender>
          <keyword>personname_male</keyword>
        </li>
        <li Class="Rule_PersonName">
          <selectionWeight>25</selectionWeight>
          <gender>Female</gender>
          <keyword>personname_female</keyword>
        </li>
        <li Class="Rule_File">
          <keyword>adjective_badass</keyword>
          <path>Words/Adjectives/Badass</path>
        </li>
        <li Class="Rule_File">
          <keyword>person_badass</keyword>
          <path>Words/Nouns/People_Badass</path>
        </li>
      </rulesRaw>
    </rulePack>
  </RulePackDef>

  <RulePackDef ParentName="NamerAnimalBase">
    <defName>NamerAnimalGenericMale</defName>
    <rulePack>
      <rulesStrings>
        <li>r_name->[animalname_unisex]</li>
        <li>r_name->[animalname_unisex]</li>
        <li>r_name->[animalname_unisex]</li>
        <li>r_name->[animalname_unisex]</li>
        <li>r_name->[animalname_unisex]</li>
        <li>r_name->[animalname_unisex]</li>
        <li>r_name->[animalname_male]</li>
        <li>r_name->[animalname_male]</li>
        <li>r_name->[animalname_male]</li>
        <li>r_name->[animalname_male]</li>
        <li>r_name->[animalname_male]</li>
        <li>r_name->[animalname_male]</li>
        <li>r_name->[animalname_male]</li>
        <li>r_name->[personname_male]</li>
        <li>r_name->[personname_male]</li>
        <li>r_name->[personname_male]</li>
        <li>r_name->[personname_male]</li>
        <li>r_name->[personname_male]</li>
        <li>r_name->[personname_male]</li>
        <li>r_name->[exoticname]</li>
        <li>exoticname->[AdjectiveBadass]</li>
        <li>exoticname->[AdjectiveBadass]</li>
        <li>exoticname->[person_badass]</li>
        <li>exoticname->[person_badass]</li>
        <li>exoticname->[Concept]</li>
        <li>exoticname->[Color]</li>
      </rulesStrings>
    </rulePack>
  </RulePackDef>

  <RulePackDef ParentName="NamerAnimalBase">
    <defName>NamerAnimalGenericFemale</defName>
    <rulePack>
      <rulesStrings>
        <li>r_name->[animalname_unisex]</li>
        <li>r_name->[animalname_unisex]</li>
        <li>r_name->[animalname_unisex]</li>
        <li>r_name->[animalname_unisex]</li>
        <li>r_name->[animalname_unisex]</li>
        <li>r_name->[animalname_unisex]</li>
        <li>r_name->[animalname_female]</li>
        <li>r_name->[animalname_female]</li>
        <li>r_name->[animalname_female]</li>
        <li>r_name->[animalname_female]</li>
        <li>r_name->[animalname_female]</li>
        <li>r_name->[animalname_female]</li>
        <li>r_name->[animalname_female]</li>
        <li>r_name->[personname_female]</li>
        <li>r_name->[personname_female]</li>
        <li>r_name->[personname_female]</li>
        <li>r_name->[personname_female]</li>
        <li>r_name->[personname_female]</li>
        <li>r_name->[personname_female]</li>
        <li>r_name->[exoticname]</li>
        <li>exoticname->[AdjectiveBadass]</li>
        <li>exoticname->[AdjectiveBadass]</li>
        <li>exoticname->[person_badass]</li>
        <li>exoticname->[person_badass]</li>
        <li>exoticname->[Concept]</li>
        <li>exoticname->[Color]</li>
      </rulesStrings>
    </rulePack>
  </RulePackDef>

</Defs>
