﻿<?xml version="1.0" encoding="utf-8" ?>
<Defs>

  <RulePackDef>
    <defName>SeedGenerator</defName>
    <rulePack>
      <rulesStrings>
        <li>r_seed->[personname_male]</li>
        <li>r_seed->[personname_male]</li>
        <li>r_seed->[personname_male]</li>
        <li>r_seed->[personname_female]</li>
        <li>r_seed->[personname_female]</li>
        <li>r_seed->[personname_female]</li>
        <li>r_seed->[Animal]</li>
        <li>r_seed->[TerrainFeature]</li>
        <li>r_seed->[Person]</li>
        <li>r_seed->[Apparel]</li>
        <li>r_seed->[Adjective]</li>
        <li>r_seed->[Concept]</li>
        <li>r_seed->[tribalword]</li>
        <li>r_seed->[rareseed]</li>
        <li>r_seed->[rareseed]</li>
        <li>rareseed->[Weapon]</li>
        <li>rareseed->[Color]</li>
        <li>rareseed->[Vegetable]</li>
        <li>rareseed->[Game]</li>
        <li>rareseed->[businessname]</li>
        <li>rareseed->[businesstype]</li>
        <li>rareseed->[Community]</li>
      </rulesStrings>
      <rulesRaw>
        <li Class="Rule_File">
          <keyword>tribalword</keyword>
          <path>Words/Foreign/Tribal</path>
        </li>
        <li Class="Rule_File">
          <keyword>businessname</keyword>
          <path>Names/Business</path>
        </li>
        <li Class="Rule_File">
          <keyword>businesstype</keyword>
          <path>Words/Nouns/BusinessTypes</path>
        </li>
        <li Class="Rule_PersonName">
          <gender>Male</gender>
          <keyword>personname_male</keyword>
        </li>
        <li Class="Rule_PersonName">
          <gender>Female</gender>
          <keyword>personname_female</keyword>
        </li>
      </rulesRaw>
    </rulePack>
  </RulePackDef>


</Defs>
