﻿<?xml version="1.0" encoding="utf-8" ?>
<Defs>

  <RulePackDef>
    <defName>NamerWorld</defName>
    <rulePack>
      <rulesStrings>
        <li>r_name->[celestial_name]</li>
        <li>r_name->[celestial_prefix] [celestial_name]</li>
        <li>r_name->[celestial_name] [RomanNumeral]</li>
        <li>r_name->[celestial_name] [celestial_name]</li>
        <li>r_name->[celestial_name] [celestial_suffix]</li>
      </rulesStrings>
      <rulesRaw>
        <li Class="Rule_File">
          <keyword>celestial_name</keyword>
          <path>Names/Celestial</path>
        </li>
        <li Class="Rule_File">
          <keyword>celestial_suffix</keyword>
          <path>Names/CelestialSuffix</path>
        </li>
        <li Class="Rule_File">
          <keyword>celestial_prefix</keyword>
          <path>Names/CelestialPrefix</path>
        </li>
      </rulesRaw>
    </rulePack>
  </RulePackDef>




</Defs>
