﻿<?xml version="1.0" encoding="utf-8" ?>
<Defs>

  <RulePackDef>
    <defName>NamerWorld</defName>
    <rulePack>
      <rulesStrings>
        <li>name->[celestialname]</li>
        <li>name->[celestialprefix] [celestialname]</li>
        <li>name->[celestialname] [romannumeral]</li>
        <li>name->[celestialname] [celestialname]</li>
        <li>name->[celestialname] [celestialsuffix]</li>
      </rulesStrings>
      <rulesRaw>
        <li Class="Rule_File">
          <keyword>celestialname</keyword>
          <path>Names/Celestial</path>
        </li>
        <li Class="Rule_File">
          <keyword>celestialsuffix</keyword>
          <path>Names/CelestialSuffix</path>
        </li>
        <li Class="Rule_File">
          <keyword>celestialprefix</keyword>
          <path>Names/CelestialPrefix</path>
        </li>
      </rulesRaw>
    </rulePack>
  </RulePackDef>




</Defs>
