﻿<?xml version="1.0" encoding="utf-8" ?>
<Defs>

  <RulePackDef>
    <defName>NamerScenario</defName>
    <rulePack>
      <rulesStrings>
        <li>r_name->[story] [Trans] the [Weapon]</li>
        <li>r_name->[story] [Trans] the [Animal]</li>
        <li>r_name->[story] [Trans] the [TerrainFeature]</li>
        <li>r_name->[story] [Trans] [Person]s</li>
        <li>r_name->[story] [Trans] [Concept]</li>
        <li>r_name->[Concept] [story]</li>
        <li>r_name->[story] [Trans] a [Community]</li>
        <li>r_name->a [Adjective] [story]</li>
        <li>r_name->[story] [Trans] the [Game]</li>
        <li>r_name->[story] in [Color] and [Color]</li>
        <li>r_name->[Color] [story]</li>
        <li>r_name->[story] [RomanNumeral]</li>
      </rulesStrings>
      <rulesRaw>
        <li Class="Rule_File">
          <keyword>story</keyword>
          <path>Words/Nouns/Stories</path>
        </li>
      </rulesRaw>
    </rulePack>
  </RulePackDef>

</Defs>
