﻿<?xml version="1.0" encoding="utf-8" ?>
<Defs>

  <!-- Different physical description roots for different kinds of artworks. 
      Added to artworks with tales and taleless art.-->
  
  <RulePackDef>
    <defName>ArtDescription_Sculpture</defName>
    <rulePack>
      <rulesStrings>
        <li>physical_description_root->This [sculpture] [depicts] [image]. [desc_sentence_group]</li>
        <li>physical_description_root->This [sculpture] bears a [depiction] of [image]. [desc_sentence_group]</li>
        <li>physical_description_root->On this [sculpture] is a [depiction] of [image]. [desc_sentence_group]</li>
        <li>sculpture->sculpture</li>
        <li>sculpture->work</li>
        <li>sculpture->piece</li>
        <li>sculpture->carving</li>
      </rulesStrings>
    </rulePack>
  </RulePackDef>

  <RulePackDef>
    <defName>ArtDescription_WeaponMelee</defName>
    <rulePack>
      <rulesStrings>
        <li>physical_description_root->This weapon is engraved with a [depiction] of [image]. [desc_sentence_group]</li>
        <li>physical_description_root->This weapon bears a [depiction] of [image]. [desc_sentence_group]</li>
        <li>physical_description_root->An engraving on this weapon [depicts] [image]. [desc_sentence_group]</li>
      </rulesStrings>
    </rulePack>
  </RulePackDef>

  <RulePackDef>
    <defName>ArtDescription_WeaponGun</defName>
    <rulePack>
      <rulesStrings>
        <li>physical_description_root->This weapon is engraved with a [depiction] of [image]. [desc_sentence_group]</li>
        <li>physical_description_root->This weapon bears a [depiction] of [image]. [desc_sentence_group]</li>
        <li>physical_description_root->An engraving on this weapon [depicts] [image]. [desc_sentence_group]</li>
      </rulesStrings>
    </rulePack>
  </RulePackDef>

  <RulePackDef>
    <defName>ArtDescription_Furniture</defName>
    <rulePack>
      <rulesStrings>
        <li>physical_description_root->This furniture is engraved with a [depiction] of [image]. [desc_sentence_group]</li>
        <li>physical_description_root->This furniture bears a [depiction] of [image]. [desc_sentence_group]</li>
        <li>physical_description_root->An engraving on this furniture [depicts] [image]. [desc_sentence_group]</li>
      </rulesStrings>
    </rulePack>
  </RulePackDef>

  <RulePackDef>
    <defName>ArtDescription_SarcophagusPlate</defName>
    <rulePack>
      <rulesStrings>
        <li>physical_description_root->The sarcophagus is engraved with a [depiction] of [image]. [desc_sentence_group]</li>
        <li>physical_description_root->The sarcophagus bears a [depiction] of [image]. [desc_sentence_group]</li>
        <li>physical_description_root->An engraving on this sarcophagus [depicts] [image]. [desc_sentence_group]</li>
      </rulesStrings>
    </rulePack>
  </RulePackDef>



</Defs>
