﻿<?xml version="1.0" encoding="utf-8" ?>
<Defs>

  <RulePackDef>
    <defName>NamerTraderGeneral</defName>
    <rulePack>
      <rulesStrings>
        <li>r_name->[businessname] [businesstype]</li>
        <li>r_name->[businessname] [businesstype]</li>
        <li>r_name->[businessname] [businesstype]</li>
        <li>r_name->[businessname] [businesstype]</li>
        <li>r_name->[Color] [Animal] [businesstype]</li>
        <li>r_name->[Letter][Letter] [businesstype]</li>
      </rulesStrings>
      <rulesRaw>
        <li Class="Rule_File">
          <keyword>businessname</keyword>
          <path>Names/Business</path>
        </li>
        <li Class="Rule_File">
          <keyword>businesstype</keyword>
          <path>Words/Nouns/BusinessTypes</path>
        </li>
      </rulesRaw>
    </rulePack>
  </RulePackDef>
  
</Defs>
