﻿<?xml version="1.0" encoding="utf-8" ?>
<Defs>

  <!--================== Bases ==================-->
  
  <ThingDef Name="ResourceBase" Abstract="True">
    <thingClass>ThingWithComps</thingClass>
    <category>Item</category>
    <resourceReadoutPriority>Middle</resourceReadoutPriority>
    <useHitPoints>true</useHitPoints>
    <selectable>true</selectable>
    <altitudeLayer>Item</altitudeLayer>
    <stackLimit>75</stackLimit>
		<statBases>
			<Beauty>-4</Beauty>
		</statBases>
		<comps>
			<li Class="CompProperties_Forbiddable"/>
		</comps>
		<alwaysHaulable>true</alwaysHaulable>
		<drawGUIOverlay>true</drawGUIOverlay>
		<rotatable>false</rotatable>
		<pathCost>15</pathCost>
	</ThingDef>

  <!--=============== Luxury ====================-->

  <ThingDef ParentName="ResourceBase">
    <defName>Chocolate</defName>
    <label>chocolate</label>
    <description>A delicious preparation of cocoa seeds ground together with sugar and vanilla. Very pleasurable to eat, but not very nutritious.</description>
    <graphicData>
      <texPath>Things/Item/Resource/Chocolate</texPath>
      <graphicClass>Graphic_Single</graphicClass>
    </graphicData>
    <soundInteract>Standard_Drop</soundInteract>
    <soundDrop>Standard_Drop</soundDrop>
		<socialPropernessMatters>true</socialPropernessMatters>
    <statBases>
      <MaxHitPoints>60</MaxHitPoints>
      <MarketValue>6</MarketValue>
      <Mass>0.075</Mass>
      <Flammability>1.0</Flammability>
      <DeteriorationRate>8</DeteriorationRate>
    </statBases>
    <thingCategories>
      <li>Foods</li>
    </thingCategories>
    <ingestible>
      <preferability>DesperateOnly</preferability>
      <foodType>Processed</foodType>
      <nutrition>0.10</nutrition>
      <joy>0.10</joy>
      <joyKind>Gluttonous</joyKind>
      <maxNumToIngestAtOnce>4</maxNumToIngestAtOnce>
      <ingestSound>Meal_Eat</ingestSound>
    </ingestible>
  </ThingDef>

</Defs>