﻿<?xml version="1.0" encoding="utf-8" ?>
<Defs>

  <ThingDef Abstract="True" Name="OrganicProductBase" ParentName="ResourceBase">
    <graphicData>
      <graphicClass>Graphic_Single</graphicClass>
    </graphicData>
    <statBases>
      <MaxHitPoints>60</MaxHitPoints>
      <Flammability>1.0</Flammability>
      <DeteriorationRate>6</DeteriorationRate>
			<Mass>0.03</Mass>
    </statBases>
    <tickerType>Rare</tickerType>
  </ThingDef>

  <ThingDef Abstract="True" Name="PlantFoodRawBase" ParentName="OrganicProductBase">
    <ingestible>
      <preferability>RawBad</preferability>
			<tasteThought>AteRawFood</tasteThought>
      <nutrition>0.05</nutrition>
      <ingestEffect>EatVegetarian</ingestEffect>
      <ingestSound>RawVegetable_Eat</ingestSound>
    </ingestible>
    <socialPropernessMatters>true</socialPropernessMatters>
    <thingCategories>
      <li>PlantFoodRaw</li>
    </thingCategories>
    <comps>
			<li Class="CompProperties_FoodPoisoningChance">
				<humanlikeOnly>true</humanlikeOnly>
			</li>
    </comps>
  </ThingDef>

  <ThingDef ParentName="PlantFoodRawBase">
    <defName>RawPotatoes</defName>
    <label>potatoes</label>
    <description>Raw potatoes.</description>
    <graphicData>
      <texPath>Things/Item/Resource/PlantFoodRaw/Potatoes</texPath>
    </graphicData>
    <statBases>
      <MarketValue>1.5</MarketValue>
    </statBases>
    <ingestible>
      <foodType>VegetableOrFruit</foodType>
    </ingestible>
    <comps>
      <li Class="CompProperties_Rottable">
        <daysToRotStart>30</daysToRotStart>
				<rotDestroys>true</rotDestroys>
      </li>
    </comps>
  </ThingDef>

  <ThingDef ParentName="PlantFoodRawBase">
    <defName>RawRice</defName>
    <label>rice</label>
    <description>Raw rice.</description>
    <soundInteract>Grain_Drop</soundInteract>
    <soundDrop>Grain_Drop</soundDrop>
    <graphicData>
      <texPath>Things/Item/Resource/PlantFoodRaw/Rice</texPath>
    </graphicData>
    <statBases>
      <MarketValue>1.5</MarketValue>
    </statBases>
    <ingestible>
      <foodType>Seed</foodType>
    </ingestible>
    <comps>
      <li Class="CompProperties_Rottable">
        <daysToRotStart>40</daysToRotStart>
				<rotDestroys>true</rotDestroys>
			</li>
    </comps>
  </ThingDef>

  <ThingDef ParentName="PlantFoodRawBase">
    <defName>RawAgave</defName>
    <label>agave fruit</label>
    <description>Raw agave fruit.</description>
    <graphicData>
      <texPath>Things/Item/Resource/PlantFoodRaw/AgaveFruit</texPath>
    </graphicData>
    <statBases>
      <MarketValue>1.5</MarketValue>
    </statBases>
    <ingestible>
      <foodType>VegetableOrFruit</foodType>
    </ingestible>
    <comps>
      <li Class="CompProperties_Rottable">
        <daysToRotStart>25</daysToRotStart>
				<rotDestroys>true</rotDestroys>
			</li>
    </comps>
  </ThingDef>

  <ThingDef ParentName="PlantFoodRawBase">
    <defName>RawCorn</defName>
    <label>corn</label>
    <description>Raw corn.</description>
    <soundInteract>Grain_Drop</soundInteract>
    <soundDrop>Grain_Drop</soundDrop>
    <graphicData>
      <texPath>Things/Item/Resource/PlantFoodRaw/Corn</texPath>
    </graphicData>
    <statBases>
      <MarketValue>1.5</MarketValue>
    </statBases>
    <ingestible>
      <foodType>VegetableOrFruit</foodType>
    </ingestible>
    <comps>
      <li Class="CompProperties_Rottable">
        <daysToRotStart>60</daysToRotStart>
				<rotDestroys>true</rotDestroys>
			</li>
    </comps>
  </ThingDef>
  
  <ThingDef ParentName="PlantFoodRawBase">
    <defName>RawBerries</defName>
    <label>berries</label>
    <description>Assorted berries. Nice to eat, even when raw.</description>
    <graphicData>
      <texPath>Things/Item/Resource/PlantFoodRaw/Berries</texPath>
    </graphicData>
    <statBases>
      <MarketValue>2.0</MarketValue>
			<Mass>0.027</Mass>
		</statBases>
    <comps>
      <li Class="CompProperties_Rottable">
        <daysToRotStart>14</daysToRotStart>
				<rotDestroys>true</rotDestroys>
			</li>
    </comps>
    <ingestible>
      <preferability>RawTasty</preferability>
			<tasteThought></tasteThought>
      <foodType>VegetableOrFruit</foodType>
    </ingestible>
  </ThingDef>

  <!-- Plant matter (inedible by people) -->

  <ThingDef ParentName="OrganicProductBase" Name="RoughPlantBase" Abstract="True">
    <ingestible>
      <foodType>Plant</foodType>
      <preferability>DesperateOnly</preferability>
      <nutrition>0.05</nutrition>
    </ingestible>
  </ThingDef>

  <ThingDef ParentName="RoughPlantBase">
    <defName>Hay</defName>
    <label>hay</label>
    <description>Nutrient-rich grasses and shoots, harvested and compacted for storage. Hay is good animal feed, but inedible for humans.</description>
    <stackLimit>200</stackLimit>
    <graphicData>
      <texPath>Things/Item/Resource/PlantFoodRaw/Hay</texPath>
      <graphicClass>Graphic_StackCount</graphicClass>
    </graphicData>
    <statBases>
      <MarketValue>0.9</MarketValue>
      <Mass>0.014</Mass>
    </statBases>
    <comps>
      <li Class="CompProperties_Rottable">
        <daysToRotStart>60</daysToRotStart>
				<rotDestroys>true</rotDestroys>
			</li>
    </comps>
    <thingCategories>
      <li>Foods</li>
    </thingCategories>
  </ThingDef>

  <ThingDef ParentName="RoughPlantBase">
    <defName>RawHops</defName>
    <label>hops</label>
    <description>Raw hops. A flavoring and preserving agent that is necessary for making beer.</description>
    <graphicData>
      <texPath>Things/Item/Resource/PlantFoodRaw/Hops</texPath>
    </graphicData>
    <statBases>
      <MarketValue>1.5</MarketValue>
    </statBases>
    <comps>
      <li Class="CompProperties_Rottable">
        <daysToRotStart>30</daysToRotStart>
        <rotDestroys>true</rotDestroys>
      </li>
    </comps>
    <thingCategories>
      <li>PlantMatter</li>
    </thingCategories>
  </ThingDef>

  <ThingDef ParentName="RoughPlantBase">
    <defName>PsychoidLeaves</defName>
    <label>psychoid leaves</label>
    <description>Raw cut leaves of a psychoid plant.</description>
    <graphicData>
      <texPath>Things/Item/Resource/PlantFoodRaw/PsychoidLeaves</texPath>
    </graphicData>
    <statBases>
      <MarketValue>2.2</MarketValue>
    </statBases>
    <comps>
      <li Class="CompProperties_Rottable">
        <daysToRotStart>30</daysToRotStart>
        <rotDestroys>true</rotDestroys>
      </li>
    </comps>
    <thingCategories>
      <li>PlantMatter</li>
    </thingCategories>
  </ThingDef>

  <ThingDef ParentName="RoughPlantBase">
    <defName>SmokeleafLeaves</defName>
    <label>smokeleaf leaves</label>
    <description>Raw cut leaves of a smokeleaf plant. Can be rolled into smokeable joint at a crafting spot.</description>
    <graphicData>
      <texPath>Things/Item/Resource/PlantFoodRaw/SmokeleafLeaves</texPath>
    </graphicData>
    <statBases>
      <MarketValue>2.0</MarketValue>
    </statBases>
    <comps>
      <li Class="CompProperties_Rottable">
        <daysToRotStart>30</daysToRotStart>
        <rotDestroys>true</rotDestroys>
      </li>
    </comps>
    <thingCategories>
      <li>PlantMatter</li>
    </thingCategories>
  </ThingDef>
  
</Defs>