﻿<?xml version="1.0" encoding="utf-8" ?>
<Defs>


  <ThingDef Name="UnfinishedBase" Abstract="True">
    <thingClass>UnfinishedThing</thingClass>
    <category>Item</category>
    <label>unfinished thing</label>
    <graphicData>
      <texPath>Things/Item/Unfinished/UnfinishedSculpture</texPath>
      <graphicClass>Graphic_Single</graphicClass>
    </graphicData>
    <altitudeLayer>Item</altitudeLayer>
    <useHitPoints>true</useHitPoints>
    <isUnfinishedThing>true</isUnfinishedThing>
    <scatterableOnMapGen>false</scatterableOnMapGen>
    <selectable>true</selectable>
    <tradeability>Never</tradeability>
    <drawerType>RealtimeOnly</drawerType>
    <!-- For CompForbiddable -->
    <statBases>
      <MaxHitPoints>50</MaxHitPoints>
			<DeteriorationRate>2.0</DeteriorationRate>
			<Beauty>-4</Beauty>
      <Mass>1</Mass> <!-- ingredients are added to this value -->
		</statBases>
    <comps>
      <li Class="CompProperties_Forbiddable"/>
    </comps>
    <alwaysHaulable>true</alwaysHaulable>
    <rotatable>false</rotatable>
    <pathCost>15</pathCost>
    <thingCategories>
      <li>Unfinished</li>
    </thingCategories>
    <stuffCategories>
      <li>Metallic</li>
      <li>Woody</li>
      <li>Stony</li>
    </stuffCategories>
  </ThingDef>

  <ThingDef ParentName="UnfinishedBase">
    <defName>UnfinishedSculpture</defName>
    <label>unfinished sculpture</label>
    <graphicData>
      <texPath>Things/Item/Unfinished/UnfinishedSculpture</texPath>
      <graphicClass>Graphic_Single</graphicClass>
    </graphicData>
    <stuffCategories>
      <li>Metallic</li>
      <li>Woody</li>
      <li>Stony</li>
    </stuffCategories>
  </ThingDef>

  <ThingDef ParentName="UnfinishedBase">
    <defName>UnfinishedGun</defName>
    <label>unfinished gun</label>
    <graphicData>
      <texPath>Things/Item/Unfinished/UnfinishedGun</texPath>
      <graphicClass>Graphic_Single</graphicClass>
    </graphicData>
    <stuffCategories />
  </ThingDef>
  
  <ThingDef ParentName="UnfinishedBase">
    <defName>UnfinishedWeapon</defName>
    <label>unfinished weapon</label>
    <graphicData>
      <texPath>Things/Item/Unfinished/UnfinishedWeapon</texPath>
      <graphicClass>Graphic_Single</graphicClass>
    </graphicData>
    <stuffCategories>
      <li>Metallic</li>
      <li>Woody</li>
      <li>Stony</li>
    </stuffCategories>
  </ThingDef>

  <ThingDef Name="UnfinishedTechArmor" ParentName="UnfinishedBase">
    <defName>UnfinishedTechArmor</defName>
    <label>unfinished armor</label>
    <graphicData>
      <texPath>Things/Item/Unfinished/UnfinishedTechArmor</texPath>
      <graphicClass>Graphic_Single</graphicClass>
    </graphicData>
    <stuffCategories />
  </ThingDef>
  
  <ThingDef ParentName="UnfinishedTechArmor">
    <defName>UnfinishedMetallicTechArmor</defName>
    <stuffCategories>
      <li>Metallic</li>
    </stuffCategories>
  </ThingDef>

  <ThingDef ParentName="UnfinishedBase">
    <defName>UnfinishedApparel</defName>
    <label>unfinished apparel</label>
    <graphicData>
      <texPath>Things/Item/Unfinished/UnfinishedApparel</texPath>
      <graphicClass>Graphic_Single</graphicClass>
    </graphicData>
    <stuffCategories>
      <li>Fabric</li>
      <li>Leathery</li>
      <li>Metallic</li>
    </stuffCategories>
    <comps>
      <li>
        <compClass>CompColorable</compClass>
      </li>
    </comps>
  </ThingDef>

  <ThingDef ParentName="UnfinishedBase">
    <defName>UnfinishedBelt</defName>
    <label>unfinished belt</label>
    <graphicData>
      <texPath>Things/Item/Unfinished/UnfinishedBelt</texPath>
      <graphicClass>Graphic_Single</graphicClass>
    </graphicData>
    <stuffCategories />
  </ThingDef>

  <ThingDef ParentName="UnfinishedBase">
    <defName>UnfinishedComponent</defName>
    <label>unfinished component</label>
    <graphicData>
      <texPath>Things/Item/Unfinished/UnfinishedComponent</texPath>
      <graphicClass>Graphic_Single</graphicClass>
    </graphicData>
    <stuffCategories />
  </ThingDef>

  <!-- ======================= Minified things ========================= -->

  <ThingDef Name="MinifiedBase" Abstract="True">
    <thingClass>MinifiedThing</thingClass>
    <category>Item</category>
    <useHitPoints>true</useHitPoints>
    <selectable>true</selectable>
    <altitudeLayer>Item</altitudeLayer>
    <scatterableOnMapGen>false</scatterableOnMapGen>
    <!-- for CompForbiddable -->
    <drawerType>RealtimeOnly</drawerType>
    <comps>
      <li Class="CompProperties_Forbiddable"/>
    </comps>
    <alwaysHaulable>true</alwaysHaulable>
    <rotatable>false</rotatable>
    <pathCost>15</pathCost>
  </ThingDef>

  <ThingDef ParentName="MinifiedBase">
    <defName>MinifiedSculpture</defName>
    <label>sculpture</label>
    <thingCategories>
      <li>Art</li>
    </thingCategories>
    <inspectorTabs>
      <li>ITab_Art</li>
    </inspectorTabs>
  </ThingDef>

  <ThingDef ParentName="MinifiedBase">
    <defName>MinifiedFurniture</defName>
    <label>furniture</label>
    <thingCategories>
      <li>Furniture</li>
    </thingCategories>
    <inspectorTabs>
      <li>ITab_Art</li>
    </inspectorTabs>
  </ThingDef>

  <!--
  <ThingDef ParentName="MinifiedBase">
    <defName>MinifiedCapsuleReactor</defName>
    <label>capsule reactor</label>
    <thingCategories>
      <li>Items</li>
    </thingCategories>
  </ThingDef>
  -->


</Defs>