﻿<?xml version="1.0" encoding="utf-8" ?>
<GameData>

  
  <ThingDef Name="ResourceVerbBase" ParentName="ResourceBase" Abstract="True">
    <equipmentType>Primary</equipmentType>
    <techLevel>Neolithic</techLevel>
    <comps>
      <li>
        <compClass>CompEquippable</compClass>
      </li>
    </comps>
  </ThingDef>

  <!--=============== AI persona core ====================-->


  <ThingDef ParentName="ResourceBase">
    <defName>AIPersonaCore</defName>
    <label>AI persona core</label>
    <description>A hyper-advanced computer core that houses a superhumanlike artificial intelligence. In its isolated state, the core is dormant. Installed in a proper support structure, however, it can become a mind of frightening power.</description>
    <graphicData>
      <texPath>Things/Item/Special/AIPersonaCore</texPath>
      <graphicClass>Graphic_Single</graphicClass>
    </graphicData>
    <resourceReadoutPriority>Middle</resourceReadoutPriority>
    <soundInteract>Metal_Drop</soundInteract>
    <soundDrop>Metal_Drop</soundDrop>
    <stackLimit>1</stackLimit>
    <useHitPoints>true</useHitPoints>
    <statBases>
      <MarketValue>4000</MarketValue>
      <MaxHitPoints>100</MaxHitPoints>
      <Mass>2</Mass>
    </statBases>
    <thingCategories>
      <li>Items</li>
    </thingCategories>
    <drawGUIOverlay>false</drawGUIOverlay>
    <tradeTags>
      <li>Exotic</li>
    </tradeTags>
  </ThingDef>

  <!--=============== Neurotrainer ====================-->

  <ThingDef ParentName="ResourceBase">
    <defName>Neurotrainer</defName>
    <label>neurotrainer</label>
    <thingClass>ThingWithComps</thingClass>
    <description>A one-use nanotech trainer device. The neurotrainer is inserted through the orbit of the eye and releases nanomachines into the subject's brain, quickly improving their skills in a specific area.</description>
    <graphicData>
      <texPath>Things/Item/Special/Neurotrainer</texPath>
      <graphicClass>Graphic_Single</graphicClass>
    </graphicData>
    <resourceReadoutPriority>Middle</resourceReadoutPriority>
    <stackLimit>1</stackLimit>
    <tradeNeverStack>true</tradeNeverStack>
    <useHitPoints>true</useHitPoints>
    <statBases>
      <MarketValue>1500</MarketValue>
      <MaxHitPoints>80</MaxHitPoints>
      <Mass>0.2</Mass>
			<DeteriorationRate>2.0</DeteriorationRate>
		</statBases>
    <thingCategories>
      <li>Items</li>
    </thingCategories>
    <drawGUIOverlay>false</drawGUIOverlay>
    <tradeTags>
      <li>Exotic</li>
    </tradeTags>
    <comps>
      <li Class="CompProperties_Usable">
        <compClass>CompNeurotrainer</compClass>
        <useJob>UseNeurotrainer</useJob>
        <useLabel>Use neurotrainer to learn {0}</useLabel>
      </li>
      <li Class="CompProperties_UseEffect">
        <compClass>CompUseEffect_LearnSkill</compClass>
      </li>
    </comps>
  </ThingDef>
  
  <!--=============== Thrumbo horn ====================-->
  
  <ThingDef ParentName="ResourceVerbBase">
    <defName>ThrumboHorn</defName>
    <label>thrumbo horn</label>
    <description>A thrumbo's horn. It's razor-sharp, very hard and priceless in most markets. This is a true trophy.</description>
    <graphicData>
      <texPath>Things/Item/Special/ThrumboHorn</texPath>
      <graphicClass>Graphic_Single</graphicClass>
    </graphicData>
    <equippedAngleOffset>-20</equippedAngleOffset>
    <statBases>
      <MarketValue>3000</MarketValue>
      <MaxHitPoints>150</MaxHitPoints>
      <Mass>3</Mass>
      <Flammability>1.0</Flammability>
      <DeteriorationRate>0.5</DeteriorationRate>
      <MeleeWeapon_DamageAmount>15</MeleeWeapon_DamageAmount>
      <MeleeWeapon_Cooldown>1.85</MeleeWeapon_Cooldown>
    </statBases>
    <resourceReadoutPriority>Middle</resourceReadoutPriority>
    <stackLimit>10</stackLimit>
    <verbs>
      <li>
        <verbClass>Verb_MeleeAttack</verbClass>
        <hasStandardCommand>true</hasStandardCommand>
        <meleeDamageDef>Scratch</meleeDamageDef>
      </li>
    </verbs>
    <thingCategories>
      <li>Items</li>
    </thingCategories>
    <tradeTags>
      <li>Exotic</li>
    </tradeTags>
  </ThingDef>
  
  <!--=============== Elephant tusk ====================-->
  
  <ThingDef ParentName="ResourceVerbBase">
    <defName>ElephantTusk</defName>
    <label>elephant tusk</label>
    <description>An elephant's tusk. Very durable and valuable. Deadly but somewhat unwieldy as a weapon.</description>
    <graphicData>
      <texPath>Things/Item/Special/ElephantTusk</texPath>
      <graphicClass>Graphic_Single</graphicClass>
    </graphicData>
    <equippedAngleOffset>-20</equippedAngleOffset>
    <statBases>
      <MarketValue>450</MarketValue>
      <MaxHitPoints>150</MaxHitPoints>
      <Mass>1.8</Mass>
      <Flammability>1.0</Flammability>
      <DeteriorationRate>0.5</DeteriorationRate>
      <MeleeWeapon_DamageAmount>16</MeleeWeapon_DamageAmount>
      <MeleeWeapon_Cooldown>2.5</MeleeWeapon_Cooldown>
    </statBases>
    <resourceReadoutPriority>Middle</resourceReadoutPriority>
    <stackLimit>10</stackLimit>
    <verbs>
      <li>
        <verbClass>Verb_MeleeAttack</verbClass>
        <hasStandardCommand>true</hasStandardCommand>
        <meleeDamageDef>Scratch</meleeDamageDef>
      </li>
    </verbs>
    <thingCategories>
      <li>Items</li>
    </thingCategories>
    <tradeTags>
      <li>Exotic</li>
    </tradeTags>
  </ThingDef>


</GameData>
