﻿<?xml version="1.0" encoding="utf-8" ?>
<Defs>

  <NeedDef>
    <DefName>Mood</DefName>
    <needClass>Need_Mood</needClass>
    <label>mood</label>
    <description>Mood represents how happy or stressed someone is. If mood gets too low, the person may suffer a mental break. There are several categories of mental breaks, of differing severities.</description>
    <showOnNeedList>false</showOnNeedList>
    <minIntelligence>Humanlike</minIntelligence>
    <baseLevel>0.40</baseLevel>
    <seekerRisePerHour>0.12</seekerRisePerHour>
    <seekerFallPerHour>0.04</seekerFallPerHour>
    <listPriority>1000</listPriority>
    <major>true</major>
    <freezeWhileSleeping>true</freezeWhileSleeping>
    <showForCaravanMembers>true</showForCaravanMembers>
  </NeedDef>

  <NeedDef>
    <DefName>Food</DefName>
    <needClass>Need_Food</needClass>
    <label>food</label>
    <description>Food is the amount of nutrition a creature has consumed recently. If it is at zero, a creature will become increasingly malnourished and eventually die.</description>
    <listPriority>800</listPriority>
    <major>true</major>
    <showForCaravanMembers>true</showForCaravanMembers>
  </NeedDef>

  <NeedDef>
    <DefName>Rest</DefName>
    <needClass>Need_Rest</needClass>
    <label>rest</label>
    <description>Rest is how much sleep a creature has gotten recently.</description>
    <listPriority>700</listPriority>
    <major>true</major>
    <showForCaravanMembers>true</showForCaravanMembers>
  </NeedDef>

  <NeedDef>
    <defName>Joy</defName>
    <needClass>Need_Joy</needClass>
    <label>joy</label>
    <description>Joy represents the need to do something pleasurable from time to time. Note that repeating the same kind of activity makes it less effective in gaining joy.</description>
    <minIntelligence>Humanlike</minIntelligence>
    <colonistsOnly>true</colonistsOnly>
		<neverOnPrisoner>true</neverOnPrisoner>
    <listPriority>500</listPriority>
    <major>true</major>
    <freezeWhileSleeping>true</freezeWhileSleeping>
  </NeedDef>
  
  <NeedDef>
    <DefName>Beauty</DefName>
    <needClass>Need_Beauty</needClass>
    <label>beauty</label>
    <description>Beauty reflects how visually pleasing a person has found their surroundings recently.</description>
    <minIntelligence>Humanlike</minIntelligence>
    <colonistAndPrisonersOnly>true</colonistAndPrisonersOnly>
    <baseLevel>0.4</baseLevel>
    <seekerRisePerHour>0.32</seekerRisePerHour>
    <seekerFallPerHour>0.08</seekerFallPerHour>
    <listPriority>300</listPriority>
    <freezeWhileSleeping>true</freezeWhileSleeping>
  </NeedDef>

  <NeedDef>
    <DefName>Comfort</DefName>
    <needClass>Need_Comfort</needClass>
    <label>comfort</label>
    <description>Comfort is gained by sitting in or sleeping on comfortable furniture.</description>
    <minIntelligence>Humanlike</minIntelligence>
    <colonistAndPrisonersOnly>true</colonistAndPrisonersOnly>
    <seekerRisePerHour>0.60</seekerRisePerHour>
    <seekerFallPerHour>0.04</seekerFallPerHour>
    <listPriority>200</listPriority>
  </NeedDef>

  <NeedDef>
    <DefName>Space</DefName>
    <needClass>Need_Space</needClass>
    <label>space</label>
    <description>Space reflects a sense of being physically free and able to move around. It is harmed by spending extended periods in cramped rooms.</description>
    <minIntelligence>Humanlike</minIntelligence>
    <colonistAndPrisonersOnly>true</colonistAndPrisonersOnly>
    <seekerRisePerHour>0.90</seekerRisePerHour>
    <seekerFallPerHour>0.90</seekerFallPerHour>
    <listPriority>100</listPriority>
  </NeedDef>

</Defs>