﻿<?xml version="1.0" encoding="utf-8" ?>
<Defs>

  <ItemCollectionGeneratorDef>
    <defName>AncientTempleContents</defName>
    <label>ancient temple contents</label>
    <workerClass>ItemCollectionGenerator_AncientTempleContents</workerClass>
  </ItemCollectionGeneratorDef>

  <ItemCollectionGeneratorDef>
    <defName>AncientPodContents</defName>
    <label>ancient pod contents</label>
    <workerClass>ItemCollectionGenerator_AncientPodContents</workerClass>
  </ItemCollectionGeneratorDef>

  <ItemCollectionGeneratorDef>
    <defName>DebugCaravanInventory</defName>
    <label>debug caravan inventory</label>
    <workerClass>ItemCollectionGenerator_DebugCaravanInventory</workerClass>
  </ItemCollectionGeneratorDef>

  <ItemCollectionGeneratorDef>
    <defName>TraderStock</defName>
    <label>trader stock</label>
    <workerClass>ItemCollectionGenerator_TraderStock</workerClass>
  </ItemCollectionGeneratorDef>

  <ItemCollectionGeneratorDef>
    <defName>CaravanRequestRewards</defName>
    <label>caravan request rewards</label>
    <workerClass>ItemCollectionGenerator_Rewards</workerClass>
  </ItemCollectionGeneratorDef>

  <ItemCollectionGeneratorDef>
    <defName>BanditCampQuestRewards</defName>
    <label>bandit camp quest rewards</label>
    <workerClass>ItemCollectionGenerator_Rewards</workerClass>
  </ItemCollectionGeneratorDef>

</Defs>