﻿<?xml version="1.0" encoding="utf-8" ?>
<Defs>

  <LifeStageDef>
    <defName>MechanoidFullyFormed</defName>
    <label>fully-formed</label>
    <visible>false</visible>
  </LifeStageDef>

  
  
  <LifeStageDef>
    <defName>HumanlikeBaby</defName>
    <label>baby</label>
    <bodySizeFactor>0.2</bodySizeFactor>
		<foodMaxFactor>1.5</foodMaxFactor>
		<healthScaleFactor>0.2</healthScaleFactor>
    <hungerRateFactor>0.2</hungerRateFactor>
    <marketValueFactor>0.5</marketValueFactor>
    <statFactors>
      <MoveSpeed>0.2</MoveSpeed>
    </statFactors>
  </LifeStageDef>

  <LifeStageDef>
    <defName>HumanlikeToddler</defName>
    <label>toddler</label>
    <bodySizeFactor>0.32</bodySizeFactor>
		<foodMaxFactor>1.5</foodMaxFactor>
		<healthScaleFactor>0.4</healthScaleFactor>
    <hungerRateFactor>0.4</hungerRateFactor>
    <marketValueFactor>0.7</marketValueFactor>
    <statFactors>
      <MoveSpeed>0.3</MoveSpeed>
    </statFactors>
  </LifeStageDef>

  <LifeStageDef>
    <defName>HumanlikeChild</defName>
    <label>child</label>
    <bodySizeFactor>0.5</bodySizeFactor>
    <healthScaleFactor>0.5</healthScaleFactor>
    <hungerRateFactor>0.6</hungerRateFactor>
    <marketValueFactor>0.9</marketValueFactor>
    <statFactors>
      <MoveSpeed>0.65</MoveSpeed>
    </statFactors>
  </LifeStageDef>

  <LifeStageDef>
    <defName>HumanlikeTeenager</defName>
    <label>teenager</label>
    <adjective>teenage</adjective>
    <reproductive>true</reproductive>
    <bodySizeFactor>0.85</bodySizeFactor>
    <healthScaleFactor>0.90</healthScaleFactor>
    <statFactors>
      <MoveSpeed>0.95</MoveSpeed>
    </statFactors>
  </LifeStageDef>
  
  <LifeStageDef>
    <defName>HumanlikeAdult</defName>
    <label>adult</label>
    <visible>false</visible>
    <reproductive>true</reproductive>
  </LifeStageDef>



  <LifeStageDef>
    <defName>EusocialInsectLarva</defName>
    <label>larva</label>
    <voxPitch>1.6</voxPitch>
    <voxVolume>0.4</voxVolume>
    <bodySizeFactor>0.2</bodySizeFactor>
		<foodMaxFactor>2</foodMaxFactor>
		<healthScaleFactor>0.25</healthScaleFactor>
    <hungerRateFactor>0.4</hungerRateFactor>
    <marketValueFactor>0.4</marketValueFactor>
    <statFactors>
      <MoveSpeed>0.5</MoveSpeed>
    </statFactors>
  </LifeStageDef>

  <LifeStageDef>
    <defName>EusocialInsectJuvenile</defName>
    <label>immature</label>
    <voxPitch>1.2</voxPitch>
    <bodySizeFactor>0.5</bodySizeFactor>
		<foodMaxFactor>1.5</foodMaxFactor>
		<healthScaleFactor>0.6</healthScaleFactor>
    <hungerRateFactor>0.75</hungerRateFactor>
    <marketValueFactor>0.75</marketValueFactor>
    <statFactors>
      <MoveSpeed>0.9</MoveSpeed>
    </statFactors>
  </LifeStageDef>

  <LifeStageDef>
    <defName>EusocialInsectAdult</defName>
    <label>adult</label>
    <visible>false</visible>
    <milkable>true</milkable>
  </LifeStageDef>




  <LifeStageDef Name="AnimalBaby">
    <defName>AnimalBaby</defName>
    <label>baby</label>
    <voxPitch>1.6</voxPitch>
    <voxVolume>0.8</voxVolume>
    <bodySizeFactor>0.2</bodySizeFactor>
		<foodMaxFactor>2</foodMaxFactor>
		<healthScaleFactor>0.25</healthScaleFactor>
		<hungerRateFactor>0.4</hungerRateFactor>
		<marketValueFactor>0.4</marketValueFactor>
		<statFactors>
      <MoveSpeed>0.5</MoveSpeed>
    </statFactors>
  </LifeStageDef>

	<LifeStageDef ParentName="AnimalBaby">
		<defName>AnimalBabyTiny</defName>
		<bodySizeFactor>0.1</bodySizeFactor>
		<foodMaxFactor>4</foodMaxFactor>
	</LifeStageDef>

  <LifeStageDef>
    <defName>AnimalJuvenile</defName>
    <label>juvenile</label>
    <voxPitch>1.2</voxPitch>
    <bodySizeFactor>0.5</bodySizeFactor>
		<foodMaxFactor>1.5</foodMaxFactor>
		<healthScaleFactor>0.6</healthScaleFactor>
    <hungerRateFactor>0.75</hungerRateFactor>
    <marketValueFactor>0.75</marketValueFactor>
    <statFactors>
      <MoveSpeed>0.9</MoveSpeed>
    </statFactors>
  </LifeStageDef>

  <LifeStageDef>
    <defName>AnimalAdult</defName>
    <label>adult</label>
    <visible>false</visible>
    <reproductive>true</reproductive>
    <milkable>true</milkable>
    <shearable>true</shearable>
  </LifeStageDef>
  
</Defs>
