﻿<?xml version="1.0" encoding="utf-8" ?>
<Defs>

	<DifficultyDef>
		<defName>Peaceful</defName>
		<label>Peaceful</label>
		<description>For those who want to relax and build a colony in a sandbox-like environment.\n\nMajor threatening events are disabled, but colonists can still get grumpy and animals can still go crazy from time to time.</description>
		<difficulty>0</difficulty>
		<threatScale>0.05</threatScale>
		<allowBigThreats>false</allowBigThreats>
    <allowIntroThreats>false</allowIntroThreats>
    <peacefulTemples>true</peacefulTemples>
    	<allowCaveHives>false</allowCaveHives>
		<colonistMoodOffset>10</colonistMoodOffset>
		<cropYieldFactor>1.30</cropYieldFactor>
		<diseaseIntervalFactor>3</diseaseIntervalFactor>
		<enemyReproductionRateFactor>0.1</enemyReproductionRateFactor>
		<playerPawnInfectionChanceFactor>0.3</playerPawnInfectionChanceFactor>
    <manhunterChanceOnDamageFactor>0.25</manhunterChanceOnDamageFactor>
	</DifficultyDef>

	<DifficultyDef>
		<defName>VeryEasy</defName>
		<label>Base builder</label>
		<description>For those who want to build a colony with a taste of danger.\n\nMajor threats appear, but they're weakened. Some of the extremely dangerous events are disabled.</description>
    <difficulty>1</difficulty>
    <threatScale>0.10</threatScale>
		<colonistMoodOffset>10</colonistMoodOffset>
		<cropYieldFactor>1.30</cropYieldFactor>
		<diseaseIntervalFactor>3</diseaseIntervalFactor>
    <enemyReproductionRateFactor>0.1</enemyReproductionRateFactor>
		<playerPawnInfectionChanceFactor>0.5</playerPawnInfectionChanceFactor>
	</DifficultyDef>

	<DifficultyDef>
		<defName>Easy</defName>
		<label>Some challenge</label>
		<description>For players on their first game, or casual players who still want a challenge.\n\nThreats are dangerous but not brutal.</description>
    <difficulty>2</difficulty>
    <threatScale>0.35</threatScale>
		<colonistMoodOffset>5</colonistMoodOffset>
		<tradePriceFactorLoss>0.05</tradePriceFactorLoss>
		<cropYieldFactor>1.20</cropYieldFactor>
		<diseaseIntervalFactor>1.5</diseaseIntervalFactor>
    <enemyReproductionRateFactor>0.4</enemyReproductionRateFactor>
		<playerPawnInfectionChanceFactor>0.75</playerPawnInfectionChanceFactor>
	</DifficultyDef>

	<DifficultyDef>
		<defName>Medium</defName>
		<label>Rough</label>
		<description>It's a rough planet.\n\nThreats can be quite dangerous. Not recommended until you've got some experience with the game.</description>
    <difficulty>3</difficulty>
    <threatScale>0.65</threatScale>
		<colonistMoodOffset>0</colonistMoodOffset>
		<tradePriceFactorLoss>0.10</tradePriceFactorLoss>
		<cropYieldFactor>1</cropYieldFactor>
		<diseaseIntervalFactor>1</diseaseIntervalFactor>
    <enemyReproductionRateFactor>1</enemyReproductionRateFactor>
	</DifficultyDef>

	<DifficultyDef>
		<defName>Hard</defName>
		<label>Intense</label>
		<description>A significant challenge.\n\nSucceeding at this level requires a solid and well-rounded understanding of survival strategies, and some luck.</description>
    <difficulty>4</difficulty>
    <threatScale>1.0</threatScale>
		<colonistMoodOffset>-3</colonistMoodOffset>
		<tradePriceFactorLoss>0.15</tradePriceFactorLoss>
		<cropYieldFactor>1</cropYieldFactor>
		<diseaseIntervalFactor>1</diseaseIntervalFactor>
    <enemyReproductionRateFactor>1</enemyReproductionRateFactor>
  </DifficultyDef>

	<DifficultyDef>
		<defName>VeryHard</defName>
		<label>Extreme</label>
		<description>As hard as a diamond-bladed dagger.\n\nEnemies are numerous, prices are poor, food is scarce, and colonists are grumpy. For those who enjoy digital suffering.</description>
    <difficulty>5</difficulty>
    <threatScale>1.3</threatScale>
		<colonistMoodOffset>-8</colonistMoodOffset>
		<tradePriceFactorLoss>0.20</tradePriceFactorLoss>
		<cropYieldFactor>0.9</cropYieldFactor>
		<diseaseIntervalFactor>0.9</diseaseIntervalFactor>
    <enemyReproductionRateFactor>1</enemyReproductionRateFactor>
		<playerPawnInfectionChanceFactor>1.1</playerPawnInfectionChanceFactor>
	</DifficultyDef>
	
</Defs>
