<?xml version="1.0" encoding="utf-8" ?>
<Defs>

  <SitePartDef Name="Outpost">
    <defName>Outpost</defName>
    <label>outpost</label>
    <description>A small, guarded outpost.</description>
    <workerClass>SitePartWorker_Outpost</workerClass>
    <siteTexture>World/WorldObjects/Sites/Outpost</siteTexture>
    <expandingIconTexture>World/WorldObjects/Expanding/Sites/Outpost</expandingIconTexture>
    <applyFactionColorToSiteTexture>true</applyFactionColorToSiteTexture>
    <showFactionInInspectString>true</showFactionInInspectString>
    <requiresFaction>true</requiresFaction>
    <approachOrderString>Attack {0}</approachOrderString>
    <approachingReportString>Attacking {0}</approachingReportString>
    <arrivedLetter>There is an enemy outpost in this area.</arrivedLetter>
    <arrivedLetterDef>NegativeEvent</arrivedLetterDef>
    <wantsThreatPoints>true</wantsThreatPoints>
    <minThreatPoints>300</minThreatPoints>
    <tags>
      <li>Outpost</li>
      <li>MineralScannerPreciousLumpThreat</li>
      <li>ItemStashQuestThreat</li>
      <li>DownedRefugeeQuestThreat</li>
      <li>PrisonerRescueQuestThreat</li>
      <li>QuestActiveThreatDefense</li>
      <li>QuestActiveThreatDefenseNoHidden</li>
    </tags>
    <excludesTags>
      <li>MechCluster</li>
      <li>SleepingMechanoids</li>
      <li>Manhunters</li>
    </excludesTags>
  </SitePartDef>

  <GenStepDef>
    <defName>Outpost</defName>
    <linkWithSite>Outpost</linkWithSite>
    <order>450</order>
    <genStep Class="GenStep_Outpost"/>
  </GenStepDef>

  <GenStepDef>
    <defName>OutpostPower</defName>
    <linkWithSite>Outpost</linkWithSite>
    <order>451</order>
    <genStep Class="GenStep_Power"/>
  </GenStepDef>

</Defs>
