﻿<?xml version="1.0" encoding="utf-8" ?>
<Defs>

  <DesignationCategoryDef>
    <defName>Orders</defName>
    <label>orders</label>
    <description>Designate specific interactions with specific things.</description>
    <order>900</order>
    <specialDesignatorClasses>
      <li>Designator_Cancel</li>
      <li>Designator_Deconstruct</li>
      <li>Designator_Mine</li>
      <li>Designator_Haul</li>
      <li>Designator_PlantsCut</li>
      <li>Designator_PlantsHarvest</li>
      <li>Designator_PlantsHarvestWood</li>
      <li>Designator_Hunt</li>
      <li>Designator_Slaughter</li>
      <li>Designator_Tame</li>
      <li>Designator_Uninstall</li>
      <li>Designator_Claim</li>
      <li>Designator_Strip</li>
      <li>Designator_RearmTrap</li>
      <li>Designator_Open</li>
      <li>Designator_PlanAdd</li>
      <li>Designator_PlanRemove</li> 
    </specialDesignatorClasses>
  </DesignationCategoryDef>
  
  <DesignationCategoryDef>
    <defName>Zone</defName>
    <label>zone/Area</label>
    <description>Designate zones and areas where colonists will do certain activities.</description>
    <order>800</order>
    <specialDesignatorClasses>
      <li>Designator_Cancel</li>
      <li>Designator_Deconstruct</li> 
      <li>Designator_ZoneAddStockpile_Resources</li>
      <li>Designator_ZoneAddStockpile_Dumping</li>
      <li>Designator_ZoneAdd_Growing</li>
      <li>Designator_ZoneDelete</li>
      <li>Designator_AreaHomeExpand</li>
      <li>Designator_AreaHomeClear</li>
      <li>Designator_AreaBuildRoof</li>
      <li>Designator_AreaNoRoof</li>
      <li>Designator_AreaIgnoreRoof</li>
      <li>Designator_AreaSnowClearExpand</li>
      <li>Designator_AreaSnowClearClear</li>
      <li>Designator_AreaAllowedExpand</li>
      <li>Designator_AreaAllowedClear</li>
    </specialDesignatorClasses>
  </DesignationCategoryDef>

  <DesignationCategoryDef>
    <defName>Structure</defName>
    <label>structure</label>
    <description>Structural constructions like walls and power cables.</description>
    <order>700</order>
    <specialDesignatorClasses>
      <li>Designator_Cancel</li>
      <li>Designator_Deconstruct</li>
    </specialDesignatorClasses>
  </DesignationCategoryDef>

  <DesignationCategoryDef>
    <defName>Production</defName>
    <label>production</label>
    <description>Structures used for producting goods.</description>
    <order>600</order>
    <specialDesignatorClasses>
      <li>Designator_Cancel</li>
      <li>Designator_Deconstruct</li>
    </specialDesignatorClasses>
  </DesignationCategoryDef>

  <DesignationCategoryDef>
    <defName>Furniture</defName>
    <label>furniture</label>
    <description>Small constructions.</description>
    <order>500</order>
    <specialDesignatorClasses>
      <li>Designator_Cancel</li>
      <li>Designator_Deconstruct</li>
    </specialDesignatorClasses>
  </DesignationCategoryDef>

  <DesignationCategoryDef>
    <defName>Power</defName>
    <label>power</label>
    <description>Electricity production, transmission, and management.</description>
    <order>400</order>
    <showPowerGrid>true</showPowerGrid>
    <specialDesignatorClasses>
      <li>Designator_Cancel</li>
      <li>Designator_Deconstruct</li>
    </specialDesignatorClasses>
  </DesignationCategoryDef>

  <DesignationCategoryDef>
    <defName>Security</defName>
    <label>security</label>
    <description>Security and combat-oriented constructions.</description>
    <order>300</order>
    <specialDesignatorClasses>
      <li>Designator_Cancel</li>
      <li>Designator_Deconstruct</li>
    </specialDesignatorClasses>
  </DesignationCategoryDef>

  <DesignationCategoryDef>
    <defName>Misc</defName>
    <label>misc</label>
    <description>Miscellaneous constructibles.</description>
    <order>250</order>
    <specialDesignatorClasses>
      <li>Designator_Cancel</li>
      <li>Designator_Deconstruct</li>
    </specialDesignatorClasses>
  </DesignationCategoryDef>

  <DesignationCategoryDef>
    <defName>Floors</defName>
    <label>floors</label>
    <description>Flooring.</description>
    <order>200</order>
    <specialDesignatorClasses>
      <li>Designator_Cancel</li>
      <li>Designator_SmoothFloor</li>
      <li>Designator_RemoveFloor</li>
    </specialDesignatorClasses>
  </DesignationCategoryDef>

  <DesignationCategoryDef>
    <defName>Joy</defName>
    <label>joy</label>
    <description>Entertaining or pleasurable things for colonists to enjoy.</description>
    <order>100</order>
    <specialDesignatorClasses>
      <li>Designator_Cancel</li>
      <li>Designator_Deconstruct</li>
    </specialDesignatorClasses>
  </DesignationCategoryDef>

  <DesignationCategoryDef>
    <defName>Ship</defName>
    <label>ship</label>
    <description>Components of your escape ship.</description>
    <order>50</order>
    <specialDesignatorClasses>
      <li>Designator_Cancel</li>
      <li>Designator_Deconstruct</li>
    </specialDesignatorClasses>
  </DesignationCategoryDef>

  <DesignationCategoryDef>
    <defName>Temperature</defName>
    <label>temperature</label>
    <description>Things for controlling temperature.</description>
    <order>25</order>
    <specialDesignatorClasses>
      <li>Designator_Cancel</li>
      <li>Designator_Deconstruct</li>
    </specialDesignatorClasses>
  </DesignationCategoryDef>
  
  
</Defs>