﻿<?xml version="1.0" encoding="utf-8" ?>
<Defs>


	<IncidentDef>
		<defName>QuestBanditCamp</defName>
		<label>bandit camp opportunity</label>
		<category>Misc</category>
		<targetType>World</targetType>
		<workerClass>IncidentWorker_QuestBanditCamp</workerClass>
		<letterLabel>Bandit camp opportunity</letterLabel>
		<letterText>{0}, {1} of {2}, has sent us a message.\n\nApparently bandits based in a nearby camp have been raiding their caravans. They've asked us to destroy it, which means eliminating all enemies and turrets.\n\nIf we succeed, their relations will improve, and they'll send us this reward:\n\n{3}</letterText>
		<letterDef>Good</letterDef>
		<baseChance>1.3</baseChance>
		<minRefireDays>5</minRefireDays>
		<chanceFactorByPopulationCurve>
			<points>
				<li>(3,0)</li>
				<li>(7,1)</li>
			</points>
		</chanceFactorByPopulationCurve>
	</IncidentDef>

	<IncidentDef>
		<defName>QuestItemStash</defName>
		<label>item stash opportunity</label>
		<category>Misc</category>
		<targetType>World</targetType>
		<workerClass>IncidentWorker_QuestItemStash</workerClass>
		<letterLabel>Item stash opportunity</letterLabel>
		<letterText>{0}, {1} of {2}, has sent us a message.\n\nThey've learned that a collection of valuable items have been left for the taking not far from us. The collection consists of:\n\n{3}\n\nUnfortunately, it won’t last - others will take the items in {4} days if we don't.\n\nValuables tend to attract danger, so beware.\n\n{5}</letterText>
		<letterDef>Good</letterDef>
		<baseChance>1.3</baseChance>
		<minRefireDays>5</minRefireDays>
		<chanceFactorByPopulationCurve>
			<points>
				<li>(2,0)</li>
				<li>(7,1)</li>
			</points>
		</chanceFactorByPopulationCurve>
	</IncidentDef>
	
</Defs>