﻿<?xml version="1.0" encoding="utf-8" ?>
<IncidentDefs>

  <!--=============== ShipChunkDrop =============-->
  
  <IncidentDef>
    <defName>ShipChunkDrop</defName>
    <label>ship chunk drop</label>
    <targetType>MapPlayerHome</targetType>
    <workerClass>IncidentWorker_ShipChunkDrop</workerClass>
    <category>ShipChunkDrop</category>
		<baseChance>3</baseChance>
	</IncidentDef>

  <!--=============== OrbitalVisitor =============-->

  <IncidentDef>
    <defName>OrbitalTraderArrival</defName>
    <label>orbital trader arrival</label>
    <targetType>MapPlayerHome</targetType>
    <workerClass>IncidentWorker_OrbitalTraderArrival</workerClass>
    <category>OrbitalVisitor</category>
    <baseChance>3</baseChance>
  </IncidentDef>

<!--================= AllyArrival ================-->

  <IncidentDef>
    <defName>TraderCaravanArrival</defName>
    <label>trader caravan arrival</label>
    <targetType>MapPlayerHome</targetType>
    <workerClass>IncidentWorker_TraderCaravanArrival</workerClass>
    <category>AllyArrival</category>
    <baseChance>4</baseChance>
  </IncidentDef>

  <IncidentDef>
    <defName>VisitorGroup</defName>
    <label>visitor group</label>
    <targetType>MapPlayerHome</targetType>
    <workerClass>IncidentWorker_VisitorGroup</workerClass>
    <category>AllyArrival</category>
    <baseChance>4</baseChance>
    <pointsScaleable>true</pointsScaleable>
  </IncidentDef>

  <IncidentDef>
    <defName>TravelerGroup</defName>
    <label>traveler group</label>
    <targetType>MapPlayerHome</targetType>
    <workerClass>IncidentWorker_TravelerGroup</workerClass>
    <category>AllyArrival</category>
    <baseChance>4</baseChance>
    <pointsScaleable>true</pointsScaleable>
  </IncidentDef>

	<!--================= AllyAssistance ================-->

	<IncidentDef>
		<defName>RaidFriendly</defName>
		<label>friendly raid</label>
		<category>AllyAssistance</category>
		<targetType>MapPlayerHome</targetType>
		<workerClass>IncidentWorker_RaidFriendly</workerClass>
		<baseChance>3.0</baseChance>
		<pointsScaleable>true</pointsScaleable>
	</IncidentDef>
	
</IncidentDefs>