﻿<?xml version="1.0" encoding="utf-8" ?>
<IncidentDefs>

  <!-- =============================== Threats =============================== -->

  <IncidentDef>
    <defName>Ambush</defName>
    <label>ambush</label>
    <targetType>Caravan, MapTempIncident</targetType>
    <category>CaravanTarget</category>
    <workerClass>IncidentWorker_Ambush_EnemyFaction</workerClass>
    <pointsScaleable>true</pointsScaleable>
    <minRefireDays>0.17</minRefireDays>
    <letterText>Your caravan has been ambushed by {0} from {1}!</letterText>
    <letterLabel>Caravan ambushed</letterLabel>
    <letterDef>BadUrgent</letterDef>
    <mtbDaysByBiome>
      <TemperateForest>20</TemperateForest>
      <BorealForest>20</BorealForest>
      <TropicalRainforest>20</TropicalRainforest>
      <AridShrubland>20</AridShrubland>
      <Desert>30</Desert>
			<Tundra>30</Tundra>
			<ExtremeDesert>35</ExtremeDesert>
			<IceSheet>40</IceSheet>
      <SeaIce>60</SeaIce>
    </mtbDaysByBiome>
  </IncidentDef>
  
  <IncidentDef>
    <defName>ManhunterAmbush</defName>
    <label>manhunter ambush</label>
    <targetType>Caravan, MapTempIncident</targetType>
    <category>CaravanTarget</category>
    <workerClass>IncidentWorker_Ambush_ManhunterPack</workerClass>
    <pointsScaleable>true</pointsScaleable>
    <minRefireDays>0.17</minRefireDays>
    <letterText>Your caravan has been ambushed by manhunting {0}!</letterText>
    <letterLabel>Caravan ambushed (manhunters)</letterLabel>
    <letterDef>BadUrgent</letterDef>
    <mtbDaysByBiome>
			<TemperateForest>20</TemperateForest>
			<BorealForest>20</BorealForest>
			<TropicalRainforest>20</TropicalRainforest>
			<AridShrubland>20</AridShrubland>
			<Desert>30</Desert>
			<Tundra>30</Tundra>
			<ExtremeDesert>35</ExtremeDesert>
			<IceSheet>40</IceSheet>
			<SeaIce>60</SeaIce>
    </mtbDaysByBiome>
  </IncidentDef>
  
  <WorldObjectDef>
    <defName>Ambush</defName>
    <label>ambush</label>
    <description>An ongoing ambush battle.</description>
    <worldObjectClass>CaravansBattlefield</worldObjectClass>
    <texture>World/WorldObjects/Ambush</texture>
    <expandingIcon>true</expandingIcon>
    <expandingIconTexture>World/WorldObjects/Expanding/Ambush</expandingIconTexture>
    <expandingIconPriority>80</expandingIconPriority>
    <blockExitGridUntilBattleIsWon>true</blockExitGridUntilBattleIsWon>
    <isTempIncidentMapOwner>true</isTempIncidentMapOwner>
  </WorldObjectDef>

  <!--================================ Good ================================-->
  
  <IncidentDef>
    <defName>CaravanMeeting</defName>
    <label>caravan meeting</label>
    <targetType>Caravan, MapTempIncident</targetType>
    <category>CaravanTarget</category>
    <workerClass>IncidentWorker_CaravanMeeting</workerClass>
    <minRefireDays>0.17</minRefireDays>
    <mtbDaysByBiome>
      <TemperateForest>10</TemperateForest>
      <BorealForest>10</BorealForest>
      <AridShrubland>10</AridShrubland>
      <TropicalRainforest>10</TropicalRainforest>
      <Desert>15</Desert>
			<Tundra>15</Tundra>
			<ExtremeDesert>25</ExtremeDesert>
      <IceSheet>35</IceSheet>
      <SeaIce>80</SeaIce>
    </mtbDaysByBiome>
  </IncidentDef>

  <!--==================================== Bad ==================================-->

  <IncidentDef>
    <defName>CaravanDemand</defName>
    <label>payment demand</label>
    <targetType>Caravan</targetType>
    <category>CaravanTarget</category>
    <workerClass>IncidentWorker_CaravanDemand</workerClass>
    <letterText>Your caravan has been ambushed by {0} from {1}!</letterText>
    <letterLabel>Caravan ambushed</letterLabel>
    <letterDef>BadUrgent</letterDef>
    <pointsScaleable>true</pointsScaleable>
    <mtbDaysByBiome>
      <TemperateForest>20</TemperateForest>
      <BorealForest>20</BorealForest>
      <TropicalRainforest>20</TropicalRainforest>
      <AridShrubland>20</AridShrubland>
      <Desert>30</Desert>
      <Tundra>30</Tundra>
      <ExtremeDesert>35</ExtremeDesert>
      <IceSheet>40</IceSheet>
      <SeaIce>60</SeaIce>
    </mtbDaysByBiome>
  </IncidentDef>
  
</IncidentDefs>