﻿<?xml version="1.0" encoding="utf-8" ?>
<Defs>

	<!-- ============================== Big threats ==============================-->
	
  <IncidentDef>
    <defName>RaidEnemy</defName>
    <label>enemy raid</label>
    <targetType>MapPlayerHome</targetType>
    <workerClass>IncidentWorker_RaidEnemy</workerClass>
    <baseChance>7.4</baseChance>
    <category>ThreatBig</category>
    <pointsScaleable>true</pointsScaleable>
  </IncidentDef>

  <IncidentDef>
    <defName>Infestation</defName>
    <label>infestation</label>
    <targetType>MapPlayerHome</targetType>
    <workerClass>IncidentWorker_Infestation</workerClass>
    <letterLabel>Infestation</letterLabel>
    <letterText>A bug hive has emerged!\n\nIt will slowly spawn bugs as well as produce additional hives. If you don't want it to infest the whole area, muster your forces and destroy it. But beware - the bugs will defend their hive.</letterText>
    <letterDef>BadUrgent</letterDef>
    <baseChance>2.7</baseChance>
    <minRefireDays>20</minRefireDays>
    <category>ThreatBig</category>
    <pointsScaleable>true</pointsScaleable>
    <minThreatPoints>400</minThreatPoints>
  </IncidentDef>

  <IncidentDef>
    <defName>ManhunterPack</defName>
    <label>manhunter pack</label>
    <targetType>MapPlayerHome</targetType>
    <workerClass>IncidentWorker_ManhunterPack</workerClass>
    <baseChance>2.0</baseChance>
    <category>ThreatBig</category>
    <minRefireDays>8</minRefireDays>
    <pointsScaleable>true</pointsScaleable>
  </IncidentDef>

  <IncidentDef>
    <defName>PsychicEmanatorShipPartCrash</defName>
    <label>ship part crash (psychic)</label>
    <targetType>MapPlayerHome</targetType>
    <workerClass>IncidentWorker_PsychicEmanatorShipPartCrash</workerClass>
    <letterLabel>Psychic ship</letterLabel>
    <letterText>A large piece of an ancient ship has crashed nearby.\n\nYour colonists can feel it in the back of their mind, exhorting unspeakable acts. It must have an onboard AI persona with psychic projection ability. And this AI is not friendly.\n\nDestroy it as soon as possible.</letterText>
    <letterDef>BadNonUrgent</letterDef>
    <baseChance>2.0</baseChance>
    <minRefireDays>15</minRefireDays>
    <tags>
      <li>MechanoidShip</li>
    </tags>
    <refireCheckTags>
      <li>MechanoidShip</li>
    </refireCheckTags>
    <category>ThreatBig</category>
    <pointsScaleable>true</pointsScaleable>
    <minThreatPoints>450</minThreatPoints>
    <shipPart>CrashedPsychicEmanatorShipPart</shipPart>
  </IncidentDef>
  
  <IncidentDef>
    <defName>PoisonShipPartCrash</defName>
    <label>ship part crash (poison)</label>
    <targetType>MapPlayerHome</targetType>
    <workerClass>IncidentWorker_PoisonShipPartCrash</workerClass>
    <letterLabel>Poison ship</letterLabel>
    <letterText>A large piece of an ancient ship has crashed nearby.\n\nIt is leaking toxic material and will kill all plants in an expanding circle around itself.\n\nDestroy it as soon as possible.</letterText>
    <letterDef>BadNonUrgent</letterDef>
    <baseChance>2.0</baseChance>
    <minRefireDays>15</minRefireDays>
    <tags>
      <li>MechanoidShip</li>
    </tags>
    <refireCheckTags>
      <li>MechanoidShip</li>
    </refireCheckTags>
    <category>ThreatBig</category>
    <pointsScaleable>true</pointsScaleable>
    <minThreatPoints>450</minThreatPoints>
    <shipPart>CrashedPoisonShipPart</shipPart>
  </IncidentDef>
  
  <IncidentDef>
    <defName>AnimalInsanityMass</defName>
    <label>mass animal insanity</label>
    <targetType>MapPlayerHome</targetType>
    <workerClass>IncidentWorker_AnimalInsanityMass</workerClass>
    <baseChance>1.3</baseChance>
    <minRefireDays>1</minRefireDays>
    <category>ThreatBig</category>
    <pointsScaleable>true</pointsScaleable>
  </IncidentDef>

	<!-- ============================== Small threats ==============================-->

	<IncidentDef>
		<defName>AnimalInsanitySingle</defName>
		<label>single animal insanity</label>
		<targetType>MapPlayerHome</targetType>
		<workerClass>IncidentWorker_AnimalInsanitySingle</workerClass>
		<baseChance>5</baseChance>
		<minRefireDays>2</minRefireDays>
		<category>ThreatSmall</category>
	</IncidentDef>

</Defs>