﻿<?xml version="1.0" encoding="utf-8" ?>
<StorytellerDefs>

	<StorytellerDef Name="BaseStoryteller" Abstract="True">
		<populationIntentFromTimeCurve>
			<points>
				<li>0, 0.15</li>
				<li>3, 0.15</li>
				<li>10, 1</li>
			</points>
		</populationIntentFromTimeCurve>
	</StorytellerDef>
	
  <StorytellerDef ParentName="BaseStoryteller">
		<defName>Cassandra</defName>
    <label>Cassandra Classic</label>
    <description>Cassandra creates story events on a steadily-increasing curve of challenge and tension.</description>
    <portraitLarge>UI/HeroArt/Storytellers/CassandraClassic</portraitLarge>
    <portraitTiny>UI/HeroArt/Storytellers/CassandraClassicTiny</portraitTiny>
    <listOrder>20</listOrder>
		<populationIntentFromPopCurve>
			<points>
				<li>0, 8</li>
				<li>1, 4</li>
				<li>5, 1</li>
				<li>9, 0.5</li>
				<li>13, 0</li>
				<li>18, -1</li>
			</points>
		</populationIntentFromPopCurve>
    <comps>
      <li Class="StorytellerCompProperties_ClassicIntro"/>
      <li Class="StorytellerCompProperties_ThreatCycle">
        <minDaysPassed>5</minDaysPassed>
        <mtbDaysThreatSmall>3.75</mtbDaysThreatSmall>
        <mtbDaysThreatBig>1.20</mtbDaysThreatBig>
        <threatOffDays>6.0</threatOffDays>
        <threatOnDays>4.6</threatOnDays>
        <minDaysBetweenThreatBigs>1.9</minDaysBetweenThreatBigs>
      </li>
      <li Class="StorytellerCompProperties_CategoryMTB">
				<allowedTargetTypes>MapPlayerHome</allowedTargetTypes>
				<minDaysPassed>5</minDaysPassed>
        <category>Misc</category>
				<mtbDays>3.0</mtbDays>
			</li>
			<li Class="StorytellerCompProperties_CategoryMTB">
				<allowedTargetTypes>World</allowedTargetTypes>
				<minDaysPassed>15</minDaysPassed>
				<category>Misc</category>
				<mtbDays>8</mtbDays>
			</li>
      <li Class="StorytellerCompProperties_AllyInteraction">
        <minDaysPassed>5</minDaysPassed>
        <baseMtb>6</baseMtb>
        <allowedTargetTypes>MapPlayerHome</allowedTargetTypes>
      </li>
      <li Class="StorytellerCompProperties_AllyAssistance">
        <baseMtb>10</baseMtb>
      </li>
      <li Class="StorytellerCompProperties_SingleMTB">
        <incident>OrbitalTraderArrival</incident>
        <mtbDays>13</mtbDays>
      </li>
      <li Class="StorytellerCompProperties_ShipChunkDrop"/>
      <li Class="StorytellerCompProperties_Disease">
        <minDaysPassed>7</minDaysPassed>
      </li>
      <li Class="StorytellerCompProperties_CategoryIndividualMTBByBiome">
        <category>CaravanTarget</category>
      </li>
      <li Class="StorytellerCompProperties_JourneyOffer"/>
    </comps>
  </StorytellerDef>

	<StorytellerDef ParentName="BaseStoryteller">
		<defName>Phoebe</defName>
    <label>Phoebe Chillax</label>
		<description>Phoebe gives lots of time between disasters to relax and build your colony. But beware - at high difficulties, she'll hit as hard as anyone.</description>
    <portraitLarge>UI/HeroArt/Storytellers/PhoebeFriendly</portraitLarge>
    <portraitTiny>UI/HeroArt/Storytellers/PhoebeFriendlyTiny</portraitTiny>
    <listOrder>30</listOrder>
		<populationIntentFromPopCurve>
			<points>
				<li>0, 8</li>
				<li>1, 4</li>
				<li>5, 1</li>
				<li>9, 0.5</li>
				<li>13, 0</li>
				<li>18, -1</li>
			</points>
		</populationIntentFromPopCurve>
    <comps>
      <li Class="StorytellerCompProperties_ClassicIntro"/>
      <li Class="StorytellerCompProperties_ThreatCycle">
        <minDaysPassed>5</minDaysPassed>
        <mtbDaysThreatSmall>8</mtbDaysThreatSmall>
        <mtbDaysThreatBig>1.25</mtbDaysThreatBig>
        <threatOffDays>8.0</threatOffDays>
        <threatOnDays>8.0</threatOnDays>
        <minDaysBetweenThreatBigs>12.5</minDaysBetweenThreatBigs>
			</li>
      <li Class="StorytellerCompProperties_CategoryMTB">
				<allowedTargetTypes>MapPlayerHome</allowedTargetTypes>
				<minDaysPassed>5</minDaysPassed>
				<category>Misc</category>
				<mtbDays>3.0</mtbDays>
			</li>
			<li Class="StorytellerCompProperties_CategoryMTB">
				<allowedTargetTypes>World</allowedTargetTypes>
				<minDaysPassed>15</minDaysPassed>
				<category>Misc</category>
				<mtbDays>8</mtbDays>
			</li>
			<li Class="StorytellerCompProperties_AllyInteraction">
        <minDaysPassed>5</minDaysPassed>
        <baseMtb>6</baseMtb>
      </li>
      <li Class="StorytellerCompProperties_AllyAssistance">
        <baseMtb>10</baseMtb>
      </li>
      <li Class="StorytellerCompProperties_SingleMTB">
        <incident>OrbitalTraderArrival</incident>
        <mtbDays>13</mtbDays>
      </li>
      <li Class="StorytellerCompProperties_ShipChunkDrop"/>
      <li Class="StorytellerCompProperties_Disease">
        <minDaysPassed>12</minDaysPassed>
      </li>
      <li Class="StorytellerCompProperties_CategoryIndividualMTBByBiome">
        <category>CaravanTarget</category>
      </li>
      <li Class="StorytellerCompProperties_JourneyOffer"/>
    </comps>
  </StorytellerDef>

	<StorytellerDef ParentName="BaseStoryteller">
		<defName>Randy</defName>
    <label>Randy Random</label>
		<description>Randy doesn't follow rules. He'll generate random events, and he doesn't care if they make a story of triumph or utter hopelessness. It's all drama to him.</description>
    <portraitLarge>UI/HeroArt/Storytellers/RandyRandom</portraitLarge>
    <portraitTiny>UI/HeroArt/Storytellers/RandyRandomTiny</portraitTiny>
    <listOrder>40</listOrder>
		<populationIntentFromPopCurve>
			<points>
				<li>0, 8</li>
				<li>1, 4</li>
				<li>5, 1</li>
				<li>9, 0.5</li>
				<li>13, 0</li>
				<li>50, -1</li>
			</points>
		</populationIntentFromPopCurve>
		<comps>
      <li Class="StorytellerCompProperties_RandomMain">
				<allowedTargetTypes>MapPlayerHome</allowedTargetTypes>
				<minDaysPassed>1</minDaysPassed>
        <mtbDays>1.13</mtbDays>
        <maxThreatBigIntervalDays>13</maxThreatBigIntervalDays>
				<minIncChancePopulationIntentFactor>0.2</minIncChancePopulationIntentFactor>
				<categoryWeights>
          <Misc>5.5</Misc>
          <OrbitalVisitor>1</OrbitalVisitor>
					<ThreatBig>1</ThreatBig>
					<ThreatSmall>0.9</ThreatSmall>
					<AllyArrival>1</AllyArrival>
					<AllyAssistance>0.5</AllyAssistance>
					<ShipChunkDrop>0.5</ShipChunkDrop>
        </categoryWeights>
      </li>
			<li Class="StorytellerCompProperties_CategoryMTB">
				<allowedTargetTypes>World</allowedTargetTypes>
				<minDaysPassed>1</minDaysPassed>
				<category>Misc</category>
				<mtbDays>8</mtbDays>
			</li>
      <li Class="StorytellerCompProperties_Disease">
        <minDaysPassed>0</minDaysPassed>
      </li>
      <li Class="StorytellerCompProperties_CategoryIndividualMTBByBiome">
        <category>CaravanTarget</category>
      </li>
      <li Class="StorytellerCompProperties_JourneyOffer"/>
    </comps>
  </StorytellerDef>

	<StorytellerDef ParentName="BaseStoryteller">
    <defName>Tutor</defName>
    <label>Tutor Hidden</label>
		<populationIntentFromPopCurve>
			<points>
				<li>0, 0</li>
			</points>
		</populationIntentFromPopCurve>
    <listVisible>false</listVisible>
    <listOrder>1000</listOrder>
    <tutorialMode>true</tutorialMode>
    <disableAdaptiveTraining>true</disableAdaptiveTraining>
    <disableAlerts>true</disableAlerts>
    <disablePermadeath>true</disablePermadeath>
    <forcedDifficulty>VeryEasy</forcedDifficulty>
    <comps>
    </comps>
  </StorytellerDef>

</StorytellerDefs>