﻿<?xml version="1.0" encoding="utf-8" ?>
<Defs>

  <ThingDef ParentName="BuildingBase" Name="PowerConduit">
    <defName>PowerConduit</defName>
    <label>power conduit</label>
    <description>A bundle of electrical cables for moving power around. Can be placed under walls and other buildings.</description>
    <thingClass>Building</thingClass>
    <category>Building</category>
    <graphicData>
      <texPath>Things/Building/Linked/PowerConduit_Atlas</texPath>
      <graphicClass>Graphic_Single</graphicClass>
      <linkType>Transmitter</linkType>
      <linkFlags>
        <li>PowerConduit</li>
      </linkFlags>
      <damageData>
        <rect>(0,0.35,1,0.3)</rect>
      </damageData>
    </graphicData>
    <uiIconPath>Things/Building/Linked/PowerConduit_MenuIcon</uiIconPath>
    <uiIconScale>0.7</uiIconScale>
    <building>
      <ai_chillDestination>false</ai_chillDestination>
      <isInert>true</isInert>
      <isEdifice>false</isEdifice>
      <blueprintGraphicData>
        <texPath>Things/Building/Linked/PowerConduit_Blueprint_Atlas</texPath>
      </blueprintGraphicData>
    </building>
    <altitudeLayer>Conduits</altitudeLayer>
    <passability>Standable</passability>
    <leaveResourcesWhenKilled>false</leaveResourcesWhenKilled>
    <statBases>
      <MaxHitPoints>80</MaxHitPoints>
      <WorkToBuild>35</WorkToBuild>
      <Flammability>0.7</Flammability>
      <Beauty>-2</Beauty>
    </statBases>
    <placingDraggableDimensions>1</placingDraggableDimensions>
    <costList>
      <Steel>1</Steel>
    </costList>
    <comps>
      <li Class="CompProperties_Power">
        <compClass>CompPowerTransmitter</compClass>
        <transmitsPower>true</transmitsPower>
      </li>
    </comps>
    <placeWorkers>
      <li>PlaceWorker_Conduit</li>
    </placeWorkers>
    <rotatable>false</rotatable>
    <selectable>true</selectable>
    <neverMultiSelect>true</neverMultiSelect>
    <soundImpactDefault>BulletImpact_Metal</soundImpactDefault>
    <terrainAffordanceNeeded>Light</terrainAffordanceNeeded>
    <designationCategory>Power</designationCategory>
    <constructEffect>ConstructMetal</constructEffect>
    <clearBuildingArea>false</clearBuildingArea>
    <designationHotKey>Misc1</designationHotKey>
    <researchPrerequisites>
      <li>Electricity</li>
    </researchPrerequisites>
  </ThingDef>

  <ThingDef ParentName="PowerConduit">
    <defName>WaterproofConduit</defName>
    <label>waterproof conduit</label>
    <description>Insulated electrical cables for transmitting power under shallow water.</description>
    <graphicData>
      <texPath>Things/Building/Linked/WaterproofConduit_Atlas</texPath>
    </graphicData>
    <uiIconPath>Things/Building/Linked/WaterproofConduit_MenuIcon</uiIconPath>
    <terrainAffordanceNeeded>ShallowWater</terrainAffordanceNeeded>
    <designationHotKey>Misc8</designationHotKey>
    <costList>
      <Steel>40</Steel>
    </costList>
  </ThingDef>

  <ThingDef ParentName="BuildingBase">
    <defName>PowerSwitch</defName>
    <label>power switch</label>
    <description>Switches power on/off.</description>
    <thingClass>Building_PowerSwitch</thingClass>
    <category>Building</category>
    <graphicData>
      <texPath>Things/Building/Power/PowerSwitch</texPath>
      <graphicClass>Graphic_Single</graphicClass>
      <shaderType>Transparent</shaderType>
      <damageData>
        <rect>(0.2,0.2,0.6,0.6)</rect>
      </damageData>
    </graphicData>
    <building>
      <ai_chillDestination>false</ai_chillDestination>
      <allowWireConnection>false</allowWireConnection>
    </building>
    <altitudeLayer>Building</altitudeLayer>
    <passability>Standable</passability>
    <leaveResourcesWhenKilled>false</leaveResourcesWhenKilled>
    <statBases>
      <MaxHitPoints>120</MaxHitPoints>
      <WorkToBuild>200</WorkToBuild>
      <Flammability>0.5</Flammability>
      <Beauty>-2</Beauty>
    </statBases>
    <placingDraggableDimensions>0</placingDraggableDimensions>
    <costList>
      <Steel>15</Steel>
      <ComponentIndustrial>1</ComponentIndustrial>
    </costList>
    <comps>
      <li Class="CompProperties_Power">
        <compClass>CompPowerTransmitter</compClass>
        <transmitsPower>true</transmitsPower>
      </li>
      <li Class="CompProperties_Flickable"/>
    </comps>
    <rotatable>false</rotatable>
    <selectable>true</selectable>
    <neverMultiSelect>false</neverMultiSelect>
    <tickerType>Normal</tickerType>
    <designationCategory>Power</designationCategory>
    <constructEffect>ConstructMetal</constructEffect>
    <designationHotKey>Misc2</designationHotKey>
    <researchPrerequisites>
      <li>Electricity</li>
    </researchPrerequisites>
  </ThingDef>


  <ThingDef ParentName="BuildingBase">
    <defName>WoodFiredGenerator</defName>
    <label>wood-fired generator</label>
    <description>Produces power by consuming wood. Must be periodically loaded with wood fuel by hand.</description>
    <thingClass>Building</thingClass>
    <graphicData>
      <texPath>Things/Building/Power/WoodFiredGenerator</texPath>
      <graphicClass>Graphic_Single</graphicClass>
      <drawSize>(2,2)</drawSize>
      <shadowData>
        <volume>(1.93,1,1.69)</volume>
        <offset>(-0.03,0,-0.1)</offset>
      </shadowData>
    </graphicData>
    <altitudeLayer>Building</altitudeLayer>
    <passability>PassThroughOnly</passability>
    <pathCost>150</pathCost>
    <blockWind>true</blockWind>
    <fillPercent>1.0</fillPercent>
    <castEdgeShadows>false</castEdgeShadows>
    <rotatable>false</rotatable>
    <statBases>
      <MaxHitPoints>300</MaxHitPoints>
      <WorkToBuild>2500</WorkToBuild>
      <Flammability>1.0</Flammability>
      <Beauty>-20</Beauty>
    </statBases>
    <tickerType>Normal</tickerType>
    <canOverlapZones>false</canOverlapZones>
    <size>(2,2)</size>
    <costList>
      <Steel>100</Steel>
      <ComponentIndustrial>2</ComponentIndustrial>
    </costList>
    <comps>
      <li Class="CompProperties_Power">
        <compClass>CompPowerPlant</compClass>
        <basePowerConsumption>-1000</basePowerConsumption>
        <transmitsPower>true</transmitsPower>
      </li>
      <li Class="CompProperties_Flickable" />
      <li Class="CompProperties_Refuelable">
        <fuelConsumptionRate>22.0</fuelConsumptionRate>
        <fuelCapacity>75.0</fuelCapacity>
        <fuelFilter>
          <thingDefs>
            <li>WoodLog</li>
          </thingDefs>
        </fuelFilter>
        <showAllowAutoRefuelToggle>true</showAllowAutoRefuelToggle>
      </li>
      <li Class="CompProperties_Glower">
        <glowRadius>6</glowRadius>
        <glowColor>(217,112,33,0)</glowColor>
      </li>
      <li Class="CompProperties_HeatPusher">
        <compClass>CompHeatPusherPowered</compClass>
        <heatPerSecond>6</heatPerSecond>
      </li>
      <li Class="CompProperties_Breakdownable"/>
    </comps>
    <terrainAffordanceNeeded>Medium</terrainAffordanceNeeded>
    <designationCategory>Power</designationCategory>
    <designationHotKey>Misc3</designationHotKey>
    <constructEffect>ConstructMetal</constructEffect>
    <researchPrerequisites>
      <li>Electricity</li>
    </researchPrerequisites>
    <constructionSkillPrerequisite>4</constructionSkillPrerequisite>
  </ThingDef>

  <ThingDef ParentName="BuildingBase">
    <defName>ChemfuelPoweredGenerator</defName>
    <label>chemfuel powered generator</label>
    <description>Produces power by consuming chemfuel. Must be periodically refueled by hand.</description>
    <thingClass>Building</thingClass>
    <graphicData>
      <texPath>Things/Building/Power/ChemfuelPoweredGenerator</texPath>
      <graphicClass>Graphic_Single</graphicClass>
      <drawSize>(2,2)</drawSize>
      <shadowData>
        <volume>(1.93,1,1.69)</volume>
        <offset>(-0.03,0,-0.1)</offset>
      </shadowData>
    </graphicData>
    <altitudeLayer>Building</altitudeLayer>
    <passability>PassThroughOnly</passability>
    <pathCost>150</pathCost>
    <blockWind>true</blockWind>
    <fillPercent>1.0</fillPercent>
    <rotatable>false</rotatable>
    <statBases>
      <MaxHitPoints>300</MaxHitPoints>
      <WorkToBuild>2500</WorkToBuild>
      <Flammability>1.0</Flammability>
      <Beauty>-20</Beauty>
    </statBases>
    <tickerType>Normal</tickerType>
    <canOverlapZones>false</canOverlapZones>
    <size>(2,2)</size>
    <costList>
      <Steel>100</Steel>
      <ComponentIndustrial>3</ComponentIndustrial>
    </costList>
    <comps>
      <li Class="CompProperties_Power">
        <compClass>CompPowerPlant</compClass>
        <basePowerConsumption>-1000</basePowerConsumption>
        <transmitsPower>true</transmitsPower>
      </li>
      <li Class="CompProperties_Flickable" />
      <li Class="CompProperties_Refuelable">
        <fuelConsumptionRate>4.5</fuelConsumptionRate>
        <fuelCapacity>30.0</fuelCapacity>
        <fuelFilter>
          <thingDefs>
            <li>Chemfuel</li>
          </thingDefs>
        </fuelFilter>
        <showAllowAutoRefuelToggle>true</showAllowAutoRefuelToggle>
      </li>
      <li Class="CompProperties_Glower">
        <glowRadius>6</glowRadius>
        <glowColor>(80,112,180,0)</glowColor>
      </li>
      <li Class="CompProperties_HeatPusher">
        <compClass>CompHeatPusherPowered</compClass>
        <heatPerSecond>6</heatPerSecond>
      </li>
      <li Class="CompProperties_Breakdownable"/>
      <li Class="CompProperties_Explosive">
        <explosiveRadius>0</explosiveRadius>
        <explosiveExpandPerFuel>0.95</explosiveExpandPerFuel>
        <explosiveDamageType>Flame</explosiveDamageType>
        <destroyThingOnExplosionSize>2</destroyThingOnExplosionSize>
        <startWickHitPointsPercent>0.333</startWickHitPointsPercent>
        <preExplosionSpawnThingDef>Filth_Fuel</preExplosionSpawnThingDef>
        <preExplosionSpawnChance>1</preExplosionSpawnChance>
        <wickTicks>70~150</wickTicks>
      </li>
    </comps>
    <terrainAffordanceNeeded>Medium</terrainAffordanceNeeded>
    <designationCategory>Power</designationCategory>
    <designationHotKey>Misc4</designationHotKey>
    <constructEffect>ConstructMetal</constructEffect>
    <researchPrerequisites>
      <li>Electricity</li>
    </researchPrerequisites>
    <constructionSkillPrerequisite>6</constructionSkillPrerequisite>
  </ThingDef>

  <ThingDef ParentName="BuildingBase">
  <defName>WindTurbine</defName>
    <thingClass>Building</thingClass>
  <label>wind turbine</label>
  <description>A wind-powered electrical generator. Requires a large clear space in front and behind for optimal air flow.</description>
    <graphicData>
      <texPath>Things/Building/Power/WindTurbine/WindTurbineBody</texPath>
      <graphicClass>Graphic_Multi</graphicClass>
      <drawSize>(5,2)</drawSize>
      <shadowData>
        <volume>(0.6, 1.0, 1.6)</volume>
    <offset>(-0.1,0,-0.08)</offset>
      </shadowData>
      <damageData>
        <rect>(2,0.15,1,1.4)</rect>
      </damageData>
    </graphicData>
  <uiIconPath>Things/Building/Power/WindTurbine/WindTurbine_MenuIcon</uiIconPath>
    <altitudeLayer>Building</altitudeLayer>
  <passability>Impassable</passability>
    <blockWind>true</blockWind>
  <fillPercent>0.5</fillPercent>
  <statBases>
    <MaxHitPoints>150</MaxHitPoints>
    <WorkToBuild>3300</WorkToBuild>
    <Flammability>0.5</Flammability>
    <Beauty>-12</Beauty>
  </statBases>
    <tickerType>Normal</tickerType>
  <size>(7,2)</size>
  <selectable>true</selectable>
    <drawPlaceWorkersWhileSelected>true</drawPlaceWorkersWhileSelected>
  <rotatable>true</rotatable>
  <designationCategory>Power</designationCategory>
    <terrainAffordanceNeeded>Heavy</terrainAffordanceNeeded>
  <building>
    <allowAutoroof>false</allowAutoroof>
  </building>
  <costList>
    <Steel>100</Steel>
      <ComponentIndustrial>2</ComponentIndustrial>
  </costList>
    <constructEffect>ConstructMetal</constructEffect>
    <placeWorkers>
      <li>PlaceWorker_WindTurbine</li>
    </placeWorkers>
    <comps>
      <li Class="CompProperties_Power">
        <compClass>CompPowerPlantWind</compClass>
        <basePowerConsumption>-2300</basePowerConsumption>
        <transmitsPower>true</transmitsPower>
      </li>
      <li Class="CompProperties_Breakdownable"/>
    </comps>
    <designationHotKey>Misc7</designationHotKey>
    <researchPrerequisites>
      <li>Electricity</li>
    </researchPrerequisites>
    <constructionSkillPrerequisite>4</constructionSkillPrerequisite>
  </ThingDef>

  <ThingDef ParentName="BuildingBase">
    <defName>Battery</defName>
    <label>battery</label>
    <description>Stores electricity for later use. Charged batteries explode when exposed to rain or fire.</description>
    <thingClass>Building_Battery</thingClass>
    <graphicData>
      <texPath>Things/Building/Power/Battery</texPath>
      <graphicClass>Graphic_Multi</graphicClass>
      <drawSize>(2,3)</drawSize>
      <damageData>
        <cornerTL>Damage/Corner</cornerTL>
        <cornerTR>Damage/Corner</cornerTR>
        <cornerBL>Damage/Corner</cornerBL>
        <cornerBR>Damage/Corner</cornerBR>
      </damageData>
    </graphicData>
    <altitudeLayer>Building</altitudeLayer>
    <passability>PassThroughOnly</passability>
    <pathCost>70</pathCost>
    <blockWind>true</blockWind>
    <castEdgeShadows>true</castEdgeShadows>
    <fillPercent>0.40</fillPercent>
    <tickerType>Normal</tickerType>
    <minifiedDef>MinifiedThing</minifiedDef>
    <thingCategories>
      <li>BuildingsPower</li>
    </thingCategories>
    <statBases>
      <MaxHitPoints>100</MaxHitPoints>
      <WorkToBuild>800</WorkToBuild>
      <Mass>20</Mass>
      <Flammability>1.0</Flammability>
      <Beauty>-15</Beauty>
    </statBases>
    <size>(1,2)</size>
    <costList>
      <Steel>70</Steel>
      <ComponentIndustrial>2</ComponentIndustrial>
    </costList>
    <comps>
      <li Class="CompProperties_Battery">
        <storedEnergyMax>600</storedEnergyMax>
        <efficiency>0.5</efficiency>
        <shortCircuitInRain>true</shortCircuitInRain>
        <transmitsPower>true</transmitsPower>
      </li>
      <li Class="CompProperties_Breakdownable"/>
    </comps>
    <terrainAffordanceNeeded>Medium</terrainAffordanceNeeded>
    <designationCategory>Power</designationCategory>
    <staticSunShadowHeight>0.2</staticSunShadowHeight>
    <constructEffect>ConstructMetal</constructEffect>
    <designationHotKey>Misc4</designationHotKey>
    <canOverlapZones>false</canOverlapZones>
    <researchPrerequisites>
      <li>Batteries</li>
    </researchPrerequisites>
  </ThingDef>

  <ThingDef ParentName="BuildingBase">
    <defName>SolarGenerator</defName>
    <label>solar generator</label>
    <description>Produces electricity from sunlight. Does not work in the dark or under artificial light.</description>
    <thingClass>Building</thingClass>
    <graphicData>
      <texPath>Things/Building/Power/SolarCollector</texPath>
      <graphicClass>Graphic_Single</graphicClass>
      <drawSize>(4,4)</drawSize>
      <shadowData>
        <volume>(3.5,0.75,3.4)</volume>
        <offset>(0,0,0)</offset>
      </shadowData>
      <damageData>
        <rect>(0,0.6,4,2.8)</rect>
      </damageData>
    </graphicData>
    <castEdgeShadows>true</castEdgeShadows>
    <rotatable>false</rotatable>
    <altitudeLayer>Building</altitudeLayer>
    <passability>PassThroughOnly</passability>
    <pathCost>70</pathCost>
    <fillPercent>0.5</fillPercent>
    <canOverlapZones>false</canOverlapZones>
    <statBases>
      <MaxHitPoints>300</MaxHitPoints>
      <WorkToBuild>2500</WorkToBuild>
      <Flammability>0.7</Flammability>
    </statBases>
    <tickerType>Normal</tickerType>
    <size>(4,4)</size>
    <costList>
      <Steel>100</Steel>
      <ComponentIndustrial>3</ComponentIndustrial>
    </costList>
    <comps>
      <li Class="CompProperties_Power">
        <compClass>CompPowerPlantSolar</compClass>
        <basePowerConsumption>-1</basePowerConsumption>
        <transmitsPower>true</transmitsPower>
      </li>
      <li Class="CompProperties_Breakdownable"/>
    </comps>
    <terrainAffordanceNeeded>Medium</terrainAffordanceNeeded>
    <designationCategory>Power</designationCategory>
    <designationHotKey>Misc5</designationHotKey>
    <constructEffect>ConstructMetal</constructEffect>
    <researchPrerequisites>
      <li>Electricity</li>
      <li>SolarPanels</li>
    </researchPrerequisites>
    <constructionSkillPrerequisite>6</constructionSkillPrerequisite>
  </ThingDef>

  <ThingDef ParentName="BuildingBase">
    <defName>GeothermalGenerator</defName>
    <label>geothermal generator</label>
    <description>Produces electricity from geothermal steam geysers. Must be placed on a steam geyser.</description>
    <thingClass>Building</thingClass>
    <graphicData>
      <texPath>Things/Building/Power/GeothermalPlant</texPath>
      <graphicClass>Graphic_Single</graphicClass>
      <drawSize>(6,6)</drawSize>
      <shadowData>
        <volume>(6.03,1.0,5.25)</volume>
        <offset>(0,0,-0.25)</offset>
      </shadowData>
      <damageData>
        <rect>(0.3,0,5.4,6)</rect>
      </damageData>
    </graphicData>
    <altitudeLayer>Building</altitudeLayer>
    <passability>Impassable</passability>
    <blockWind>true</blockWind>
    <scatterableOnMapGen>false</scatterableOnMapGen>
    <fillPercent>1</fillPercent>
    <blockLight>true</blockLight>
    <canOverlapZones>false</canOverlapZones>
    <statBases>
      <MaxHitPoints>500</MaxHitPoints>
      <WorkToBuild>12000</WorkToBuild>
      <Flammability>0.5</Flammability>
      <Beauty>-30</Beauty>
    </statBases>
    <tickerType>Normal</tickerType>
    <size>(6,6)</size>
    <costList>
      <Steel>340</Steel>
      <ComponentIndustrial>8</ComponentIndustrial>
    </costList>
    <comps>
      <li Class="CompProperties_Power">
        <compClass>CompPowerPlantSteam</compClass>
        <basePowerConsumption>-3600</basePowerConsumption>
        <transmitsPower>true</transmitsPower>
      </li>
      <li Class="CompProperties_Breakdownable"/>
    </comps>
    <rotatable>false</rotatable>
    <terrainAffordanceNeeded>Heavy</terrainAffordanceNeeded>
    <designationCategory>Power</designationCategory>
    <placeWorkers>
      <li>PlaceWorker_OnSteamGeyser</li>
    </placeWorkers>
    <building>
      <ai_chillDestination>false</ai_chillDestination>
      <soundAmbient>GeothermalPlant_Ambience</soundAmbient>
    </building>
    <constructEffect>ConstructMetal</constructEffect>
    <designationHotKey>Misc6</designationHotKey>
    <researchPrerequisites><li>GeothermalPower</li></researchPrerequisites>
    <constructionSkillPrerequisite>8</constructionSkillPrerequisite>
  </ThingDef>

  <ThingDef ParentName="BuildingBase">
    <defName>WatermillGenerator</defName>
    <label>watermill generator</label>
    <description>Produces electricity from a river. Must be placed with its wheel in moving water. If watermills are placed too close together, the turbulence they generate will interfere and reduce power generation.</description>
    <thingClass>Building</thingClass>
    <graphicData>
      <texPath>Things/Building/Power/WatermillGenerator/WatermillGeneratorBody</texPath>
      <graphicClass>Graphic_Multi</graphicClass>
      <drawSize>(5,6)</drawSize>
      <shadowData>
        <volume>(2.6,1,2.16)</volume>
        <offset>(-0.20,0,0)</offset>
      </shadowData>
      <damageData>
        <rectN>(0.1,1.2,4.75,3.25)</rectN>
        <rectE>(1.25,0.2,3.5,4.7)</rectE>
        <rectS>(0.2,1.2,4.7,3.25)</rectS>
        <rectW>(1.25,0.2,3.5,4.7)</rectW>
      </damageData>
    </graphicData>
    <castEdgeShadows>false</castEdgeShadows>
    <staticSunShadowHeight>0</staticSunShadowHeight>
    <altitudeLayer>Building</altitudeLayer>
    <passability>Impassable</passability>
    <blockWind>true</blockWind>
    <scatterableOnMapGen>false</scatterableOnMapGen>
    <fillPercent>1</fillPercent>
    <blockLight>true</blockLight>
    <canOverlapZones>false</canOverlapZones>
    <statBases>
      <MaxHitPoints>400</MaxHitPoints>
      <WorkToBuild>4000</WorkToBuild>
      <Flammability>1.0</Flammability>
      <Beauty>-20</Beauty>
    </statBases>
    <tickerType>Normal</tickerType>
    <size>(5,6)</size>
    <costList>
      <WoodLog>280</WoodLog>
      <Steel>80</Steel>
      <ComponentIndustrial>3</ComponentIndustrial>
    </costList>
    <comps>
      <li Class="CompProperties_Power">
        <compClass>CompPowerPlantWater</compClass>
        <basePowerConsumption>-1100</basePowerConsumption>
        <transmitsPower>true</transmitsPower>
      </li>
      <li Class="CompProperties_Breakdownable"/>
    </comps>
    <rotatable>true</rotatable>
    <terrainAffordanceNeeded></terrainAffordanceNeeded> <!-- handled by the placeworker -->
    <designationCategory>Power</designationCategory>
    <placeWorkers>
      <li>PlaceWorker_WatermillGenerator</li>
    </placeWorkers>
    <building>
      <ai_chillDestination>false</ai_chillDestination>
    </building>
    <constructEffect>ConstructWood</constructEffect>
    <researchPrerequisites><li>WatermillGenerator</li></researchPrerequisites>
    <constructionSkillPrerequisite>6</constructionSkillPrerequisite>
  </ThingDef>
  
</Defs>
