﻿<?xml version="1.0" encoding="utf-8" ?>

<TrainableIntelligenceDefs>
  <TrainableIntelligenceDef>
    <defName>None</defName>
    <intelligenceOrder>0</intelligenceOrder>
  </TrainableIntelligenceDef>

  <TrainableIntelligenceDef>
    <defName>Simple</defName>
    <intelligenceOrder>10</intelligenceOrder>
  </TrainableIntelligenceDef>

  <TrainableIntelligenceDef>
    <defName>Intermediate</defName>
    <intelligenceOrder>20</intelligenceOrder>
  </TrainableIntelligenceDef>

  <TrainableIntelligenceDef>
    <defName>Advanced</defName>
    <intelligenceOrder>30</intelligenceOrder>
  </TrainableIntelligenceDef>

  <TrainableIntelligenceDef>
    <defName>SuperAdvanced</defName>
    <intelligenceOrder>40</intelligenceOrder>
  </TrainableIntelligenceDef>
</TrainableIntelligenceDefs>
