﻿<?xml version="1.0" encoding="utf-8" ?>
<PawnKindDefs>

  <PawnKindDef Name="MercenaryBase" Abstract="True">
    <race>Human</race>
    <defaultFactionType>Pirate</defaultFactionType>
    <baseRecruitDifficulty>0.70</baseRecruitDifficulty>
    <backstoryCategory>Raider</backstoryCategory>
    <chemicalAddictionChance>0.1</chemicalAddictionChance>
    <invNutrition>2.55</invNutrition>
    <itemQuality>Normal</itemQuality>
    <backstoryCryptosleepCommonality>0.25</backstoryCryptosleepCommonality>
    <maxGenerationAge>65</maxGenerationAge>
  </PawnKindDef>

	<PawnKindDef Abstract="True" Name="GrenadierBase" ParentName="MercenaryBase">
		<race>Human</race>
		<combatPower>65</combatPower>
		<gearHealthRange>
			<min>0.7</min>
			<max>2.3</max>
		</gearHealthRange>
		<apparelTags>
			<li>Outlander</li>
			<li>Military</li>
			<li>BeltDefensePop</li>
		</apparelTags>
		<apparelMoney>
			<min>800</min>
			<max>1400</max>
		</apparelMoney>
		<apparelAllowHeadwearChance>0.5</apparelAllowHeadwearChance>
		<weaponMoney>
			<min>600</min>
			<max>1000</max>
		</weaponMoney>
		<techHediffsMoney>
			<min>1000</min>
			<max>1500</max>
		</techHediffsMoney>
		<combatEnhancingDrugsCount>
			<min>0</min>
			<max>2</max>
		</combatEnhancingDrugsCount>
		<techHediffsTags>
			<li>Advanced</li>
		</techHediffsTags>
		<techHediffsChance>0.003</techHediffsChance>
		<inventoryOptions>
			<skipChance>0.9</skipChance>
			<subOptionsChooseOne>
				<li>
					<thingDef>Silver</thingDef>
					<countRange>
						<min>50</min>
						<max>200</max>
					</countRange>
				</li>
				<li>
					<thingDef>Medicine</thingDef>
					<countRange>
						<min>1</min>
						<max>1</max>
					</countRange>
				</li>
			</subOptionsChooseOne>
		</inventoryOptions>
	</PawnKindDef>

	<PawnKindDef ParentName="GrenadierBase">
		<defName>GrenadierDestructive</defName>
		<label>grenadier</label>
		<weaponTags>
			<li>GrenadeDestructive</li>
		</weaponTags>
	</PawnKindDef>

	<PawnKindDef ParentName="GrenadierBase">
		<defName>GrenadierEMP</defName>
		<label>EMP grenadier</label>
		<weaponTags>
			<li>GrenadeEMP</li>
		</weaponTags>
	</PawnKindDef>
	
  <PawnKindDef ParentName="MercenaryBase">
    <defName>MercenaryGunner</defName>
    <label>mercenary gunner</label>
    <combatPower>90</combatPower>
    <gearHealthRange>
      <min>0.7</min>
      <max>2.3</max>
    </gearHealthRange>
    <apparelTags>
      <li>Outlander</li>
      <li>Military</li>
      <li>BeltDefensePop</li>
    </apparelTags>
    <apparelMoney>
      <min>1500</min>
      <max>2800</max>
    </apparelMoney>
    <apparelAllowHeadwearChance>0.5</apparelAllowHeadwearChance>
    <weaponMoney>
      <min>400</min>
      <max>900</max>
    </weaponMoney>
    <weaponTags>
      <li>Gun</li>
    </weaponTags>
    <techHediffsMoney>
      <min>1000</min>
      <max>1500</max>
    </techHediffsMoney>
    <combatEnhancingDrugsCount>
      <min>0</min>
      <max>2</max>
    </combatEnhancingDrugsCount>
    <techHediffsTags>
      <li>Advanced</li>
    </techHediffsTags>
    <techHediffsChance>0.003</techHediffsChance>
    <inventoryOptions>
      <skipChance>0.8</skipChance>
      <subOptionsChooseOne>
        <li>
          <thingDef>Silver</thingDef>
          <countRange>
            <min>50</min>
            <max>200</max>
          </countRange>
        </li>
        <li>
          <thingDef>Medicine</thingDef>
          <countRange>
            <min>1</min>
            <max>1</max>
          </countRange>
        </li>
      </subOptionsChooseOne>
    </inventoryOptions>
  </PawnKindDef>

  <PawnKindDef ParentName="MercenaryBase">
    <defName>MercenarySniper</defName>
    <label>mercenary sniper</label>
    <combatPower>95</combatPower>
    <gearHealthRange>
      <min>0.7</min>
      <max>2.3</max>
    </gearHealthRange>
    <apparelTags>
      <li>Outlander</li>
      <li>Military</li>
    </apparelTags>
    <apparelMoney>
      <min>1500</min>
      <max>2500</max>
    </apparelMoney>
    <apparelAllowHeadwearChance>0.5</apparelAllowHeadwearChance>
    <weaponMoney>
      <min>1200</min>
      <max>1800</max>
    </weaponMoney>
    <weaponTags>
      <li>SniperRifle</li>
    </weaponTags>
    <techHediffsMoney>
      <min>1000</min>
      <max>1500</max>
    </techHediffsMoney>
    <combatEnhancingDrugsCount>
      <min>0</min>
      <max>2</max>
    </combatEnhancingDrugsCount>
    <techHediffsTags>
      <li>Advanced</li>
    </techHediffsTags>
    <techHediffsChance>0.003</techHediffsChance>
    <inventoryOptions>
      <skipChance>0.8</skipChance>
      <subOptionsChooseOne>
        <li>
          <thingDef>Silver</thingDef>
          <countRange>
            <min>50</min>
            <max>200</max>
          </countRange>
        </li>
        <li>
          <thingDef>Medicine</thingDef>
          <countRange>
            <min>1</min>
            <max>1</max>
          </countRange>
        </li>
      </subOptionsChooseOne>
    </inventoryOptions>
  </PawnKindDef>
  
  <PawnKindDef ParentName="MercenaryBase">
    <defName>MercenarySlasher</defName>
    <label>mercenary slasher</label>
    <combatPower>140</combatPower>
    <gearHealthRange>
      <min>0.5</min>
      <max>2.3</max>
    </gearHealthRange>
    <apparelTags>
      <li>Outlander</li>
      <li>Military</li>
    </apparelTags>
    <apparelRequired>
      <li>Apparel_ShieldBelt</li>
    </apparelRequired>
    <apparelMoney>
      <min>1000</min>
      <max>2600</max>
    </apparelMoney>
    <apparelAllowHeadwearChance>0.75</apparelAllowHeadwearChance>
    <weaponMoney>
      <min>1200</min>
      <max>2000</max>
    </weaponMoney>
    <weaponTags>
      <li>Melee</li>
    </weaponTags>
    <techHediffsMoney>
      <min>2000</min>
      <max>3000</max>
    </techHediffsMoney>
    <combatEnhancingDrugsCount>
      <min>0</min>
      <max>2</max>
    </combatEnhancingDrugsCount>
    <techHediffsTags>
      <li>Advanced</li>
    </techHediffsTags>
    <techHediffsChance>0.08</techHediffsChance>
    <inventoryOptions>
      <skipChance>0.8</skipChance>
      <subOptionsChooseOne>
        <li>
          <thingDef>Silver</thingDef>
          <countRange>
            <min>180</min>
            <max>400</max>
          </countRange>
        </li>
        <li>
          <thingDef>Medicine</thingDef>
          <countRange>
            <min>1</min>
            <max>2</max>
          </countRange>
        </li>
      </subOptionsChooseOne>
    </inventoryOptions>
  </PawnKindDef>

  <PawnKindDef ParentName="MercenaryBase">
    <defName>MercenaryHeavy</defName>
    <label>heavy mercenary</label>
    <labelPlural>heavy mercenaries</labelPlural>
    <combatPower>185</combatPower>
    <gearHealthRange>
      <min>0.5</min>
      <max>1.4</max>
    </gearHealthRange>
    <apparelTags>
      <li>Outlander</li>
      <li>Military</li>
      <li>BeltDefensePop</li>
    </apparelTags>
    <apparelMoney>
      <min>200</min>
      <max>350</max>
    </apparelMoney>
    <apparelAllowHeadwearChance>0.5</apparelAllowHeadwearChance>
    <weaponMoney>
      <min>1600</min>
      <max>2000</max>
    </weaponMoney>
    <weaponTags>
      <li>GunHeavy</li>
    </weaponTags>
    <techHediffsMoney>
      <min>2000</min>
      <max>3000</max>
    </techHediffsMoney>
    <combatEnhancingDrugsCount>
      <min>0</min>
      <max>2</max>
    </combatEnhancingDrugsCount>
    <techHediffsTags>
      <li>Advanced</li>
    </techHediffsTags>
    <techHediffsChance>0.08</techHediffsChance>
  </PawnKindDef>

  <PawnKindDef Abstract="True" Name="EliteBase" ParentName="MercenaryBase">
    <combatPower>210</combatPower>
    <maxGenerationAge>45</maxGenerationAge>
    <gearHealthRange>
      <min>0.8</min>
      <max>3.5</max>
    </gearHealthRange>
    <apparelTags>
      <li>Outlander</li>
      <li>Military</li>
      <li>Spacer</li>
      <li>BeltDefensePop</li>
    </apparelTags>
    <apparelMoney>
      <min>2500</min>
      <max>4200</max>
    </apparelMoney>
    <apparelAllowHeadwearChance>0.9</apparelAllowHeadwearChance>
    <weaponMoney>
      <min>1600</min>
      <max>2000</max>
    </weaponMoney>
    <weaponTags>
			<li>EliteGun</li>
      <li>AdvancedGun</li>
    </weaponTags>
    <techHediffsMoney>
      <min>2000</min>
      <max>3000</max>
    </techHediffsMoney>
    <combatEnhancingDrugsCount>
      <min>1</min>
      <max>2</max>
    </combatEnhancingDrugsCount>
    <combatEnhancingDrugsChance>0.1</combatEnhancingDrugsChance>
    <techHediffsTags>
      <li>Advanced</li>
    </techHediffsTags>
    <techHediffsChance>0.08</techHediffsChance>
    <inventoryOptions>
      <skipChance>0.8</skipChance>
      <subOptionsChooseOne>
        <li>
          <thingDef>Silver</thingDef>
          <countRange>
            <min>120</min>
            <max>480</max>
          </countRange>
        </li>
        <li>
          <thingDef>Medicine</thingDef>
          <countRange>
            <min>1</min>
            <max>2</max>
          </countRange>
        </li>
      </subOptionsChooseOne>
    </inventoryOptions>
  </PawnKindDef>

  <PawnKindDef ParentName="EliteBase">
    <defName>PirateBoss</defName>
    <label>boss</label>
    <labelPlural>bosses</labelPlural>
    <factionLeader>true</factionLeader>
  </PawnKindDef>

  <PawnKindDef ParentName="EliteBase">
    <defName>MercenaryElite</defName>
    <label>elite mercenary</label>
    <labelPlural>elite mercenaries</labelPlural>
  </PawnKindDef>

</PawnKindDefs>