﻿<?xml version="1.0" encoding="utf-8" ?>
<PawnKindDefs>

  <PawnKindDef Name="MechanoidBase" Abstract="True">
    <bodyGraphicData>
      <shaderType>Cutout</shaderType>
    </bodyGraphicData>
    <dessicatedBodyGraphicData>
      <shaderType>Cutout</shaderType>
    </dessicatedBodyGraphicData>
  </PawnKindDef>

	<PawnKindDef>
		<defName>Scyther</defName>
		<label>scyther</label>
		<race>Mechanoid_Scyther</race>
		<combatPower>160</combatPower>
		<defaultFactionType>Mechanoid</defaultFactionType>
		<aiAvoidCover>true</aiAvoidCover>
		<lifeStages>
			<li>
				<bodyGraphicData>
					<texPath>Things/Pawn/Mechanoid/Scyther</texPath>
					<graphicClass>Graphic_Multi</graphicClass>
					<drawSize>1.5</drawSize>
					<shadowData>
						<volume>(0.4, 0.8, 0.4)</volume>
					</shadowData>
				</bodyGraphicData>
			</li>
		</lifeStages>
		<weaponMoney>
			<min>5000</min>
			<max>5000</max>
		</weaponMoney>
		<weaponTags>
			<li>MechanoidGunMedium</li>
		</weaponTags>
	</PawnKindDef>

	<PawnKindDef>
    <defName>Centipede</defName>
    <label>centipede</label>
    <race>Mechanoid_Centipede</race>
    <combatPower>290</combatPower>
    <defaultFactionType>Mechanoid</defaultFactionType>
    <aiAvoidCover>true</aiAvoidCover>
    <lifeStages>
      <li>
        <bodyGraphicData>
          <texPath>Things/Pawn/Mechanoid/Centipede</texPath>
          <graphicClass>Graphic_Multi</graphicClass>
          <drawSize>3</drawSize>
          <shadowData>
            <volume>(0.6, 0.8, 0.6)</volume>
          </shadowData>
        </bodyGraphicData>
      </li>
    </lifeStages>
    <weaponMoney>
      <min>8000</min>
      <max>8000</max>
    </weaponMoney>
    <weaponTags>
      <li>MechanoidGunHeavy</li>
    </weaponTags>
  </PawnKindDef>

</PawnKindDefs>