﻿<?xml version="1.0" encoding="utf-8"?>
<DefPackage-TraderKindDef>

  <TraderKindDef>
    <defName>Base_Outlander_Standard</defName>
    <stockGenerators>
      <li Class="StockGenerator_SingleDef">
        <thingDef>Silver</thingDef>
        <countRange>
          <min>800</min>
          <max>3000</max>
        </countRange>
      </li>
      <li Class="StockGenerator_SingleDef">
        <thingDef>Component</thingDef>
        <countRange>
          <min>20</min>
          <max>70</max>
        </countRange>
      </li>
      <li Class="StockGenerator_SingleDef">
        <thingDef>Steel</thingDef>
        <countRange>
          <min>300</min>
          <max>600</max>
        </countRange>
      </li>
      <li Class="StockGenerator_SingleDef">
        <thingDef>WoodLog</thingDef>
        <countRange>
          <min>200</min>
          <max>400</max>
        </countRange>
      </li>
      <li Class="StockGenerator_SingleDef">
        <thingDef>Plasteel</thingDef>
        <countRange>
          <min>-50</min>
          <max>200</max>
        </countRange>
      </li>
      <li Class="StockGenerator_SingleDef">
        <thingDef>Cloth</thingDef>
        <countRange>
          <min>100</min>
          <max>300</max>
        </countRange>
      </li>
      <li Class="StockGenerator_SingleDef">
        <thingDef>Gold</thingDef>
        <countRange>
          <min>-50</min>
          <max>200</max>
        </countRange>
      </li>
			<li Class="StockGenerator_SingleDef">
				<thingDef>Neutroamine</thingDef>
				<countRange>
					<min>50</min>
					<max>200</max>
				</countRange>
			</li>
			<li Class="StockGenerator_SingleDef">
				<thingDef>Chemfuel</thingDef>
				<countRange>
					<min>300</min>
					<max>500</max>
				</countRange>
			</li>
			<li Class="StockGenerator_SingleDef">
				<thingDef>Chocolate</thingDef>
				<countRange>
					<min>-30</min>
					<max>70</max>
				</countRange>
			</li>
			<li Class="StockGenerator_SingleDef">
				<thingDef>Beer</thingDef>
				<countRange>
					<min>-40</min>
					<max>100</max>
				</countRange>
			</li>
			<li Class="StockGenerator_SingleDef">
				<thingDef>Medicine</thingDef>
				<countRange>
					<min>25</min>
					<max>50</max>
				</countRange>
			</li>
			<li Class="StockGenerator_SingleDef">
				<thingDef>MortarShell</thingDef>
				<countRange>
					<min>30</min>
					<max>60</max>
				</countRange>
			</li>
			<li Class="StockGenerator_Category">
        <categoryDef>Textiles</categoryDef>
        <thingDefCountRange>
          <min>1</min>
          <max>2</max>
        </thingDefCountRange>
        <totalPriceRange>
          <min>400</min>
          <max>800</max>
        </totalPriceRange>
      </li>
      <li Class="StockGenerator_Category">
        <categoryDef>ResourcesRaw</categoryDef>
        <thingDefCountRange>
          <min>2</min>
          <max>4</max>
        </thingDefCountRange>
        <totalPriceRange>
          <min>400</min>
          <max>800</max>
        </totalPriceRange>
      </li>
      <li Class="StockGenerator_Category">
        <categoryDef>FoodRaw</categoryDef>
				<excludedCategories><li>EggsFertilized</li></excludedCategories>
				<thingDefCountRange>
          <min>2</min>
          <max>4</max>
        </thingDefCountRange>
        <totalPriceRange>
          <min>400</min>
          <max>800</max>
        </totalPriceRange>
      </li>
      <li Class="StockGenerator_Category">
        <categoryDef>FoodMeals</categoryDef>
        <thingDefCountRange>
          <min>1</min>
          <max>2</max>
        </thingDefCountRange>
        <countRange>
          <min>12</min>
          <max>50</max>
        </countRange>
      </li>
      <li Class="StockGenerator_Tag">
        <tradeTag>Furniture</tradeTag>
        <thingDefCountRange>
          <min>3</min>
          <max>4</max>
        </thingDefCountRange>
        <countRange>
          <min>1</min>
          <max>2</max>
        </countRange>
      </li>
      <li Class="StockGenerator_Animals">
        <tradeTags>
          <li>StandardAnimal</li>
        </tradeTags>
        <kindCountRange>
          <min>2</min>
          <max>4</max>
        </kindCountRange>
        <countRange>
          <min>3</min>
          <max>8</max>
        </countRange>
      </li>
      <li Class="StockGenerator_Clothes">
        <countRange>
          <min>10</min>
          <max>16</max>
        </countRange>
      </li>
      <li Class="StockGenerator_Category">
        <categoryDef>Drugs</categoryDef>
        <thingDefCountRange>
          <min>3</min>
          <max>4</max>
        </thingDefCountRange>
        <totalPriceRange>
          <min>700</min>
          <max>1500</max>
        </totalPriceRange>
      </li>
      <li Class="StockGenerator_WeaponsRanged">
        <countRange>
          <min>3</min>
          <max>6</max>
        </countRange>
      </li>
      <li Class="StockGenerator_Category">
        <categoryDef>WeaponsMelee</categoryDef>
        <thingDefCountRange>
          <min>3</min>
          <max>4</max>
        </thingDefCountRange>
        <countRange>
          <min>1</min>
          <max>2</max>
        </countRange>
      </li>
      <li Class="StockGenerator_Armor">
        <countRange>
          <min>2</min>
          <max>4</max>
        </countRange>
      </li>
      <li Class="StockGenerator_Tag">
        <tradeTag>BodyPartOrImplant</tradeTag>
        <thingDefCountRange>
          <min>2</min>
          <max>4</max>
        </thingDefCountRange>
        <countRange>
          <min>1</min>
          <max>1</max>
        </countRange>
      </li>
      <li Class="StockGenerator_Tag">
        <tradeTag>Exotic</tradeTag>
        <thingDefCountRange>
          <min>1</min>
          <max>4</max>
        </thingDefCountRange>
        <countRange>
          <min>1</min>
          <max>2</max>
        </countRange>
      </li>
      <li Class="StockGenerator_Tag">
        <tradeTag>Artifact</tradeTag>
        <thingDefCountRange>
          <min>1</min>
          <max>4</max>
        </thingDefCountRange>
        <countRange>
          <min>1</min>
          <max>1</max>
        </countRange>
      </li>
      <li Class="StockGenerator_Category">
        <categoryDef>Apparel</categoryDef>
        <thingDefCountRange>
          <min>3</min>
          <max>6</max>
        </thingDefCountRange>
        <countRange>
          <min>1</min>
          <max>10</max>
        </countRange>
      </li>
      <li Class="StockGenerator_Art">
        <countRange>
          <min>5</min>
          <max>10</max>
        </countRange>
      </li>
      <li Class="StockGenerator_Tag">
        <tradeTag>Television</tradeTag>
        <thingDefCountRange>
          <min>1</min>
          <max>2</max>
        </thingDefCountRange>
        <countRange>
          <min>1</min>
          <max>2</max>
        </countRange>
      </li>
      <li Class="StockGenerator_SingleDef">
        <thingDef>Telescope</thingDef>
        <countRange>
          <min>0</min>
          <max>1</max>
        </countRange>
      </li>
      <li Class="StockGenerator_Slaves">
        <countRange>
          <min>-1</min>
          <max>2</max>
        </countRange>
      </li>
			<li Class="StockGenerator_MultiDef">
				<thingDefs>
					<li>Kibble</li>
					<li>Pemmican</li>
				</thingDefs>
			</li>
			<li Class="StockGenerator_BuyArt" />
			<li Class="StockGenerator_BuyExpensiveSimple" />
      <li Class="StockGenerator_BuyWeirdOrganic" />
    </stockGenerators>
  </TraderKindDef>

</DefPackage-TraderKindDef>