﻿<?xml version="1.0" encoding="utf-8"?>
<DefPackage-TraderKindDef>

  <TraderKindDef>
    <defName>Caravan_Outlander_BulkGoods</defName>
    <label>bulk goods trader</label>
    <commonality>2</commonality>
    <stockGenerators>
      <li Class="StockGenerator_SingleDef">
        <thingDef>Silver</thingDef>
        <countRange>
          <min>750</min>
          <max>1200</max>
        </countRange>
      </li>
      <li Class="StockGenerator_SingleDef">
        <thingDef>Component</thingDef>
        <countRange>
          <min>30</min>
          <max>40</max>
        </countRange>
      </li>
      <li Class="StockGenerator_SingleDef">
        <thingDef>Steel</thingDef>
        <countRange>
          <min>250</min>
          <max>400</max>
        </countRange>
      </li>
      <li Class="StockGenerator_SingleDef">
        <thingDef>Cloth</thingDef>
        <countRange>
          <min>250</min>
          <max>400</max>
        </countRange>
      </li>
			<li Class="StockGenerator_SingleDef">
				<thingDef>Chemfuel</thingDef>
				<countRange>
					<min>250</min>
					<max>400</max>
				</countRange>
			</li>
			<li Class="StockGenerator_SingleDef">
				<thingDef>Neutroamine</thingDef>
				<countRange>
					<min>70</min>
					<max>160</max>
				</countRange>
			</li>
			<li Class="StockGenerator_SingleDef">
				<thingDef>Beer</thingDef>
				<totalPriceRange>
					<min>-100</min>
					<max>100</max>
				</totalPriceRange>
			</li>
			<li Class="StockGenerator_SingleDef">
				<thingDef>Chocolate</thingDef>
				<totalPriceRange>
					<min>10</min>
					<max>40</max>
				</totalPriceRange>
			</li>
      <li Class="StockGenerator_Category">
        <categoryDef>FoodRaw</categoryDef>
				<excludedCategories><li>EggsFertilized</li></excludedCategories>
        <thingDefCountRange>
          <min>3</min>
          <max>3</max>
        </thingDefCountRange>
        <totalPriceRange>
          <min>150</min>
          <max>600</max>
        </totalPriceRange>
      </li>
      <li Class="StockGenerator_Tag">
        <tradeTag>Furniture</tradeTag>
        <thingDefCountRange>
          <min>3</min>
          <max>3</max>
        </thingDefCountRange>
        <countRange>
          <min>1</min>
          <max>1</max>
        </countRange>
      </li>
      <li Class="StockGenerator_Clothes">
        <countRange>
          <min>10</min>
          <max>10</max>
        </countRange>
      </li>
      <li Class="StockGenerator_Category">
        <categoryDef>Drugs</categoryDef>
      </li>
			<li Class="StockGenerator_Category">
				<categoryDef>Textiles</categoryDef>
			</li>
			<li Class="StockGenerator_BuyArt" />
			<li Class="StockGenerator_BuyWeirdOrganic" />
      <li Class="StockGenerator_MultiDef">
        <thingDefs>
          <li>Chocolate</li>
          <li>Kibble</li>
          <li>Pemmican</li>
        </thingDefs>
      </li>
    </stockGenerators>
  </TraderKindDef>

  <TraderKindDef>
    <defName>Caravan_Outlander_CombatSupplier</defName>
    <label>combat supplier</label>
    <commonality>1</commonality>
    <stockGenerators>
      <li Class="StockGenerator_SingleDef">
        <thingDef>Silver</thingDef>
        <countRange>
					<min>750</min>
					<max>1200</max>
        </countRange>
      </li>
      <li Class="StockGenerator_WeaponsRanged">
        <countRange>
          <min>5</min>
          <max>5</max>
        </countRange>
      </li>
      <li Class="StockGenerator_Category">
        <categoryDef>WeaponsMelee</categoryDef>
        <thingDefCountRange>
          <min>6</min>
          <max>6</max>
        </thingDefCountRange>
				<countRange>
					<min>1</min>
					<max>1</max>
				</countRange>
      </li>
      <li Class="StockGenerator_Armor">
        <countRange>
          <min>5</min>
          <max>5</max>
        </countRange>
      </li>
      <li Class="StockGenerator_SingleDef">
        <thingDef>Medicine</thingDef>
        <countRange>
          <min>10</min>
          <max>20</max>
        </countRange>
      </li>
      <li Class="StockGenerator_SingleDef">
        <thingDef>MortarShell</thingDef>
        <countRange>
          <min>5</min>
          <max>20</max>
        </countRange>
      </li>
			<li Class="StockGenerator_BuyArt" />
      <li Class="StockGenerator_BuyWeirdOrganic" />
    </stockGenerators>
  </TraderKindDef>

  <TraderKindDef>
    <defName>Caravan_Outlander_PirateMerchant</defName>
    <label>pirate merchant</label>
    <commonality>1</commonality>
    <stockGenerators>
      <li Class="StockGenerator_SingleDef">
        <thingDef>Silver</thingDef>
        <countRange>
					<min>750</min>
					<max>1200</max>
        </countRange>
      </li>
      <li Class="StockGenerator_Slaves">
        <countRange>
          <min>2</min>
          <max>3</max>
        </countRange>
      </li>
      <li Class="StockGenerator_SingleDef">
        <thingDef>Medicine</thingDef>
        <price>Expensive</price>
        <countRange>
          <min>2</min>
          <max>5</max>
        </countRange>
      </li>
			<li Class="StockGenerator_SingleDef">
				<thingDef>MortarShell</thingDef>
				<countRange>
					<min>-4</min>
					<max>10</max>
				</countRange>
			</li>
			<li Class="StockGenerator_Category">
				<categoryDef>Drugs</categoryDef>
				<thingDefCountRange>
					<min>2</min>
					<max>4</max>
				</thingDefCountRange>
				<totalPriceRange>
					<min>600</min>
					<max>1000</max>
				</totalPriceRange>
			</li>
      <li Class="StockGenerator_Animals">
        <checkTemperature>true</checkTemperature>
        <tradeTags>
          <li>BadassAnimal</li>
        </tradeTags>
        <kindCountRange>
          <min>1</min>
          <max>2</max>
        </kindCountRange>
        <countRange>
          <min>1</min>
          <max>3</max>
        </countRange>
      </li>
      <li Class="StockGenerator_BuyArt" />
      <li Class="StockGenerator_BuyWeirdOrganic" />
      <li Class="StockGenerator_BuySingleDef">
        <thingDef>Gold</thingDef>
      </li>
    </stockGenerators>
  </TraderKindDef>

	<TraderKindDef>
		<defName>Caravan_Outlander_Exotic</defName>
		<label>exotic goods trader</label>
    <commonality>1</commonality>
		<stockGenerators>
			<li Class="StockGenerator_SingleDef">
				<thingDef>Silver</thingDef>
				<countRange>
					<min>750</min>
					<max>1200</max>
				</countRange>
			</li>
			<li Class="StockGenerator_SingleDef">
				<thingDef>Component</thingDef>
				<countRange>
					<min>6</min>
					<max>20</max>
				</countRange>
			</li>
			<li Class="StockGenerator_SingleDef">
				<thingDef>Plasteel</thingDef>
				<countRange>
					<min>50</min>
					<max>150</max>
				</countRange>
			</li>
			<li Class="StockGenerator_SingleDef">
				<thingDef>Gold</thingDef>
				<countRange>
					<min>40</min>
					<max>80</max>
				</countRange>
			</li>
			<li Class="StockGenerator_SingleDef">
				<thingDef>GlitterworldMedicine</thingDef>
				<countRange>
					<min>2</min>
					<max>8</max>
				</countRange>
			</li>
			<li Class="StockGenerator_Tag">
				<tradeTag>Exotic</tradeTag>
				<thingDefCountRange>
					<min>3</min>
					<max>3</max>
				</thingDefCountRange>
				<countRange>
					<min>1</min>
					<max>1</max>
				</countRange>
			</li>
			<li Class="StockGenerator_Tag">
				<tradeTag>BodyPartOrImplant</tradeTag>
				<thingDefCountRange>
					<min>3</min>
					<max>3</max>
				</thingDefCountRange>
				<countRange>
					<min>1</min>
					<max>1</max>
				</countRange>
			</li>
			<li Class="StockGenerator_Tag">
				<tradeTag>Artifact</tradeTag>
				<thingDefCountRange>
					<min>2</min>
					<max>2</max>
				</thingDefCountRange>
				<countRange>
					<min>1</min>
					<max>1</max>
				</countRange>
			</li>
			<li Class="StockGenerator_Art">
				<countRange>
					<min>2</min>
					<max>2</max>
				</countRange>
			</li>
			<li Class="StockGenerator_Tag">
				<tradeTag>Television</tradeTag>
				<thingDefCountRange>
					<min>1</min>
					<max>2</max>
				</thingDefCountRange>
				<countRange>
					<min>1</min>
					<max>1</max>
				</countRange>
			</li>
			<li Class="StockGenerator_SingleDef">
				<thingDef>Telescope</thingDef>
				<countRange>
					<min>0</min>
					<max>1</max>
				</countRange>
			</li>
			<li Class="StockGenerator_Animals">
				<minWildness>0.60</minWildness>
				<checkTemperature>true</checkTemperature>
				<tradeTags>
					<li>StandardAnimal</li>
					<li>BadassAnimal</li>
				</tradeTags>
				<kindCountRange>
					<min>3</min>
					<max>3</max>
				</kindCountRange>
				<countRange>
					<min>1</min>
					<max>3</max>
				</countRange>
			</li>
			<li Class="StockGenerator_BuyArt" />
			<li Class="StockGenerator_BuyWeirdOrganic" />
			<li Class="StockGenerator_BuyExpensiveSimple" />
		</stockGenerators>
	</TraderKindDef>

</DefPackage-TraderKindDef>