﻿<?xml version="1.0" encoding="utf-8" ?>
<Defs>

  <MapGeneratorDef>
    <defName>MainMap</defName>
    <parent>BasicMap</parent>
  </MapGeneratorDef>
  
  <!-- Ancient shrines -->
  <GenStepDef>
    <defName>ScatterShrines</defName>
    <linkWithMapGenerator>MainMap</linkWithMapGenerator>
    <order>400</order>
    <genStep Class="GenStep_ScatterShrines">
			<allowOnWater>false</allowOnWater>
      <countPer10kCellsRange><min>0.12</min><max>0.25</max></countPer10kCellsRange>
    </genStep>
  </GenStepDef>
  
</Defs>