<?xml version="1.0" encoding="utf-8" ?>
<Defs>

  <SitePartDef>
    <defName>AmbushHidden</defName>
    <label>ambush</label>
    <description>An ambush.</description>
		<descriptionDialogue>an enemy force is waiting to ambush anyone who comes near</descriptionDialogue>
		<siteTexture>World/WorldObjects/Sites/GenericSite</siteTexture>
    <expandingIconTexture>World/WorldObjects/Expanding/Sites/Ambush</expandingIconTexture>
    <knownDanger>true</knownDanger>
    <tags>
      <li>MineralScannerPreciousLumpThreat</li>
      <li>ItemStashQuestThreat</li>
      <li>DownedRefugeeQuestThreat</li>
    </tags>
  </SitePartDef>

  <GenStepDef>
    <defName>AmbushHidden</defName>
    <linkWithSite>AmbushHidden</linkWithSite>
    <order>1600</order>
    <genStep Class="GenStep_Ambush_Hidden">
      <pointsRange><min>180</min><max>340</max></pointsRange>
    </genStep>
  </GenStepDef>

</Defs>
