<?xml version="1.0" encoding="utf-8" ?>
<Defs>

  <SitePartDef>
    <defName>Manhunters</defName>
    <label>manhunter pack</label>
    <description>A pack of manhunting animals.</description>
		<descriptionDialogue>there is a group of manhunting animals wandering nearby</descriptionDialogue>
    <workerClass>SitePartWorker_Manhunters</workerClass>
		<siteTexture>World/WorldObjects/Sites/GenericSite</siteTexture>
    <expandingIconTexture>World/WorldObjects/Expanding/Sites/Manhunters</expandingIconTexture>
    <arrivedLetter>There are manhunting animals in this area.</arrivedLetter>
    <arrivedLetterLabel>Manhunters</arrivedLetterLabel>
    <arrivedLetterDef>NegativeEvent</arrivedLetterDef>
    <tags>
      <li>MineralScannerPreciousLumpThreat</li>
      <li>ItemStashQuestThreat</li>
      <li>DownedRefugeeQuestThreat</li>
    </tags>
  </SitePartDef>

  <GenStepDef>
    <defName>Manhunters</defName>
    <linkWithSite>Manhunters</linkWithSite>
    <order>1600</order>
    <genStep Class="GenStep_ManhunterPack">
      <pointsRange><min>300</min><max>500</max></pointsRange>
    </genStep>
  </GenStepDef>

</Defs>
