<?xml version="1.0" encoding="utf-8" ?>
<Defs>

  <SitePartDef>
    <defName>Outpost</defName>
    <label>outpost</label>
    <description>A small, guarded outpost.</description>
		<descriptionDialogue>there is an enemy outpost at the site</descriptionDialogue>
    <workerClass>SitePartWorker_Outpost</workerClass>
		<siteTexture>World/WorldObjects/Sites/Outpost</siteTexture>
    <expandingIconTexture>World/WorldObjects/Expanding/Sites/Outpost</expandingIconTexture>
    <applyFactionColorToSiteTexture>true</applyFactionColorToSiteTexture>
    <showFactionInInspectString>true</showFactionInInspectString>
    <requiresFaction>true</requiresFaction>
    <approachOrderString>Attack {0}</approachOrderString>
    <approachingReportString>Attacking {0}</approachingReportString>
    <arrivedLetter>There is an enemy outpost in this area.</arrivedLetter>
    <arrivedLetterLabel>Enemy outpost</arrivedLetterLabel>
    <arrivedLetterDef>NegativeEvent</arrivedLetterDef>
    <tags>
      <li>MineralScannerPreciousLumpThreat</li>
      <li>ItemStashQuestThreat</li>
      <li>DownedRefugeeQuestThreat</li>
      <li>PrisonerRescueQuestThreat</li>
    </tags>
  </SitePartDef>

  <GenStepDef>
    <defName>Outpost</defName>
    <linkWithSite>Outpost</linkWithSite>
    <order>450</order>
    <genStep Class="GenStep_Outpost"/>
  </GenStepDef>

  <GenStepDef>
    <defName>OutpostPower</defName>
    <linkWithSite>Outpost</linkWithSite>
    <order>451</order>
    <genStep Class="GenStep_Power"/>
  </GenStepDef>

</Defs>
