<?xml version="1.0" encoding="utf-8" ?>
<Defs>

  <SitePartDef>
    <defName>SleepingMechanoids</defName>
    <label>sleeping mechanoids</label>
    <description>A group of sleeping mechanoids.</description>
		<descriptionDialogue>there are sleeping mechanoids in the area</descriptionDialogue>
		<workerClass>SitePartWorker_SleepingMechanoids</workerClass>
    <siteTexture>World/WorldObjects/Sites/GenericSite</siteTexture>
    <expandingIconTexture>World/WorldObjects/Expanding/Sites/SleepingPawns</expandingIconTexture>
    <arrivedLetter>There are a few sleeping hostile mechanoids in this area.\n\nThe mechanoids may or may not wake up when you approach them, so beware.</arrivedLetter>
    <arrivedLetterLabel>Sleeping mechanoids</arrivedLetterLabel>
    <arrivedLetterDef>NegativeEvent</arrivedLetterDef>
    <tags>
      <li>MineralScannerPreciousLumpThreat</li>
      <li>ItemStashQuestThreat</li>
      <li>DownedRefugeeQuestThreat</li>
    </tags>
  </SitePartDef>

  <GenStepDef>
    <defName>SleepingMechanoids</defName>
    <linkWithSite>SleepingMechanoids</linkWithSite>
    <order>1600</order>
    <genStep Class="GenStep_SleepingMechanoids">
      <pointsRange><min>340</min><max>1000</max></pointsRange>
    </genStep>
  </GenStepDef>

</Defs>