<?xml version="1.0" encoding="utf-8" ?>
<Defs>

  <SitePartDef>
    <defName>SleepingMechanoids</defName>
    <label>sleeping mechanoids</label>
    <description>A few sleeping mechanoids.</description>
		<descriptionDialogue>there are sleeping mechanoids in the area</descriptionDialogue>
		<workerClass>SitePartWorker_SleepingMechanoids</workerClass>
    <siteTexture>World/WorldObjects/Sites/GenericSite</siteTexture>
    <expandingIconTexture>World/WorldObjects/Expanding/Sites/SleepingPawns</expandingIconTexture>
    <knownDanger>true</knownDanger>
    <tags>
      <li>MineralScannerPreciousLumpThreat</li>
      <li>ItemStashQuestThreat</li>
      <li>DownedRefugeeQuestThreat</li>
    </tags>
  </SitePartDef>

  <GenStepDef>
    <defName>SleepingMechanoids</defName>
    <linkWithSite>SleepingMechanoids</linkWithSite>
    <order>1600</order>
    <genStep Class="GenStep_SleepingMechanoids">
      <pointsRange><min>340</min><max>1000</max></pointsRange>
    </genStep>
  </GenStepDef>

</Defs>