<?xml version="1.0" encoding="utf-8" ?>
<Defs>

  <SitePartDef>
    <defName>Turrets</defName>
    <label>turrets</label>
    <description>A few turrets.</description>
		<descriptionDialogue>a ring of enemy turrets defends the site</descriptionDialogue>
		<siteTexture>World/WorldObjects/Sites/Outpost</siteTexture>
    <expandingIconTexture>World/WorldObjects/Expanding/Sites/Turrets</expandingIconTexture>
    <applyFactionColorToSiteTexture>true</applyFactionColorToSiteTexture>
    <showFactionInInspectString>true</showFactionInInspectString>
    <knownDanger>true</knownDanger>
    <requiresFaction>true</requiresFaction>
    <minFactionTechLevel>Industrial</minFactionTechLevel>
    <tags>
      <li>MineralScannerPreciousLumpThreat</li>
      <li>ItemStashQuestThreat</li>
      <li>DownedRefugeeQuestThreat</li>
      <li>PrisonerWillingToJoinQuestThreat</li>
    </tags>
  </SitePartDef>

  <GenStepDef>
    <defName>Turrets</defName>
    <linkWithSite>Turrets</linkWithSite>
    <order>470</order>
    <genStep Class="GenStep_Turrets">
      <widthRange><min>3</min><max>4</max></widthRange>
      <turretsCountRange><min>4</min><max>5</max></turretsCountRange>
      <mortarsCountRange><min>0</min><max>1</max></mortarsCountRange>
      <guardsCountRange><min>1</min><max>1</max></guardsCountRange>
    </genStep>
  </GenStepDef>

  <GenStepDef>
    <defName>TurretsPower</defName>
    <linkWithSite>Turrets</linkWithSite>
    <order>471</order>
    <genStep Class="GenStep_Power" />
  </GenStepDef>

</Defs>
