﻿<?xml version="1.0" encoding="utf-8" ?>
<Defs>

  <!-- ============= Firefighter ============= -->
  
  <WorkGiverDef>
    <defName>FightFires</defName>
    <label>fight fires</label>
    <giverClass>WorkGiver_FightFires</giverClass>
    <workType>Firefighter</workType>
    <emergency>true</emergency>
    <verb>extinguish</verb>
    <gerund>extinguishing</gerund>
    <canBeDoneWhileDrafted>true</canBeDoneWhileDrafted>
    <autoTakeablePriorityDrafted>20</autoTakeablePriorityDrafted>
    <forceMote>Mote_FeedbackExtinguish</forceMote>
  </WorkGiverDef>

  <!-- ============= Patient ============= -->

  <WorkGiverDef>
    <defName>PatientGoToBedEmergencyTreatment</defName>
    <label>go to bed for emergency treatment</label>
    <giverClass>WorkGiver_PatientGoToBedEmergencyTreatment</giverClass>
    <workType>Patient</workType>
    <emergency>true</emergency>
    <verb>receive treatment in</verb>
    <gerund>receiving treatment in</gerund>
    <tagToGive>RestingForMedicalReasons</tagToGive>
  </WorkGiverDef>
  
  <WorkGiverDef>
    <defName>PatientGoToBedTreatment</defName>
    <label>go to bed for treatment</label>
    <giverClass>WorkGiver_PatientGoToBedTreatment</giverClass>
    <workType>Patient</workType>
    <verb>receive treatment in</verb>
    <gerund>receiving treatment in</gerund>
    <tagToGive>RestingForMedicalReasons</tagToGive>
  </WorkGiverDef>
  
  <!-- ============= Doctor ============= -->
  
  <WorkGiverDef>
    <defName>DoctorTendEmergency</defName>
    <label>tend to patients with urgent needs</label>
    <giverClass>WorkGiver_TendOtherUrgent</giverClass>
    <workType>Doctor</workType>
    <emergency>true</emergency>
    <verb>tend to</verb>
    <gerund>tending to</gerund>
    <requiredCapacities>
      <li>Manipulation</li>
    </requiredCapacities>
    <priorityInType>110</priorityInType>
    <prioritizeSustains>true</prioritizeSustains>
  </WorkGiverDef>

  <WorkGiverDef>
    <defName>DoctorTendToHumanlikes</defName>
    <label>tend to patients</label>
    <giverClass>WorkGiver_TendOther</giverClass>
    <workType>Doctor</workType>
    <verb>tend to</verb>
    <gerund>tending to</gerund>
    <priorityInType>100</priorityInType>
    <requiredCapacities>
      <li>Manipulation</li>
    </requiredCapacities>
    <prioritizeSustains>true</prioritizeSustains>
    <tendToHumanlikesOnly>true</tendToHumanlikesOnly>
  </WorkGiverDef>

  <WorkGiverDef>
    <defName>DoctorTendToSelf</defName>
    <label>tend to self</label>
    <giverClass>WorkGiver_TendSelf</giverClass>
    <workType>Doctor</workType>
    <verb>tend to</verb>
    <gerund>tending to</gerund>
    <priorityInType>90</priorityInType>
    <requiredCapacities>
      <li>Manipulation</li>
    </requiredCapacities>
    <prioritizeSustains>true</prioritizeSustains>
  </WorkGiverDef>
  
  <WorkGiverDef>
    <defName>DoctorFeedHumanlikes</defName>
    <label>feed patients</label>
    <giverClass>WorkGiver_FeedPatient</giverClass>
    <workType>Doctor</workType>
    <verb>feed</verb>
    <gerund>feeding</gerund>
    <priorityInType>80</priorityInType>
    <requiredCapacities>
      <li>Manipulation</li>
    </requiredCapacities>
    <prioritizeSustains>true</prioritizeSustains>
    <feedHumanlikesOnly>true</feedHumanlikesOnly>
  </WorkGiverDef>

  <WorkGiverDef>
    <defName>DoBillsMedicalHumanOperation</defName>
    <label>operate on humanlikes</label>
    <giverClass>WorkGiver_DoBill</giverClass>
    <workType>Doctor</workType>
    <priorityInType>70</priorityInType>
    <billGiversAllHumanlikes>true</billGiversAllHumanlikes>
    <billGiversAllHumanlikesCorpses>true</billGiversAllHumanlikesCorpses>
    <verb>operate on</verb>
    <gerund>operating on</gerund>
    <requiredCapacities>
      <li>Manipulation</li>
    </requiredCapacities>
    <prioritizeSustains>true</prioritizeSustains>
  </WorkGiverDef>

  <WorkGiverDef>
    <defName>DoctorRescue</defName>
    <label>rescue downed allies to bed</label>
    <giverClass>WorkGiver_RescueDowned</giverClass>
    <workType>Doctor</workType>
    <verb>rescue</verb>
    <gerund>rescuing</gerund>
    <priorityInType>60</priorityInType>
    <directOrderable>false</directOrderable>
    <requiredCapacities>
      <li>Manipulation</li>
    </requiredCapacities>
  </WorkGiverDef>

  <WorkGiverDef>
    <defName>DoctorTendToAnimals</defName>
    <label>tend to animals</label>
    <giverClass>WorkGiver_TendOther</giverClass>
    <workType>Doctor</workType>
    <verb>tend to</verb>
    <gerund>tending to</gerund>
    <requiredCapacities>
      <li>Manipulation</li>
    </requiredCapacities>
    <priorityInType>50</priorityInType>
    <prioritizeSustains>true</prioritizeSustains>
    <tendToAnimalsOnly>true</tendToAnimalsOnly>
  </WorkGiverDef>

  <WorkGiverDef Name="FeedAnimals">
    <defName>DoctorFeedAnimals</defName>
    <label>feed animals</label>
    <giverClass>WorkGiver_FeedPatient</giverClass>
    <workType>Doctor</workType>
    <verb>feed</verb>
    <gerund>feeding</gerund>
    <priorityInType>40</priorityInType>
    <requiredCapacities>
      <li>Manipulation</li>
    </requiredCapacities>
    <prioritizeSustains>true</prioritizeSustains>
    <feedAnimalsOnly>true</feedAnimalsOnly>
    <equivalenceGroup>FeedPatientAnimals</equivalenceGroup>
  </WorkGiverDef>

  <WorkGiverDef>
    <defName>DoBillsMedicalAnimalOperation</defName>
    <label>operate on animals</label>
    <giverClass>WorkGiver_DoBill</giverClass>
    <workType>Doctor</workType>
    <priorityInType>30</priorityInType>
    <billGiversAllAnimals>true</billGiversAllAnimals>
    <billGiversAllAnimalsCorpses>true</billGiversAllAnimalsCorpses>
    <verb>operate on</verb>
    <gerund>operating on</gerund>
    <requiredCapacities>
      <li>Manipulation</li>
    </requiredCapacities>
    <prioritizeSustains>true</prioritizeSustains>
  </WorkGiverDef>

  <WorkGiverDef>
    <defName>TakeToBedToOperate</defName>
    <label>take patients to bed for operations</label>
    <giverClass>WorkGiver_TakeToBedToOperate</giverClass>
    <workType>Doctor</workType>
    <priorityInType>20</priorityInType>
    <verb>take to operate</verb>
    <gerund>taking to operate</gerund>
    <requiredCapacities>
      <li>Manipulation</li>
    </requiredCapacities>
  </WorkGiverDef>

  <WorkGiverDef>
    <defName>VisitSickPawn</defName>
    <label>visit sick people</label>
    <giverClass>WorkGiver_VisitSickPawn</giverClass>
    <workType>Doctor</workType>
    <priorityInType>10</priorityInType>
    <verb>visit</verb>
    <gerund>visiting</gerund>
  </WorkGiverDef>

  <!-- ============= PatientBedRest ============= -->

  <WorkGiverDef>
    <defName>PatientGoToBedRecuperate</defName>
    <label>recuperate in bed</label>
    <giverClass>WorkGiver_PatientGoToBedRecuperate</giverClass>
    <workType>PatientBedRest</workType>
    <verb>get bed rest in</verb>
    <gerund>getting bed rest in</gerund>
    <tagToGive>RestingForMedicalReasons</tagToGive>
  </WorkGiverDef>
  
  <!-- ============= Basic worker ============= -->
  
  <WorkGiverDef>
    <defName>Flick</defName>
    <label>flick switches</label>
    <giverClass>WorkGiver_Flick</giverClass>
    <workType>BasicWorker</workType>
    <verb>flick switch on</verb>
    <gerund>flicking switch on</gerund>
    <canBeDoneWhileDrafted>true</canBeDoneWhileDrafted>
    <priorityInType>500</priorityInType>
  </WorkGiverDef>

  <WorkGiverDef ParentName="ReleasePrisoner">
    <defName>BasicReleasePrisoner</defName>
    <workType>BasicWorker</workType>
    <priorityInType>100</priorityInType>
  </WorkGiverDef>

  <!-- ============= Warden ============= -->

  <WorkGiverDef>
    <defName>DoExecution</defName>
    <label>execute prisoners</label>
    <giverClass>WorkGiver_Warden_DoExecution</giverClass>
    <workType>Warden</workType>
    <verb>do execution on</verb>
    <gerund>doing execution on</gerund>
    <priorityInType>110</priorityInType>
    <requiredCapacities>
      <li>Manipulation</li>
    </requiredCapacities>
  </WorkGiverDef>

  <WorkGiverDef Name="ReleasePrisoner">
    <defName>ReleasePrisoner</defName>
    <label>release prisoners</label>
    <giverClass>WorkGiver_Warden_ReleasePrisoner</giverClass>
    <workType>Warden</workType>
    <verb>release</verb>
    <gerund>releasing</gerund>
    <priorityInType>100</priorityInType>
    <requiredCapacities>
      <li>Manipulation</li>
    </requiredCapacities>
    <equivalenceGroup>ReleasePrisoner</equivalenceGroup>
  </WorkGiverDef>

  <WorkGiverDef>
    <defName>TakePrisonerToBed</defName>
    <label>take prisoners to bed</label>
    <giverClass>WorkGiver_Warden_TakeToBed</giverClass>
    <workType>Warden</workType>
    <verb>take to bed</verb>
    <gerund>taking to bed</gerund>
    <priorityInType>90</priorityInType>
    <requiredCapacities>
      <li>Manipulation</li>
    </requiredCapacities>
  </WorkGiverDef>

  <WorkGiverDef>
    <defName>FeedPrisoner</defName>
    <label>feed prisoners</label>
    <giverClass>WorkGiver_Warden_Feed</giverClass>
    <workType>Warden</workType>
    <verb>feed</verb>
    <gerund>feeding</gerund>
    <priorityInType>80</priorityInType>
    <requiredCapacities>
      <li>Manipulation</li>
    </requiredCapacities>
  </WorkGiverDef>

  <WorkGiverDef>
    <defName>DeliverFoodToPrisoner</defName>
    <label>deliver food to prisoners</label>
    <giverClass>WorkGiver_Warden_DeliverFood</giverClass>
    <workType>Warden</workType>
    <verb>deliver food for</verb>
    <gerund>delivering food for</gerund>
    <priorityInType>70</priorityInType>
    <requiredCapacities>
      <li>Manipulation</li>
    </requiredCapacities>
  </WorkGiverDef>

  <WorkGiverDef>
    <defName>ChatWithPrisoner</defName>
    <label>chat with prisoners</label>
    <giverClass>WorkGiver_Warden_Chat</giverClass>
    <workType>Warden</workType>
    <verb>chat with</verb>
    <gerund>chatting with</gerund>
    <priorityInType>60</priorityInType>
    <requiredCapacities>
      <li>Talking</li>
    </requiredCapacities>
  </WorkGiverDef>

  <!-- ============= Handling ============= -->

  <WorkGiverDef ParentName="FeedAnimals">
    <defName>HandlingFeedPatientAnimals</defName>
    <workType>Handling</workType>
    <priorityInType>150</priorityInType>
  </WorkGiverDef>
  
  <WorkGiverDef>
    <defName>Slaughter</defName>
    <label>slaughter animals</label>
    <giverClass>WorkGiver_Slaughter</giverClass>
    <workType>Handling</workType>
    <verb>slaughter</verb>
    <gerund>slaughtering</gerund>
    <priorityInType>100</priorityInType>
    <requiredCapacities>
      <li>Manipulation</li>
    </requiredCapacities>
  </WorkGiverDef>

  <WorkGiverDef>
    <defName>Milk</defName>
    <label>milk animals</label>
    <giverClass>WorkGiver_Milk</giverClass>
    <workType>Handling</workType>
    <verb>milk</verb>
    <gerund>milking</gerund>
    <priorityInType>90</priorityInType>
    <requiredCapacities>
      <li>Manipulation</li>
    </requiredCapacities>
  </WorkGiverDef>

  <WorkGiverDef>
    <defName>Shear</defName>
    <label>shear animals</label>
    <giverClass>WorkGiver_Shear</giverClass>
    <workType>Handling</workType>
    <verb>shear</verb>
    <gerund>shearing</gerund>
    <priorityInType>85</priorityInType>
    <requiredCapacities>
      <li>Manipulation</li>
    </requiredCapacities>
  </WorkGiverDef>

  <WorkGiverDef>
    <defName>Tame</defName>
    <label>tame animals</label>
    <giverClass>WorkGiver_Tame</giverClass>
    <workType>Handling</workType>
    <verb>tame</verb>
    <gerund>taming</gerund>
    <priorityInType>80</priorityInType>
    <tagToGive>Fieldwork</tagToGive>
    <requiredCapacities>
      <li>Talking</li>
      <li>Manipulation</li>
    </requiredCapacities>
  </WorkGiverDef>

  <WorkGiverDef>
    <defName>Train</defName>
    <label>train animals</label>
    <giverClass>WorkGiver_Train</giverClass>
    <workType>Handling</workType>
    <verb>train</verb>
    <gerund>training</gerund>
    <priorityInType>70</priorityInType>
    <requiredCapacities>
      <li>Talking</li>
      <li>Manipulation</li>
    </requiredCapacities>
    <prioritizeSustains>true</prioritizeSustains>
  </WorkGiverDef>
  
  <!-- ============= Cooking ============= -->

  <WorkGiverDef>
    <defName>DoBillsCook</defName>
    <label>cook meals at stove</label>
    <giverClass>WorkGiver_DoBill</giverClass>
    <workType>Cooking</workType>
    <priorityInType>100</priorityInType>
    <fixedBillGiverDefs>
      <li>ElectricStove</li>
      <li>FueledStove</li>
    </fixedBillGiverDefs>
    <verb>cook</verb>
    <gerund>cooking at</gerund>
    <requiredCapacities>
      <li>Manipulation</li>
    </requiredCapacities>
    <prioritizeSustains>true</prioritizeSustains>
  </WorkGiverDef>

  <WorkGiverDef>
    <defName>DoBillsCookCampfire</defName>
    <label>cook meals at campfire</label>
    <giverClass>WorkGiver_DoBill</giverClass>
    <workType>Cooking</workType>
    <priorityInType>97</priorityInType>
    <fixedBillGiverDefs>
      <li>Campfire</li>
    </fixedBillGiverDefs>
    <verb>cook</verb>
    <gerund>cooking at</gerund>
    <requiredCapacities>
      <li>Manipulation</li>
    </requiredCapacities>
    <prioritizeSustains>true</prioritizeSustains>
  </WorkGiverDef>

  <WorkGiverDef>
    <defName>DoBillsButcherFlesh</defName>
    <label>butcher creatures</label>
    <giverClass>WorkGiver_DoBill</giverClass>
    <workType>Cooking</workType>
    <priorityInType>90</priorityInType>
    <fixedBillGiverDefs>
      <li>TableButcher</li>
      <li>ButcherSpot</li>
    </fixedBillGiverDefs>
    <verb>butcher</verb>
    <gerund>butchering at</gerund>
    <requiredCapacities>
      <li>Manipulation</li>
    </requiredCapacities>
    <prioritizeSustains>true</prioritizeSustains>
  </WorkGiverDef>

  <WorkGiverDef>
    <defName>CookFillHopper</defName>
    <label>fill food hoppers</label>
    <giverClass>WorkGiver_CookFillHopper</giverClass>
    <workType>Cooking</workType>
    <priorityInType>50</priorityInType>
    <verb>fill</verb>
    <gerund>filling</gerund>
    <requiredCapacities>
      <li>Manipulation</li>
    </requiredCapacities>
  </WorkGiverDef>

  <WorkGiverDef>
    <defName>DoBillsBrew</defName>
    <label>brew liquors</label>
    <giverClass>WorkGiver_DoBill</giverClass>
    <workType>Cooking</workType>
    <priorityInType>30</priorityInType>
    <fixedBillGiverDefs>
      <li>Brewery</li>
    </fixedBillGiverDefs>
    <verb>brew</verb>
    <gerund>brewing at</gerund>
    <requiredCapacities>
      <li>Manipulation</li>
    </requiredCapacities>
    <prioritizeSustains>true</prioritizeSustains>
  </WorkGiverDef>
  
  <!-- ============= Hunting ============= -->
  
  <WorkGiverDef>
    <defName>HunterHunt</defName>
    <label>hunt</label>
    <giverClass>WorkGiver_HunterHunt</giverClass>
    <workType>Hunting</workType>
    <verb>hunt</verb>
    <gerund>hunting</gerund>
    <tagToGive>Fieldwork</tagToGive>
    <requiredCapacities>
      <li>Manipulation</li>
    </requiredCapacities>
  </WorkGiverDef>
  
  <!-- ============= Construction ============= -->

	<WorkGiverDef>
		<defName>FixBrokenDownBuilding</defName>
		<label>fix broken-down buildings</label>
		<giverClass>WorkGiver_FixBrokenDownBuilding</giverClass>
		<workType>Construction</workType>
		<priorityInType>90</priorityInType>
		<verb>replace broken components in</verb>
		<gerund>replacing broken components in</gerund>
		<requiredCapacities>
			<li>Manipulation</li>
		</requiredCapacities>
		<prioritizeSustains>true</prioritizeSustains>
	</WorkGiverDef>

	<WorkGiverDef>
		<defName>Repair</defName>
		<label>repair damaged things</label>
		<giverClass>WorkGiver_Repair</giverClass>
		<workType>Construction</workType>
		<priorityInType>80</priorityInType>
		<verb>repair</verb>
		<gerund>repairing</gerund>
		<requiredCapacities>
			<li>Manipulation</li>
		</requiredCapacities>
		<canBeDoneByNonColonists>true</canBeDoneByNonColonists>
	</WorkGiverDef>
	
	<WorkGiverDef>
		<defName>BuildRoofs</defName>
		<label>build roofs</label>
		<giverClass>WorkGiver_BuildRoof</giverClass>
		<workType>Construction</workType>
		<priorityInType>70</priorityInType>
		<verb>build roof</verb>
		<gerund>building roof</gerund>
		<scanThings>false</scanThings>
		<scanCells>true</scanCells>
		<requiredCapacities>
			<li>Manipulation</li>
		</requiredCapacities>
	</WorkGiverDef>

	<WorkGiverDef>
		<defName>RemoveRoofs</defName>
		<label>remove roofs</label>
		<giverClass>WorkGiver_RemoveRoof</giverClass>
		<workType>Construction</workType>
		<priorityInType>60</priorityInType>
		<verb>remove roof</verb>
		<gerund>removing roof</gerund>
		<scanThings>false</scanThings>
		<scanCells>true</scanCells>
		<requiredCapacities>
			<li>Manipulation</li>
		</requiredCapacities>
	</WorkGiverDef>

  <WorkGiverDef>
    <defName>ConstructFinishFrames</defName>
    <label>construct placed frames</label>
    <giverClass>WorkGiver_ConstructFinishFrames</giverClass>
    <workType>Construction</workType>
    <priorityInType>50</priorityInType>
    <verb>construct</verb>
    <gerund>constructing</gerund>
    <requiredCapacities>
      <li>Manipulation</li>
    </requiredCapacities>
    <canBeDoneByNonColonists>true</canBeDoneByNonColonists>
    <prioritizeSustains>true</prioritizeSustains>
    <equivalenceGroup>AssistInConstruction</equivalenceGroup>
  </WorkGiverDef>

  <WorkGiverDef>
    <defName>ConstructDeliverResourcesToFrames</defName>
    <label>deliver resources to frames</label>
    <giverClass>WorkGiver_ConstructDeliverResourcesToFrames</giverClass>
    <workType>Construction</workType>
    <priorityInType>40</priorityInType>
    <verb>work on</verb>
    <gerund>working on</gerund>
    <requiredCapacities>
      <li>Manipulation</li>
    </requiredCapacities>
    <canBeDoneByNonColonists>true</canBeDoneByNonColonists>
    <prioritizeSustains>true</prioritizeSustains>
    <equivalenceGroup>AssistInConstruction</equivalenceGroup>
  </WorkGiverDef>

  <WorkGiverDef>
    <defName>ConstructDeliverResourcesToBlueprints</defName>
    <label>deliver resources to blueprints</label>
    <giverClass>WorkGiver_ConstructDeliverResourcesToBlueprints</giverClass>
    <workType>Construction</workType>
    <priorityInType>30</priorityInType>
    <verb>work on</verb>
    <gerund>working on</gerund>
    <requiredCapacities>
      <li>Manipulation</li>
    </requiredCapacities>
    <canBeDoneByNonColonists>true</canBeDoneByNonColonists>
    <prioritizeSustains>true</prioritizeSustains>
    <equivalenceGroup>AssistInConstruction</equivalenceGroup>
  </WorkGiverDef>
	
	<WorkGiverDef>
		<defName>Deconstruct</defName>
		<label>deconstruct structures</label>
		<giverClass>WorkGiver_Deconstruct</giverClass>
		<workType>Construction</workType>
		<priorityInType>20</priorityInType>
		<verb>deconstruct</verb>
		<gerund>deconstructing</gerund>
		<requiredCapacities>
			<li>Manipulation</li>
		</requiredCapacities>
	</WorkGiverDef>

	<WorkGiverDef>
		<defName>Uninstall</defName>
		<label>uninstall structures</label>
		<giverClass>WorkGiver_Uninstall</giverClass>
		<workType>Construction</workType>
		<priorityInType>19</priorityInType>
		<verb>uninstall</verb>
		<gerund>uninstalling</gerund>
		<requiredCapacities>
			<li>Manipulation</li>
		</requiredCapacities>
	</WorkGiverDef>

	<WorkGiverDef>
    <defName>ConstructRemoveFloors</defName>
    <label>remove floors</label>
    <giverClass>WorkGiver_ConstructRemoveFloor</giverClass>
    <workType>Construction</workType>
    <priorityInType>10</priorityInType>
    <verb>remove floor</verb>
    <gerund>removing floor</gerund>
    <scanThings>false</scanThings>
    <scanCells>true</scanCells>
    <requiredCapacities>
      <li>Manipulation</li>
    </requiredCapacities>
  </WorkGiverDef>

  <WorkGiverDef>
    <defName>ConstructSmoothWalls</defName>
    <label>smooth walls</label>
    <giverClass>WorkGiver_ConstructSmoothWall</giverClass>
    <workType>Construction</workType>
    <priorityInType>6</priorityInType>
    <verb>smooth</verb>
    <gerund>smoothing</gerund>
    <scanThings>false</scanThings>
    <scanCells>true</scanCells>
    <requiredCapacities>
      <li>Manipulation</li>
    </requiredCapacities>
  </WorkGiverDef>
  
	<WorkGiverDef>
		<defName>ConstructSmoothFloors</defName>
		<label>smooth floors</label>
		<giverClass>WorkGiver_ConstructSmoothFloor</giverClass>
		<workType>Construction</workType>
		<priorityInType>5</priorityInType>
		<verb>smooth</verb>
		<gerund>smoothing</gerund>
		<scanThings>false</scanThings>
		<scanCells>true</scanCells>
		<requiredCapacities>
			<li>Manipulation</li>
		</requiredCapacities>
	</WorkGiverDef>
  
  <!-- ============= Growing ============= -->

  <WorkGiverDef>
    <defName>GrowerHarvest</defName>
    <label>harvest crops</label>
    <giverClass>WorkGiver_GrowerHarvest</giverClass>
    <workType>Growing</workType>
    <priorityInType>100</priorityInType>
    <verb>harvest</verb>
    <gerund>harvesting</gerund>
    <scanThings>false</scanThings>
    <scanCells>true</scanCells>
    <requiredCapacities>
      <li>Manipulation</li>
    </requiredCapacities>
  </WorkGiverDef>

  <WorkGiverDef>
    <defName>GrowerSow</defName>
    <label>sow crops</label>
    <giverClass>WorkGiver_GrowerSow</giverClass>
    <workType>Growing</workType>
    <priorityInType>50</priorityInType>
    <verb>sow</verb>
    <gerund>sowing</gerund>
    <scanThings>false</scanThings>
    <scanCells>true</scanCells>
    <requiredCapacities>
      <li>Manipulation</li>
    </requiredCapacities>
  </WorkGiverDef>
  
  <!-- ============= Mining ============= -->
  
  <WorkGiverDef>
    <defName>Mine</defName>
    <label>mine</label>
    <giverClass>WorkGiver_Miner</giverClass>
    <workType>Mining</workType>
    <priorityInType>100</priorityInType>
    <verb>mine</verb>
    <gerund>mining</gerund>
		<tagToGive>Fieldwork</tagToGive>
		<requiredCapacities>
      <li>Manipulation</li>
    </requiredCapacities>
  </WorkGiverDef>

  <WorkGiverDef>
    <defName>Drill</defName>
    <label>drill at deep drill</label>
    <giverClass>WorkGiver_DeepDrill</giverClass>
    <workType>Mining</workType>
    <priorityInType>50</priorityInType>
    <verb>drill</verb>
    <gerund>drilling</gerund>
    <requiredCapacities>
      <li>Manipulation</li>
    </requiredCapacities>
  </WorkGiverDef>

  <!-- ============= PlantCutting ============= -->
  
  <WorkGiverDef>
    <defName>PlantsCut</defName>
    <label>cut plants</label>
    <giverClass>WorkGiver_PlantsCut</giverClass>
    <workType>PlantCutting</workType>
    <verb>cut</verb>
    <gerund>cutting</gerund>
    <requiredCapacities>
      <li>Manipulation</li>
    </requiredCapacities>
  </WorkGiverDef>
  
  <!-- ============= Smithing ============= -->

  <WorkGiverDef>
    <defName>DoBillsMakeWeapons</defName>
    <label>make weapons</label>
    <giverClass>WorkGiver_DoBill</giverClass>
    <workType>Smithing</workType>
    <priorityInType>115</priorityInType>
    <fixedBillGiverDefs>
      <li>ElectricSmithy</li>
      <li>FueledSmithy</li>
    </fixedBillGiverDefs>
    <verb>smith</verb>
    <gerund>smithing at</gerund>
    <requiredCapacities>
      <li>Manipulation</li>
    </requiredCapacities>
    <prioritizeSustains>true</prioritizeSustains>
  </WorkGiverDef>

  <WorkGiverDef>
    <defName>DoBillsMachiningTable</defName>
    <label>make things at machining table</label>
    <giverClass>WorkGiver_DoBill</giverClass>
    <workType>Smithing</workType>
    <priorityInType>75</priorityInType>
    <fixedBillGiverDefs>
      <li>TableMachining</li>
    </fixedBillGiverDefs>
    <verb>work</verb>
    <gerund>working at</gerund>
    <requiredCapacities>
      <li>Manipulation</li>
    </requiredCapacities>
    <prioritizeSustains>true</prioritizeSustains>
  </WorkGiverDef>

  <WorkGiverDef>
    <defName>DoBillsFabricationBench</defName>
    <label>fabricate things</label>
    <giverClass>WorkGiver_DoBill</giverClass>
    <workType>Smithing</workType>
    <priorityInType>50</priorityInType>
    <fixedBillGiverDefs>
      <li>FabricationBench</li>
    </fixedBillGiverDefs>
    <verb>fabricating things</verb>
    <gerund>fabricating things at</gerund>
    <requiredCapacities>
      <li>Manipulation</li>
    </requiredCapacities>
    <prioritizeSustains>true</prioritizeSustains>
  </WorkGiverDef>

  <!-- ============= Tailoring ============= -->

  <WorkGiverDef>
    <defName>DoBillsMakeApparel</defName>
    <label>make apparel</label>
    <giverClass>WorkGiver_DoBill</giverClass>
    <workType>Tailoring</workType>
    <priorityInType>110</priorityInType>
    <fixedBillGiverDefs>
      <li>ElectricTailoringBench</li>
      <li>HandTailoringBench</li>
    </fixedBillGiverDefs>
    <verb>tailor</verb>
    <gerund>tailoring at</gerund>
    <requiredCapacities>
      <li>Manipulation</li>
    </requiredCapacities>
    <prioritizeSustains>true</prioritizeSustains>
  </WorkGiverDef>

  <!-- ============= Art ============= -->
  
  <WorkGiverDef>
    <defName>DoBillsSculpt</defName>
    <label>make sculptures</label>
    <giverClass>WorkGiver_DoBill</giverClass>
    <workType>Art</workType>
    <priorityInType>100</priorityInType>
    <fixedBillGiverDefs>
      <li>TableSculpting</li>
    </fixedBillGiverDefs>
    <verb>sculpt</verb>
    <gerund>sculpting at</gerund>
    <requiredCapacities>
      <li>Manipulation</li>
    </requiredCapacities>
    <prioritizeSustains>true</prioritizeSustains>
  </WorkGiverDef>
  
  <!-- ============= Crafting ============= -->

  <!--
  <WorkGiverDef>
    <defName>DoBillsMedicalMechanoidOperation</defName>
    <label>operate on mechanoids</label>
    <giverClass>WorkGiver_DoBill</giverClass>
    <workType>Crafting</workType>
    <priorityInType>110</priorityInType>
    <billGiversAllMechanoids>true</billGiversAllMechanoids>
    <billGiversAllMechanoidsCorpses>true</billGiversAllMechanoidsCorpses>
    <verb>modify</verb>
    <gerund>modifying</gerund>
    <requiredCapacities>
      <li>Manipulation</li>
    </requiredCapacities>
    <prioritizeSustains>true</prioritizeSustains>
  </WorkGiverDef>
  -->

  <WorkGiverDef>
    <defName>DoBillsUseCraftingSpot</defName>
    <label>make things at crafting spot</label>
    <giverClass>WorkGiver_DoBill</giverClass>
    <workType>Crafting</workType>
    <priorityInType>100</priorityInType>
    <fixedBillGiverDefs>
      <li>CraftingSpot</li>
    </fixedBillGiverDefs>
    <verb>craft</verb>
    <gerund>crafting at</gerund>
    <requiredCapacities>
      <li>Manipulation</li>
    </requiredCapacities>
    <prioritizeSustains>true</prioritizeSustains>
  </WorkGiverDef>

	<WorkGiverDef>
		<defName>DoBillsRefinery</defName>
		<label>work at refinery</label>
		<giverClass>WorkGiver_DoBill</giverClass>
		<workType>Crafting</workType>
		<priorityInType>97</priorityInType>
		<fixedBillGiverDefs>
			<li>BiofuelRefinery</li>
		</fixedBillGiverDefs>
		<verb>refine chemicals</verb>
		<gerund>refining chemicals at</gerund>
		<requiredCapacities>
			<li>Manipulation</li>
		</requiredCapacities>
		<prioritizeSustains>true</prioritizeSustains>
	</WorkGiverDef>

	<WorkGiverDef>
    <defName>DoBillsProduceDrugs</defName>
    <label>synthesize drugs</label>
    <giverClass>WorkGiver_DoBill</giverClass>
    <workType>Crafting</workType>
		<workTags>
			<li>Intellectual</li>
		</workTags>
    <priorityInType>95</priorityInType>
    <fixedBillGiverDefs>
      <li>DrugLab</li>
    </fixedBillGiverDefs>
    <verb>produce drugs</verb>
    <gerund>producing drugs at</gerund>
    <requiredCapacities>
      <li>Manipulation</li>
    </requiredCapacities>
    <prioritizeSustains>true</prioritizeSustains>
  </WorkGiverDef>

  <WorkGiverDef>
    <defName>DoBillsStonecut</defName>
    <label>make stone blocks</label>
    <giverClass>WorkGiver_DoBill</giverClass>
    <workType>Crafting</workType>
    <priorityInType>90</priorityInType>
    <fixedBillGiverDefs>
      <li>TableStonecutter</li>
    </fixedBillGiverDefs>
    <verb>stonecut</verb>
    <gerund>cutting stone blocks at</gerund>
    <requiredCapacities>
      <li>Manipulation</li>
    </requiredCapacities>
    <prioritizeSustains>true</prioritizeSustains>
  </WorkGiverDef>

  <WorkGiverDef>
    <defName>DoBillsSmelter</defName>
    <label>smelt items</label>
    <giverClass>WorkGiver_DoBill</giverClass>
    <workType>Crafting</workType>
    <priorityInType>80</priorityInType>
    <fixedBillGiverDefs>
      <li>ElectricSmelter</li>
    </fixedBillGiverDefs>
    <verb>refine</verb>
    <gerund>refining at</gerund>
    <requiredCapacities>
      <li>Manipulation</li>
    </requiredCapacities>
    <prioritizeSustains>true</prioritizeSustains>
  </WorkGiverDef>

  <!-- ============= Hauling ============= -->

  <WorkGiverDef>
    <defName>RearmTurrets</defName>
    <label>rearm turrets</label>
    <giverClass>WorkGiver_Refuel_Turret</giverClass>
    <workType>Hauling</workType>
    <verb>rearm</verb>
    <gerund>rearming</gerund>
    <priorityInType>150</priorityInType>
    <requiredCapacities>
      <li>Manipulation</li>
    </requiredCapacities>
    <prioritizeSustains>true</prioritizeSustains>
  </WorkGiverDef>
  
	<WorkGiverDef>
		<defName>UnloadCarriers</defName>
		<label>unload carriers</label>
		<giverClass>WorkGiver_UnloadCarriers</giverClass>
		<workType>Hauling</workType>
		<verb>unload</verb>
		<gerund>unloading</gerund>
		<priorityInType>120</priorityInType>
		<requiredCapacities>
			<li>Manipulation</li>
		</requiredCapacities>
	</WorkGiverDef>
  
	<WorkGiverDef>
		<defName>LoadTransporters</defName>
		<label>load transporters</label>
		<giverClass>WorkGiver_LoadTransporters</giverClass>
		<workType>Hauling</workType>
		<verb>load</verb>
		<gerund>loading</gerund>
		<priorityInType>110</priorityInType>
		<requiredCapacities>
			<li>Manipulation</li>
		</requiredCapacities>
	</WorkGiverDef>
  
	<WorkGiverDef>
		<defName>HelpGatheringItemsForCaravan</defName>
		<label>load caravan</label>
		<giverClass>WorkGiver_HelpGatheringItemsForCaravan</giverClass>
		<workType>Hauling</workType>
		<verb>load</verb>
		<gerund>loading</gerund>
		<priorityInType>105</priorityInType>
		<requiredCapacities>
			<li>Manipulation</li>
		</requiredCapacities>
	</WorkGiverDef>
  
	<WorkGiverDef>
		<defName>Strip</defName>
		<label>strip corpses</label>
		<giverClass>WorkGiver_Strip</giverClass>
		<workType>Hauling</workType>
		<verb>strip</verb>
		<gerund>stripping</gerund>
		<priorityInType>100</priorityInType>
		<requiredCapacities>
			<li>Manipulation</li>
		</requiredCapacities>
	</WorkGiverDef>

	<WorkGiverDef>
		<defName>HaulCorpses</defName>
		<label>haul corpses</label>
		<giverClass>WorkGiver_HaulCorpses</giverClass>
		<workType>Hauling</workType>
		<verb>haul</verb>
		<gerund>hauling</gerund>
		<priorityInType>90</priorityInType>
		<requiredCapacities>
			<li>Manipulation</li>
		</requiredCapacities>
	</WorkGiverDef>

	<WorkGiverDef>
		<defName>Open</defName>
		<label>open containers</label>
		<giverClass>WorkGiver_Open</giverClass>
		<workType>Hauling</workType>
		<verb>open</verb>
		<gerund>opening</gerund>
		<priorityInType>70</priorityInType>
		<requiredCapacities>
			<li>Manipulation</li>
		</requiredCapacities>
	</WorkGiverDef>
	
	<WorkGiverDef>
    <defName>Refuel</defName>
    <label>refuel fuelable buildings</label>
    <giverClass>WorkGiver_Refuel</giverClass>
    <workType>Hauling</workType>
    <verb>refuel</verb>
    <gerund>refueling</gerund>
    <priorityInType>60</priorityInType>
    <requiredCapacities>
      <li>Manipulation</li>
    </requiredCapacities>
    <prioritizeSustains>true</prioritizeSustains>
  </WorkGiverDef>

  <WorkGiverDef>
    <defName>RearmTraps</defName>
    <label>rearm traps</label>
    <giverClass>WorkGiver_RearmTraps</giverClass>
    <workType>Hauling</workType>
    <verb>rearm</verb>
    <gerund>rearming</gerund>
    <priorityInType>50</priorityInType>
    <requiredCapacities>
      <li>Manipulation</li>
    </requiredCapacities>
  </WorkGiverDef>

	<WorkGiverDef>
		<defName>DoBillsCremate</defName>
		<label>do cremation bills</label>
		<giverClass>WorkGiver_DoBill</giverClass>
		<workType>Hauling</workType>
		<priorityInType>40</priorityInType>
		<fixedBillGiverDefs>
			<li>ElectricCrematorium</li>
		</fixedBillGiverDefs>
		<verb>cremate</verb>
		<gerund>cremating at</gerund>
		<requiredCapacities>
			<li>Manipulation</li>
		</requiredCapacities>
		<prioritizeSustains>true</prioritizeSustains>
	</WorkGiverDef>

	<WorkGiverDef>
		<defName>DoBillsHaulCampfire</defName>
		<label>do bills at campfire</label>
		<giverClass>WorkGiver_DoBill</giverClass>
		<workType>Hauling</workType>
		<priorityInType>30</priorityInType>
		<fixedBillGiverDefs>
			<li>Campfire</li>
		</fixedBillGiverDefs>
		<verb>work at</verb>
		<gerund>working at</gerund>
		<requiredCapacities>
			<li>Manipulation</li>
		</requiredCapacities>
		<prioritizeSustains>true</prioritizeSustains>
	</WorkGiverDef>
	
	<WorkGiverDef>
    <defName>TakeBeerOutOfFermentingBarrel</defName>
    <label>take beer out of fermenting barrels</label>
    <giverClass>WorkGiver_TakeBeerOutOfFermentingBarrel</giverClass>
    <workType>Hauling</workType>
    <verb>take beer</verb>
    <gerund>taking beer from</gerund>
    <priorityInType>20</priorityInType>
    <requiredCapacities>
      <li>Manipulation</li>
    </requiredCapacities>
  </WorkGiverDef>
  
  <WorkGiverDef>
    <defName>FillFermentingBarrel</defName>
    <label>fill fermenting barrels</label>
    <giverClass>WorkGiver_FillFermentingBarrel</giverClass>
    <workType>Hauling</workType>
    <verb>fill</verb>
    <gerund>filling</gerund>
    <priorityInType>19</priorityInType>
    <requiredCapacities>
      <li>Manipulation</li>
    </requiredCapacities>
  </WorkGiverDef>
  
  <WorkGiverDef>
    <defName>HaulGeneral</defName>
    <label>haul general things</label>
    <giverClass>WorkGiver_HaulGeneral</giverClass>
    <workType>Hauling</workType>
    <verb>haul</verb>
    <gerund>hauling</gerund>
    <priorityInType>15</priorityInType>
    <requiredCapacities>
      <li>Manipulation</li>
    </requiredCapacities>
  </WorkGiverDef>

  <WorkGiverDef>
    <defName>DeliverResourcesToFrames</defName>
    <label>deliver resources to frames</label>
    <giverClass>WorkGiver_ConstructDeliverResourcesToFrames</giverClass>
    <workType>Hauling</workType>
    <priorityInType>10</priorityInType>
    <verb>deliver to</verb>
    <gerund>delivering to</gerund>
    <requiredCapacities>
      <li>Manipulation</li>
    </requiredCapacities>
    <canBeDoneByNonColonists>true</canBeDoneByNonColonists>
    <prioritizeSustains>true</prioritizeSustains>
    <equivalenceGroup>AssistInConstruction</equivalenceGroup>
  </WorkGiverDef>

  <WorkGiverDef>
    <defName>DeliverResourcesToBlueprints</defName>
    <label>deliver resources to blueprints</label>
    <giverClass>WorkGiver_ConstructDeliverResourcesToBlueprints</giverClass>
    <workType>Hauling</workType>
    <priorityInType>9</priorityInType>
    <verb>deliver to</verb>
    <gerund>delivering to</gerund>
    <requiredCapacities>
      <li>Manipulation</li>
    </requiredCapacities>
    <canBeDoneByNonColonists>true</canBeDoneByNonColonists>
    <prioritizeSustains>true</prioritizeSustains>
    <equivalenceGroup>AssistInConstruction</equivalenceGroup>
  </WorkGiverDef>
  
  <WorkGiverDef>
    <defName>HaulMerge</defName>
    <label>merge things</label>
    <giverClass>WorkGiver_Merge</giverClass>
    <workType>Hauling</workType>
    <verb>merge</verb>
    <gerund>merging</gerund>
    <priorityInType>5</priorityInType>
    <requiredCapacities>
      <li>Manipulation</li>
    </requiredCapacities>
  </WorkGiverDef>

  <!-- ============= Cleaning ============= -->

  <WorkGiverDef>
    <defName>CleanClearSnow</defName>
    <label>clear snow</label>
    <giverClass>WorkGiver_ClearSnow</giverClass>
    <workType>Cleaning</workType>
    <verb>clear snow</verb>
    <gerund>clearing snow</gerund>
    <priorityInType>10</priorityInType>
    <scanThings>false</scanThings>
    <scanCells>true</scanCells>
    <requiredCapacities>
      <li>Manipulation</li>
    </requiredCapacities>
  </WorkGiverDef>

  <WorkGiverDef>
    <defName>CleanFilth</defName>
    <label>clean filth</label>
    <giverClass>WorkGiver_CleanFilth</giverClass>
    <workType>Cleaning</workType>
    <verb>clean</verb>
    <gerund>cleaning</gerund>
    <priorityInType>5</priorityInType>
    <requiredCapacities>
      <li>Manipulation</li>
    </requiredCapacities>
  </WorkGiverDef>
  
  <!-- ============= Research ============= -->
  
  <WorkGiverDef>
    <defName>Research</defName>
    <label>do research</label>
    <giverClass>WorkGiver_Researcher</giverClass>
    <workType>Research</workType>
    <verb>research</verb>
    <gerund>researching at</gerund>
  </WorkGiverDef>

</Defs>