﻿<?xml version="1.0" encoding="utf-8" ?>
<Defs>

  <InteractionDef>
    <defName>BuildRapport</defName>
    <label>try to get to know</label>
    <symbol>Things/Mote/SpeechSymbols/BuildRapport</symbol>
    <initiatorXpGainSkill>Social</initiatorXpGainSkill>
    <initiatorXpGainAmount>30</initiatorXpGainAmount>
    <recipientThought>RapportBuilt</recipientThought>
    <logRulesInitiator>
      <rulesStrings>
        <li>logentry->Tried to build rapport with [other_nameShortIndef].</li>
      </rulesStrings>
    </logRulesInitiator>
    <logRulesRecipient>
      <rulesStrings>
        <li>logentry->Listened to [other_nameShortIndef] build rapport with me.</li>
      </rulesStrings>
    </logRulesRecipient>
  </InteractionDef>

  <InteractionDef>
    <defName>RecruitAttempt</defName>
    <label>recruit attempt</label>
    <symbol>Things/Mote/SpeechSymbols/PrisonerRecruit</symbol>
    <workerClass>InteractionWorker_RecruitAttempt</workerClass>
    <initiatorXpGainSkill>Social</initiatorXpGainSkill>
    <initiatorXpGainAmount>170</initiatorXpGainAmount>
    <logRulesInitiator>
      <rulesStrings>
        <li>logentry->Attempted to recruit [other_nameShortIndef].</li>
      </rulesStrings>
    </logRulesInitiator>
    <logRulesRecipient>
      <rulesStrings>
        <li>logentry->Listened to a recruitment pitch from [other_nameShortIndef].</li>
      </rulesStrings>
    </logRulesRecipient>
  </InteractionDef>

  <InteractionDef>
    <defName>SparkJailbreak</defName>
    <label>spark jailbreak</label>
    <symbol>Things/Mote/SpeechSymbols/SparkJailbreak</symbol>
    <workerClass>InteractionWorker_SparkJailbreak</workerClass>
    <initiatorXpGainSkill>Social</initiatorXpGainSkill>
    <initiatorXpGainAmount>30</initiatorXpGainAmount>
    <logRulesInitiator>
      <rulesStrings>
        <li>logentry->Induced [other_nameShortIndef] to escape.</li>
      </rulesStrings>
    </logRulesInitiator>
    <logRulesRecipient>
      <rulesStrings>
        <li>logentry->Was induced to escape by [other_nameShortIndef].</li>
      </rulesStrings>
    </logRulesRecipient>
  </InteractionDef>

</Defs>
