﻿<?xml version="1.0" encoding="utf-8" ?>
<Defs>

  <!-- Random social interactions -->

  <InteractionDef>
    <defName>Chitchat</defName>
    <label>chitchat</label>
    <workerClass>InteractionWorker_Chitchat</workerClass>
    <symbol>Things/Mote/SpeechSymbols/Chitchat</symbol>
    <initiatorThought>Chitchat</initiatorThought>
    <initiatorXpGainSkill>Social</initiatorXpGainSkill>
    <initiatorXpGainAmount>4</initiatorXpGainAmount>
    <recipientThought>Chitchat</recipientThought>
    <logRulesInitiator>
      <rulesStrings>
        <li>r_logentry->[INITIATOR_nameIndef] and [RECIPIENT_nameIndef] [talkedabout] [TalkTopic_light].</li>
        <li>r_logentry->[INITIATOR_nameIndef] [talkedabout] [TalkTopic_light] with [RECIPIENT_nameIndef].</li>

        <li>talkedabout(p=4)->chatted about</li>
        <li>talkedabout->shared a word about</li>
        <li>talkedabout->spoke about</li>
        <li>talkedabout->gabbed about</li>
        <li>talkedabout->talked about</li>
        <li>talkedabout->joked about</li>
        <li>talkedabout->quipped about</li>
      </rulesStrings>
    </logRulesInitiator>
  </InteractionDef>
  
  <InteractionDef>
    <defName>DeepTalk</defName>
    <label>deep talk</label>
    <workerClass>InteractionWorker_DeepTalk</workerClass>
    <symbol>Things/Mote/SpeechSymbols/DeepTalk</symbol>
    <initiatorThought>DeepTalk</initiatorThought>
    <initiatorXpGainSkill>Social</initiatorXpGainSkill>
    <initiatorXpGainAmount>10</initiatorXpGainAmount>
    <recipientThought>DeepTalk</recipientThought>
    <logRulesInitiator>
      <rulesStrings>
        <li>r_logentry->[INITIATOR_nameIndef] and [RECIPIENT_nameIndef] [talkedabout] [subject].</li>
        <li>r_logentry->[INITIATOR_nameIndef] [talkedabout] [subject] with [RECIPIENT_nameIndef].</li>

        <li>talkedabout->communicated thoughts about</li>
        <li>talkedabout->exchanged thoughts about</li>
        <li>talkedabout->exchanged ideas about</li>
        <li>talkedabout->shared views on</li>
        <li>talkedabout->shared beliefs on</li>
        <li>talkedabout->discussed the topic of</li>
        <li>talkedabout->had a heartfelt conversation about</li>
        <li>talkedabout->talked quietly about</li>
        <li>talkedabout->talked deeply about</li>
        <li>talkedabout->connected on the topic of</li>

        <li>subject(p=2)->[TalkTopic_heavy]</li>
        <li>subject->[TalkTopic_light]</li>
      </rulesStrings>
    </logRulesInitiator>
  </InteractionDef>
  
  <InteractionDef>
    <defName>Slight</defName>
    <label>slight</label>
    <workerClass>InteractionWorker_Slight</workerClass>
    <symbol>Things/Mote/SpeechSymbols/Slight</symbol>
    <socialFightBaseChance>0.005</socialFightBaseChance>
    <recipientThought>Slighted</recipientThought>
    <logRulesInitiator>
      <rulesStrings>
        <li>r_logentry->[INITIATOR_nameIndef] [madefunof] [target]'s [PersonalCharacteristic].</li>

        <li>target(p=4)->[RECIPIENT_nameIndef]</li>
        <li>target->[RECIPIENT_nameIndef]'s [Family]</li>

        <li>madefunof->made fun of</li>
        <li>madefunof->disrespected</li>
        <li>madefunof->subtly scorned</li>
        <li>madefunof->subtly shamed</li>
        <li>madefunof->spoke badly of</li>
        <li>madefunof->spoke negatively of</li>
        <li>madefunof->laughed at</li>
        <li>madefunof->sniggered at</li>
        <li>madefunof->implied negative things about</li>
        <li>madefunof->belittled</li>
        <li>madefunof->made a contemptuous remark about</li>
        <li>madefunof->offered a backhanded compliment about</li>
      </rulesStrings>
    </logRulesInitiator>
  </InteractionDef>
  
  <InteractionDef>
    <defName>Insult</defName>
    <label>insult</label>
    <workerClass>InteractionWorker_Insult</workerClass>
    <symbol>Things/Mote/SpeechSymbols/Insult</symbol>
    <socialFightBaseChance>0.04</socialFightBaseChance>
    <recipientThought>Insulted</recipientThought>
    <logRulesInitiator>
      <rulesStrings>
        <li>r_logentry(p=3)->[INITIATOR_nameIndef] [insulted] [target]'s [PersonalCharacteristic].</li>
        <li>r_logentry->[INITIATOR_nameIndef] compared [target] to a [insultcomparison].</li>
        <li>r_logentry->[INITIATOR_nameIndef] called [target] a [insultcomparison].</li>
        
        <li>target(p=4)->[RECIPIENT_nameIndef]</li>
        <li>target->[RECIPIENT_nameIndef]'s [Family]</li>

        <li>insulted(p=3)->insulted</li>
        <li>insulted->openly insulted</li>
        <li>insulted->loudly insulted</li>
        <li>insulted->flagrantly insulted</li>
        <li>insulted->directly insulted</li>
        <li>insulted->viciously insulted</li>
        <li>insulted->flagrantly disrespected</li>
        <li>insulted->slandered</li>
        <li>insulted->hurled invective about</li>
        <li>insulted->derided</li>

        <li>insultcomparison(p=2)->[Animal]</li>
        <li>insultcomparison->[Enemy]</li>
      </rulesStrings>
    </logRulesInitiator>
  </InteractionDef>

  <RulePackDef>
    <defName>Sentence_SocialFightStarted</defName>
    <rulePack>
      <rulesStrings>
        <li>sent->This drove [RECIPIENT_nameDef] into a rage and [RECIPIENT_pronoun] began a fight!</li>
      </rulesStrings>
    </rulePack>
  </RulePackDef>
  
  <InteractionDef>
    <defName>KindWords</defName>
    <label>kind words</label>
    <workerClass>InteractionWorker_KindWords</workerClass>
    <symbol>Things/Mote/SpeechSymbols/KindWords</symbol>
    <recipientThought>KindWords</recipientThought>
    <logRulesInitiator>
      <rulesStrings>
        <li>r_logentry->[INITIATOR_nameIndef] [complimented] [RECIPIENT_nameIndef]'s [PersonalCharacteristic].</li>
        
        <li>complimented(p=3)->complimented</li>
        <li>complimented->praised</li>
        <li>complimented->commended</li>
        <li>complimented->lauded</li>
        <li>complimented->applauded</li>
        <li>complimented->celebrated</li>
        <li>complimented->saluted</li>
        <li>complimented->spoke kindly of</li>
        <li>complimented->expressed good things about</li>
        <li>complimented->offered kinds words about</li>
        <li>complimented->verbally appreciated</li>
        <li>complimented->expressed appreciation for</li>
        <li>complimented->said good things about</li>
      </rulesStrings>
    </logRulesInitiator>
  </InteractionDef>
  
</Defs>
