﻿<?xml version="1.0" encoding="utf-8" ?>
<Defs>

  <!--======================= Wild plants - carpets ========================-->

  <ThingDef ParentName="PlantBase">
    <defName>PlantTallGrass</defName>
    <label>tall grass</label>
    <description>Wild tall grass. Significantly slows down anyone moving over it.</description>
    <statBases>
      <MaxHitPoints>90</MaxHitPoints>
    </statBases>
    <pathCost>18</pathCost>
    <graphicData>
      <texPath>Things/Plant/Grass</texPath>
      <graphicClass>Graphic_Random</graphicClass>
    </graphicData>
    <hideAtSnowDepth>0.5</hideAtSnowDepth>
    <ingestible>
      <nutrition>0.20</nutrition>
    </ingestible>
    <plant>
			<fertilityMin>0.5</fertilityMin>
			<fertilitySensitivity>0.7</fertilitySensitivity>
			<growDays>3</growDays>
			<reproduceMtbDays>3</reproduceMtbDays>
			<harvestWork>60</harvestWork>
			<maxMeshCount>9</maxMeshCount>
			<visualSizeRange>
				<min>0.7</min>
				<max>0.85</max>
			</visualSizeRange>
			<topWindExposure>0.4</topWindExposure>
		</plant>
  </ThingDef>

  <!--============================ Wild - Trees ============================-->

  <ThingDef ParentName="TreeBase">
    <defName>PlantTreeTeak</defName>
    <label>teak tree</label>
    <description>A very strong hardwood tree, used in ancient times to build sailing ships.</description>
    <graphicData>
      <texPath>Things/Plant/TreeTeak</texPath>
      <graphicClass>Graphic_Random</graphicClass>
    </graphicData>
    <statBases>
      <Beauty>2</Beauty>
    </statBases>
    <plant>
			<growDays>32.5</growDays>
			<leaflessGraphicPath>Things/Plant/TreeOak_Leafless</leaflessGraphicPath>
			<harvestWork>1200</harvestWork>
      <harvestYield>60</harvestYield>
      <visualSizeRange>
        <min>1.3</min>
        <max>2.4</max>
      </visualSizeRange>
    </plant>
  </ThingDef>
  
  
  <ThingDef ParentName="TreeBase">
    <defName>PlantTreeCecropia</defName>
    <label>cecropia tree</label>
    <description>One of the most common rainforest trees. Grows very fast, but yields little usable wood.</description>
    <graphicData>
      <texPath>Things/Plant/TreeCecropia</texPath>
      <graphicClass>Graphic_Random</graphicClass>
    </graphicData>
    <statBases>
      <Beauty>1</Beauty>
    </statBases>
    <plant>
      <growDays>14</growDays>
      <harvestWork>550</harvestWork>
      <harvestYield>20</harvestYield>
    </plant>
    <ingestible>
      <nutrition>1.20</nutrition>
    </ingestible>
  </ThingDef>

</Defs>