﻿<?xml version="1.0" encoding="utf-8"?>
<Defs>

  <PawnTableDef>
    <defName>Work</defName>
    <columns>
      <li>Label</li>
      <li>CopyPasteWorkPriorities</li>
      <li>RemainingSpace</li>
    </columns>
  </PawnTableDef>

  <PawnTableDef>
    <defName>Assign</defName>
    <columns>
      <li>Label</li>
      <li>HostilityResponse</li>
      <li>GapTiny</li>
      <li>Outfit</li>
      <li>GapSmall</li>
      <li>DrugPolicy</li>
      <li>RemainingSpace</li>
    </columns>
  </PawnTableDef>

  <PawnTableDef>
    <defName>Restrict</defName>
    <columns>
      <li>Label</li>
      <li>CopyPasteTimetable</li>
      <li>Timetable</li>
      <li>GapTiny</li>
      <li>AllowedArea</li>
      <li>RemainingSpace</li>
    </columns>
  </PawnTableDef>

  <PawnTableDef>
    <defName>Animals</defName>
    <columns>
      <li>Label</li>
      <li>Gender</li>
      <li>LifeStage</li>
      <li>GapTiny</li>
      <li>GapTiny</li>
      <li>FollowDrafted</li>
      <li>FollowFieldwork</li>
      <li>GapTiny</li>
      <li>Master</li>
      <li>Slaughter</li>
      <li>GapTiny</li>
      <li>AllowedAreaWide</li>
      <li>Pregnant</li>
      <li>RemainingSpace</li>
    </columns>
  </PawnTableDef>

</Defs>