﻿<?xml version="1.0" encoding="utf-8" ?>
<Defs>

  <!-- Meditative -->
  
  <JoyGiverDef>
    <defName>Skygaze</defName>
    <giverClass>JoyGiver_Skygaze</giverClass>
    <baseChance>1</baseChance>
    <jobDef>Skygaze</jobDef>
    <joyKind>Meditative</joyKind>
    <requiredCapacities>
      <li>Sight</li>
    </requiredCapacities>
  </JoyGiverDef>

  <JoyGiverDef>
    <defName>Meditate</defName>
    <giverClass>JoyGiver_InPrivateRoom</giverClass>
    <baseChance>2</baseChance>
    <pctPawnsEverDo>0.4</pctPawnsEverDo>
    <jobDef>Meditate</jobDef>
    <joyKind>Meditative</joyKind>
  </JoyGiverDef>

  <JoyGiverDef>
    <defName>Pray</defName>
    <giverClass>JoyGiver_InPrivateRoom</giverClass>
    <baseChance>2</baseChance>
    <pctPawnsEverDo>0.2</pctPawnsEverDo>
    <jobDef>Pray</jobDef>
    <joyKind>Meditative</joyKind>
  </JoyGiverDef>

  <JoyGiverDef>
    <defName>GoForWalk</defName>
    <giverClass>JoyGiver_GoForWalk</giverClass>
    <baseChance>1</baseChance>
    <jobDef>GoForWalk</jobDef>
    <joyKind>Meditative</joyKind>
  </JoyGiverDef>

  <JoyGiverDef>
    <defName>BuildSnowman</defName>
    <giverClass>JoyGiver_BuildSnowman</giverClass>
    <baseChance>1.5</baseChance>
    <jobDef>BuildSnowman</jobDef>
    <joyKind>Meditative</joyKind>
    <requiredCapacities>
      <li>Manipulation</li>
    </requiredCapacities>
  </JoyGiverDef>

  <JoyGiverDef>
    <defName>VisitGrave</defName>
    <giverClass>JoyGiver_VisitGrave</giverClass>
    <baseChance>1</baseChance>
    <jobDef>VisitGrave</jobDef>
    <joyKind>Meditative</joyKind>
  </JoyGiverDef>

  <JoyGiverDef>
    <defName>ViewArt</defName>
    <giverClass>JoyGiver_ViewArt</giverClass>
    <baseChance>1</baseChance>
    <jobDef>ViewArt</jobDef>
    <joyKind>Meditative</joyKind>
    <canDoWhileInBed>true</canDoWhileInBed>
  </JoyGiverDef>

  <!-- Social -->
  
  <JoyGiverDef>
    <defName>SocialRelax</defName>
    <giverClass>JoyGiver_SocialRelax</giverClass>
    <baseChance>4</baseChance>
    <joyKind>Social</joyKind>
  </JoyGiverDef>
  
  <JoyGiverDef>
    <defName>VisitSickPawn</defName>
    <giverClass>JoyGiver_VisitSickPawn</giverClass>
    <baseChance>3</baseChance>
    <jobDef>VisitSickPawn</jobDef>
    <joyKind>Social</joyKind>
  </JoyGiverDef>
  
  <!-- Consumption -->

  <JoyGiverDef>
    <defName>TakeDrug</defName>
    <giverClass>JoyGiver_TakeDrug</giverClass>
    <baseChance>4</baseChance>
    <joyKind>Chemical</joyKind>
    <requiredCapacities>
      <li>Manipulation</li>
    </requiredCapacities>
  </JoyGiverDef>

  <JoyGiverDef>
    <defName>EatChocolate</defName>
    <giverClass>JoyGiver_Ingest</giverClass>
    <baseChance>2.5</baseChance>
    <thingDefs>
      <li>Chocolate</li>
    </thingDefs>
    <joyKind>Gluttonous</joyKind>
    <requiredCapacities>
      <li>Manipulation</li>
    </requiredCapacities>
  </JoyGiverDef>

  <!-- Building - gaming dexterity -->

  <JoyGiverDef>
    <defName>PlayHorseshoes</defName>
    <giverClass>JoyGiver_WatchBuilding</giverClass>
    <baseChance>2.3</baseChance>
    <thingDefs>
      <li>HorseshoesPin</li>
    </thingDefs>
    <jobDef>PlayHorseshoes</jobDef>
    <desireSit>false</desireSit>
    <joyKind>GamingDexterity</joyKind>
    <requiredCapacities>
      <li>Sight</li>
      <li>Manipulation</li>
    </requiredCapacities>
  </JoyGiverDef>

  <JoyGiverDef>
    <defName>PlayBilliards</defName>
    <giverClass>JoyGiver_PlayBilliards</giverClass>
    <baseChance>2</baseChance>
    <thingDefs>
      <li>BilliardsTable</li>
    </thingDefs>
    <jobDef>PlayBilliards</jobDef>
    <joyKind>GamingDexterity</joyKind>
    <requiredCapacities>
      <li>Sight</li>
      <li>Manipulation</li>
    </requiredCapacities>
  </JoyGiverDef>

  <!-- Building - gaming cerebral -->

  <JoyGiverDef>
    <defName>PlayChess</defName>
    <giverClass>JoyGiver_InteractBuildingSitAdjacent</giverClass>
    <baseChance>1.5</baseChance>
    <thingDefs>
      <li>ChessTable</li>
    </thingDefs>
    <jobDef>PlayChess</jobDef>
    <joyKind>GamingCerebral</joyKind>
    <requiredCapacities>
      <li>Sight</li>
      <li>Manipulation</li>
    </requiredCapacities>
  </JoyGiverDef>

  <!-- Building - passive -->

  <JoyGiverDef>
    <defName>WatchTelevision</defName>
    <giverClass>JoyGiver_WatchBuilding</giverClass>
    <baseChance>2</baseChance>
    <canDoWhileInBed>true</canDoWhileInBed>
    <thingDefs>
      <li>TubeTelevision</li>
      <li>FlatscreenTelevision</li>
      <li>MegascreenTelevision</li>
    </thingDefs>
    <jobDef>WatchTelevision</jobDef>
    <joyKind>Passive</joyKind>
    <requiredCapacities>
      <li>Sight</li>
    </requiredCapacities>
  </JoyGiverDef>

  <!-- Building - study -->

  <JoyGiverDef>
    <defName>UseTelescope</defName>
    <giverClass>JoyGiver_InteractBuildingInteractionCell</giverClass>
    <baseChance>1.4</baseChance>
    <thingDefs>
      <li>Telescope</li>
    </thingDefs>
    <jobDef>UseTelescope</jobDef>
    <joyKind>Study</joyKind>
    <unroofedOnly>true</unroofedOnly>
    <requiredCapacities>
      <li>Sight</li>
    </requiredCapacities>
  </JoyGiverDef>
  
</Defs>