﻿<?xml version="1.0" encoding="utf-8" ?>
<Defs>

  <JoyKindDef>
    <defName>Work</defName>
    <label>work</label>
  </JoyKindDef>
  
  <JoyKindDef>
    <defName>Meditative</defName>
    <label>meditative</label>
  </JoyKindDef>

  <JoyKindDef>
    <defName>Lewd</defName>
    <label>lewd</label>
  </JoyKindDef>

  <JoyKindDef>
    <defName>Social</defName>
    <label>social</label>
  </JoyKindDef>

  <JoyKindDef>
    <defName>Chemical</defName>
    <label>chemical</label>
  </JoyKindDef>

  <JoyKindDef>
    <defName>Gluttonous</defName>
    <label>gluttonous</label>
  </JoyKindDef>
  
  <JoyKindDef>
    <defName>GamingDexterity</defName>
    <label>gaming (dexterity)</label>
  </JoyKindDef>

    <JoyKindDef>
    <defName>GamingCerebral</defName>
    <label>gaming (cerebral)</label>
  </JoyKindDef>

  <JoyKindDef>
    <defName>Passive</defName>
    <label>passive</label>
  </JoyKindDef>

  <JoyKindDef>
    <defName>Study</defName>
    <label>study</label>
  </JoyKindDef>

</Defs>