﻿<?xml version="1.0" encoding="utf-8" ?>
<SkillDefs>

	<SkillDef>
		<defName>Shooting</defName>
    <description>Use of all kinds of ranged weapons.</description>
    <skillLabel>Shooting</skillLabel>
  </SkillDef>

	<SkillDef>
		<defName>Melee</defName>
    <description>Use of all kinds of melee weapons as well as unarmed combat.</description>
    <skillLabel>Melee</skillLabel>
    <disablingWorkTags>Violent</disablingWorkTags>
	</SkillDef>

	<SkillDef>
		<defName>Social</defName>
    <description>Negotiating, convincing, manipulating, leading, and cheering up others.</description>
    <skillLabel>Social</skillLabel>
	</SkillDef>

  <SkillDef>
    <defName>Animals</defName>
    <description>Taming, training, managing, and controlling animals.</description>
    <skillLabel>Animals</skillLabel>
		<usuallyDefinedInBackstories>false</usuallyDefinedInBackstories>
  </SkillDef>
  
  <SkillDef>
    <defName>Medicine</defName>
    <description>Treating wounds and diseases and doing surgery.</description>
    <skillLabel>Medicine</skillLabel>
  </SkillDef>

  <SkillDef>
    <defName>Cooking</defName>
    <description>Creating meals from raw ingredients.</description>
    <skillLabel>Cooking</skillLabel>
  </SkillDef>

  <SkillDef>
    <defName>Construction</defName>
    <description>Better constructors build structures and furniture faster and of higher quality.</description>
    <skillLabel>Construction</skillLabel>
  </SkillDef>

  <SkillDef>
		<defName>Growing</defName>
    <description>Sowing, caring for, and harvesting crops.</description>
    <skillLabel>Growing</skillLabel>
	</SkillDef>

  <SkillDef>
		<defName>Mining</defName>
    <description>Digging tunnels and extracting mineral or buried resources.</description>
    <skillLabel>Mining</skillLabel>
	</SkillDef>
  
	<SkillDef>
		<defName>Artistic</defName>
    <description>Crafting art.</description>
    <skillLabel>Artistic</skillLabel>
	</SkillDef>

	<SkillDef>
		<defName>Crafting</defName>
    <description>Crafting general items including weapons and tools.</description>
    <skillLabel>Crafting</skillLabel>
	</SkillDef>
 
  <SkillDef>
    <defName>Intellectual</defName>
    <description>Investigating evidence, making connections, calculating and using logic.</description>
    <skillLabel>Intellectual</skillLabel>
  </SkillDef>


</SkillDefs>