﻿<?xml version="1.0" encoding="utf-8" ?>
<Defs>

  <LetterDef Abstract="True" Name="CustomChoiceLetterBase">
    <letterClass>ChoiceLetter</letterClass>
    <color>(95, 151, 191)</color>
    <flashInterval>-1</flashInterval>
    <icon>UI/Letters/CustomChoiceLetter</icon>
  </LetterDef>

  <LetterDef ParentName="CustomChoiceLetterBase">
    <defName>RansomDemand</defName>
    <letterClass>ChoiceLetter_RansomDemand</letterClass>
  </LetterDef>

  <LetterDef ParentName="CustomChoiceLetterBase">
    <defName>ChoosePawn</defName>
    <letterClass>ChoiceLetter_ChoosePawn</letterClass>
  </LetterDef>

</Defs>
