﻿<?xml version="1.0" encoding="utf-8" ?>
<Defs>

  <!-- Basic recipes - speed not affected by skill because there's no skill involved -->


<StatDef>
    <defName>UnskilledLaborSpeed</defName>
    <label>unskilled labor speed</label>
    <description>The speed at which this person carries out unskilled labor like making stone blocks, making chemfuel at a refinery or burning items.</description>
    <category>PawnWork</category>
    <defaultBaseValue>1</defaultBaseValue>
    <minValue>0.1</minValue>
    <toStringStyle>PercentZero</toStringStyle>
    <statFactors>
      <li>WorkSpeedGlobal</li>
    </statFactors>
    <capacityFactors>
      <li>
        <capacity>Manipulation</capacity>
        <weight>1</weight>
      </li>
      <li>
        <capacity>Sight</capacity>
        <weight>0.25</weight>
				<max>1</max>
			</li>
    </capacityFactors>
  </StatDef>

  <!-- Artistic recipes - speed not affected by skill because skill affects output quality -->

  <StatDef>
    <defName>SculptingSpeed</defName>
    <label>sculpting speed</label>
    <description>The speed at which this person creates sculptures.\n\nThis stat only affects the how fast sculptures are produced, not their quality. Quality is determined by the sculptor's artistic skill.</description>
    <category>PawnWork</category>
    <defaultBaseValue>1</defaultBaseValue>
    <minValue>0.1</minValue>
    <toStringStyle>PercentZero</toStringStyle>
    <statFactors>
      <li>WorkSpeedGlobal</li>
    </statFactors>
    <capacityFactors>
      <li>
        <capacity>Manipulation</capacity>
        <weight>1</weight>
      </li>
      <li>
        <capacity>Sight</capacity>
        <weight>0.25</weight>
				<max>1</max>
			</li>
    </capacityFactors>
  </StatDef>

  <StatDef>
    <defName>TailoringSpeed</defName>
    <label>tailoring speed</label>
    <description>The speed at which this person makes clothes.\n\nThis stat only affects how fast clothes are produced, not their quality. Quality is determined by the tailor's crafting skill.</description>
    <category>PawnWork</category>
    <defaultBaseValue>1</defaultBaseValue>
    <minValue>0.1</minValue>
    <toStringStyle>PercentZero</toStringStyle>
    <statFactors>
      <li>WorkSpeedGlobal</li>
    </statFactors>
    <capacityFactors>
      <li>
        <capacity>Sight</capacity>
        <weight>0.6</weight>
				<max>1</max>
			</li>
      <li>
        <capacity>Manipulation</capacity>
        <weight>1</weight>
      </li>
    </capacityFactors>
  </StatDef>

  <StatDef>
    <defName>SmithingSpeed</defName>
    <label>smithing speed</label>
    <description>Speed at which this person crafts weapons, machinery, and ammunition.\n\nThis stat only affects how fast items are produced, not their quality. Quality is determined by the crafter's skill.</description>
    <category>PawnWork</category>
    <defaultBaseValue>1</defaultBaseValue>
    <minValue>0.1</minValue>
    <toStringStyle>PercentZero</toStringStyle>
    <statFactors>
      <li>WorkSpeedGlobal</li>
    </statFactors>
    <capacityFactors>
      <li>
        <capacity>Sight</capacity>
        <weight>0.6</weight>
				<max>1</max>
			</li>
      <li>
        <capacity>Manipulation</capacity>
        <weight>1</weight>
      </li>
    </capacityFactors>
  </StatDef>

	<!-- Production recipes - speed affected by skill because there is no output quality -->

	<StatDef>
    <defName>DrugSynthesisSpeed</defName>
    <label>drug synthesis speed</label>
    <description>How fast this character synthesizes complex chemical drugs.</description>
    <category>PawnWork</category>
    <defaultBaseValue>1</defaultBaseValue>
    <minValue>0.1</minValue>
    <toStringStyle>PercentZero</toStringStyle>
    <statFactors>
      <li>WorkSpeedGlobal</li>
    </statFactors>
		<skillNeedFactors>
			<li Class="SkillNeed_BaseBonus">
				<skill>Intellectual</skill>
				<baseValue>0.3</baseValue>
				<bonusPerLevel>0.0875</bonusPerLevel>
			</li>
		</skillNeedFactors>
    <capacityFactors>
      <li>
        <capacity>Sight</capacity>
        <weight>0.6</weight>
				<max>1</max>
			</li>
      <li>
        <capacity>Manipulation</capacity>
        <weight>1</weight>
      </li>
    </capacityFactors>
  </StatDef>

  <StatDef>
    <defName>CookSpeed</defName>
    <label>cooking speed</label>
    <description>The speed at which this person cooks meals.</description>
    <category>PawnWork</category>
    <defaultBaseValue>1</defaultBaseValue>
    <minValue>0.1</minValue>
    <toStringStyle>PercentZero</toStringStyle>
    <statFactors>
      <li>WorkSpeedGlobal</li>
    </statFactors>
    <skillNeedFactors>
      <li Class="SkillNeed_BaseBonus">
        <skill>Cooking</skill>
        <baseValue>0.4</baseValue>
        <bonusPerLevel>0.06</bonusPerLevel>
      </li>
    </skillNeedFactors>
    <capacityFactors>
      <li>
        <capacity>Sight</capacity>
        <weight>0.3</weight>
				<max>1</max>
			</li>
      <li>
        <capacity>Manipulation</capacity>
        <weight>1</weight>
      </li>
    </capacityFactors>
  </StatDef>

    <StatDef>
    <defName>FoodPoisonChance</defName>
    <label>food poison chance</label>
    <description>The probability that this character will inadvertently poison a meal they cook. Food poison temporarily debilitates anyone it strikes.</description>
    <category>PawnWork</category>
    <defaultBaseValue>1</defaultBaseValue>
    <minValue>0</minValue>
    <toStringStyle>PercentTwo</toStringStyle>
    <skillNeedFactors>
      <li Class="SkillNeed_Direct">
        <skill>Cooking</skill>
        <valuesPerLevel>
          <li>0.050</li>
          <li>0.040</li>
          <li>0.030</li>
          <li>0.020</li>
          <li>0.015</li>
          <li>0.010</li>
          <li>0.005</li>
          <li>0.0025</li>
          <li>0.0015</li>
          <li>0.001</li>
          <li>0.001</li>
          <li>0.001</li>
          <li>0.001</li>
          <li>0.001</li>
          <li>0.001</li>
          <li>0.001</li>
          <li>0.001</li>
          <li>0.001</li>
          <li>0.001</li>
          <li>0.001</li>
        </valuesPerLevel>
      </li>
    </skillNeedFactors>
  </StatDef>

  <StatDef>
    <defName>DrugCookingSpeed</defName>
    <label>drug cooking speed</label>
    <description>The speed at which this person brews beer and tea, or makes simple drug products like smokeleaf joints.</description>
    <category>PawnWork</category>
    <defaultBaseValue>1</defaultBaseValue>
    <minValue>0.1</minValue>
    <toStringStyle>PercentZero</toStringStyle>
    <statFactors>
      <li>WorkSpeedGlobal</li>
    </statFactors>
    <skillNeedFactors>
      <li Class="SkillNeed_BaseBonus">
        <skill>Cooking</skill>
        <baseValue>0.4</baseValue>
        <bonusPerLevel>0.06</bonusPerLevel>
      </li>
    </skillNeedFactors>
    <capacityFactors>
      <li>
        <capacity>Sight</capacity>
        <weight>0.3</weight>
				<max>1</max>
			</li>
      <li>
        <capacity>Manipulation</capacity>
        <weight>1</weight>
      </li>
    </capacityFactors>
  </StatDef>

	<StatDef Abstract="True" Name="ButcherySpeedBase">
		<category>PawnWork</category>
		<defaultBaseValue>1</defaultBaseValue>
    <minValue>0.1</minValue>
		<toStringStyle>PercentZero</toStringStyle>
		<statFactors>
			<li>WorkSpeedGlobal</li>
		</statFactors>
		<capacityFactors>
			<li>
				<capacity>Sight</capacity>
				<weight>0.4</weight>
				<max>1</max>
			</li>
			<li>
				<capacity>Manipulation</capacity>
				<weight>1</weight>
			</li>
		</capacityFactors>
	</StatDef>

	<StatDef ParentName="ButcherySpeedBase">
		<defName>ButcheryFleshSpeed</defName>
		<label>butchery speed</label>
		<description>The speed at which this person butchers flesh creatures.</description>
    <skillNeedFactors>
      <li Class="SkillNeed_BaseBonus">
        <skill>Cooking</skill>
        <baseValue>0.4</baseValue>
        <bonusPerLevel>0.06</bonusPerLevel>
      </li>
    </skillNeedFactors>
  </StatDef>
	
  <StatDef ParentName="ButcherySpeedBase">
    <defName>ButcheryMechanoidSpeed</defName>
    <label>mechanoid disassembly speed</label>
    <description>The speed at which this person can disassemble a mechanoid.</description>
    <skillNeedFactors>
      <li Class="SkillNeed_BaseBonus">
        <skill>Crafting</skill>
        <baseValue>0.4</baseValue>
        <bonusPerLevel>0.06</bonusPerLevel>
      </li>
    </skillNeedFactors>
  </StatDef>
  
	<StatDef Abstract="True" Name="ButcheryEfficiencyBase" >
		<category>PawnWork</category>
		<defaultBaseValue>1</defaultBaseValue>
    <minValue>0</minValue>
		<toStringStyle>PercentZero</toStringStyle>
		<capacityFactors>
			<li>
				<capacity>Sight</capacity>
				<weight>0.4</weight>
				<max>1</max>
			</li>
			<li>
				<capacity>Manipulation</capacity>
				<weight>0.9</weight>
			</li>
		</capacityFactors>
	</StatDef>

	<StatDef ParentName="ButcheryEfficiencyBase">
		<defName>ButcheryFleshEfficiency</defName>
		<label>butchery efficiency</label>
		<description>The amount of meat produced when butchering flesh creatures. The actual amount is also related to the creature's size.</description>
		<maxValue>1</maxValue>
		<skillNeedFactors>
			<li Class="SkillNeed_BaseBonus">
				<skill>Cooking</skill>
				<baseValue>0.75</baseValue>
				<bonusPerLevel>0.025</bonusPerLevel>
			</li>
		</skillNeedFactors>
	</StatDef>

	<StatDef ParentName="ButcheryEfficiencyBase">
    <defName>ButcheryMechanoidEfficiency</defName>
    <label>mechanoid disassembly efficiency</label>
    <description>The amount of materials yielded when this person disassembles a dead mechanoid. The actual amount is also related to the mechanoid's size.</description>
		<maxValue>1</maxValue>
		<skillNeedFactors>
      <li Class="SkillNeed_BaseBonus">
        <skill>Crafting</skill>
        <baseValue>0.75</baseValue>
        <bonusPerLevel>0.025</bonusPerLevel>
      </li>
    </skillNeedFactors>
  </StatDef>
	
	<!-- Dumb recipes - not affected by skill because there's no skill component -->

	<StatDef>
		<defName>SmeltingSpeed</defName>
		<label>smelting speed</label>
		<description>The speed at which this person smelts things.\n\nSince smelting is dumb labor, smelting speed is not affected by any skill.</description>
		<category>PawnWork</category>
		<defaultBaseValue>1</defaultBaseValue>
    <minValue>0.1</minValue>
		<toStringStyle>PercentZero</toStringStyle>
		<statFactors>
			<li>WorkSpeedGlobal</li>
		</statFactors>
		<capacityFactors>
			<li>
				<capacity>Sight</capacity>
				<weight>0.3</weight>
				<max>1</max>
			</li>
			<li>
				<capacity>Manipulation</capacity>
				<weight>1</weight>
			</li>
		</capacityFactors>
	</StatDef>

</Defs>
