﻿<?xml version="1.0" encoding="utf-8" ?>
<Defs>

  <StatDef Abstract="True" Name="AccuracyBase">
    <category>Weapon</category>
    <defaultBaseValue>1</defaultBaseValue>
    <minValue>0.01</minValue>
    <maxValue>1</maxValue>
    <toStringStyle>PercentZero</toStringStyle>
    <showIfUndefined>false</showIfUndefined>
    <parts>
      <li Class="StatPart_Quality">
        <factorAwful>0.8</factorAwful>
        <factorPoor>0.9</factorPoor>
        <factorNormal>1</factorNormal>
        <factorGood>1.1</factorGood>
        <factorExcellent>1.2</factorExcellent>
        <factorMasterwork>1.35</factorMasterwork>
        <factorLegendary>1.5</factorLegendary>
      </li>
    </parts>
  </StatDef>


  <StatDef ParentName="AccuracyBase">
    <defName>AccuracyTouch</defName>
    <label>Accuracy (close)</label>
    <description>The weapon's accuracy at a distance of 3 cells or less.\n\nAn actual shot's chance to hit will also be affected by other factors.</description>
    <displayPriorityInCategory>5110</displayPriorityInCategory>
  </StatDef>

  <StatDef ParentName="AccuracyBase">
    <defName>AccuracyShort</defName>
    <label>Accuracy (short)</label>
    <description>The weapon's accuracy at a distance of 12 cells.\n\nAn actual shot's chance to hit will also be affected by other factors.</description>
    <displayPriorityInCategory>5109</displayPriorityInCategory>
  </StatDef>

  <StatDef ParentName="AccuracyBase">
    <defName>AccuracyMedium</defName>
    <label>Accuracy (medium)</label>
    <description>The weapon's accuracy at a distance of 25 cells.\n\nAn actual shot's chance to hit will also be affected by other factors.</description>
    <displayPriorityInCategory>5108</displayPriorityInCategory>
  </StatDef>

  <StatDef ParentName="AccuracyBase">
    <defName>AccuracyLong</defName>
    <label>Accuracy (long)</label>
    <description>The weapon's accuracy at a distance of 40 cells or more.\n\nAn actual shot's chance to hit will also be affected by other factors.</description>
    <displayPriorityInCategory>5107</displayPriorityInCategory>
  </StatDef>

  <StatDef>
    <defName>RangedWeapon_Cooldown</defName>
    <label>ranged cooldown</label>
    <description>How long it takes to recover after firing this weapon.</description>
    <category>Weapon</category>
    <defaultBaseValue>1</defaultBaseValue>
    <minValue>0.01</minValue>
    <toStringStyle>FloatTwo</toStringStyle>
    <formatString>{0} s</formatString>
    <showIfUndefined>false</showIfUndefined>
    <displayPriorityInCategory>5106</displayPriorityInCategory>
    <scenarioRandomizable>true</scenarioRandomizable>
  </StatDef>

  <StatDef>
    <defName>RangedWeapon_DamageMultiplier</defName>
    <label>damage multiplier</label>
    <description>A damage multiplier applied to projectiles fired from this weapon.</description>
    <category>Weapon</category>
    <defaultBaseValue>1</defaultBaseValue>
    <minValue>0</minValue>
    <toStringStyle>PercentZero</toStringStyle>
    <showIfUndefined>false</showIfUndefined>
    <displayPriorityInCategory>5105</displayPriorityInCategory>
    <parts>
      <li Class="StatPart_Quality">
        <factorAwful>0.9</factorAwful>
        <factorPoor>1</factorPoor>
        <factorNormal>1</factorNormal>
        <factorGood>1</factorGood>
        <factorExcellent>1</factorExcellent>
        <factorMasterwork>1.25</factorMasterwork>
        <factorLegendary>1.5</factorLegendary>
      </li>
    </parts>
    <scenarioRandomizable>true</scenarioRandomizable>
  </StatDef>

</Defs>
