﻿<?xml version="1.0" encoding="utf-8" ?>
<Defs>

  <StatDef>
    <defName>RecruitPrisonerChance</defName>
    <label>recruit prisoner chance</label>
    <description>The base chance this person will recruit a prisoner on any given attempt. The actual chance is also affected by factors like prisoner mood, prisoner difficulty, and so on.</description>
    <category>PawnSocial</category>
    <defaultBaseValue>1</defaultBaseValue>
    <minValue>0.01</minValue>
    <toStringStyle>PercentTwo</toStringStyle>
    <skillNeedFactors>
      <li Class="SkillNeed_BaseBonus">
        <skill>Social</skill>
        <baseValue>0.02</baseValue>
        <bonusPerLevel>0.04</bonusPerLevel>
      </li>
    </skillNeedFactors>
    <capacityFactors>
      <li>
        <capacity>Talking</capacity>
        <weight>0.9</weight>
      </li>
    </capacityFactors>
		<scenarioRandomizable>true</scenarioRandomizable>
	</StatDef>

  <StatDef>
    <defName>TameAnimalChance</defName>
    <label>tame animal chance</label>
    <description>The base chance this person will successfully tame an animal on any given attempt. The actual chance is also affected by the animal's wildness. Failed tame attempt can induce animal attacks, especially for more vicious animals.</description>
    <category>PawnSocial</category>
    <defaultBaseValue>1</defaultBaseValue>
    <minValue>0.01</minValue>
    <toStringStyle>PercentTwo</toStringStyle>
    <skillNeedFactors>
      <li Class="SkillNeed_BaseBonus">
        <skill>Animals</skill>
        <baseValue>0.028</baseValue>
        <bonusPerLevel>0.014</bonusPerLevel>
      </li>
    </skillNeedFactors>
    <capacityFactors>
      <li>
        <capacity>Talking</capacity>
        <weight>0.9</weight>
      </li>
      <li>
        <capacity>Manipulation</capacity>
        <weight>0.5</weight>
      </li>
    </capacityFactors>
		<scenarioRandomizable>true</scenarioRandomizable>
	</StatDef>

  <StatDef>
    <defName>TrainAnimalChance</defName>
    <label>train animal chance</label>
    <description>The base chance this person will make progress training an animal on a given attempt. The actual chance for a given attempt will also depend on the animal's wildness, whether it is bonded with the trainer, and so on.</description>
    <category>PawnSocial</category>
    <defaultBaseValue>1.0</defaultBaseValue>
    <minValue>0.01</minValue>
    <toStringStyle>PercentTwo</toStringStyle>
    <skillNeedFactors>
      <li Class="SkillNeed_BaseBonus">
        <skill>Animals</skill>
        <baseValue>0.042</baseValue>
        <bonusPerLevel>0.042</bonusPerLevel>
      </li>
    </skillNeedFactors>
    <capacityFactors>
      <li>
        <capacity>Talking</capacity>
        <weight>0.7</weight>
      </li>
    </capacityFactors>
		<scenarioRandomizable>true</scenarioRandomizable>
	</StatDef>

  <StatDef>
    <defName>SocialImpact</defName>
    <label>social chat impact</label>
    <description>A multiplier on how much other people are affected by this person's social interactions.</description>
    <category>PawnSocial</category>
    <defaultBaseValue>1</defaultBaseValue>
    <minValue>0.2</minValue>
    <toStringStyle>PercentTwo</toStringStyle>
    <skillNeedFactors>
      <li Class="SkillNeed_BaseBonus">
        <skill>Social</skill>
        <baseValue>0.82</baseValue>
        <bonusPerLevel>0.0275</bonusPerLevel>
      </li>
    </skillNeedFactors>
    <neverDisabled>true</neverDisabled>
    <capacityFactors>
      <li>
        <capacity>Talking</capacity>
        <weight>0.9</weight>
      </li>
    </capacityFactors>
  </StatDef>

  <StatDef>
    <defName>DiplomacyPower</defName>
    <label>diplomacy power</label>
    <description>How effective this person is as a diplomat. This affects the impact on relations when giving gifts to another faction, and determines the outcome of peace talks.</description>
    <category>PawnSocial</category>
    <defaultBaseValue>1</defaultBaseValue>
    <minValue>0.4</minValue>
    <toStringStyle>PercentTwo</toStringStyle>
    <skillNeedFactors>
      <li Class="SkillNeed_BaseBonus">
        <skill>Social</skill>
        <baseValue>0.5</baseValue>
        <bonusPerLevel>0.05</bonusPerLevel>
      </li>
    </skillNeedFactors>
    <capacityFactors>
      <li>
        <capacity>Talking</capacity>
        <weight>0.9</weight>
      </li>
    </capacityFactors>
  </StatDef>

  <StatDef>
    <defName>TradePriceImprovement</defName>
    <label>trade price improvement</label>
    <description>When this person acts as a trade negotiator, buy and sell prices are improved by this percentage.</description>
    <category>PawnSocial</category>
    <defaultBaseValue>1</defaultBaseValue>
    <minValue>0</minValue>
    <toStringStyle>PercentTwo</toStringStyle>
    <skillNeedFactors>
      <li Class="SkillNeed_BaseBonus">
        <skill>Social</skill>
        <baseValue>0</baseValue>
        <bonusPerLevel>0.015</bonusPerLevel>
      </li>
    </skillNeedFactors>
    <capacityFactors>
      <li>
        <capacity>Talking</capacity>
        <weight>0.3</weight>
        <allowedDefect>0.05</allowedDefect>
      </li>
      <li>
        <capacity>Hearing</capacity>
        <weight>0.3</weight>
        <allowedDefect>0.05</allowedDefect>
      </li>
    </capacityFactors>
  </StatDef>

</Defs>
