﻿<?xml version="1.0" encoding="utf-8" ?>
<Defs>

  <StatDef Abstract="True" Name="AccuracyBase">
    <category>Weapon</category>
    <defaultBaseValue>1</defaultBaseValue>
    <minValue>0.01</minValue>
    <maxValue>1</maxValue>
    <toStringStyle>PercentZero</toStringStyle>
    <showIfUndefined>false</showIfUndefined>
    <parts>
      <li Class="StatPart_Quality">
        <factorAwful>0.8</factorAwful>
        <factorPoor>0.9</factorPoor>
        <factorNormal>1</factorNormal>
        <factorGood>1.1</factorGood>
        <factorExcellent>1.2</factorExcellent>
        <factorMasterwork>1.35</factorMasterwork>
        <factorLegendary>1.5</factorLegendary>
      </li>
    </parts>
  </StatDef>


  <StatDef ParentName="AccuracyBase">
    <defName>AccuracyTouch</defName>
    <label>Accuracy (touch)</label>
    <description>The weapon's effect on accuracy at a distance of 4 cells or less.</description>
    <displayPriorityInCategory>900</displayPriorityInCategory>
  </StatDef>

  <StatDef ParentName="AccuracyBase">
    <defName>AccuracyShort</defName>
    <label>Accuracy (short)</label>
    <description>The weapon's effect on accuracy at a distance of 15 cells.</description>
    <displayPriorityInCategory>899</displayPriorityInCategory>
  </StatDef>

  <StatDef ParentName="AccuracyBase">
    <defName>AccuracyMedium</defName>
    <label>Accuracy (medium)</label>
    <description>The weapon's effect on accuracy at a distance of 30 cells.</description>
    <displayPriorityInCategory>898</displayPriorityInCategory>
  </StatDef>

  <StatDef ParentName="AccuracyBase">
    <defName>AccuracyLong</defName>
    <label>Accuracy (long)</label>
    <description>The weapon's effect on accuracy at a distance of 50 cells or more.</description>
    <displayPriorityInCategory>897</displayPriorityInCategory>
  </StatDef>

  <StatDef>
    <defName>RangedWeapon_Cooldown</defName>
    <label>ranged cooldown</label>
    <description>How long it takes to recover after firing this weapon.</description>
    <category>Weapon</category>
    <defaultBaseValue>1</defaultBaseValue>
    <minValue>0.01</minValue>
    <toStringStyle>FloatTwo</toStringStyle>
    <formatString>{0} s</formatString>
    <showIfUndefined>false</showIfUndefined>
    <displayPriorityInCategory>500</displayPriorityInCategory>
		<scenarioRandomizable>true</scenarioRandomizable>
	</StatDef>

  <StatDef>
    <defName>RangedWeapon_DamageMultiplier</defName>
    <label>damage multiplier</label>
    <description>A damage multiplier applied to projectiles fired from this weapon.</description>
    <category>Weapon</category>
    <defaultBaseValue>1</defaultBaseValue>
    <minValue>0</minValue>
    <toStringStyle>PercentZero</toStringStyle>
    <showIfUndefined>false</showIfUndefined>
    <displayPriorityInCategory>1000</displayPriorityInCategory>
    <parts>
      <li Class="StatPart_Quality">
        <factorAwful>0.9</factorAwful>
        <factorPoor>1</factorPoor>
        <factorNormal>1</factorNormal>
        <factorGood>1</factorGood>
        <factorExcellent>1</factorExcellent>
        <factorMasterwork>1.25</factorMasterwork>
        <factorLegendary>1.5</factorLegendary>
      </li>
    </parts>
    <scenarioRandomizable>true</scenarioRandomizable>
  </StatDef>

</Defs>
