﻿<?xml version="1.0" encoding="utf-8" ?>
<Defs>

  <ThingDef Name="HatBase" ParentName="ApparelBase" Abstract="True">
    <thingCategories>
      <li>Headgear</li>
    </thingCategories>
  </ThingDef>

  <ThingDef Name="HatMakeableBase" ParentName="ApparelMakeableBase" Abstract="True">
    <thingCategories>
      <li>Headgear</li>
    </thingCategories>
  </ThingDef>

  <ThingDef Name="ArmorHelmetMakeableBase" ParentName="ArmorMakeableBase" Abstract="True">
    <thingCategories>
      <li>Headgear</li>
    </thingCategories>
  </ThingDef>
  
  <ThingDef ParentName="HatMakeableBase" Name="CowboyHat">
    <defName>Apparel_CowboyHat</defName>
    <label>cowboy hat</label>
    <description>Stylish yet rugged, this hat keeps the sun and rain off - and it gives anyone who wears it a bit of extra charm. It is the most important part of traditional western attire.</description>
    <recipeMaker>
      <researchPrerequisite>ComplexClothing</researchPrerequisite>
    </recipeMaker>
    <graphicData>
      <texPath>Things/Pawn/Humanlike/Apparel/CowboyHat/CowboyHat</texPath>
      <graphicClass>Graphic_Single</graphicClass>
    </graphicData>
    <costStuffCount>25</costStuffCount>
    <stuffCategories>
      <li>Fabric</li>
      <li>Leathery</li>
    </stuffCategories>
    <statBases>
      <WorkToMake>7000</WorkToMake>
      <Mass>0.14</Mass>
      <ArmorRating_Blunt>0.03</ArmorRating_Blunt>
      <ArmorRating_Sharp>0.03</ArmorRating_Sharp>
      <Insulation_Heat>8</Insulation_Heat>
    </statBases>
    <equippedStatOffsets>
      <SocialImpact>0.15</SocialImpact>
    </equippedStatOffsets>
    <apparel>
      <bodyPartGroups>
        <li>UpperHead</li>
      </bodyPartGroups>
      <wornGraphicPath>Things/Pawn/Humanlike/Apparel/CowboyHat/CowboyHat</wornGraphicPath>
      <layers>
        <li>Overhead</li>
      </layers>
      <tags>
        <li>Outlander</li>
      </tags>
      <defaultOutfitTags>
        <li>Worker</li>
      </defaultOutfitTags>
    </apparel>
    <colorGenerator Class="ColorGenerator_Options">
      <options>
        <li>
          <weight>10</weight>
          <only>RGBA(0.9,0.54,0.15,1)</only>
        </li>
        <li>
          <weight>15</weight>
          <only>RGBA(0.9,0.6,0.18,1)</only>
        </li>
        <li>
          <weight>20</weight>
          <only>RGBA(0.9,0.42,0.23,1)</only>
        </li>
      </options>
    </colorGenerator>
  </ThingDef>

	<ThingDef ParentName="CowboyHat">
		<defName>Apparel_BowlerHat</defName>
		<label>bowler hat</label>
		<description>A good-looking hat which projects a slightly urban, money-loving style. Improves social impact.</description>
		<graphicData>
			<texPath>Things/Pawn/Humanlike/Apparel/BowlerHat/BowlerHat</texPath>
		</graphicData>
		<costStuffCount>20</costStuffCount>
		<statBases>
			<WorkToMake>6500</WorkToMake>
			<Mass>0.14</Mass>
			<ArmorRating_Blunt>0.03</ArmorRating_Blunt>
			<ArmorRating_Sharp>0.03</ArmorRating_Sharp>
			<Insulation_Heat>4</Insulation_Heat>
		</statBases>
		<equippedStatOffsets>
			<SocialImpact>0.15</SocialImpact>
		</equippedStatOffsets>
		<apparel>
			<wornGraphicPath>Things/Pawn/Humanlike/Apparel/BowlerHat/BowlerHat</wornGraphicPath>
		</apparel>
	</ThingDef>

  <ThingDef ParentName="HatMakeableBase">
    <defName>Apparel_TribalHeaddress</defName>
    <label>tribal headdress</label>
    <description>Elegant traditional garb, often with religious significance. Improves social impact.</description>
    <recipeMaker>
      <researchPrerequisite />
      <recipeUsers>
        <li>ElectricTailoringBench</li>
        <li>HandTailoringBench</li>
        <li>CraftingSpot</li>
      </recipeUsers>
    </recipeMaker>
    <graphicData>
      <texPath>Things/Pawn/Humanlike/Apparel/TribalHeaddress/TribalHeaddress</texPath>
      <graphicClass>Graphic_Single</graphicClass>
    </graphicData>
    <stuffCategories>
      <li>Fabric</li>
    </stuffCategories>
    <techLevel>Neolithic</techLevel>
    <costStuffCount>15</costStuffCount>
    <statBases>
      <WorkToMake>3500</WorkToMake>
      <Mass>0.11</Mass>
      <ArmorRating_Blunt>0</ArmorRating_Blunt>
      <ArmorRating_Sharp>0</ArmorRating_Sharp>
      <Insulation_Heat>0</Insulation_Heat>
    </statBases>
    <equippedStatOffsets>
      <SocialImpact>0.15</SocialImpact>
    </equippedStatOffsets>
    <apparel>
      <bodyPartGroups>
        <li>UpperHead</li>
      </bodyPartGroups>
      <wornGraphicPath>Things/Pawn/Humanlike/Apparel/TribalHeaddress/TribalHeaddress</wornGraphicPath>
      <layers>
        <li>Overhead</li>
      </layers>
      <defaultOutfitTags>
        <li>Worker</li>
      </defaultOutfitTags>
    </apparel>
  </ThingDef>

  <ThingDef ParentName="HatMakeableBase">
    <defName>Apparel_Tuque</defName>
    <label>tuque</label>
    <description>A soft, thick cap. Great for keeping warm in winter.</description>
    <graphicData>
      <texPath>Things/Pawn/Humanlike/Apparel/Tuque/Tuque</texPath>
      <graphicClass>Graphic_Single</graphicClass>
    </graphicData>
    <costStuffCount>25</costStuffCount>
    <stuffCategories>
      <li>Fabric</li>
    </stuffCategories>
    <statBases>
      <WorkToMake>2200</WorkToMake>
      <Mass>0.07</Mass>
      <ArmorRating_Blunt>0.03</ArmorRating_Blunt>
      <ArmorRating_Sharp>0.03</ArmorRating_Sharp>
      <Insulation_Cold>-10</Insulation_Cold>
      <Insulation_Heat>-2</Insulation_Heat>
    </statBases>
		<generateCommonality>0.5</generateCommonality>
    <apparel>
      <bodyPartGroups>
        <li>UpperHead</li>
      </bodyPartGroups>
      <wornGraphicPath>Things/Pawn/Humanlike/Apparel/Tuque/Tuque</wornGraphicPath>
      <layers>
        <li>Overhead</li>
      </layers>
      <tags>
        <li>Outlander</li>
      </tags>
      <defaultOutfitTags>
        <li>Worker</li>
        <li>Soldier</li>
      </defaultOutfitTags>
    </apparel>
    <colorGenerator Class="ColorGenerator_Options">
      <options>
        <li>
          <weight>10</weight>
          <only>RGBA(0.33,0.33,0.33,1)</only>
        </li>
        <li>
          <weight>10</weight>
          <only>RGBA(0.65,0.65,0.65,1)</only>
        </li>
        <li>
          <weight>6</weight>
          <min>RGBA(0.3,0.3,0.3,1)</min>
          <max>RGBA(0.5,0.5,0.5,1)</max>
        </li>
        <li>
          <weight>10</weight>
          <only>RGBA(0.9,0.9,0.9,1)</only>
        </li>
      </options>
    </colorGenerator>
  </ThingDef>

  <ThingDef ParentName="HatMakeableBase">
    <defName>Apparel_WarMask</defName>
    <label>war mask</label>
    <description>An artistically terrifying war mask. Hides the wearer's face and makes them more confident.</description>
    <techLevel>Neolithic</techLevel>
    <graphicData>
      <texPath>Things/Pawn/Humanlike/Apparel/WarMask/WarMask</texPath>
      <graphicClass>Graphic_Single</graphicClass>
    </graphicData>
    <stuffCategories>
      <li>Woody</li>
    </stuffCategories>
    <costStuffCount>50</costStuffCount>
    <statBases>
      <WorkToMake>5000</WorkToMake>
      <MaxHitPoints>100</MaxHitPoints>
      <Mass>1.4</Mass>
      <ArmorRating_Blunt>0.05</ArmorRating_Blunt>
      <ArmorRating_Sharp>0.10</ArmorRating_Sharp>
    </statBases>
    <equippedStatOffsets>
      <PainShockThreshold>0.10</PainShockThreshold>
    </equippedStatOffsets>
    <apparel>
      <bodyPartGroups>
        <li>FullHead</li>
      </bodyPartGroups>
      <wornGraphicPath>Things/Pawn/Humanlike/Apparel/WarMask/WarMask</wornGraphicPath>
      <hatRenderedFrontOfFace>true</hatRenderedFrontOfFace>
      <layers>
        <li>Overhead</li>
      </layers>
      <tags>
        <li>Neolithic</li>
      </tags>
      <defaultOutfitTags>
        <li>Soldier</li>
      </defaultOutfitTags>
    </apparel>
    <recipeMaker>
      <workSpeedStat>SculptingSpeed</workSpeedStat>
      <workSkill>Crafting</workSkill>
      <effectWorking>Sculpt</effectWorking>
      <soundWorking>Recipe_Sculpt</soundWorking>
      <recipeUsers>
        <li>CraftingSpot</li>
      </recipeUsers>
      <unfinishedThingDef>UnfinishedSculpture</unfinishedThingDef>
      <factionPrerequisiteTags>
        <li>Tribal</li>
      </factionPrerequisiteTags>
    </recipeMaker>
  </ThingDef>
  
  <ThingDef ParentName="HatMakeableBase">
    <defName>Apparel_WarVeil</defName>
    <label>war veil</label>
    <description>A war veil, made out of reinforced cloth torn to appear damaged in combat. Some believe this functions as a talisman of courage.</description>
    <techLevel>Neolithic</techLevel>
    <graphicData>
      <texPath>Things/Pawn/Humanlike/Apparel/WarVeil/WarVeil</texPath>
      <graphicClass>Graphic_Single</graphicClass>
    </graphicData>
    <stuffCategories>
      <li>Fabric</li>
    </stuffCategories>
    <costStuffCount>20</costStuffCount>
    <statBases>
      <WorkToMake>4000</WorkToMake>
      <MaxHitPoints>100</MaxHitPoints>
      <Mass>0.08</Mass>
      <ArmorRating_Blunt>0.03</ArmorRating_Blunt>
      <ArmorRating_Sharp>0.03</ArmorRating_Sharp>
    </statBases>
    <equippedStatOffsets>
      <PainShockThreshold>0.05</PainShockThreshold>
    </equippedStatOffsets>
    <apparel>
      <bodyPartGroups>
        <li>FullHead</li>
      </bodyPartGroups>
      <wornGraphicPath>Things/Pawn/Humanlike/Apparel/WarVeil/WarVeil</wornGraphicPath>
      <hatRenderedFrontOfFace>true</hatRenderedFrontOfFace>
      <layers>
        <li>Overhead</li>
      </layers>
      <tags>
        <li>Neolithic</li>
      </tags>
      <defaultOutfitTags>
        <li>Soldier</li>
      </defaultOutfitTags>
    </apparel>
    <recipeMaker>
      <recipeUsers>
        <li>CraftingSpot</li>
      </recipeUsers>
      <factionPrerequisiteTags>
        <li>Tribal</li>
      </factionPrerequisiteTags>
    </recipeMaker>
  </ThingDef>

	<!-- ================================== Helmets ====================================-->
	
  <ThingDef ParentName="ArmorHelmetMakeableBase">
    <defName>Apparel_SimpleHelmet</defName>
    <label>simple helmet</label>
    <description>A simple helmet which gives moderate protection against sharp attacks. Not effective against blunt weapons.</description>
    <techLevel>Industrial</techLevel>
    <graphicData>
      <texPath>Things/Pawn/Humanlike/Apparel/SimpleHelmet/SimpleHelmet</texPath>
      <graphicClass>Graphic_Single</graphicClass>
    </graphicData>
    <stuffCategories>
      <li>Metallic</li>
    </stuffCategories>
		<costStuffCount>70</costStuffCount>
		<statBases>
			<WorkToMake>6000</WorkToMake>
			<MaxHitPoints>100</MaxHitPoints>
			<Mass>2</Mass>
			<ArmorRating_Blunt>0.1</ArmorRating_Blunt>
			<ArmorRating_Sharp>0.30</ArmorRating_Sharp>
		</statBases>
		<equippedStatOffsets>
			<MoveSpeed>-0.04</MoveSpeed>
			<PsychicSensitivity>-0.10</PsychicSensitivity>
		</equippedStatOffsets>
		<apparel>
      <bodyPartGroups>
        <li>UpperHead</li>
      </bodyPartGroups>
      <wornGraphicPath>Things/Pawn/Humanlike/Apparel/SimpleHelmet/SimpleHelmet</wornGraphicPath>
      <layers>
        <li>Overhead</li>
      </layers>
      <tags>
        <li>Military</li>
      </tags>
      <defaultOutfitTags>
        <li>Soldier</li>
      </defaultOutfitTags>
    </apparel>
  </ThingDef>

  <ThingDef ParentName="ArmorHelmetMakeableBase">
    <defName>Apparel_AdvancedHelmet</defName>
    <label>advanced helmet</label>
    <description>A lightweight combat helmet with a complex design, reinforced with plasteel. Not effective against blunt weapons.</description>
    <techLevel>Industrial</techLevel>
    <recipeMaker>
      <unfinishedThingDef>UnfinishedMetallicTechArmor</unfinishedThingDef>
    </recipeMaker>
    <graphicData>
      <texPath>Things/Pawn/Humanlike/Apparel/AdvancedHelmet/AdvancedHelmet</texPath>
      <graphicClass>Graphic_Single</graphicClass>
    </graphicData>
    <statBases>
      <WorkToMake>12000</WorkToMake>
      <MaxHitPoints>120</MaxHitPoints>
      <Mass>1.2</Mass>
      <ArmorRating_Blunt>0.13</ArmorRating_Blunt>
      <ArmorRating_Sharp>0.40</ArmorRating_Sharp>
    </statBases>
		<stuffCategories>
			<li>Metallic</li>
		</stuffCategories>
		<costStuffCount>70</costStuffCount>
    <costList>
      <Component>2</Component>
			<Plasteel>5</Plasteel>
    </costList>
    <equippedStatOffsets>
      <MoveSpeed>-0.02</MoveSpeed>
    </equippedStatOffsets>
    <apparel>
      <bodyPartGroups>
        <li>UpperHead</li>
      </bodyPartGroups>
      <wornGraphicPath>Things/Pawn/Humanlike/Apparel/AdvancedHelmet/AdvancedHelmet</wornGraphicPath>
      <layers>
        <li>Overhead</li>
      </layers>
      <tags>
        <li>Military</li>
      </tags>
      <defaultOutfitTags>
        <li>Soldier</li>
      </defaultOutfitTags>
    </apparel>
    <colorGenerator Class="ColorGenerator_Options">
      <options>
        <li>
          <weight>10</weight>
          <only>RGBA(0.33,0.33,0.33,1)</only>
        </li>
        <li>
          <weight>10</weight>
          <only>RGBA(0.65,0.65,0.65,1)</only>
        </li>
        <li>
          <weight>6</weight>
          <min>RGBA(0.3,0.3,0.3,1)</min>
          <max>RGBA(0.5,0.5,0.5,1)</max>
        </li>
        <li>
          <weight>10</weight>
          <only>RGBA(0.9,0.9,0.9,1)</only>
        </li>
      </options>
    </colorGenerator>
  </ThingDef>

  <ThingDef ParentName="ArmorHelmetMakeableBase">
    <defName>Apparel_PowerArmorHelmet</defName>
    <label>power armor helmet</label>
    <description>A part of power armor set, mostly used by heavy infantry.</description>
    <techLevel>Spacer</techLevel>
    <recipeMaker>
      <unfinishedThingDef>UnfinishedTechArmor</unfinishedThingDef>
      <researchPrerequisite>PoweredArmor</researchPrerequisite>
    </recipeMaker>
    <graphicData>
      <texPath>Things/Pawn/Humanlike/Apparel/PowerArmorHelmet/PowerArmorHelmet</texPath>
      <graphicClass>Graphic_Single</graphicClass>
    </graphicData>
    <statBases>
      <WorkToMake>40000</WorkToMake>
      <MaxHitPoints>160</MaxHitPoints>
      <Mass>2.7</Mass>
      <ArmorRating_Blunt>0.35</ArmorRating_Blunt>
      <ArmorRating_Sharp>0.6</ArmorRating_Sharp>
      <ArmorRating_Heat>0.5</ArmorRating_Heat>
      <ArmorRating_Electric>0</ArmorRating_Electric>
      <Insulation_Cold>-3</Insulation_Cold>
      <Insulation_Heat>3</Insulation_Heat>
    </statBases>
    <equippedStatOffsets>
      <MoveSpeed>-0.04</MoveSpeed>
    </equippedStatOffsets>
    <costList>
      <Component>7</Component>
      <Plasteel>60</Plasteel>
    </costList>
		<generateCommonality>2</generateCommonality>
		<apparel>
			<bodyPartGroups>
				<li>FullHead</li>
			</bodyPartGroups>
			<wornGraphicPath>Things/Pawn/Humanlike/Apparel/PowerArmorHelmet/PowerArmorHelmet</wornGraphicPath>
			<layers>
				<li>Overhead</li>
			</layers>
			<tags>
        <li>Military</li>
      </tags>
      <defaultOutfitTags>
        <li>Soldier</li>
      </defaultOutfitTags>
    </apparel>
    <colorGenerator Class="ColorGenerator_Options">
      <options>
        <li>
          <weight>10</weight>
          <only>RGBA(0.33,0.33,0.33,1)</only>
        </li>
        <li>
          <weight>10</weight>
          <only>RGBA(0.65,0.65,0.65,1)</only>
        </li>
        <li>
          <weight>6</weight>
          <min>RGBA(0.3,0.3,0.3,1)</min>
          <max>RGBA(0.5,0.5,0.5,1)</max>
        </li>
        <li>
          <weight>10</weight>
          <only>RGBA(0.9,0.9,0.9,1)</only>
        </li>
      </options>
    </colorGenerator>
  </ThingDef>

	<ThingDef ParentName="HatBase">
		<defName>Apparel_PsychicFoilHelmet</defName>
		<label>psychic foil helmet</label>
		<description>A thin helmet containing finely-tuned sheets of psychically-absorptive foil. Reduces the impact of psychic events.</description>
		<graphicData>
			<texPath>Things/Pawn/Humanlike/Apparel/PsychicFoilHelmet/PsychicFoilHelmet</texPath>
			<graphicClass>Graphic_Single</graphicClass>
		</graphicData>
		<statBases>
			<MaxHitPoints>40</MaxHitPoints>
			<MarketValue>300</MarketValue>
			<Mass>1.0</Mass>
			<ArmorRating_Blunt>0.05</ArmorRating_Blunt>
			<ArmorRating_Sharp>0.05</ArmorRating_Sharp>
		</statBases>
		<equippedStatOffsets>
			<PsychicSensitivity>-0.90</PsychicSensitivity>
		</equippedStatOffsets>
		<generateCommonality>0.1</generateCommonality>
		<apparel>
			<bodyPartGroups>
				<li>UpperHead</li>
			</bodyPartGroups>
			<wornGraphicPath>Things/Pawn/Humanlike/Apparel/PsychicFoilHelmet/PsychicFoilHelmet</wornGraphicPath>
			<layers>
				<li>Overhead</li>
			</layers>
			<tags>
				<li>Military</li>
			</tags>
		</apparel>
		<colorGenerator Class="ColorGenerator_Options">
			<options>
				<li>
					<weight>10</weight>
					<only>RGBA(0.33,0.33,0.33,1)</only>
				</li>
				<li>
					<weight>10</weight>
					<only>RGBA(0.65,0.65,0.65,1)</only>
				</li>
				<li>
					<weight>6</weight>
					<min>RGBA(0.3,0.3,0.3,1)</min>
					<max>RGBA(0.5,0.5,0.5,1)</max>
				</li>
				<li>
					<weight>10</weight>
					<only>RGBA(0.9,0.9,0.9,1)</only>
				</li>
			</options>
		</colorGenerator>
	</ThingDef>

</Defs>