﻿<?xml version="1.0" encoding="utf-8" ?>
<Defs>

  <ThingDef Name="ApparelBase" Abstract="True">
    <thingClass>Apparel</thingClass>
    <category>Item</category>
    <selectable>True</selectable>
    <pathCost>10</pathCost>
    <useHitPoints>True</useHitPoints>
		<techLevel>Medieval</techLevel>
    <graphicData>
      <onGroundRandomRotateAngle>35</onGroundRandomRotateAngle>
    </graphicData>
    <drawGUIOverlay>true</drawGUIOverlay>
    <statBases>
      <MaxHitPoints>100</MaxHitPoints>
      <Flammability>1.0</Flammability>
      <DeteriorationRate>2</DeteriorationRate>
			<Beauty>-4</Beauty>
			<SellPriceFactor>0.70</SellPriceFactor>
		</statBases>
    <altitudeLayer>Item</altitudeLayer>
    <alwaysHaulable>True</alwaysHaulable>
    <tickerType>Never</tickerType>
    <comps>
      <li Class="CompProperties_Forbiddable"/>
      <li>
        <compClass>CompColorable</compClass>
      </li>
      <li>
        <compClass>CompQuality</compClass>
      </li>
    </comps>
  </ThingDef>

  <ThingDef Name="ApparelMakeableBase" ParentName="ApparelBase" Abstract="True">
    <recipeMaker>
      <workSpeedStat>TailoringSpeed</workSpeedStat>
      <workSkill>Crafting</workSkill>
      <effectWorking>Tailor</effectWorking>
      <soundWorking>Recipe_Tailor</soundWorking>
      <recipeUsers>
        <li>ElectricTailoringBench</li>
        <li>HandTailoringBench</li>
      </recipeUsers>
      <unfinishedThingDef>UnfinishedApparel</unfinishedThingDef>
      <defaultIngredientFilter>
        <categories>
          <li>Root</li>
        </categories>
        <exceptedThingDefs>
          <li>Gold</li>
          <li>Silver</li>
          <li>Plasteel</li>
          <li>Jade</li>
          <li>Uranium</li>
        </exceptedThingDefs>
      </defaultIngredientFilter>
    </recipeMaker>
  </ThingDef>
  
  <ThingDef Name="ArmorMakeableBase" ParentName="ApparelBase" Abstract="True">
    <recipeMaker>
      <workSpeedStat>SmithingSpeed</workSpeedStat>
      <workSkill>Crafting</workSkill>
      <effectWorking>Smith</effectWorking>
      <soundWorking>Recipe_Machining</soundWorking>
      <recipeUsers>
        <li>TableMachining</li>
      </recipeUsers>
      <unfinishedThingDef>UnfinishedApparel</unfinishedThingDef>
      <defaultIngredientFilter>
        <categories>
          <li>Root</li>
        </categories>
        <exceptedThingDefs>
          <li>Gold</li>
          <li>Silver</li>
          <li>Plasteel</li>
          <li>Jade</li>
          <li>Uranium</li>
        </exceptedThingDefs>
      </defaultIngredientFilter>
    </recipeMaker>
  </ThingDef>
  
  <!-- ====================================== Neolithic =========================================== -->

	<ThingDef ParentName="ApparelMakeableBase">
		<defName>Apparel_TribalA</defName>
		<label>tribalwear</label>
		<description>A garment crafted without machines using neolithic tools.</description>
		<graphicData>
			<texPath>Things/Pawn/Humanlike/Apparel/TribalA/TribalA</texPath>
			<graphicClass>Graphic_Single</graphicClass>
		</graphicData>
		<techLevel>Neolithic</techLevel>
		<costStuffCount>35</costStuffCount>
		<stuffCategories>
			<li>Fabric</li>
			<li>Leathery</li>
		</stuffCategories>
		<tradeability>Sellable</tradeability>
		<statBases>
			<MaxHitPoints>100</MaxHitPoints>
			<WorkToMake>4200</WorkToMake>
			<Mass>0.4</Mass>
			<Insulation_Cold>-10</Insulation_Cold>
		</statBases>
		<thingCategories>
			<li>Apparel</li>
		</thingCategories>
		<apparel>
			<bodyPartGroups>
				<li>Torso</li>
				<li>Legs</li>
			</bodyPartGroups>
			<wornGraphicPath>Things/Pawn/Humanlike/Apparel/TribalA/TribalA</wornGraphicPath>
			<layers>
				<li>OnSkin</li>
				<li>Middle</li>
			</layers>
			<tags>
				<li>Tribal</li>
			</tags>
		</apparel>
		<recipeMaker>
			<recipeUsers>
				<li>ElectricTailoringBench</li>
				<li>HandTailoringBench</li>
				<li>CraftingSpot</li>
			</recipeUsers>
		</recipeMaker>
		<colorGenerator Class="ColorGenerator_Options">
			<options>
				<li>
					<weight>10</weight>
					<only>RGBA(0.4,0.3,0.15,1)</only>
				</li>
				<li>
					<weight>15</weight>
					<only>RGBA(0.6,0.45,0.18,1)</only>
				</li>
				<li>
					<weight>20</weight>
					<only>RGBA(0.8,0.6,0.23,1)</only>
				</li>
			</options>
		</colorGenerator>
	</ThingDef>

	<ThingDef ParentName="ApparelMakeableBase">
		<defName>Apparel_Parka</defName>
		<label>parka</label>
		<description>A thick parka for staying warm in even the coldest of temperatures.</description>
		<graphicData>
			<texPath>Things/Pawn/Humanlike/Apparel/Parka/Parka</texPath>
			<graphicClass>Graphic_Single</graphicClass>
		</graphicData>
		<techLevel>Neolithic</techLevel>
		<costStuffCount>120</costStuffCount>
		<stuffCategories>
			<li>Fabric</li>
			<li>Leathery</li>
		</stuffCategories>
		<thingCategories>
			<li>Apparel</li>
		</thingCategories>
		<statBases>
			<MaxHitPoints>180</MaxHitPoints>
			<WorkToMake>24000</WorkToMake>
			<Mass>3.8</Mass>
			<ArmorRating_Sharp>0.03</ArmorRating_Sharp>
			<ArmorRating_Heat>0.03</ArmorRating_Heat>
			<Insulation_Cold>-40</Insulation_Cold>
			<Insulation_Heat>-3</Insulation_Heat>
		</statBases>
		<equippedStatOffsets>
			<MoveSpeed>-0.05</MoveSpeed>
			<WorkSpeedGlobal>-0.20</WorkSpeedGlobal>
		</equippedStatOffsets>
		<apparel>
			<bodyPartGroups>
				<li>Torso</li>
				<li>Shoulders</li>
				<li>Arms</li>
			</bodyPartGroups>
			<wornGraphicPath>Things/Pawn/Humanlike/Apparel/Parka/Parka</wornGraphicPath>
			<layers>
				<li>Shell</li>
			</layers>
			<tags>
				<li>Outlander</li>
				<li>Tribal</li>
			</tags>
			<defaultOutfitTags>
				<li>Worker</li>
				<li>Soldier</li>
			</defaultOutfitTags>
		</apparel>
		<colorGenerator Class="ColorGenerator_Options">
			<options>
				<li>
					<weight>10</weight>
					<only>RGBA(0.33,0.33,0.33,1)</only>
				</li>
				<li>
					<weight>10</weight>
					<only>RGBA(0.65,0.65,0.65,1)</only>
				</li>
				<li>
					<weight>10</weight>
					<only>RGBA(0.4,0.3,0.15,1)</only>
				</li>
				<li>
					<weight>15</weight>
					<min>RGBA(0.3,0.3,0.3,1)</min>
					<max>RGBA(0.5,0.5,0.5,1)</max>
				</li>
				<li>
					<weight>6</weight>
					<min>RGBA(0.5,0.5,0.5,1)</min>
					<max>RGBA(1,1,1,1)</max>
				</li>
			</options>
		</colorGenerator>
	</ThingDef>

	<!-- ====================================== Medieval =========================================== -->

	<ThingDef ParentName="ApparelMakeableBase">
    <defName>Apparel_Pants</defName>
    <label>pants</label>
    <description>A simple set of pants.</description>
    <recipeMaker>
      <researchPrerequisite>ComplexClothing</researchPrerequisite>
    </recipeMaker>
    <graphicData>
      <texPath>Things/Pawn/Humanlike/Apparel/Various/Pants_OnMap</texPath>
      <graphicClass>Graphic_Single</graphicClass>
    </graphicData>
    <costStuffCount>50</costStuffCount>
    <stuffCategories>
      <li>Fabric</li>
      <li>Leathery</li>
    </stuffCategories>
    <thingCategories>
      <li>Apparel</li>
    </thingCategories>
    <statBases>
			<MaxHitPoints>100</MaxHitPoints>
			<WorkToMake>8500</WorkToMake>
      <Mass>0.5</Mass>
      <ArmorRating_Blunt>0.03</ArmorRating_Blunt>
      <ArmorRating_Sharp>0.03</ArmorRating_Sharp>
      <Insulation_Cold>-3</Insulation_Cold>
    </statBases>
    <apparel>
      <bodyPartGroups>
        <li>Legs</li>
      </bodyPartGroups>
      <layers>
        <li>OnSkin</li>
      </layers>
      <tags>
        <li>Outlander</li>
        <li>Spacer</li>
      </tags>
      <defaultOutfitTags>
        <li>Worker</li>
        <li>Soldier</li>
      </defaultOutfitTags>
    </apparel>
    <colorGenerator Class="ColorGenerator_StandardApparel" />
  </ThingDef>

  <ThingDef ParentName="ApparelMakeableBase">
    <defName>Apparel_BasicShirt</defName>
    <label>T-shirt</label>
    <description>A simple T-shirt.</description>
    <graphicData>
      <texPath>Things/Pawn/Humanlike/Apparel/ShirtBasic/ShirtBasic</texPath>
      <graphicClass>Graphic_Single</graphicClass>
    </graphicData>
    <costStuffCount>50</costStuffCount>
    <stuffCategories>
      <li>Fabric</li>
      <li>Leathery</li>
    </stuffCategories>
    <thingCategories>
      <li>Apparel</li>
    </thingCategories>
    <statBases>
			<MaxHitPoints>100</MaxHitPoints>
			<WorkToMake>6000</WorkToMake>
      <Mass>0.25</Mass>
      <ArmorRating_Blunt>0.03</ArmorRating_Blunt>
      <ArmorRating_Sharp>0.03</ArmorRating_Sharp>
      <Insulation_Cold>-3</Insulation_Cold>
    </statBases>
    <apparel>
      <bodyPartGroups>
        <li>Torso</li>
        <li>Shoulders</li>
      </bodyPartGroups>
      <wornGraphicPath>Things/Pawn/Humanlike/Apparel/ShirtBasic/ShirtBasic</wornGraphicPath>
      <layers>
        <li>OnSkin</li>
      </layers>
      <tags>
        <li>Outlander</li>
        <li>Spacer</li>
      </tags>
      <defaultOutfitTags>
        <li>Worker</li>
        <li>Soldier</li>
      </defaultOutfitTags>
    </apparel>
    <colorGenerator Class="ColorGenerator_StandardApparel" />
  </ThingDef>

  <ThingDef ParentName="ApparelMakeableBase">
    <defName>Apparel_CollarShirt</defName>
    <description>A nice-looking collared shirt with buttons.</description>
    <label>button-down shirt</label>
    <recipeMaker>
      <researchPrerequisite>ComplexClothing</researchPrerequisite>
    </recipeMaker>
    <graphicData>
      <texPath>Things/Pawn/Humanlike/Apparel/ShirtButton/ShirtButton</texPath>
      <graphicClass>Graphic_Single</graphicClass>
    </graphicData>
    <costStuffCount>55</costStuffCount>
    <stuffCategories>
      <li>Fabric</li>
      <li>Leathery</li>
    </stuffCategories>
    <thingCategories>
      <li>Apparel</li>
    </thingCategories>
    <statBases>
			<MaxHitPoints>100</MaxHitPoints>
			<WorkToMake>8200</WorkToMake>
      <Mass>0.3</Mass>
      <ArmorRating_Blunt>0.03</ArmorRating_Blunt>
      <ArmorRating_Sharp>0.03</ArmorRating_Sharp>
      <Insulation_Cold>-4</Insulation_Cold>
    </statBases>
		<generateCommonality>0.8</generateCommonality>
		<apparel>
      <bodyPartGroups>
        <li>Torso</li>
        <li>Shoulders</li>
        <li>Arms</li>
      </bodyPartGroups>
      <wornGraphicPath>Things/Pawn/Humanlike/Apparel/ShirtButton/ShirtButton</wornGraphicPath>
      <layers>
        <li>OnSkin</li>
      </layers>
      <tags>
        <li>Outlander</li>
      </tags>
      <defaultOutfitTags>
        <li>Worker</li>
        <li>Soldier</li>
      </defaultOutfitTags>
    </apparel>
    <colorGenerator Class="ColorGenerator_StandardApparel" />
  </ThingDef>

  <ThingDef ParentName="ApparelMakeableBase">
    <defName>Apparel_Duster</defName>
    <description>A long duster coat for blocking the sun and grit of the desert.</description>
    <label>duster</label>
    <recipeMaker>
      <researchPrerequisite>ComplexClothing</researchPrerequisite>
    </recipeMaker>
    <graphicData>
      <texPath>Things/Pawn/Humanlike/Apparel/Duster/Duster</texPath>
      <graphicClass>Graphic_Single</graphicClass>
    </graphicData>
    <costStuffCount>80</costStuffCount>
    <stuffCategories>
      <li>Fabric</li>
      <li>Leathery</li>
    </stuffCategories>
    <thingCategories>
      <li>Apparel</li>
    </thingCategories>
    <statBases>
      <MaxHitPoints>200</MaxHitPoints>
      <WorkToMake>26000</WorkToMake>
      <Mass>2.2</Mass>
      <ArmorRating_Blunt>0.03</ArmorRating_Blunt>
      <ArmorRating_Sharp>0.07</ArmorRating_Sharp>
      <ArmorRating_Heat>0.07</ArmorRating_Heat>
      <Insulation_Cold>-15</Insulation_Cold>
      <Insulation_Heat>15</Insulation_Heat>
    </statBases>
    <equippedStatOffsets>
      <MoveSpeed>-0.04</MoveSpeed>
    </equippedStatOffsets>
    <apparel>
      <bodyPartGroups>
        <li>Torso</li>
        <li>Shoulders</li>
        <li>Arms</li>
        <li>Legs</li>
      </bodyPartGroups>
      <wornGraphicPath>Things/Pawn/Humanlike/Apparel/Duster/Duster</wornGraphicPath>
      <layers>
        <li>Shell</li>
      </layers>
      <tags>
        <li>Outlander</li>
      </tags>
      <defaultOutfitTags>
        <li>Worker</li>
      </defaultOutfitTags>
    </apparel>
    <colorGenerator Class="ColorGenerator_Options">
      <options>
        <li>
          <weight>10</weight>
          <only>RGBA(0.33,0.33,0.33,1)</only>
        </li>
        <li>
          <weight>10</weight>
          <only>RGBA(0.65,0.65,0.65,1)</only>
        </li>
        <li>
          <weight>30</weight>
          <only>RGBA(0.4,0.3,0.15,1)</only>
        </li>
        <li>
          <weight>6</weight>
          <min>RGBA(0.3,0.3,0.3,1)</min>
          <max>RGBA(0.5,0.5,0.5,1)</max>
        </li>
        <li>
          <weight>2</weight>
          <min>RGBA(0.5,0.5,0.5,1)</min>
          <max>RGBA(1,1,1,1)</max>
        </li>
      </options>
    </colorGenerator>
  </ThingDef>

  <ThingDef ParentName="ApparelMakeableBase">
    <defName>Apparel_Jacket</defName>
    <label>jacket</label>
    <description>A tough jacket to stop scrapes and bruises, and keep one warm in chilly weather.</description>
    <graphicData>
      <texPath>Things/Pawn/Humanlike/Apparel/Jacket/Jacket</texPath>
      <graphicClass>Graphic_Single</graphicClass>
    </graphicData>
    <costStuffCount>70</costStuffCount>
    <stuffCategories>
      <li>Fabric</li>
      <li>Leathery</li>
    </stuffCategories>
    <thingCategories>
      <li>Apparel</li>
    </thingCategories>
    <statBases>
      <MaxHitPoints>160</MaxHitPoints>
      <WorkToMake>15000</WorkToMake>
      <Mass>1.7</Mass>
      <ArmorRating_Sharp>0.08</ArmorRating_Sharp>
      <ArmorRating_Heat>0.03</ArmorRating_Heat>
      <Insulation_Cold>-15</Insulation_Cold>
    </statBases>
    <equippedStatOffsets>
      <MoveSpeed>-0.03</MoveSpeed>
    </equippedStatOffsets>
    <apparel>
      <bodyPartGroups>
        <li>Torso</li>
        <li>Shoulders</li>
        <li>Arms</li>
      </bodyPartGroups>
      <wornGraphicPath>Things/Pawn/Humanlike/Apparel/Jacket/Jacket</wornGraphicPath>
      <layers>
        <li>Shell</li>
      </layers>
      <tags>
        <li>Outlander</li>
        <li>Spacer</li>
      </tags>
      <defaultOutfitTags>
        <li>Worker</li>
      </defaultOutfitTags>
    </apparel>
    <colorGenerator Class="ColorGenerator_Options">
      <options>
        <li>
          <weight>10</weight>
          <only>RGBA(0.33,0.33,0.33,1)</only>
        </li>
        <li>
          <weight>10</weight>
          <only>RGBA(0.65,0.65,0.65,1)</only>
        </li>
        <li>
          <weight>10</weight>
          <only>RGBA(0.4,0.3,0.15,1)</only>
        </li>
        <li>
          <weight>15</weight>
          <min>RGBA(0.3,0.3,0.3,1)</min>
          <max>RGBA(0.5,0.5,0.5,1)</max>
        </li>
        <li>
          <weight>6</weight>
          <min>RGBA(0.5,0.5,0.5,1)</min>
          <max>RGBA(1,1,1,1)</max>
        </li>
      </options>
    </colorGenerator>
  </ThingDef>

  <!-- ======================================= Industrial =======================================-->
  
  <ThingDef ParentName="ArmorMakeableBase">
    <defName>Apparel_VestPlate</defName>
    <label>armor vest</label>
    <description>A vest with armor plates inserted on the chest and back. Protects against gunfire.</description>
    <techLevel>Industrial</techLevel>
    <recipeMaker>
        <researchPrerequisite>ComplexClothing</researchPrerequisite>
      <unfinishedThingDef>UnfinishedTechArmor</unfinishedThingDef>
    </recipeMaker>
    <graphicData>
      <texPath>Things/Pawn/Humanlike/Apparel/VestPlate/VestPlate</texPath>
      <graphicClass>Graphic_Single</graphicClass>
    </graphicData>
    <statBases>
      <WorkToMake>20000</WorkToMake>
      <MaxHitPoints>200</MaxHitPoints>
      <Mass>4</Mass>
      <ArmorRating_Blunt>0.20</ArmorRating_Blunt>
      <ArmorRating_Sharp>0.60</ArmorRating_Sharp>
    </statBases>
    <thingCategories>
      <li>Apparel</li>
    </thingCategories>
    <equippedStatOffsets>
      <MoveSpeed>-0.08</MoveSpeed>
    </equippedStatOffsets>
    <costList>
      <Steel>120</Steel>
      <Component>2</Component>
    </costList>
    <apparel>
      <bodyPartGroups>
        <li>Torso</li>
      </bodyPartGroups>
      <wornGraphicPath>Things/Pawn/Humanlike/Apparel/VestPlate/VestPlate</wornGraphicPath>
      <layers>
        <li>Middle</li>
      </layers>
      <tags>
        <li>Outlander</li>
        <li>Military</li>
      </tags>
      <defaultOutfitTags>
        <li>Soldier</li>
      </defaultOutfitTags>
    </apparel>
    <colorGenerator Class="ColorGenerator_Options">
      <options>
        <li>
          <weight>10</weight>
          <only>RGBA(0.33,0.33,0.33,1)</only>
        </li>
        <li>
          <weight>10</weight>
          <only>RGBA(0.65,0.65,0.65,1)</only>
        </li>
        <li>
          <weight>6</weight>
          <min>RGBA(0.3,0.3,0.3,1)</min>
          <max>RGBA(0.5,0.5,0.5,1)</max>
        </li>
      </options>
    </colorGenerator>
  </ThingDef>

	<!-- ==================================== Spacer =====================================-->

	<ThingDef ParentName="ArmorMakeableBase">
    <defName>Apparel_PowerArmor</defName>
    <label>power armor</label>
    <description>Powered armor usually used by assault troops from advanced glitterworld planets.</description>
    <techLevel>Spacer</techLevel>
    <recipeMaker>
      <unfinishedThingDef>UnfinishedTechArmor</unfinishedThingDef>
      <researchPrerequisite>PoweredArmor</researchPrerequisite>
    </recipeMaker>
    <graphicData>
      <texPath>Things/Pawn/Humanlike/Apparel/PowerArmor/PowerArmor</texPath>
      <graphicClass>Graphic_Single</graphicClass>
    </graphicData>
    <statBases>
      <WorkToMake>170000</WorkToMake>
      <MaxHitPoints>340</MaxHitPoints>
      <Mass>15</Mass>
      <ArmorRating_Blunt>0.35</ArmorRating_Blunt>
      <ArmorRating_Sharp>0.65</ArmorRating_Sharp>
      <ArmorRating_Heat>0.30</ArmorRating_Heat>
      <Insulation_Cold>-45</Insulation_Cold>
    </statBases>
    <equippedStatOffsets>
      <MoveSpeed>-0.10</MoveSpeed>
      <WorkSpeedGlobal>-0.10</WorkSpeedGlobal>
    </equippedStatOffsets>
    <thingCategories>
      <li>Apparel</li>
    </thingCategories>
    <costList>
      <Component>18</Component>
      <Plasteel>135</Plasteel>
    </costList>
		<generateCommonality>2</generateCommonality>
		<apparel>
			<bodyPartGroups>
				<li>Torso</li>
        <li>Neck</li>
				<li>Shoulders</li>
				<li>Arms</li>
				<li>Legs</li>
			</bodyPartGroups>
			<wornGraphicPath>Things/Pawn/Humanlike/Apparel/PowerArmor/PowerArmor</wornGraphicPath>
			<layers>
				<li>Middle</li>
				<li>Shell</li>
			</layers>
			<tags>
        <li>Outlander</li>
        <li>Spacer</li>
        <li>Military</li>
      </tags>
      <defaultOutfitTags>
        <li>Soldier</li>
      </defaultOutfitTags>
    </apparel>
    <colorGenerator Class="ColorGenerator_Options">
      <options>
        <li>
          <weight>10</weight>
          <only>RGBA(0.33,0.33,0.33,1)</only>
        </li>
        <li>
          <weight>10</weight>
          <only>RGBA(0.65,0.65,0.65,1)</only>
        </li>
        <li>
          <weight>6</weight>
          <min>RGBA(0.3,0.3,0.3,1)</min>
          <max>RGBA(0.5,0.5,0.5,1)</max>
        </li>
        <li>
          <weight>10</weight>
          <only>RGBA(0.9,0.9,0.9,1)</only>
        </li>
      </options>
    </colorGenerator>
  </ThingDef>

</Defs>
