﻿<?xml version="1.0" encoding="utf-8" ?>
<Defs>

	<ThingDef Name="BaseGrenadeProjectile" Abstract="True">
    <category>Projectile</category>
    <altitudeLayer>Projectile</altitudeLayer>
    <thingClass>Projectile_Explosive</thingClass>
    <label>projectile</label>
    <tickerType>Normal</tickerType>
    <useHitPoints>False</useHitPoints>
    <neverMultiSelect>True</neverMultiSelect>
    <graphicData>
      <shaderType>Transparent</shaderType>
    </graphicData>
    <projectile>
      <speed>12</speed>
      <flyOverhead>false</flyOverhead>
    </projectile>
  </ThingDef>


  <!-- ==================== Frag grenade ========================== -->

	<ThingDef ParentName="BaseWeapon">
		<defName>Weapon_GrenadeFrag</defName>
		<label>frag grenades</label>
		<description>Old-school fragmentation grenades.</description>
		<graphicData>
			<texPath>Things/Item/Equipment/WeaponRanged/Grenades</texPath>
			<graphicClass>Graphic_Single</graphicClass>
		</graphicData>
		<soundInteract>InteractGrenade</soundInteract>
		<techLevel>Industrial</techLevel>
		<statBases>
			<MarketValue>300</MarketValue>
			<Mass>1</Mass>
			<RangedWeapon_Cooldown>2.66</RangedWeapon_Cooldown>
      <Weapon_Bulk>0.2</Weapon_Bulk>
		</statBases>
		<weaponTags>
			<li>GrenadeDestructive</li>
		</weaponTags>
		<thingCategories>
			<li>Grenades</li>
		</thingCategories>
		<verbs>
			<li>
				<label>throw frag grenade</label>
				<verbClass>Verb_LaunchProjectile</verbClass>
				<hasStandardCommand>true</hasStandardCommand>
				<range>12.9</range>
				<forcedMissRadius>1.0</forcedMissRadius>
				<warmupTime>1.5</warmupTime>
				<noiseRadius>4</noiseRadius>
				<ai_IsBuildingDestroyer>true</ai_IsBuildingDestroyer>
				<soundCast>ThrowGrenade</soundCast>
				<targetParams>
					<canTargetLocations>true</canTargetLocations>
				</targetParams>
				<defaultProjectile>Proj_GrenadeFrag</defaultProjectile>
			</li>
		</verbs>
		<smeltProducts>
			<Steel>10</Steel>
		</smeltProducts>
	</ThingDef>

	<ThingDef ParentName="BaseGrenadeProjectile">
		<defName>Proj_GrenadeFrag</defName>
		<label>frag grenade</label>
		<thingClass>Projectile_Explosive</thingClass>
		<graphicData>
			<texPath>Things/Projectile/Grenade</texPath>
			<graphicClass>Graphic_Single</graphicClass>
		</graphicData>
		<projectile>
			<explosionRadius >1.9</explosionRadius >
			<damageDef>Bomb</damageDef>
			<damageAmountBase>40</damageAmountBase>
			<explosionDelay>100</explosionDelay>
		</projectile>
	</ThingDef>

  <!-- ==================== Molotov cocktail ========================== -->

  <ThingDef ParentName="BaseWeapon">
    <defName>Weapon_GrenadeMolotov</defName>
    <label>molotov cocktails</label>
    <description>Glass bottles filled with flammable liquid, with a burning cloth in the neck. A favorite weapon of hooligans and desperate warriors from rim to rim.</description>
    <graphicData>
      <texPath>Things/Item/Equipment/WeaponRanged/Molotov</texPath>
      <graphicClass>Graphic_Single</graphicClass>
    </graphicData>
    <soundInteract>InteractMolotovCocktail</soundInteract>
    <techLevel>Industrial</techLevel>
    <statBases>
      <MarketValue>200</MarketValue>
      <Mass>1</Mass>
      <RangedWeapon_Cooldown>2.66</RangedWeapon_Cooldown>
      <Weapon_Bulk>0.2</Weapon_Bulk>
    </statBases>
    <weaponTags>
      <li>GrenadeDestructive</li>
    </weaponTags>
    <thingCategories>
      <li>Grenades</li>
    </thingCategories>
    <verbs>
      <li>
        <label>throw molotov</label>
        <verbClass>Verb_LaunchProjectile</verbClass>
        <hasStandardCommand>true</hasStandardCommand>
        <range>12.9</range>
        <forcedMissRadius>2.9</forcedMissRadius>
        <warmupTime>1.5</warmupTime>
        <noiseRadius>4</noiseRadius>
        <ai_IsBuildingDestroyer>true</ai_IsBuildingDestroyer>
        <soundCast>ThrowMolotovCocktail</soundCast>
        <targetParams>
          <canTargetLocations>true</canTargetLocations>
        </targetParams>
        <defaultProjectile>Proj_GrenadeMolotov</defaultProjectile>
      </li>
    </verbs>
  </ThingDef>

	<ThingDef ParentName="BaseGrenadeProjectile">
		<defName>Proj_GrenadeMolotov</defName>
		<label>molotov cocktail</label>
		<graphicData>
			<texPath>Things/Projectile/Molotov</texPath>
			<graphicClass>Graphic_Single</graphicClass>
		</graphicData>
		<projectile>
			<explosionRadius>1.1</explosionRadius>
			<damageDef>Flame</damageDef>
			<damageAmountBase>10</damageAmountBase>
			<preExplosionSpawnThingDef>FilthFuel</preExplosionSpawnThingDef>
      <ai_IsIncendiary>true</ai_IsIncendiary>
		</projectile>
	</ThingDef>

	<!-- ==================== EMP grenade ========================== -->

  <ThingDef ParentName="BaseWeapon">
    <defName>Weapon_GrenadeEMP</defName>
    <label>EMP grenades</label>
    <description>Electromagnetic pulse grenades damaging to electronic equipment.</description>
    <graphicData>
      <texPath>Things/Item/Equipment/WeaponRanged/EMPGrenades</texPath>
      <graphicClass>Graphic_Single</graphicClass>
    </graphicData>
    <soundInteract>InteractGrenade</soundInteract>
    <techLevel>Industrial</techLevel>
    <statBases>
      <MarketValue>300</MarketValue>
      <Mass>1</Mass>
      <RangedWeapon_Cooldown>2.66</RangedWeapon_Cooldown>
      <Weapon_Bulk>0.2</Weapon_Bulk>
    </statBases>
    <weaponTags>
      <li>GrenadeEMP</li>
    </weaponTags>
    <thingCategories>
      <li>Grenades</li>
    </thingCategories>
    <verbs>
      <li>
        <label>throw EMP grenade</label>
        <verbClass>Verb_LaunchProjectile</verbClass>
        <hasStandardCommand>true</hasStandardCommand>
        <range>12.9</range>
        <forcedMissRadius>1.0</forcedMissRadius>
        <warmupTime>1.5</warmupTime>
        <noiseRadius>4</noiseRadius>
        <ai_IsBuildingDestroyer>false</ai_IsBuildingDestroyer>
        <soundCast>ThrowGrenade</soundCast>
        <targetParams>
          <canTargetLocations>true</canTargetLocations>
        </targetParams>
        <defaultProjectile>Proj_GrenadeEMP</defaultProjectile>
      </li>
    </verbs>
    <smeltProducts>
      <Steel>10</Steel>
    </smeltProducts>
  </ThingDef>

	<ThingDef ParentName="BaseGrenadeProjectile">
		<defName>Proj_GrenadeEMP</defName>
		<label>EMP grenade</label>
		<thingClass>Projectile_Explosive</thingClass>
		<graphicData>
			<texPath>Things/Projectile/GrenadeEMP</texPath>
			<graphicClass>Graphic_Single</graphicClass>
		</graphicData>
		<projectile>
			<explosionRadius>3.5</explosionRadius>
			<damageDef>EMP</damageDef>
			<damageAmountBase>80</damageAmountBase>
			<explosionDelay>100</explosionDelay>
		</projectile>
	</ThingDef>

</Defs>
