﻿<?xml version="1.0" encoding="utf-8" ?>
<Defs>

  <ThingDef Name="BaseMeleeWeapon" Abstract="True" ParentName="BaseWeapon">
    <techLevel>Industrial</techLevel>
		<smeltable>true</smeltable>
    <thingCategories>
      <li>WeaponsMelee</li>
    </thingCategories>

    <recipeMaker>
      <workSpeedStat>SmithingSpeed</workSpeedStat>
      <workSkill>Crafting</workSkill>
      <effectWorking>Smith</effectWorking>
      <soundWorking>Recipe_Smith</soundWorking>
      <recipeUsers>
        <li>ElectricSmithy</li>
        <li>FueledSmithy</li>
      </recipeUsers>
      <unfinishedThingDef>UnfinishedWeapon</unfinishedThingDef>
    </recipeMaker>
    <inspectorTabs>
      <li>ITab_Art</li>
    </inspectorTabs>
  </ThingDef>

		<ThingDef Name="BaseMeleeWeapon_Sharp" ParentName="BaseMeleeWeapon" Abstract="True">
    <recipeMaker>
    <defaultIngredientFilter>
      <categories>
        <li>Root</li>
      </categories>
      <exceptedThingDefs>
        <li>Silver</li>
        <li>Gold</li>
        <li>WoodLog</li>
      </exceptedThingDefs>
    </defaultIngredientFilter>
    </recipeMaker>
  </ThingDef>

  <ThingDef Name="BaseMeleeWeapon_Blunt" ParentName="BaseMeleeWeapon" Abstract="True">
    <recipeMaker>
      <defaultIngredientFilter>
        <categories>
          <li>Root</li>
        </categories>
        <exceptedThingDefs>
          <li>Silver</li>
          <li>Gold</li>
        </exceptedThingDefs>
      </defaultIngredientFilter>
    </recipeMaker>
  </ThingDef>

	<ThingDef Name="BaseMeleeWeapon_Sharp_Quality" Abstract="True" ParentName="BaseMeleeWeapon_Sharp">
		<comps>
			<li>
				<compClass>CompQuality</compClass>
			</li>
			<li Class="CompProperties_Art">
				<nameMaker>ArtName_WeaponMelee</nameMaker>
				<descriptionMaker>ArtDescription_WeaponMelee</descriptionMaker>
				<minQualityForArtistic>Excellent</minQualityForArtistic>
			</li>
		</comps>
	</ThingDef>

	<ThingDef Name="BaseMeleeWeapon_Blunt_Quality" Abstract="True" ParentName="BaseMeleeWeapon_Sharp">
		<comps>
			<li>
				<compClass>CompQuality</compClass>
			</li>
			<li Class="CompProperties_Art">
				<nameMaker>ArtName_WeaponMelee</nameMaker>
				<descriptionMaker>ArtDescription_WeaponMelee</descriptionMaker>
				<minQualityForArtistic>Excellent</minQualityForArtistic>
			</li>
		</comps>
	</ThingDef>




	<!-- ============================================================== -->


	<ThingDef ParentName="BaseMeleeWeapon_Sharp">
		<defName>MeleeWeapon_Shiv</defName>
		<label>shiv</label>
    <techLevel>Neolithic</techLevel>
		<description>An improvised, primitive stabbing weapon.</description>
		<graphicData>
			<texPath>Things/Item/Equipment/WeaponMelee/Shiv</texPath>
			<graphicClass>Graphic_Single</graphicClass>
		</graphicData>
    <weaponTags>
      <li>NonNeolithicOnlyMelee</li>
      <li>NonNeolithicOnlySimpleMelee</li>
      <li>NeolithicMeleeBasic</li>
    </weaponTags>
		<costStuffCount>10</costStuffCount>
		<statBases>
			<WorkToMake>400</WorkToMake>
			<Mass>0.4</Mass>
      <Weapon_Bulk>0.2</Weapon_Bulk>
		</statBases>
		<equippedAngleOffset>-65</equippedAngleOffset>
		<stuffCategories>
			<li>Metallic</li>
			<li>Woody</li>
			<li>Stony</li>
		</stuffCategories>
		<recipeMaker>
			<recipeUsers>
				<li>ElectricSmithy</li>
				<li>FueledSmithy</li>
				<li>CraftingSpot</li>
			</recipeUsers>
		</recipeMaker>
    <tools>
      <li>
        <label>handle</label>
        <capacities>
          <li>Blunt</li>
        </capacities>
        <power>4</power>
        <cooldownTime>1.6</cooldownTime>
      </li>
      <li>
        <label>point</label>
        <capacities>
          <li>Stab</li>
        </capacities>
        <power>9.7</power>
        <cooldownTime>1.6</cooldownTime>
      </li>
    </tools>
  </ThingDef>

	<ThingDef ParentName="BaseMeleeWeapon_Sharp_Quality">
		<defName>MeleeWeapon_Knife</defName>
		<label>knife</label>
    <techLevel>Neolithic</techLevel>
		<description>One of humankind's oldest tools, the knife is both an everyday tool and a deadly weapon.</description>
		<graphicData>
			<texPath>Things/Item/Equipment/WeaponMelee/Knife</texPath>
			<graphicClass>Graphic_Single</graphicClass>
		</graphicData>
    <weaponTags>
      <li>NonNeolithicOnlyMelee</li>
      <li>NonNeolithicOnlySimpleMelee</li>
      <li>NeolithicMeleeBasic</li>
    </weaponTags>
    <costStuffCount>40</costStuffCount>
		<statBases>
			<WorkToMake>4000</WorkToMake>
			<Mass>0.5</Mass>
      <Weapon_Bulk>0.2</Weapon_Bulk>
		</statBases>
		<equippedAngleOffset>-65</equippedAngleOffset>
		<stuffCategories>
			<li>Metallic</li>
		</stuffCategories>
    <tools>
      <li>
        <label>handle</label>
        <capacities>
          <li>Blunt</li>
        </capacities>
        <power>6</power>
        <cooldownTime>1.6</cooldownTime>
      </li>
      <li>
        <label>blade</label>
        <capacities>
          <li>Cut</li>
        </capacities>
        <power>9</power>
        <cooldownTime>1.6</cooldownTime>
      </li>
      <li>
        <label>point</label>
        <capacities>
          <li>Stab</li>
        </capacities>
        <power>10.7</power>
        <cooldownTime>1.6</cooldownTime>
      </li>
    </tools>
		<recipeMaker>
      <researchPrerequisite>Smithing</researchPrerequisite>
    </recipeMaker>
	</ThingDef>

	<ThingDef ParentName="BaseMeleeWeapon_Blunt">
		<defName>MeleeWeapon_Club</defName>
		<label>club</label>
		<description>The oldest human weapon - a shaped stick, heavy at one end, for bashing enemies to death. Primitive but effective.</description>
		<graphicData>
			<texPath>Things/Item/Equipment/WeaponMelee/Club</texPath>
			<graphicClass>Graphic_Single</graphicClass>
		</graphicData>
		<techLevel>Neolithic</techLevel>
		<weaponTags>
      <li>NonNeolithicOnlyMelee</li>
      <li>NonNeolithicOnlySimpleMelee</li>
      <li>NeolithicMeleeBasic</li>
		</weaponTags>
		<costStuffCount>40</costStuffCount>
		<statBases>
			<WorkToMake>500</WorkToMake>
			<Mass>2</Mass>
      <Weapon_Bulk>0.5</Weapon_Bulk>
		</statBases>
		<equippedAngleOffset>-65</equippedAngleOffset>
		<stuffCategories>
			<li>Metallic</li>
			<li>Woody</li>
			<li>Stony</li>
		</stuffCategories>
		<recipeMaker>
			<recipeUsers>
				<li>ElectricSmithy</li>
				<li>FueledSmithy</li>
				<li>CraftingSpot</li>
			</recipeUsers>
		</recipeMaker>
    <tools>
      <li>
        <label>handle</label>
        <capacities>
          <li>Poke</li>
        </capacities>
        <power>8</power>
        <cooldownTime>2.15</cooldownTime>
      </li>
      <li>
        <label>head</label>
        <labelUsedInLogging>false</labelUsedInLogging>
        <capacities>
          <li>Blunt</li>
        </capacities>
        <power>14.2</power>
        <cooldownTime>2.15</cooldownTime>
      </li>
    </tools>
	</ThingDef>

	<ThingDef ParentName="BaseMeleeWeapon_Blunt_Quality">
		<defName>MeleeWeapon_Mace</defName>
		<label>mace</label>
		<description>A refined club, engineered for efficient swinging and deadly impacts.</description>
		<graphicData>
			<texPath>Things/Item/Equipment/WeaponMelee/Mace</texPath>
			<graphicClass>Graphic_Single</graphicClass>
		</graphicData>
    <techLevel>Medieval</techLevel>
		<costStuffCount>75</costStuffCount>
		<statBases>
			<WorkToMake>10000</WorkToMake>
			<Mass>1.25</Mass>
      <Weapon_Bulk>0.5</Weapon_Bulk>
		</statBases>
		<equippedAngleOffset>-65</equippedAngleOffset>
		<stuffCategories>
			<li>Metallic</li>
			<li>Woody</li>
		</stuffCategories>
    <weaponTags>
      <li>NonNeolithicOnlyMelee</li>
    </weaponTags>
    <tools>
      <li>
        <label>handle</label>
        <capacities>
          <li>Poke</li>
        </capacities>
        <power>8</power>
        <cooldownTime>2.0</cooldownTime>
      </li>
      <li>
        <label>head</label>
        <labelUsedInLogging>false</labelUsedInLogging>
        <capacities>
          <li>Blunt</li>
        </capacities>
        <power>14.3</power>
        <cooldownTime>2.0</cooldownTime>
      </li>
    </tools>
	</ThingDef>

	<ThingDef ParentName="BaseMeleeWeapon_Sharp_Quality">
    <defName>MeleeWeapon_Gladius</defName>
    <label>gladius</label>
    <description>A short sword of ancient design. Good for stabbing or slashing.</description>
    <graphicData>
      <texPath>Things/Item/Equipment/WeaponMelee/Gladius</texPath>
      <graphicClass>Graphic_Single</graphicClass>
    </graphicData>
    <techLevel>Medieval</techLevel>
    <costStuffCount>50</costStuffCount>
    <weaponTags>
      <li>NonNeolithicOnlyMelee</li>
    </weaponTags>
    <statBases>
      <WorkToMake>10000</WorkToMake>
      <Mass>0.85</Mass>
      <Weapon_Bulk>0.5</Weapon_Bulk>
    </statBases>
    <equippedAngleOffset>-65</equippedAngleOffset>
    <stuffCategories>
      <li>Metallic</li>
      <li>Woody</li>
    </stuffCategories>
    <tools>
      <li>
        <label>handle</label>
        <capacities>
          <li>Blunt</li>
        </capacities>
        <power>6</power>
        <cooldownTime>1.95</cooldownTime>
      </li>
      <li>
        <label>point</label>
        <capacities>
          <li>Stab</li>
        </capacities>
        <power>12</power>
        <cooldownTime>1.95</cooldownTime>
      </li>
      <li>
        <label>edge</label>
        <capacities>
          <li>Cut</li>
        </capacities>
        <power>14.5</power>
        <cooldownTime>1.95</cooldownTime>
      </li>
    </tools>
    <recipeMaker>
	    <researchPrerequisite>Smithing</researchPrerequisite>
    </recipeMaker>
  </ThingDef>

  <ThingDef ParentName="BaseMeleeWeapon_Sharp_Quality">
    <defName>MeleeWeapon_Ikwa</defName>
    <label>ikwa</label>
    <description>A short spearhandle attached to a long bladed head, designed to be driven into vital organs with a quick thrust.</description>
    <graphicData>
      <texPath>Things/Item/Equipment/WeaponMelee/Ikwa</texPath>
      <graphicClass>Graphic_Single</graphicClass>
    </graphicData>
    <techLevel>Neolithic</techLevel>
    <weaponTags>
      <li>NeolithicMeleeBasic</li>
    </weaponTags>
    <costStuffCount>60</costStuffCount>
    <statBases>
      <WorkToMake>12000</WorkToMake>
      <Mass>1.1</Mass>
      <Weapon_Bulk>0.5</Weapon_Bulk>
    </statBases>
    <equippedAngleOffset>-25</equippedAngleOffset>
    <stuffCategories>
      <li>Metallic</li>
      <li>Woody</li>
    </stuffCategories>
    <tools>
      <li>
        <label>handle</label>
        <capacities>
          <li>Blunt</li>
          <li>Poke</li>
        </capacities>
        <power>6</power>
        <cooldownTime>1.8</cooldownTime>
      </li>
      <li>
        <label>head</label>
        <capacities>
          <li>Stab</li>
        </capacities>
        <power>15</power>
        <cooldownTime>1.8</cooldownTime>
      </li>
      <li>
        <label>edge</label>
        <capacities>
          <li>Cut</li>
        </capacities>
        <power>11</power>
        <cooldownTime>1.8</cooldownTime>
      </li>
    </tools>
    <recipeMaker>
      <researchPrerequisite>Smithing</researchPrerequisite>
    </recipeMaker>
  </ThingDef>

	<ThingDef ParentName="BaseMeleeWeapon_Sharp_Quality">
		<defName>MeleeWeapon_Spear</defName>
		<label>spear</label>
		<description>A polearm tipped with a sharp point for stabbing opponents in melee combat.</description>
		<graphicData>
			<texPath>Things/Item/Equipment/WeaponMelee/Spear</texPath>
			<graphicClass>Graphic_Single</graphicClass>
		</graphicData>
		<techLevel>Neolithic</techLevel>
		<weaponTags>
      <li>NeolithicMeleeAdvanced</li>
		</weaponTags>
		<costStuffCount>90</costStuffCount>
		<statBases>
			<WorkToMake>17000</WorkToMake>
			<Mass>2</Mass>
      <Weapon_Bulk>1.0</Weapon_Bulk>
		</statBases>
		<equippedAngleOffset>-25</equippedAngleOffset>
		<stuffCategories>
			<li>Metallic</li>
			<li>Woody</li>
		</stuffCategories>
    <tools>
      <li>
        <label>shaft</label>
        <capacities>
          <li>Blunt</li>
          <li>Poke</li>
        </capacities>
        <power>8</power>
        <cooldownTime>2.3</cooldownTime>
      </li>
      <li>
        <label>point</label>
        <capacities>
          <li>Stab</li>
        </capacities>
        <power>20.5</power>
        <cooldownTime>2.3</cooldownTime>
      </li>
    </tools>
		<recipeMaker>
			<researchPrerequisite>LongBlades</researchPrerequisite>
		</recipeMaker>
	</ThingDef>

	<ThingDef ParentName="BaseMeleeWeapon_Sharp_Quality">
    <defName>MeleeWeapon_LongSword</defName>
    <label>longsword</label>
    <description>The ancient weapon of kings, the longsword can be used for slashing or stabbing and is deadly in the right hands.</description>
    <graphicData>
      <texPath>Things/Item/Equipment/WeaponMelee/LongSword</texPath>
      <graphicClass>Graphic_Single</graphicClass>
    </graphicData>
    <techLevel>Medieval</techLevel>
    <weaponTags>
      <li>NonNeolithicOnlyMelee</li>
      <li>NeolithicMeleeAdvanced</li>
    </weaponTags>
    <costStuffCount>120</costStuffCount>
    <statBases>
      <WorkToMake>22000</WorkToMake>
      <Mass>1.6</Mass>
      <Weapon_Bulk>1.0</Weapon_Bulk>
    </statBases>
    <equippedAngleOffset>-65</equippedAngleOffset>
    <stuffCategories>
      <li>Metallic</li>
      <li>Woody</li>
    </stuffCategories>
    <tools>
      <li>
        <label>handle</label>
        <capacities>
          <li>Blunt</li>
        </capacities>
        <power>6</power>
        <cooldownTime>2.5</cooldownTime>
      </li>
      <li>
        <label>point</label>
        <capacities>
          <li>Stab</li>
        </capacities>
        <power>16</power>
        <cooldownTime>2.5</cooldownTime>
      </li>
      <li>
        <label>edge</label>
        <capacities>
          <li>Cut</li>
        </capacities>
        <power>21</power>
        <cooldownTime>2.5</cooldownTime>
      </li>
    </tools>
    <recipeMaker>
      <researchPrerequisite>LongBlades</researchPrerequisite>
    </recipeMaker>
  </ThingDef>

</Defs>
